fullname,filename,indicator_id,indicator_value,dimension,golden_label,pred_label,value,pred_value,error_type,confidence,evidence,rationale,discrepancy_root_cause
ACEH BIREUEN,ACEH_BIREUEN.txt,4.4,Prevention through education,primary_prevention,Yes,No,1.0,0.0,false_negative,1.0,,"Although the policy mentions “conducting education on anti-violence values against women,” the candidate sentences do not explicitly involve formal education instruments or institutions (e.g., schools, curricula, teaching/learning materials, education sector bodies) as the prevention mechanism. Other education references relate to training/assistance for victims or general access to education, which do not satisfy the criterion’s requirement for education institutions/curricula/materials being explicitly used as a prevention strategy.",Reference only
ACEH BIREUEN,ACEH_BIREUEN.txt,5.4,Education institutions engagement,stakeholder_engagement,No,Yes,0.0,1.0,false_positive,1.0,"improve coordination, integration, synchronization, and synergy between SKPK with all stakeholders including religious organizations, professional organizations, academics, the private sector and the wider community in efforts to improve the quality of women's protection;","The policy explicitly includes academics among “all stakeholders” for coordination and synergy to improve women’s protection, which constitutes engagement of the education sector (academics) in implementation/coordination.",Reference only
ACEH BIREUEN,ACEH_BIREUEN.txt,6.8,Women in legal process,intersectional_approach,No,Yes,0.0,1.0,false_positive,0.9968210715572532,"14. Special Protection is protection provided to women and children in emergency situations, women and children in conflict with the law, women and children from minority and isolated groups, women and children who are exploited economically and/or sexually, women and children who are trafficked, women and children who are victims of kidnapping, sale, trafficking, women and children victims of violence both physical and/or mental.
9. Supreme Court Regulation Number 3 of 2017 concerning Guidelines for Adjudicating Cases of Women in Conflict with the Law;","The policy defines “Special Protection” as including women in conflict with the law, and it also references a Supreme Court regulation on adjudicating cases of women in conflict with the law, indicating explicit inclusion of this group within the policy’s scope.",Reference only
ACEH BIREUEN,ACEH_BIREUEN.txt,7.3,International donors,budget_funding_sources,No,Yes,0.0,1.0,false_positive,1.0,"f. coordinating the participation of the business sector and other institutions, including international assistance for women's protection; and","The policy explicitly references coordinating participation of institutions including international assistance for women's protection, which meets the criterion for international support involvement.",Reference only
ACEH SUBULUSSALAM KOTA,ACEH_SUBULUSSALAM_KOTA.txt,1.2,Sexual violence,scope_of_violence,No,Yes,0.0,1.0,false_positive,1.0,"13. Violence is any act against a person, especially women, which results in misery or suffering physically, psychologically, sexually and/or domestic neglect including threats to commit acts, coercion, or deprivation of liberty unlawfully, whether inside or outside the household.","The definition of “Violence” explicitly includes suffering that is “sexually” caused, which brings sexual violence within the policy’s scope even without listing specific acts like rape or harassment.",Reference only
ACEH SUBULUSSALAM KOTA,ACEH_SUBULUSSALAM_KOTA.txt,4.1,Information and education about VAW,primary_prevention,Yes,No,1.0,0.0,false_negative,0.9996033108301521,,"The cited provisions focus on protection and service delivery (e.g., complaint handling, health services, legal assistance) and on providing “information and access” to protection against harmful actions. However, none of the candidate sentences describe awareness-raising, education, campaigns, socialisation, or other preventive communication activities specifically intended to educate the public about violence against women or anti-violence norms/values as a prevention measure.",Reference only
ACEH SUBULUSSALAM KOTA,ACEH_SUBULUSSALAM_KOTA.txt,5.2,Religious engagement,stakeholder_engagement,Yes,No,1.0,0.0,false_negative,0.999893191328687,,"The candidate sentences reference religious sharia and the possibility of using religious funds (via Baitul Mal), but they do not identify religious organizations/leaders/clergy as stakeholders or assign them roles in service delivery, prevention, coordination, referrals, or implementation as required by the coding rules.",Reference only
BALI BADUNG,BALI_BADUNG.txt,3.7,Psychosocial counselling,specialised_support_services,Yes,No,1.0,0.0,false_negative,0.9997253606552938,,"The candidate sentences refer to restoration of psychological health and to health rehabilitation/social rehabilitation, but they do not explicitly describe psychological/psychosocial counselling, therapy, trauma counselling, or identify psychological professionals as service providers.",Reference only
BALI BADUNG,BALI_BADUNG.txt,4.1,Information and education about VAW,primary_prevention,Yes,No,1.0,0.0,false_negative,0.999687219284713,,"The retrieved sentences mention prevention generally and include community responsibilities such as “providing information and/or reporting” violence and “socialization of the rights of Women and Children.” However, none of the candidate sentences explicitly describe information/education/awareness activities that provide education or information specifically about violence against women (e.g., dangers/prohibition of VAW or anti-violence norms) as a preventive measure; the only explicit socialization is about rights, which is excluded by the coding rules.",Reference only
BALI BADUNG,BALI_BADUNG.txt,6.2,Women victims of trafficking,intersectional_approach,No,Yes,0.0,1.0,false_positive,1.0,"7. Law Number 21 of 2007 concerning the Eradication of the Criminal Act of Trafficking in Persons (State Gazette of the Republic of Indonesia of 2007 Number 58, Supplement to the State Gazette of the Republic of Indonesia Number 4720);","The policy’s legal basis explicitly cites the national law on the eradication of trafficking in persons, which (per the coding rules) is sufficient to indicate trafficking cases/victims are intended to be covered.",Reference only
BALI BANGLI,BALI_BANGLI.txt,1.5,Economic violence,scope_of_violence,Yes,No,1.0,0.0,false_negative,0.8482836399575129,,"The candidate sentences include definitions of violence and violence against women that list physical, sexual, and psychological harm, and mention neglect generally, but they do not explicitly identify economic violence/abuse/exploitation or economic suffering as a form of violence against women, nor do they describe financial control/deprivation behaviors as violence.",Reference only
BALI BANGLI,BALI_BANGLI.txt,4.1,Information and education about VAW,primary_prevention,Yes,No,1.0,0.0,false_negative,0.9413755384972873,,"The retrieved sentences mention community obligations to prevent violence and to provide information/reporting of acts of violence, and mention socialization of women’s and children’s rights. However, none of the candidate sentences explicitly describe awareness-raising/education/communication activities that provide education or information specifically about violence against women (or anti-violence values/norms) as a preventive measure; the only explicit socialization is about rights, which is excluded by the coding rules.",Reference only
BALI BANGLI,BALI_BANGLI.txt,4.2,Gender equality education,primary_prevention,Yes,No,1.0,0.0,false_negative,0.9994812684541132,,"While the policy includes “socialization of Women and Children's rights” and lists gender equality as a principle, the coding rules require educational/awareness activities about gender equality/women’s rights to be explicitly situated as a strategy to prevent violence against women. The retrieved sentences do not explicitly link the rights socialization activity to violence prevention, and the gender equality reference appears only as a guiding principle rather than a prevention education activity.",Reference only
BALI BANGLI,BALI_BANGLI.txt,6.2,Women victims of trafficking,intersectional_approach,No,Yes,0.0,1.0,false_positive,1.0,"Law Number 21 of 2007 concerning the Eradication of the Criminal Act of Trafficking in Persons (State Gazette of the Republic of Indonesia of 2007 Number 58, Supplement to the State Gazette of the Republic of Indonesia Number 4720);","The policy’s legal foundation explicitly references the national law on trafficking in persons, which (per the coding rules) is sufficient to include trafficking victims within scope even without further trafficking-specific measures in the cited excerpts.",Reference only
BALI TABANAN,BALI_TABANAN.txt,2.5,Training and capacity building,institutional_mechanism,No,Yes,0.0,1.0,false_positive,0.46211715726000974,"1. The Regional Government has the authority and responsibility for the protection of women and children victims of violence.
c. capacity building of apparatus and other stakeholders.","The policy states that the regional government has authority and responsibility for protection and explicitly includes “capacity building of apparatus and other stakeholders,” which constitutes a mandated capacity-building function for implementing personnel under the policy.",Reference only
BALI TABANAN,BALI_TABANAN.txt,4.2,Gender equality education,primary_prevention,Yes,No,1.0,0.0,false_negative,0.9995727995378068,,"Although the text mentions “socialization of women's and children's rights,” the coding rules require such educational/awareness activities to be explicitly situated as a strategy to prevent violence against women. The candidate sentences do not explicitly frame this socialization as a prevention measure (and references to gender equality/non-discrimination appear only as principles, which are insufficient under the rules).",Reference only
BANTEN TANGERANG SELATAN KOTA,BANTEN_TANGERANG_SELATAN_KOTA.txt,4.4,Prevention through education,primary_prevention,Yes,No,1.0,0.0,false_negative,1.0,,"Although the policy mentions “conducting education on anti-violence values” as a prevention effort, the candidate sentences do not explicitly identify formal education instruments or institutions (e.g., schools, curricula, teaching/learning materials, education sector bodies) as the prevention mechanism, which is required by the coding rules for this indicator.",Reference only
BENGKULU REJANG LEBONG,BENGKULU_REJANG_LEBONG.txt,7.3,International donors,budget_funding_sources,No,Yes,0.0,1.0,false_positive,1.0,international institutions whose existence is recognized.,"The policy explicitly includes cooperation with “international institutions whose existence is recognized,” indicating an international component in the implementation/support framework for women and children protection services.",Reference only
BENGKULU SELUMA,BENGKULU_SELUMA.txt,1.6,Harmful practices,scope_of_violence,No,Yes,0.0,1.0,false_positive,1.0,preventing marriage at child age;,"The policy explicitly mentions preventing “marriage at child age,” which is a harmful practice (child marriage) under the coding rules.",Reference only
BENGKULU SELUMA,BENGKULU_SELUMA.txt,4.3,VAW laws awareness,primary_prevention,No,Yes,0.0,1.0,false_positive,0.9998092742313767,c. Conducting socialization of laws and regulations related to the implementation of protection of women and children victims of violence,"The policy explicitly mentions conducting socialization of laws and regulations related to implementing protection for women and children victims of violence, which constitutes an information/education activity about relevant laws/regulations in the context of protection from violence.",Reference only
BENGKULU SELUMA,BENGKULU_SELUMA.txt,6.1,Women in conflict/disaster areas,intersectional_approach,No,Yes,0.0,1.0,false_positive,0.9540452601799488,"8. Victim is a woman and child who experiences acts of violence and/or threats of violence that include physical, sexual, psychological, economic and/or social violence, in the family, community and/or society, in conflict situations, post-conflict, and the state.","The policy’s definition of “Victim” explicitly includes women (and children) experiencing violence “in conflict situations” and “post-conflict,” indicating women affected by conflict are within the protected beneficiary group.",Reference only
DI YOGYAKARTA BANTUL,DI_YOGYAKARTA_BANTUL.txt,3.2,Police specialised service unit,specialised_support_services,No,Yes,0.0,1.0,false_positive,0.9999694826547045,"The PPT is equipped with companions from educators, doctors, psychologists, clerics/religious leaders and networked with lawyers for women and children as well as the RPK Unit at the Police.","The policy explicitly references a police-based specialised unit (RPK Unit at the Police) as part of the network supporting the integrated service center, which meets the criterion for recognising a specialised police victim service unit.",Reference only
DI YOGYAKARTA BANTUL,DI_YOGYAKARTA_BANTUL_v2.txt,2.2,Collaboration with NGOs,institutional_mechanism,Yes,No,1.0,0.0,false_negative,0.8482836399575129,,"While the policy defines an ""Institution"" as including NGOs, the retrieved sentences do not describe any explicit cooperation/partnership mechanism with NGOs or non-government service providers, nor do they state that NGOs participate in a forum/network as partners; references are to government-established bodies and general community/family networks.",Reference only
DI YOGYAKARTA BANTUL,DI_YOGYAKARTA_BANTUL_v2.txt,2.3,Data collection systems,institutional_mechanism,No,Yes,0.0,1.0,false_positive,1.0,"d. collect, compile and present reports on cases of violence.","The policy assigns FPKK the function to collect, compile, and present reports on cases of violence, explicitly linking data/reporting activities to violence cases.",Reference only
DI YOGYAKARTA BANTUL,DI_YOGYAKARTA_BANTUL_v2.txt,2.4,Gender mainstreaming institutionalisation,institutional_mechanism,Yes,No,1.0,0.0,false_negative,1.0,,"The retrieved sentences mention gender equality as a principle and a gender-responsive budget, but do not require or establish gender mainstreaming as an institutional mechanism (e.g., mainstreaming in planning/implementation via a specific arrangement or requirement).",Reference only
DI YOGYAKARTA BANTUL,DI_YOGYAKARTA_BANTUL_v2.txt,4.4,Prevention through education,primary_prevention,Yes,No,1.0,0.0,false_negative,0.9921115452234197,,"While the policy mentions “critical education,” “life skills training,” and that prevention efforts can be carried out by educational institutions, the retrieved sentences do not explicitly identify formal education instruments (e.g., school-based programs, curricula, teaching/learning materials) as a prevention mechanism for violence against women/children. The references to education are either broad (training/critical education) or merely identify institutions without specifying an education-based prevention strategy as defined by the coding rules.",Reference only
DI YOGYAKARTA GUNUNGKIDUL,DI_YOGYAKARTA_GUNUNGKIDUL.txt,3.1,Integrated service unit,specialised_support_services,No,Yes,0.0,1.0,false_positive,0.9998245316235193,"2. The Regional Government establishes a Networked P2TP2A as an integrated service center by Regent's Decree.
(3) The Networked P2TP2A as referred to in paragraph (2) is a functional work unit that has the duty and function of providing protection to women and children from acts of violence.","The policy explicitly establishes a Networked P2TP2A as an integrated service center and describes it as a functional work unit tasked with providing protection to women and children from acts of violence, which meets the definition of an integrated service unit for VAW victims/survivors.",Reference only
DI YOGYAKARTA GUNUNGKIDUL,DI_YOGYAKARTA_GUNUNGKIDUL.txt,3.2,Police specialised service unit,specialised_support_services,No,Yes,0.0,1.0,false_positive,1.0,"This service unit can be located in Integrated Service Centers (PPT) and Integrated Crisis Centers (PKT) based in Hospitals, Community Health Centers, Women and Children Service Units (UPPA), Trauma Center Shelters (RPTC), Children's Social Shelters (RPSA), BP4, and other religious institutions, prosecutors' offices, courts, Women Crisis Centers (WCC), and other similar institutions.","The policy explicitly references Women and Children Service Units (UPPA) as a possible location for the integrated service unit, which constitutes recognition of a specialised police-based unit for women/children victims of violence.",Reference only
DI YOGYAKARTA GUNUNGKIDUL,DI_YOGYAKARTA_GUNUNGKIDUL.txt,5.4,Education institutions engagement,stakeholder_engagement,Yes,No,1.0,0.0,false_negative,0.5545997223493823,,"The candidate sentences mention education only as a sectoral field for gender mainstreaming and as a government functional area represented in a forum’s membership, but they do not identify schools, universities, academics, or education institutions as stakeholders/partners with an active role in prevention or service delivery.",Reference only
DI YOGYAKARTA GUNUNGKIDUL,DI_YOGYAKARTA_GUNUNGKIDUL_v2.txt,4.4,Prevention through education,primary_prevention,Yes,No,1.0,0.0,false_negative,0.9986271803585332,,"Although the policy includes “education about the dangers of domestic violence” as a prevention effort, the retrieved sentences do not identify formal education instruments or institutions (e.g., schools, curricula, teaching/learning materials, education centers) as the prevention mechanism, which the coding rules require. Mentions of “education” are broad and not tied to formal education structures.",Reference only
DI YOGYAKARTA KULON PROGO,DI_YOGYAKARTA_KULON_PROGO.txt,4.4,Prevention through education,primary_prevention,Yes,No,1.0,0.0,false_negative,0.999732989016709,,"While the policy mentions ""critical education"" and other education/socialization activities, the provided sentences do not explicitly involve formal education instruments or institutions (e.g., schools, curricula, teaching/learning materials, education sector institutions) as a prevention mechanism, which is required by the coding rules for this indicator.",Reference only
DI YOGYAKARTA KULON PROGO,DI_YOGYAKARTA_KULON_PROGO.txt,5.3,Traditional/cultural engagement,stakeholder_engagement,Yes,No,1.0,0.0,false_negative,1.0,,"The provided sentences refer to general community participation and to religious/spiritual elements, but do not identify traditional/customary/cultural leaders or customary institutions/mechanisms as implementers or partners in prevention/services/coordination or dispute resolution.",Reference only
DI YOGYAKARTA KULON PROGO,DI_YOGYAKARTA_KULON_PROGO.txt,5.6,Media engagement,stakeholder_engagement,Yes,No,1.0,0.0,false_negative,0.6351489523872873,,"The text mentions that socialization can be conducted through mass media/electronic media, but it does not assign the media a stakeholder role or describe engagement/collaboration with media actors in implementing prevention, protection, or services.",Reference only
DI YOGYAKARTA KULON PROGO,DI_YOGYAKARTA_KULON_PROGO.txt,5.8,Private sector engagement,stakeholder_engagement,Yes,No,1.0,0.0,false_negative,1.0,,"The candidate sentences do not mention businesses, employers, business associations, or the private sector as stakeholders, nor do they assign any role to private actors in prevention, protection, or service delivery.",Reference only
DI YOGYAKARTA SLEMAN,DI_YOGYAKARTA_SLEMAN.txt,4.2,Gender equality education,primary_prevention,No,Yes,0.0,1.0,false_positive,0.6351489523872873,conducting education on non-discrimination values towards women and children;,"The policy assigns the FPKK a role in prevention and includes an educational activity focused on non-discrimination values toward women (and children), which fits gender equality/non-discrimination education situated within the prevention framework for violence against women and children.",Reference only
DI YOGYAKARTA SLEMAN,DI_YOGYAKARTA_SLEMAN.txt,4.4,Prevention through education,primary_prevention,No,Yes,0.0,1.0,false_positive,0.9865263028897249,educational institutions.,"The policy explicitly states that prevention of violence against women is carried out by involving educational institutions, identifying the education sector/institutions as part of the prevention strategy (even without specifying curricula or school programs).",Reference only
DI YOGYAKARTA SLEMAN,DI_YOGYAKARTA_SLEMAN.txt,7.1,Local government budget,budget_funding_sources,No,Yes,0.0,1.0,false_positive,0.9934798893969363,"Paragraph (2) What is meant by ""facilitated by the Village Government"" is assistance in the formation of forums at the Village level, including providing financing in the implementation of activities, monitoring, and evaluation of women's empowerment and protection of child victims of violence.","The text explains that facilitation by the Village Government includes providing financing for implementation, monitoring, and evaluation activities, which constitutes a local (village-level) government budget/financing source.",Reference only
GORONTALO GORONTALO,GORONTALO_GORONTALO.txt,1.8,Human trafficking,scope_of_violence,No,Yes,0.0,1.0,false_positive,1.0,"7. Law Number 21 of 2007 concerning the Eradication of the Criminal Act of Trafficking in Persons (State Gazette of the Republic of Indonesia of 2007 Number 58, Supplement to the State Gazette of the Republic of Indonesia Number 4720),","The legal basis explicitly cites a national law concerning the eradication of trafficking in persons, which is sufficient to code inclusion of human trafficking under the rules.",Reference only
GORONTALO GORONTALO,GORONTALO_GORONTALO.txt,4.1,Information and education about VAW,primary_prevention,Yes,No,1.0,0.0,false_negative,0.809301070201781,,"The candidate sentences mention prevention structures and activities such as socialization about laws/regulations and critical education about the rights of women and children, plus education on non-discrimination values. However, the coding rules for this indicator exclude education about women’s rights and education about laws/regulations related to VAW; and none of the cited sentences explicitly describe awareness/education specifically about violence against women itself (e.g., dangers/prohibition of VAW or anti-violence norms) as the content of the education activity.",Reference only
GORONTALO GORONTALO,GORONTALO_GORONTALO.txt,4.4,Prevention through education,primary_prevention,Yes,No,1.0,0.0,false_negative,0.9999542241566775,,"While the policy includes prevention efforts that mention “critical education” and “education on non-discrimination values,” the retrieved sentences do not explicitly identify formal education instruments or education institutions (e.g., schools, curricula, teaching/learning materials, learning/training centres) as a prevention mechanism. The mention that prevention efforts are carried out by “educational institutions” does not specify an education strategy (curriculum/program/materials) and thus is insufficient under the coding rules, which exclude broad education/socialization references without explicit education-institution instruments.",Reference only
GORONTALO GORONTALO,GORONTALO_GORONTALO.txt,6.2,Women victims of trafficking,intersectional_approach,No,Yes,0.0,1.0,false_positive,0.9998626756131501,"7. Law Number 21 of 2007 concerning the Eradication of the Criminal Act of Trafficking in Persons (State Gazette of the Republic of Indonesia of 2007 Number 58, Supplement to the State Gazette of the Republic of Indonesia Number 4720),","The policy’s legal foundation explicitly cites the national law on eradication of trafficking in persons, which (per the coding rules) is sufficient to include trafficking victims within scope even without further trafficking-specific measures.",Reference only
GORONTALO GORONTALO KOTA,GORONTALO_GORONTALO_KOTA.txt,1.8,Human trafficking,scope_of_violence,No,Yes,0.0,1.0,false_positive,0.9998245316235193,"7. Law Number 21 of 2007 concerning the Eradication of the Criminal Act of Trafficking in Persons (State Gazette of the Republic of Indonesia of 2007 Number 58, Supplement to the State Gazette of the Republic of Indonesia Number 4720);","The policy’s legal basis explicitly cites a national law on the eradication of trafficking in persons, which is sufficient to code inclusion of human trafficking under the criterion.",Reference only
GORONTALO GORONTALO KOTA,GORONTALO_GORONTALO_KOTA.txt,4.4,Prevention through education,primary_prevention,Yes,No,1.0,0.0,false_negative,0.9642740482754646,,"Although the policy includes “critical education on the rights of women and children” within prevention efforts and notes that prevention efforts are carried out by various actors including educational institutions, it does not explicitly identify formal education instruments (e.g., school-based programs, curricula, teaching/learning materials, education centers) as the prevention mechanism, as required by the coding rules. The references are to broad education/socialization rather than explicit education-sector or curriculum-based prevention measures.",Reference only
GORONTALO GORONTALO KOTA,GORONTALO_GORONTALO_KOTA.txt,6.2,Women victims of trafficking,intersectional_approach,No,Yes,0.0,1.0,false_positive,0.9998626756131501,"7. Law Number 21 of 2007 concerning the Eradication of the Criminal Act of Trafficking in Persons (State Gazette of the Republic of Indonesia of 2007 Number 58, Supplement to the State Gazette of the Republic of Indonesia Number 4720);","The policy’s legal foundation explicitly cites the national law on the eradication of trafficking in persons, which (per the coding rules) is sufficient to indicate trafficking cases/victims are within scope.",Reference only
GORONTALO GORONTALO UTARA,GORONTALO_GORONTALO_UTARA.txt,4.4,Prevention through education,primary_prevention,Yes,No,1.0,0.0,false_negative,0.6351489523872873,,"Although the policy includes “providing education on the dangers of domestic violence” as a prevention activity and notes that prevention must be implemented by educational institutions, the candidate sentences do not identify formal education instruments (e.g., school-based programs, curricula, teaching/learning materials, or education-sector program changes) as the prevention mechanism. The references to educational institutions are about who implements prevention, not an explicit education-system strategy as defined by the coding rules.",Reference only
GORONTALO GORONTALO UTARA,GORONTALO_GORONTALO_UTARA.txt,6.2,Women victims of trafficking,intersectional_approach,No,Yes,0.0,1.0,false_positive,0.999732989016709,"6. Law Number 21 of 2007 concerning the Eradication of the Criminal Act of Trafficking in Persons (State Gazette of the Republic of Indonesia of 2007 Number 58, Supplement to the State Gazette of the Republic of Indonesia Number 4720);","The policy’s legal basis explicitly cites the national law on eradication of trafficking in persons, which (per the coding rules) is sufficient to indicate trafficking cases/victims are intended to be covered.",Reference only
JAMBI BUNGO,JAMBI_BUNGO.txt,4.4,Prevention through education,primary_prevention,Yes,No,1.0,0.0,false_negative,0.9830964348540103,,"Although the policy lists prevention actions that mention improving formal and non-formal education, it does not explicitly identify involvement of education institutions, curricula/materials, or other formal education instruments as the prevention mechanism for violence, as required by the coding rules.",Reference only
JAMBI BUNGO,JAMBI_BUNGO.txt,6.2,Women victims of trafficking,intersectional_approach,No,Yes,0.0,1.0,false_positive,1.0,"11. Trafficking in Persons is the act of recruitment, transportation, harboring, sending, transfer, or receipt of a person by threat of violence, use of violence, abduction, confinement, Forgery
7. Law Number 21 of 2007 concerning the Eradication of the Criminal Act of Trafficking in Persons (State Gazette of the Republic of Indonesia Year 2007 Number 58, Supplement to the State Gazette of the Republic of Indonesia. Number 4720);","The policy explicitly defines “Trafficking in Persons” and also cites the national anti-trafficking law in its legal basis, which meets the coding rule for inclusion of trafficking within scope.",Reference only
JAMBI SAROLANGUN,JAMBI_SAROLANGUN.txt,1.5,Economic violence,scope_of_violence,Yes,No,1.0,0.0,false_negative,0.9992982188561281,,"The candidate sentences discuss “economic protection” and vulnerability/social vulnerability, but they do not explicitly identify economic violence/abuse/exploitation or domestic/economic neglect as a form of violence against women, nor do they define violence to include economic suffering to women. References to economic vulnerability alone are insufficient under the coding rules.",Reference only
JAMBI SAROLANGUN,JAMBI_SAROLANGUN.txt,2.2,Collaboration with NGOs,institutional_mechanism,Yes,No,1.0,0.0,false_negative,0.8798266996519848,,"While the policy mentions community institutions, women’s/children’s organizations, and legal aid organizations (e.g., as award recipients) and refers to strengthening cooperation, the provided sentences do not explicitly establish cooperation/partnership with NGOs or non-government service providers as implementation partners or within a coordination mechanism. References are either general (community participation) or do not specify collaboration arrangements with NGOs.",Reference only
JAMBI SAROLANGUN,JAMBI_SAROLANGUN.txt,2.3,Data collection systems,institutional_mechanism,Yes,No,1.0,0.0,false_negative,1.0,,"The only data-related reference is to developing “gender and child data systems,” but the candidate sentences do not explicitly link any data collection/recording/monitoring/reporting system to violence against women, victims of violence, or violence cases as required by the coding rules.",Reference only
JAMBI SAROLANGUN,JAMBI_SAROLANGUN.txt,2.5,Training and capacity building,institutional_mechanism,Yes,No,1.0,0.0,false_negative,0.24491866240370913,,"Although the text mentions “facilitating capacity building of women empowerment and child protection institutions” and includes “training” under community participation, the cited provisions frame these as forms of guidance/community participation rather than an explicit mandate to conduct training/capacity building for government officials, implementing agencies, or service providers responsible for implementing the policy, as required by the coding rules. Other training mentioned is for women’s economic empowerment (job training), which is excluded.",Reference only
JAMBI SAROLANGUN,JAMBI_SAROLANGUN.txt,3.7,Psychosocial counselling,specialised_support_services,Yes,No,1.0,0.0,false_negative,0.999847417929993,,"The candidate sentences do not explicitly mention psychosocial/psychological counselling, therapy, trauma counselling, psychosocial support, or psychologists/counsellors as service providers; they refer to protection categories, shelters, and general rehabilitation/reintegration without specifying psychosocial services.",Reference only
JAMBI SAROLANGUN,JAMBI_SAROLANGUN.txt,3.10,Economic support,specialised_support_services,Yes,No,1.0,0.0,false_negative,0.9977429737196084,,"Although the policy discusses women’s economic empowerment measures (e.g., skills/job training and capital assistance) and mentions women victims of violence in a general services clause, the retrieved sentences do not explicitly link economic empowerment/support measures to women victims of violence as required by the coding rules.",Reference only
JAMBI SAROLANGUN,JAMBI_SAROLANGUN.txt,4.3,VAW laws awareness,primary_prevention,Yes,No,1.0,0.0,false_negative,0.999732989016709,,"The candidate sentences list relevant national laws in a legal basis section and mention general legal awareness/knowledge services and socialization regarding women empowerment and child protection policies. However, they do not specify information/education activities about laws/regulations/policies specifically related to violence against women (e.g., domestic/sexual violence, trafficking, child marriage) as a prevention strategy, as required; merely citing laws or general legal education is insufficient.",Reference only
JAMBI SAROLANGUN,JAMBI_SAROLANGUN.txt,7.3,International donors,budget_funding_sources,No,Yes,0.0,1.0,false_positive,1.0,"coordinating the participation of the business sector and other institutions, including international assistance for women empowerment and child protection; andg.","The policy explicitly references coordinating participation of other institutions, including international assistance, for women empowerment and child protection, which meets the criterion for international support involvement.",Reference only
JAWA BARAT BANDUNG,JAWA_BARAT_BANDUNG.txt,2.4,Gender mainstreaming institutionalisation,institutional_mechanism,Yes,No,1.0,0.0,false_negative,1.0,,"The candidate sentences mention strengthening the capacity of “Gender institutions” and integrating women’s protection into development planning, but they do not explicitly require or establish gender mainstreaming as an institutional mechanism (e.g., mainstreaming in planning/budgeting as a named mechanism, a gender mainstreaming working group/focal point, or an explicit mainstreaming requirement). Under the coding rules, references to gender-related institutions or gender equality alone are insufficient.",Reference only
JAWA BARAT BANDUNG,JAWA_BARAT_BANDUNG.txt,2.5,Training and capacity building,institutional_mechanism,Yes,No,1.0,0.0,false_negative,0.8482836399575129,,"Although “training” is listed as a form of implementation activity and there is mention of strengthening capacity of gender institutions, the provided sentences do not explicitly mandate training/capacity building for implementing officials/agencies/service providers as a required duty aimed at operationalizing the policy. The references are too general and do not clearly specify training for implementers as required by the coding rules.",Reference only
JAWA BARAT BANDUNG,JAWA_BARAT_BANDUNG.txt,4.4,Prevention through education,primary_prevention,Yes,No,1.0,0.0,false_negative,0.9992448325467749,,"Although the policy mentions improving education for women as part of preventing violence against women, the candidate sentences do not explicitly identify formal education instruments or institutions (e.g., schools, curricula, teaching/learning materials, learning centers) as the prevention mechanism, which is required by the coding rules for this indicator.",Reference only
JAWA BARAT BANDUNG BARAT,JAWA_BARAT_BANDUNG_BARAT.txt,4.4,Prevention through education,primary_prevention,Yes,No,1.0,0.0,false_negative,0.7615941559557649,,"Although the policy links prevention to “increasing the quantity and quality of education” and also mentions cooperation with universities, it does not explicitly identify formal education instruments (e.g., curricula, school-based programs, teaching/learning materials, or education institutions delivering specific prevention education) as the prevention mechanism; the references are broad improvements/access to education and general awareness/education activities, which are excluded unless tied to explicit formal education instruments or institutions as prevention measures.",Reference only
JAWA BARAT BANDUNG BARAT,JAWA_BARAT_BANDUNG_BARAT.txt,5.3,Traditional/cultural engagement,stakeholder_engagement,No,Yes,0.0,1.0,false_positive,0.9998626756131501,"3. The KLA Task Force shall consist of representatives from the Regional Government, Child Representatives, and may involve related Agencies, the business community, religious/community/customary leaders, and the community.","The policy states that the KLA Task Force may involve customary leaders, which is an explicit role for traditional/customary leaders within an implementation structure, satisfying the criterion.",Reference only
JAWA BARAT BANDUNG KOTA,JAWA_BARAT_BANDUNG_KOTA.txt,1.10,Technology-facilitated violence,scope_of_violence,No,Yes,0.0,1.0,false_positive,1.0,the right to protection from violence in the digital space including cyber harassment;,"The policy explicitly recognizes violence in the digital space, including cyber harassment, as a form of violence from which women have a right to protection.",Reference only
JAWA BARAT BANDUNG KOTA,JAWA_BARAT_BANDUNG_KOTA.txt,2.2,Collaboration with NGOs,institutional_mechanism,Yes,No,1.0,0.0,false_negative,0.7039056039366212,,"While the policy defines “Institution” as including NGOs, and mentions community institutions/organizations and general community participation, the provided sentences do not explicitly state a collaboration/cooperation mechanism with NGOs or other non-government service providers (e.g., partnership/coordination with NGOs) as required by the coding rules.",Reference only
JAWA BARAT BANDUNG KOTA,JAWA_BARAT_BANDUNG_KOTA.txt,4.4,Prevention through education,primary_prevention,Yes,No,1.0,0.0,false_negative,1.0,,"Although the policy mentions prevention and various socialisation activities, and separately mentions access to education for women victims, the candidate sentences do not explicitly identify formal education instruments (e.g., schools, curricula, teaching/learning materials, education institutions) as a prevention mechanism for violence against women or children. The references to “socialization” and “education access” are not framed as school/curriculum-based prevention strategies as required by the coding rules.",Reference only
JAWA BARAT BANDUNG KOTA,JAWA_BARAT_BANDUNG_KOTA.txt,6.3,Women workers,intersectional_approach,No,Yes,0.0,1.0,false_positive,0.1243530017715962,"2. Protection of Women victims of violence as referred to in paragraph (1) shall be provided to Women who experience violence in the family environment, the Community, the education sector, offices and the business sector.","The policy explicitly includes women experiencing violence in offices and the business sector as covered beneficiaries of protection, which constitutes protection for women in workplace/employment contexts (women workers/employees) as a specific setting of coverage.",Reference only
JAWA BARAT BANJAR KOTA,JAWA_BARAT_BANJAR_KOTA.txt,4.2,Gender equality education,primary_prevention,No,Yes,0.0,1.0,false_positive,0.9866475545332853,conducting education on non-discrimination values against women and children;,"The policy includes an educational activity on non-discrimination values against women and children, and it is situated within the functions of a forum responsible for coordinating prevention activities, meeting the requirement for prevention-oriented education on non-discrimination/gender-sensitive norms.",Reference only
JAWA BARAT BANJAR KOTA,JAWA_BARAT_BANJAR_KOTA.txt,5.6,Media engagement,stakeholder_engagement,No,Yes,0.0,1.0,false_positive,0.996059490038474,"Letter c What is meant by ""socialization"" is the dissemination of information on laws and regulations carried out through mass media, electronic media, and/or direct counseling to the community.","The policy assigns mass media/electronic media a role as channels for disseminating information (socialization) about relevant laws and regulations, which is part of prevention/awareness implementation.",Reference only
JAWA BARAT BANJAR KOTA,JAWA_BARAT_BANJAR_KOTA.txt,6.7,Women from minority groups,intersectional_approach,Yes,No,1.0,0.0,false_negative,0.9997711312602866,,"The text includes a general non-discrimination statement referencing ethnicity, religion, race, culture, language, etc., but it does not explicitly identify women from minority/isolated/indigenous groups as a specific group requiring protection or as targeted beneficiaries of special measures. Under the coding rules, general non-discrimination without identifying minority/isolated women as a target group is insufficient.",Reference only
JAWA BARAT BEKASI,JAWA_BARAT_BEKASI.txt,3.10,Economic support,specialised_support_services,No,Yes,0.0,1.0,false_positive,0.9996948475006302,"1. Empowerment of women victims of violence shall be carried out in an integrated manner in accordance with the provisions of laws and regulations.
economy;
The organization of Women's Empowerment in the economic field as referred to in Article 23 paragraph (2) letter c shall be implemented by the Regional Apparatus responsible for micro, small and medium enterprises and other related agencies in the form of:","The policy explicitly addresses empowerment of women victims of violence and directs it toward participation in the economy, and it specifies economic empowerment measures (skills/job training, strengthening productive economic groups, marketing networks), thereby providing economic support/empowerment for women victims of violence.",Reference only
JAWA BARAT BEKASI KOTA,JAWA_BARAT_BEKASI_KOTA.txt,3.8,Religious/spiritual counselling,specialised_support_services,No,Yes,0.0,1.0,false_positive,0.9995956829634189,"social, mental and spiritual guidance;","The policy explicitly includes “social, mental and spiritual guidance” as a form of service, which qualifies as spiritual/religious guidance/support under the coding rules.",Reference only
JAWA BARAT BEKASI KOTA,JAWA_BARAT_BEKASI_KOTA.txt,6.10,Refugee/forced displacement,intersectional_approach,No,Yes,0.0,1.0,false_positive,0.9253462253117412,"1. Children in emergency situations referred to are children who become refugees, child victims of riots and unrest, child victims of disasters and children in conflict situations.
2. The Government is obligated to provide protection and fulfillment of needs consisting of security protection, fulfillment of children's basic needs during emergency situations.",The policy explicitly identifies refugees within “children in emergency situations” and obligates the government to provide protection and fulfill needs during emergency situations; this constitutes special protection measures targeted at refugees/forced displacement (at least for children).,Reference only
JAWA BARAT BEKASI KOTA,JAWA_BARAT_BEKASI_KOTA_v2.txt,3.10,Economic support,specialised_support_services,Yes,No,1.0,0.0,false_negative,0.9413755384972874,,"Although the policy mentions opening accessibility to employment/training/funding and contains general provisions on women’s economic empowerment (job training, capital assistance, etc.), the cited sentences do not explicitly specify that such economic support measures are provided to women victims of violence as part of their protection/recovery services.",Reference only
JAWA BARAT BEKASI KOTA,JAWA_BARAT_BEKASI_KOTA_v2.txt,4.2,Gender equality education,primary_prevention,Yes,No,1.0,0.0,false_negative,0.809301070201781,,"While the policy mentions education/socialization about women’s rights and other empowerment-related education, the retrieved sentences do not explicitly situate education about gender equality/women’s rights as a strategy to prevent violence against women (the prevention-linked education cited is about preventing VAW generally, not specifically about gender equality/women’s rights as required by this indicator’s rules).",Reference only
JAWA BARAT BEKASI KOTA,JAWA_BARAT_BEKASI_KOTA_v2.txt,4.4,Prevention through education,primary_prevention,Yes,No,1.0,0.0,false_negative,0.9865263028897249,,"The policy references the education sector’s involvement in prevention coordination and mentions “comprehensive education and socialization” to prevent VAW, but it does not explicitly identify formal education instruments (e.g., schools, curricula, teaching/learning materials, or education institutions delivering specific educational programmes) as the prevention mechanism, as required by the coding rules.",Reference only
JAWA BARAT BEKASI KOTA,JAWA_BARAT_BEKASI_KOTA_v2.txt,7.3,International donors,budget_funding_sources,No,Yes,0.0,1.0,false_positive,0.999732989016709,"cooperate with the business sector, non-governmental institutions, private companies, foundations, the education sector and other domestic institutions as well as international institutions, in accordance with the provisions of laws and regulations;","The policy explicitly allows cooperation with ""international institutions"" as part of implementing policies, programs, and activities for women's empowerment and protection, which constitutes explicit international involvement/support under the coding rules.",Reference only
JAWA BARAT CIMAHI KOTA,JAWA_BARAT_CIMAHI_KOTA.txt,1.8,Human trafficking,scope_of_violence,No,Yes,0.0,1.0,false_positive,1.0,"10. Law Number 21 of 2007 concerning Eradication of the Criminal Act of Trafficking in Persons (State Gazette of the Republic of Indonesia of 2007 Number 58, Supplement to the State Gazette of the Republic of Indonesia Number 4720);","The policy’s legal basis explicitly cites a law on eradication of trafficking in persons, which is sufficient to code inclusion of human trafficking under the criterion.",Reference only
JAWA BARAT CIMAHI KOTA,JAWA_BARAT_CIMAHI_KOTA.txt,2.3,Data collection systems,institutional_mechanism,Yes,No,1.0,0.0,false_negative,0.9974305459814687,,"While the policy mentions building an information system and requires periodic reporting by P2TP2A, the provided sentences do not explicitly link any data collection/recording/management system to violence cases/victims, nor do they specify that reporting involves collecting or managing VAW/VAC case data as required by the coding rules.",Reference only
JAWA BARAT CIMAHI KOTA,JAWA_BARAT_CIMAHI_KOTA.txt,5.2,Religious engagement,stakeholder_engagement,No,Yes,0.0,1.0,false_positive,0.9998626756131501,spiritual field; andd.,"The policy explicitly includes a ""spiritual"" counselling field within the integrated service center (P2TP2A), which constitutes inclusion of spiritual/religious counselling as a survivor support service under the coding rules.",Reference only
JAWA BARAT CIMAHI KOTA,JAWA_BARAT_CIMAHI_KOTA.txt,6.2,Women victims of trafficking,intersectional_approach,No,Yes,0.0,1.0,false_positive,0.999732989016709,"10. Law Number 21 of 2007 concerning Eradication of the Criminal Act of Trafficking in Persons (State Gazette of the Republic of Indonesia of 2007 Number 58, Supplement to the State Gazette of the Republic of Indonesia Number 4720);","The policy’s legal foundation explicitly cites a national law on eradication of trafficking in persons, which (per the coding rules) is sufficient to include trafficking victims within scope even without further trafficking-specific measures.",Reference only
JAWA BARAT CIREBON KOTA,JAWA_BARAT_CIREBON_KOTA.txt,1.10,Technology-facilitated violence,scope_of_violence,No,Yes,0.0,1.0,false_positive,1.0,"Various forms of such violence include rape, sexual harassment, human trafficking, domestic violence, sexual exploitation, violence against domestic workers, pornography, bullying, cyber bullying, and cyber porn.","The policy explicitly lists cyber bullying and cyber porn among forms of violence against women, which constitutes explicit inclusion of technology-facilitated violence.",Reference only
JAWA BARAT GARUT,JAWA_BARAT_GARUT.txt,2.3,Data collection systems,institutional_mechanism,No,Yes,0.0,1.0,false_positive,1.0,exchange of data and information;,"The policy explicitly links cooperation to the “exchange of data and information” within the context of achieving objectives of protecting women and children from violence, which constitutes an explicit data/information exchange function tied to violence protection efforts.",Reference only
JAWA BARAT GARUT,JAWA_BARAT_GARUT.txt,5.3,Traditional/cultural engagement,stakeholder_engagement,No,Yes,0.0,1.0,false_positive,0.9999847412691449,"community leaders/religious leaders;
community leaders/religious leaders;","The policy includes “community leaders” as part of the management structures for protection task forces/units that provide services and handle cases, which meets the criterion’s inclusion of community leaders as stakeholders in implementation.",Reference only
JAWA BARAT INDRAMAYU,JAWA_BARAT_INDRAMAYU.txt,1.5,Economic violence,scope_of_violence,Yes,No,1.0,0.0,false_negative,1.0,,"The candidate sentences mention “economic wellbeing” generally and include “economic independence services,” but they do not identify economic violence/abuse/exploitation/neglect as a form of violence against women, nor include it in the definition/classification of violence.",Reference only
JAWA BARAT INDRAMAYU,JAWA_BARAT_INDRAMAYU.txt,3.3,Reporting/hotline service,specialised_support_services,Yes,No,1.0,0.0,false_negative,0.7039056039366209,,"The candidate sentences include (i) administrative reporting by P2TP2A to the Regent and (ii) a general statement that the community may submit reports to authorities, plus referral intake by P2TP2A. However, none of the sentences explicitly establish or mandate a complaint/report-receiving mechanism/channel for victims/public (e.g., complaint center/hotline/procedure for receiving complaints); the community-reporting clause is explicitly excluded by the coding rules, and the P2TP2A referral sentence does not clearly describe a complaint/report intake service or channel.",Reference only
JAWA BARAT INDRAMAYU,JAWA_BARAT_INDRAMAYU.txt,4.4,Prevention through education,primary_prevention,No,Yes,0.0,1.0,false_positive,0.9051482536448665,"c.conducting socialization about understanding and anti-violence values against Women and Children through IEC (communication, information and education) both through community, schools and universities;","The policy explicitly includes prevention through IEC (communication, information and education) delivered through community, schools, and universities, thereby involving education institutions (schools/universities) as part of a prevention strategy for violence against women and children.",Reference only
JAWA BARAT INDRAMAYU,JAWA_BARAT_INDRAMAYU.txt,6.2,Women victims of trafficking,intersectional_approach,No,Yes,0.0,1.0,false_positive,1.0,"11. Government Regulation Number 9 Year 2008 concerning Procedures and Mechanisms for Integrated Services for Witnesses and/or Victims of Criminal Acts of Human Trafficking (State Gazette of the Republic of Indonesia Year 2008 Number 22, Supplement to the State Gazette of the Republic of Indonesia Number 4818);
23. P2TP2A is one form of service facility for women and children in efforts to fulfill information and needs in the fields of education, health, economy, law, protection and prevention of acts of violence and trafficking against women and children.","The policy explicitly references a government regulation on integrated services for victims of human trafficking in its legal basis, and it also defines P2TP2A as a facility for prevention of violence and trafficking against women and children, indicating trafficking victims are within scope.",Reference only
JAWA BARAT KARAWANG,JAWA_BARAT_KARAWANG.txt,1.2,Sexual violence,scope_of_violence,Yes,No,1.0,0.0,false_negative,0.999732989016709,,"The candidate sentences refer to general “acts of violence against women” and to “victims of sexual exploitation,” but they do not explicitly mention sexual violence/assault/rape/harassment, nor do they define or classify sexual violence as a covered form of violence.",Reference only
JAWA BARAT KARAWANG,JAWA_BARAT_KARAWANG.txt,1.3,Physical violence,scope_of_violence,Yes,No,1.0,0.0,false_negative,1.0,,"The excerpts discuss violence against women in general and services for victims, but do not explicitly mention physical violence or include it in any definition/classification of violence in the provided sentences.",Reference only
JAWA BARAT KARAWANG,JAWA_BARAT_KARAWANG.txt,1.4,Psychological violence,scope_of_violence,Yes,No,1.0,0.0,false_negative,0.9999847412691449,,"While psychosocial rehabilitation is mentioned as a service, the text does not explicitly identify psychological/emotional violence as a form/type of violence covered, nor include it in a definition or classification of violence in the provided sentences.",Reference only
JAWA BARAT KARAWANG,JAWA_BARAT_KARAWANG.txt,2.5,Training and capacity building,institutional_mechanism,Yes,No,1.0,0.0,false_negative,1.0,,"Although “training” appears as one possible form of cooperation, the candidate sentences do not explicitly mandate training/capacity building for government officials, implementing agencies, or service providers responsible for implementing the policy; it is listed as an activity type without a clear duty targeted at implementing personnel.",Reference only
JAWA BARAT KARAWANG,JAWA_BARAT_KARAWANG.txt,3.3,Reporting/hotline service,specialised_support_services,Yes,No,1.0,0.0,false_negative,0.999977111947373,,"The text mentions community participation may take the form of “complaints/reports,” but it does not establish or describe any mechanism, service, facility, or designated channel for receiving and handling reports/complaints of violence cases, as required by the coding rules.",Reference only
JAWA BARAT KARAWANG,JAWA_BARAT_KARAWANG.txt,4.1,Information and education about VAW,primary_prevention,No,Yes,0.0,1.0,false_positive,0.999893191328687,"1. The Regent establishes policies, programs and activities for the empowerment and protection of women to eliminate all forms of discrimination and acts of violence against women.
socialization;
public communication;
information dissemination;
education;","The policy establishes programs and activities to eliminate acts of violence against women, and explicitly lists socialization, public communication, information dissemination, and education as forms of cooperation/activities under those programs. These are information/education-type activities explicitly connected to eliminating violence against women, which fits the criterion’s prevention-oriented information/education scope.",Reference only
JAWA BARAT KARAWANG,JAWA_BARAT_KARAWANG.txt,7.3,International donors,budget_funding_sources,No,Yes,0.0,1.0,false_positive,0.9999084493610688,"3. The Regional Apparatus as referred to in paragraph (2) may cooperate with the community, universities, community organizations, other regency/city governments, and/or international institutions in the empowerment and protection of women activities.","The policy explicitly allows cooperation with ""international institutions"" in women’s empowerment and protection activities, which meets the criterion for international involvement/support even without specifying a funding amount or named donor.",Reference only
JAWA BARAT MAJALENGKA,JAWA_BARAT_MAJALENGKA.txt,2.3,Data collection systems,institutional_mechanism,Yes,No,1.0,0.0,false_negative,0.24491866240370908,,"While the text mentions an information system and includes “exchange of data and information” as part of cooperation, the candidate sentences do not explicitly link a data/information system or data exchange to collecting/recording/monitoring/reporting data on violence cases or victims, nor do they assign responsibility for managing VAW case data. Mentions of reporting acts of violence by the community are not a data system requirement.",Reference only
JAWA BARAT MAJALENGKA,JAWA_BARAT_MAJALENGKA.txt,2.6,Monitoring and evaluation,institutional_mechanism,Yes,No,1.0,0.0,false_negative,0.9997940169556383,,The candidate sentences do not explicitly mention monitoring and evaluation of implementation or service delivery. References to fostering/supervising implementation and sanctions for non-compliance do not constitute an M&E mechanism in the provided text.,Reference only
JAWA BARAT MAJALENGKA,JAWA_BARAT_MAJALENGKA.txt,3.9,Resocialisation services,specialised_support_services,Yes,No,1.0,0.0,false_negative,0.7039056039366209,,"Although rehabilitation/recovery concepts appear (e.g., continuous handling up to rehabilitation; social reintegration in cooperation), the candidate sentences do not identify a specific service unit as responsible for rehabilitation/resocialisation/reintegration services.",Reference only
JAWA BARAT PANGANDARAN,JAWA_BARAT_PANGANDARAN.txt,3.10,Economic support,specialised_support_services,Yes,No,1.0,0.0,false_negative,0.9997635027533704,,"While the text includes general economic empowerment measures for women and mentions economic elements within services, the candidate sentences do not explicitly specify economic empowerment/support measures as being provided to women victims of violence (as required by the coding rules).",Reference only
JAWA BARAT PANGANDARAN,JAWA_BARAT_PANGANDARAN.txt,4.4,Prevention through education,primary_prevention,Yes,No,1.0,0.0,false_negative,0.9998016455789569,,"Although the policy mentions “education” and “improving education for women” in the context of preventing violence against women, the candidate sentences do not explicitly identify formal education instruments or institutions (e.g., schools, curricula, teaching/learning materials, education institutions) as the prevention mechanism, which is required by the coding rules for this indicator.",Reference only
JAWA BARAT PANGANDARAN,JAWA_BARAT_PANGANDARAN.txt,6.8,Women in legal process,intersectional_approach,No,Yes,0.0,1.0,false_positive,0.986389903636472,"1. Implementation of Protection for women former inmates of Correctional Institutions in order to provide protection from obstacles to adjusting in community life, so that they can carry out life normally.","The policy explicitly provides protection measures for women former inmates of correctional institutions, which constitutes explicit inclusion of women connected to the criminal justice system (i.e., women in conflict with the law) as a group receiving special protection/services.",Reference only
JAWA BARAT PURWAKARTA,JAWA_BARAT_PURWAKARTA.txt,4.4,Prevention through education,primary_prevention,Yes,No,1.0,0.0,false_negative,0.9997253606552938,,"The policy includes “providing education about the dangers of domestic violence” as a prevention activity, but the retrieved sentences do not identify formal education instruments or institutions (e.g., schools, curricula, teaching materials, education institutions) as the prevention mechanism, which is required for this indicator under the coding rules.",Reference only
JAWA BARAT PURWAKARTA,JAWA_BARAT_PURWAKARTA.txt,6.5,People with disability,intersectional_approach,Yes,No,1.0,0.0,false_negative,0.9983984687165706,,"The cited text includes a prohibition on discriminatory treatment of women and children with disabilities and separately lists “children with disabilities” under special protection for children, but it does not identify people with disabilities (or women with disabilities) as beneficiaries of special protection/services, nor provide disability-specific protection measures beyond non-discrimination. Under the coding rules, non-discrimination alone and child-only disability provisions are insufficient.",Reference only
JAWA BARAT PURWAKARTA,JAWA_BARAT_PURWAKARTA.txt,6.8,Women in legal process,intersectional_approach,No,Yes,0.0,1.0,false_positive,1.0,"1. Every woman and child who becomes a witness or perpetrator of violence has the right to receive information, protection, rehabilitation, confidential handling, psychological and legal assistance, as well as fulfillment of their rights related to their status as a wife, mother, child, family member or as a community member.","The policy explicitly includes women who become witnesses or perpetrators of violence as entitled to information, protection, rehabilitation, confidential handling, and psychological/legal assistance, which directly covers women involved in legal processes as witnesses/perpetrators under the coding rules.",Reference only
JAWA BARAT SUMEDANG,JAWA_BARAT_SUMEDANG.txt,4.2,Gender equality education,primary_prevention,Yes,No,1.0,0.0,false_negative,0.9994507590239725,,"While the policy includes communication/information/education on gender equality and children’s rights for families, the retrieved sentences do not explicitly situate these gender equality education activities as a strategy to prevent violence against women, which is required by the coding rules.",Reference only
JAWA BARAT SUMEDANG,JAWA_BARAT_SUMEDANG.txt,4.3,VAW laws awareness,primary_prevention,Yes,No,1.0,0.0,false_negative,0.9999847412691449,,"The retrieved sentences mention socialization/advocacy on VAW (KTP) and provision of information about victims’ rights, but they do not specify that the information/education is about laws, regulations, or policies related to VAW as part of prevention, which is required for this indicator.",Reference only
JAWA BARAT SUMEDANG,JAWA_BARAT_SUMEDANG.txt,4.4,Prevention through education,primary_prevention,Yes,No,1.0,0.0,false_negative,0.925346225311741,,"Although the policy mentions “provision of education on VAC prevention” and training for preventing violence against women in conflict, the retrieved sentences do not explicitly involve formal education instruments (e.g., schools, curricula, teaching/learning materials, education institutions) as a prevention mechanism for violence against women or children, as required by the coding rules.",Reference only
JAWA BARAT SUMEDANG,JAWA_BARAT_SUMEDANG.txt,6.8,Women in legal process,intersectional_approach,Yes,No,1.0,0.0,false_negative,0.9413755384972873,,"The cited provisions concern women in conflict (social conflict) and women as witnesses/victims, but do not explicitly address women in conflict with the law as suspects/defendants/perpetrators or otherwise as women undergoing legal processes. References to children in conflict with the law do not satisfy this criterion for women.",Reference only
JAWA BARAT SUMEDANG,JAWA_BARAT_SUMEDANG.txt,7.3,International donors,budget_funding_sources,No,Yes,0.0,1.0,false_positive,0.9998092742313767,"institutions or regional governments abroad.
3. Regional cooperation with institutions or regional governments abroad as referred to in paragraph (2) letter c, is conducted in accordance with the provisions of laws and regulations.","The policy explicitly allows regional cooperation with institutions or regional governments abroad, which constitutes an explicit international component that can support implementation (even if not framed as donor funding).",Reference only
JAWA BARAT TASIKMALAYA,JAWA_BARAT_TASIKMALAYA.txt,2.3,Data collection systems,institutional_mechanism,Yes,No,1.0,0.0,false_negative,0.8482836399575129,,"The only explicit data-system reference is to a disaggregated gender and child data system, but the candidate sentences do not explicitly link this system to collecting/recording/reporting data on violence against women, victims, or violence cases as required by the coding rules.",Reference only
JAWA BARAT TASIKMALAYA,JAWA_BARAT_TASIKMALAYA.txt,6.10,Refugee/forced displacement,intersectional_approach,No,Yes,0.0,1.0,false_positive,1.0,"children who become refugees;
2. Making policies on fulfillment of basic needs consisting of food, clothing, housing, education, health, learning and recreation, security guarantees, and equal treatment for children who become refugees, victims of violence, victims of natural disasters and children in armed conflict situations; and","The policy explicitly identifies refugees within “children in emergency situations” and provides specific measures (fulfillment of basic needs and equal treatment) for children who become refugees, which constitutes special protection targeted at refugees/forced displacement (as presented in the retrieved text).",Reference only
JAWA TENGAH BANYUMAS,JAWA_TENGAH_BANYUMAS.txt,2.3,Data collection systems,institutional_mechanism,No,Yes,0.0,1.0,false_positive,0.9999465949513187,"includes monitoring, documentation and reporting of cases of gender-based violence and violence against children.
b. document and report every case of gender-based violence and violence against children that it handles to PPT PKBGA.","The policy explicitly links monitoring, documentation, and reporting to cases of gender-based violence and violence against children, and it assigns LPPTK an obligation to document and report every case it handles to PPT PKBGA. This meets the criterion’s requirement for mandated documentation/reporting functions tied to violence cases.",Reference only
JAWA TENGAH BANYUMAS,JAWA_TENGAH_BANYUMAS.txt,2.5,Training and capacity building,institutional_mechanism,Yes,No,1.0,0.0,false_negative,0.7615941559557649,,"While the policy mentions an authority to “increase the capacity of service provider institutions,” the retrieved sentences do not explicitly mandate training, technical guidance, or capacity-building activities (as actions to be conducted/ensured) for implementing personnel or service providers. The text frames this as a general authority rather than a clear duty to conduct training/capacity-building initiatives, and no explicit training/professional development is specified.",Reference only
JAWA TENGAH BANYUMAS,JAWA_TENGAH_BANYUMAS.txt,5.3,Traditional/cultural engagement,stakeholder_engagement,No,Yes,0.0,1.0,false_positive,1.0,community leaders;,"The policy includes community leaders as members of LPPTK, which is an implementation structure for receiving complaints, consultation, crisis intervention, and referrals; this constitutes inclusion of community leaders/community figures in implementation and response mechanisms.",Reference only
JAWA TENGAH BANYUMAS,JAWA_TENGAH_BANYUMAS.txt,6.5,People with disability,intersectional_approach,Yes,No,1.0,0.0,false_negative,0.9934266584516671,,"The only disability-related reference is within a non-discrimination principle mentioning “physical or mental condition,” which the coding rules explicitly exclude as sufficient on its own; there are no disability-specific protections, services, or identification of people with disabilities as a target beneficiary group.",Reference only
JAWA TENGAH BANYUMAS,JAWA_TENGAH_BANYUMAS.txt,6.7,Women from minority groups,intersectional_approach,Yes,No,1.0,0.0,false_negative,1.0,,"While the policy includes a general non-discrimination statement referencing ethnicity, religion, race, culture, and language, it does not explicitly identify women from minority/isolated/indigenous groups as a protected target group or provide minority-specific protection measures.",Reference only
JAWA TENGAH BLORA,JAWA_TENGAH_BLORA.txt,2.3,Data collection systems,institutional_mechanism,No,Yes,0.0,1.0,false_positive,1.0,"initial identification or recording of Victims;
d. conducting monitoring and reporting.","The policy explicitly links documentation/recording and reporting functions to violence victims/cases: complaint services include initial identification/recording of victims, and the WPCP Unit’s duties include monitoring and reporting in the context of protection/handling of violence victims.",Reference only
JAWA TENGAH BLORA,JAWA_TENGAH_BLORA.txt,2.5,Training and capacity building,institutional_mechanism,Yes,No,1.0,0.0,false_negative,0.9993592335267225,,"While the policy mentions increasing the capacity of service provider institutions, the provided sentences do not explicitly mandate training/technical guidance/professional development for implementing personnel or service providers as required by the coding rules; the only explicit “job training” referenced appears to relate to victim empowerment rather than implementer capacity building.",Reference only
JAWA TENGAH BLORA,JAWA_TENGAH_BLORA.txt,3.2,Police specialised service unit,specialised_support_services,No,Yes,0.0,1.0,false_positive,0.7615941559557649,"17. Women and Child Protection Unit hereinafter abbreviated as UPPA is a unit at the sub-district and village/sub-district level that organizes protection for Victims of Violence Against Women and Children.
Paragraph (2) These other service units may be located at Integrated Crisis Centers (PKT) based in Hospitals, Community Health Centers, Integrated Service Centers for Women and Children Empowerment (P2TP2A), Women and Children Service Units (UPPA), Trauma Center Shelters (RPTC), Children's Social Shelters (RPSA), BP4, and other religious institutions, prosecutor's offices, courts, Women Crisis Centers (WCC), and other similar institutions.","The policy explicitly refers to a Women and Child Protection Unit (UPPA) and also lists Women and Children Service Units (UPPA) among relevant service units, which satisfies the criterion of mentioning a recognised specialised police victim service unit (UPPA).",Reference only
JAWA TENGAH BLORA,JAWA_TENGAH_BLORA.txt,5.3,Traditional/cultural engagement,stakeholder_engagement,No,Yes,0.0,1.0,false_positive,0.9997711312602866,"2. The WPCP Unit at the sub-district level as referred to in paragraph (1) is established by the Sub-district Head by involving community institutions, the Family Welfare Development Mobilization Team at the sub-district level, community leaders and Child representatives.
3. The WPCP Unit at the Village/Sub-district level as referred to in paragraph (1) is established by the Village Head/Sub-district Head by involving Village/Sub-district officials, community institutions in the Village/Sub-district, the Family Welfare Development Mobilization Team, community leaders and Child representatives.",The policy assigns an implementation role to “community leaders” by requiring their involvement in establishing WPCP Units at sub-district and village/sub-district levels for improving protection for victims. This meets the criterion’s inclusion of community leaders/figures as part of implementation structures.,Reference only
JAWA TENGAH BLORA,JAWA_TENGAH_BLORA.txt,5.6,Media engagement,stakeholder_engagement,No,Yes,0.0,1.0,false_positive,0.9918607840259641,"Point d Socialization can be carried out through mass media, electronic media, and direct counseling to the community.","The policy assigns a role to mass/electronic media as a channel for “socialization” (i.e., dissemination/awareness activities) related to violence prevention. This constitutes recognition/engagement of media in prevention activities, not merely mention for confidentiality purposes.",Reference only
JAWA TENGAH BOYOLALI,JAWA_TENGAH_BOYOLALI.txt,3.9,Resocialisation services,specialised_support_services,Yes,No,1.0,0.0,false_negative,0.9413755384972873,,"While rehabilitation and social reintegration are mentioned as elements of protection and as services to be facilitated, the provided sentences do not identify a specific service unit or institution responsible for delivering resocialisation/rehabilitation/reintegration services to VAW victims (they are listed as service components without assignment to a unit).",Reference only
JAWA TENGAH BOYOLALI,JAWA_TENGAH_BOYOLALI.txt,3.10,Economic support,specialised_support_services,Yes,No,1.0,0.0,false_negative,1.0,,"The candidate sentences describe economic empowerment measures for women generally and for other categories (e.g., homeless women, family economic supporters), but they do not explicitly specify that economic support/empowerment measures are provided to women victims of violence.",Reference only
JAWA TENGAH BOYOLALI,JAWA_TENGAH_BOYOLALI.txt,4.3,VAW laws awareness,primary_prevention,Yes,No,1.0,0.0,false_negative,1.0,,"The candidate sentences include socialization about policies on protection and empowerment of women and general legal-field awareness-raising, but they do not specify that the information/education is about laws, regulations, or policies related to violence against women (e.g., domestic violence/sexual violence laws) as a prevention measure, which is required by the coding rules.",Reference only
JAWA TENGAH DEMAK,JAWA_TENGAH_DEMAK.txt,2.3,Data collection systems,institutional_mechanism,No,Yes,0.0,1.0,false_positive,0.999938965775063,"Monitoring and evaluation as referred to in Article 8 letter f include monitoring, documentation and evaluation of cases of gender-based violence and violence against children.","The policy explicitly links monitoring and documentation activities to cases of gender-based violence and violence against children, which meets the criterion for requiring documentation/monitoring of violence cases (a data/information function).",Reference only
JAWA TENGAH KARANGANYAR,JAWA_TENGAH_KARANGANYAR.txt,2.4,Gender mainstreaming institutionalisation,institutional_mechanism,Yes,No,1.0,0.0,false_negative,0.703905603936621,,"While the policy defines KP2A as functioning to formulate programs using Gender Mainstreaming (PUG) strategies, the provided sentences do not establish or require gender mainstreaming as an institutional mechanism for implementing protection/VAW programs (e.g., no requirement to mainstream gender in planning/budgeting/service delivery, nor a gender mainstreaming working group/focal point arrangement).",Reference only
JAWA TENGAH KARANGANYAR,JAWA_TENGAH_KARANGANYAR.txt,2.5,Training and capacity building,institutional_mechanism,No,Yes,0.0,1.0,false_positive,0.9987491706035809,"1. Social community institutions that participate in the organization of protection for victims of violence as referred to in Article 13 paragraph (2), shall be given guidance by the Regional Government through Regional Apparatus in accordance with their Main Duties and Functions, (2) guidance as referred to in paragraph (1), may be in the form of social guidance, skills guidance and operational technical guidance.","The policy requires that participating social community institutions be given guidance by the Regional Government, including operational technical guidance, which constitutes an explicit capacity-building/technical guidance measure aimed at organizations involved in implementing protection services.",Reference only
JAWA TENGAH KARANGANYAR,JAWA_TENGAH_KARANGANYAR.txt,3.3,Reporting/hotline service,specialised_support_services,Yes,No,1.0,0.0,false_negative,1.0,,"While the text references victims receiving information about the whereabouts of complaint centers and mentions SOPs for handling protection, it does not explicitly establish or describe a mechanism/service unit for receiving complaints/reports from victims or the public. The references are too indirect to confirm a reporting/complaint intake mechanism under the coding rules.",Reference only
JAWA TENGAH KARANGANYAR,JAWA_TENGAH_KARANGANYAR.txt,3.9,Resocialisation services,specialised_support_services,Yes,No,1.0,0.0,false_negative,0.4621171572600098,,"The text mentions continuous handling up to the rehabilitation stage as a victim right and includes a rehabilitation division in KP2A’s structure, but it does not identify a service unit as providing rehabilitation/reintegration services or assign such services to an integrated service unit in the provided sentences.",Reference only
JAWA TENGAH KARANGANYAR,JAWA_TENGAH_KARANGANYAR.txt,4.2,Gender equality education,primary_prevention,Yes,No,1.0,0.0,false_negative,1.0,,"While the text mentions gender equality as a principle and includes awareness-raising about fulfilling human rights, the candidate sentences do not specify any prevention activity that educates or raises awareness specifically about gender equality/women’s rights as a strategy to prevent violence against women; the only explicit education activity is about anti-violence values, which is excluded for this indicator.",Reference only
JAWA TENGAH KARANGANYAR,JAWA_TENGAH_KARANGANYAR.txt,4.4,Prevention through education,primary_prevention,Yes,No,1.0,0.0,false_negative,0.9990618045941528,,"Although the policy mentions conducting education on anti-violence values as part of prevention, the candidate sentences do not explicitly identify formal education instruments or education institutions (e.g., schools, curricula, teaching/learning materials, learning centers, or education-sector bodies) as the prevention mechanism, which is required by the coding rules for this indicator.",Reference only
JAWA TENGAH KARANGANYAR,JAWA_TENGAH_KARANGANYAR_v2.txt,3.9,Resocialisation services,specialised_support_services,Yes,No,1.0,0.0,false_negative,0.35835739835078584,,"While the policy mentions victims’ rights to continuous handling up to rehabilitation and references social rehabilitation as a right, the provided sentences do not clearly identify a specific service unit or responsible institution tasked with delivering rehabilitation/resocialisation/reintegration services (beyond general references to individuals/groups/institutions).",Reference only
JAWA TENGAH KARANGANYAR,JAWA_TENGAH_KARANGANYAR_v2.txt,4.4,Prevention through education,primary_prevention,Yes,No,1.0,0.0,false_negative,0.9997635027533704,,"Although the policy mentions education as part of prevention (e.g., education on anti-VAW values and improving education for women), the candidate sentences do not explicitly identify formal education instruments or institutions (schools, curricula, teaching/learning materials, learning/training centres) as the prevention mechanism, which is required by the coding rules for this indicator.",Reference only
JAWA TENGAH KARANGANYAR,JAWA_TENGAH_KARANGANYAR_v2.txt,5.8,Private sector engagement,stakeholder_engagement,Yes,No,1.0,0.0,false_negative,0.9998169029128974,,"The candidate sentences do not identify businesses/employers/private sector actors as stakeholders or partners in prevention, protection, or service delivery. References are limited to general community participation and other funding sources, without assigning a private-sector implementation role.",Reference only
JAWA TENGAH KARANGANYAR,JAWA_TENGAH_KARANGANYAR_v2.txt,6.8,Women in legal process,intersectional_approach,Yes,No,1.0,0.0,false_negative,0.9979182594562725,,"The sentences refer to services/protection for witnesses and/or victims and define “witness,” but do not explicitly address women in conflict with the law as suspects, defendants, perpetrators, or otherwise as a vulnerable group; the focus remains on victims/witnesses in the victim-protection context.",Reference only
JAWA TENGAH KEBUMEN,JAWA_TENGAH_KEBUMEN.txt,1.10,Technology-facilitated violence,scope_of_violence,No,Yes,0.0,1.0,false_positive,0.9994126228909521,the right to deletion of sexual content for cases of sexual violence using electronic media.,"The policy includes a right related to deletion of sexual content for cases of sexual violence using electronic media, explicitly recognizing an electronic-media-facilitated dimension of violence and response.",Reference only
JAWA TENGAH KEBUMEN,JAWA_TENGAH_KEBUMEN.txt,2.5,Training and capacity building,institutional_mechanism,Yes,No,1.0,0.0,false_negative,0.9953134219598221,,"The cited passages refer to training/education aimed at women’s empowerment (e.g., skills training, education, capacity/competency improvement for women) and to general ‘increasing the capacity’ of various actors in prevention, but they do not explicitly mandate training/technical guidance/capacity building for government officials, implementing agencies, or service providers responsible for implementing the VAW protection/services components as required by the coding rules.",Reference only
JAWA TENGAH KEBUMEN,JAWA_TENGAH_KEBUMEN.txt,3.10,Economic support,specialised_support_services,Yes,No,1.0,0.0,false_negative,0.9867839714786286,,"The candidate sentences reference economic empowerment needs identification and skills training for economic improvement for vulnerable women, but they do not explicitly specify that economic support/skills training is provided to women victims of violence (as required by the coding rules).",Reference only
JAWA TENGAH KEBUMEN,JAWA_TENGAH_KEBUMEN.txt,4.2,Gender equality education,primary_prevention,Yes,No,1.0,0.0,false_negative,1.0,,"Although the prevention section mentions socialization about laws/regulations related to protection of women’s rights and also mentions communication/education/campaigns, the retrieved sentences do not explicitly describe prevention education/awareness activities specifically about gender equality or women’s rights (as content) in a way that meets the criterion; the only explicit women’s-rights education reference is socialization about laws/regulations, which is excluded by the coding rules.",Reference only
JAWA TENGAH KEBUMEN,JAWA_TENGAH_KEBUMEN.txt,4.3,VAW laws awareness,primary_prevention,Yes,No,1.0,0.0,false_negative,0.9865641932333529,,"The prevention measures include socialization regarding laws and regulations related to the protection of women's rights, but the retrieved sentences do not specify that these laws/regulations are about violence against women (e.g., domestic violence, sexual violence, trafficking, child marriage) or legal protections specifically related to VAW; general legal awareness in the field of law is also not specified as VAW-law-focused.",Reference only
JAWA TENGAH KLATEN,JAWA_TENGAH_KLATEN.txt,1.2,Sexual violence,scope_of_violence,Yes,No,1.0,0.0,false_negative,1.0,,"The candidate sentences refer to women’s sexual and reproductive health being free from coercion and/or violence, and to violence against women generally, but they do not explicitly mention sexual violence (e.g., rape, sexual assault, sexual harassment) nor define or classify sexual violence as a covered form of violence.",Reference only
JAWA TENGAH KLATEN,JAWA_TENGAH_KLATEN.txt,3.3,Reporting/hotline service,specialised_support_services,Yes,No,1.0,0.0,false_negative,0.9998703044983814,,"The text allows community members to report violence to law enforcers/authorities, but it does not establish or mandate a specific reporting mechanism/service/unit (e.g., hotline, complaint desk, SOP, designated channel) for receiving complaints/reports; this matches the coding-rule exclusion.",Reference only
JAWA TENGAH KLATEN,JAWA_TENGAH_KLATEN.txt,3.5,Legal assistance,specialised_support_services,Yes,No,1.0,0.0,false_negative,0.9540452601799487,,"The policy defines ‘assistance’ to include advocacy and notes that protection institutions include law enforcers, but it does not specify a service unit that provides legal assistance/legal aid to victims (nor does it explicitly assign legal assistance functions to the listed institutions in the provided sentences).",Reference only
JAWA TENGAH KLATEN,JAWA_TENGAH_KLATEN.txt,3.9,Resocialisation services,specialised_support_services,Yes,No,1.0,0.0,false_negative,1.0,,The only explicit reference to ‘rehabilitative’ appears as a general health-service approach definition and is not linked to a victim support service unit or mechanism providing rehabilitation/reintegration for VAW victims; no service unit is identified as responsible for resocialisation/reintegration services in the provided sentences.,Reference only
JAWA TENGAH KLATEN,JAWA_TENGAH_KLATEN.txt,3.10,Economic support,specialised_support_services,Yes,No,1.0,0.0,false_negative,1.0,,"The policy provides economic independence measures (skills/job training, access to capital, business group formation) for women generally, but the candidate sentences do not explicitly specify that these economic supports are targeted to or available for women victims of violence, which is required by the coding rules.",Reference only
JAWA TENGAH KLATEN,JAWA_TENGAH_KLATEN.txt,6.2,Women victims of trafficking,intersectional_approach,No,Yes,0.0,1.0,false_positive,1.0,"7. Law Number 21 of 2007 concerning the Eradication of the Criminal Act of Trafficking in Persons (State Gazette of the Republic of Indonesia of 2007 Number 58, Supplement to the State Gazette of the Republic of Indonesia Number 4720);","The policy’s legal basis explicitly cites the national law on eradication of trafficking in persons, which (per coding rules) is sufficient to include trafficking victims within the policy’s scope.",Reference only
JAWA TENGAH KLATEN,JAWA_TENGAH_KLATEN.txt,6.3,Women workers,intersectional_approach,Yes,No,1.0,0.0,false_negative,0.9999313366279103,,"The cited employment provisions focus on general employment opportunity and workplace welfare/safety/health benefits (e.g., insurance, lactation facilities, maternity leave) rather than protections against violence, exploitation, or other special protection measures for women workers as required by the coding rules.",Reference only
JAWA TENGAH KUDUS,JAWA_TENGAH_KUDUS.txt,2.3,Data collection systems,institutional_mechanism,No,Yes,0.0,1.0,false_positive,0.9997711312602866,"Monitoring and reporting as referred to in Article 7 paragraph (3) letter f shall be conducted on all aspects of integrated service activities in the form of supervision, documentation and evaluation of cases of gender-based violence and violence against children.","The policy mandates monitoring and reporting of integrated service activities specifically through supervision, documentation, and evaluation of cases of gender-based violence and violence against children, which meets the requirement for documentation/monitoring/reporting linked to violence cases.",Reference only
JAWA TENGAH KUDUS,JAWA_TENGAH_KUDUS.txt,2.5,Training and capacity building,institutional_mechanism,Yes,No,1.0,0.0,false_negative,1.0,,"While the policy mentions an authority to increase the capacity of service provider institutions, the coding rules require an explicit mandate for training/capacity-building activities for implementing personnel or agencies; the provided sentences do not specify training, technical guidance, or professional development requirements.",Reference only
JAWA TENGAH KUDUS,JAWA_TENGAH_KUDUS.txt,6.5,People with disability,intersectional_approach,Yes,No,1.0,0.0,false_negative,0.9894915103267672,,"The only disability-related reference is within a non-discrimination principle that includes “physical or mental condition.” Under the coding rules, non-discrimination alone (without identifying people with disabilities as a special-protection target group or providing disability-specific measures) is insufficient.",Reference only
JAWA TENGAH KUDUS,JAWA_TENGAH_KUDUS.txt,6.7,Women from minority groups,intersectional_approach,Yes,No,1.0,0.0,false_negative,1.0,,"While the policy includes a general non-discrimination principle referencing ethnicity, religion, race, culture, and language, it does not explicitly identify minority/isolated women as a target group for special protection or services, nor does it provide measures tailored to minority/isolated women.",Reference only
JAWA TENGAH MAGELANG KOTA,JAWA_TENGAH_MAGELANG_KOTA.txt,1.9,Sexual slavery/exploitation,scope_of_violence,Yes,No,1.0,0.0,false_negative,1.0,,"While the policy includes sexual harm within general violence definitions, the candidate sentences do not explicitly mention sexual exploitation, sexual slavery, prostitution, or trafficking for sexual purposes, and general “exploitation” references are not specified as sexual.",Reference only
JAWA TENGAH MAGELANG KOTA,JAWA_TENGAH_MAGELANG_KOTA.txt,2.3,Data collection systems,institutional_mechanism,No,Yes,0.0,1.0,false_positive,0.9998245316235193,"Monitoring and reporting as referred to in Article 12 letter f, includes monitoring, documentation, and reporting of cases of violence against women and children.","The policy explicitly links monitoring, documentation, and reporting to cases of violence against women and children, which meets the criterion for requiring documentation/reporting of violence cases (a data/information function).",Reference only
JAWA TENGAH MAGELANG KOTA,JAWA_TENGAH_MAGELANG_KOTA.txt,2.5,Training and capacity building,institutional_mechanism,Yes,No,1.0,0.0,false_negative,0.9996719629401765,,"The only relevant language concerns increasing the capacity of service provider institutions as a governmental authority, without an explicit mandate to conduct or ensure training/technical guidance/capacity-building activities for implementing personnel or service providers as required by the coding rules.",Reference only
JAWA TENGAH MAGELANG KOTA,JAWA_TENGAH_MAGELANG_KOTA.txt,3.3,Reporting/hotline service,specialised_support_services,Yes,No,1.0,0.0,false_negative,0.9897723345341025,,"The retrieved text defines 'complaint' generally and includes community participation in reporting, but does not establish or describe a designated mechanism/service unit/channel for receiving complaints from victims/public; the explicit 'REPORTING' provisions shown concern administrative reporting between institutions (P2TP2A→SKPD→Mayor→Governor), which is excluded by the coding rules.",Reference only
JAWA TENGAH MAGELANG KOTA,JAWA_TENGAH_MAGELANG_KOTA.txt,4.4,Prevention through education,primary_prevention,Yes,No,1.0,0.0,false_negative,0.9540452601799487,,"Although the policy includes broad prevention actions that mention “communication, information, and education” and notes that prevention must also be carried out by educational institutions, it does not explicitly identify formal education instruments (e.g., school-based programs, curricula, teaching/learning materials) as a prevention mechanism. Under the coding rules, general mentions of education without explicit formal education instruments or specific education-institution-delivered programs are insufficient.",Reference only
JAWA TENGAH PATI,JAWA_TENGAH_PATI.txt,6.5,People with disability,intersectional_approach,Yes,No,1.0,0.0,false_negative,1.0,,"Disability appears only in a non-discrimination principle and in a list of child categories (children with disabilities) in the legal considerations; there are no disability-specific protection measures or identification of people with disabilities (or women with disabilities) as a protected target group beyond non-discrimination, which is excluded by the coding rules.",Reference only
JAWA TENGAH PEKALONGAN,JAWA_TENGAH_PEKALONGAN.txt,4.4,Prevention through education,primary_prevention,Yes,No,1.0,0.0,false_negative,1.0,,"While the policy mentions “conducting education on anti-violence values” as part of prevention efforts, the retrieved sentences do not explicitly involve formal education instruments or institutions (e.g., schools, curricula, teaching/learning materials, education sector bodies) as the prevention mechanism, which the coding rules require for this indicator. References to ensuring child victims continue education are framed as victim empowerment/rights after victimization, not as an education-sector prevention strategy.",Reference only
JAWA TENGAH PEKALONGAN,JAWA_TENGAH_PEKALONGAN.txt,6.2,Women victims of trafficking,intersectional_approach,No,Yes,0.0,1.0,false_positive,0.9998245316235193,"10. Law Number 21 of 2007 concerning the Eradication of the Criminal Act of Trafficking in Persons (State Gazette of the Republic of Indonesia of 2007 Number 58, Supplement to the State Gazette of the Republic of Indonesia Number 4720);","The policy’s legal foundation explicitly cites the national law on eradication of trafficking in persons, which (per coding rules) is sufficient to include trafficking victims within scope.",Reference only
JAWA TENGAH PEKALONGAN,JAWA_TENGAH_PEKALONGAN.txt,6.5,People with disability,intersectional_approach,Yes,No,1.0,0.0,false_negative,0.9964021657702671,,"The only disability-related reference is within a non-discrimination principle mentioning “physical or mental condition,” which the coding rules explicitly exclude as insufficient for counting disability-specific protection measures or identification of persons with disabilities as a protected target group.",Reference only
JAWA TENGAH PEKALONGAN,JAWA_TENGAH_PEKALONGAN.txt,6.7,Women from minority groups,intersectional_approach,Yes,No,1.0,0.0,false_negative,1.0,,"While the policy includes a general non-discrimination statement referencing ethnicity, religion, race, culture, and language, it does not explicitly identify women from minority/isolated groups as a target group for special protection measures or services.",Reference only
JAWA TENGAH PEKALONGAN KOTA,JAWA_TENGAH_PEKALONGAN_KOTA.txt,3.9,Resocialisation services,specialised_support_services,Yes,No,1.0,0.0,false_negative,0.24491866240370908,,"While the policy mentions repatriation and social reintegration services, the provided sentences do not identify a specific service unit or responsible institution that provides these resocialisation/reintegration services (the cited provisions describe the services but do not assign them to a unit).",Reference only
JAWA TENGAH PEKALONGAN KOTA,JAWA_TENGAH_PEKALONGAN_KOTA.txt,4.4,Prevention through education,primary_prevention,Yes,No,1.0,0.0,false_negative,0.925346225311741,,"Although the policy mentions increasing education quantity/quality and identifies the education sector among implementing agencies, the candidate sentences do not explicitly state that formal education institutions/curricula/school-based programs are used as a prevention mechanism for violence. The references are broad (general education improvement and anti-violence values education) without specifying formal education instruments (schools/curricula/materials) as the prevention strategy, which the coding rules require.",Reference only
JAWA TENGAH PEKALONGAN KOTA,JAWA_TENGAH_PEKALONGAN_KOTA.txt,5.2,Religious engagement,stakeholder_engagement,Yes,No,1.0,0.0,false_negative,1.0,,"The candidate sentences define general terms (e.g., community, institution) and describe community participation, but they do not identify religious organisations/leaders or include faith-based actors in service delivery, prevention, coordination, or implementation.",Reference only
JAWA TENGAH PEKALONGAN KOTA,JAWA_TENGAH_PEKALONGAN_KOTA.txt,6.8,Women in legal process,intersectional_approach,No,Yes,0.0,1.0,false_positive,1.0,The forms of services and assistance organized by LP-PAR are also provided to women in conflict with the law.,"The policy explicitly states that LP-PAR services and assistance are also provided to women in conflict with the law, which directly meets the criterion of including women in conflict with the law as beneficiaries of services/protection.",Reference only
JAWA TENGAH PURBALINGGA,JAWA_TENGAH_PURBALINGGA.txt,2.3,Data collection systems,institutional_mechanism,No,Yes,0.0,1.0,false_positive,1.0,"Monitoring and Reporting as referred to in Article 9 letter i constitute activities that include monitoring, documenting and reporting cases of gender-based violence and children.
document and report every case of gender-based violence and children handled to PPT PKBGA.","The policy explicitly links monitoring, documenting, and reporting to cases of gender-based violence and violence against children, and assigns UPPTK an obligation to document and report every handled case to PPT PKBGA—meeting the requirement for mandated case data documentation/reporting tied to violence cases.",Reference only
JAWA TENGAH PURBALINGGA,JAWA_TENGAH_PURBALINGGA.txt,2.5,Training and capacity building,institutional_mechanism,Yes,No,1.0,0.0,false_negative,0.9829678355105722,,"While the policy mentions an authority to “increase the capacity of service provider institutions,” the provided sentences do not explicitly mandate training, technical guidance, or capacity-building activities (as concrete competency-development initiatives) for implementing personnel/service providers; the text is framed as general authority without an explicit training/capacity-building requirement as defined by the coding rules.",Reference only
JAWA TENGAH PURBALINGGA,JAWA_TENGAH_PURBALINGGA.txt,6.5,People with disability,intersectional_approach,Yes,No,1.0,0.0,false_negative,0.9934266584516671,,"The only disability-related reference is a non-discrimination principle that includes “physical or mental condition,” which the coding rules explicitly exclude as sufficient on its own; there are no disability-specific protections, services, or identification of persons with disabilities as a target group.",Reference only
JAWA TENGAH PURBALINGGA,JAWA_TENGAH_PURBALINGGA.txt,6.7,Women from minority groups,intersectional_approach,Yes,No,1.0,0.0,false_negative,1.0,,"While the non-discrimination principle lists characteristics such as ethnicity, religion, race, culture, and language, the text does not identify minority/isolated women as a specific group requiring special protection or provide targeted measures for them.",Reference only
JAWA TENGAH PURWOREJO,JAWA_TENGAH_PURWOREJO.txt,1.1,Domestic violence,scope_of_violence,No,Yes,0.0,1.0,false_positive,0.9865641932333529,"9. Female Victim is a woman who experiences suffering physically, psychologically, sexually, economically, socially, and other losses caused by violence, exploitation and/or gender-based discrimination whether occurring in the public sphere or in the sphere of personal life.","The policy defines a “Female Victim” as a woman suffering losses caused by violence or discrimination occurring either in the public sphere or in the sphere of personal life, which explicitly brings violence in the private/personal sphere (i.e., domestic/private-life violence) within scope.",Reference only
JAWA TENGAH PURWOREJO,JAWA_TENGAH_PURWOREJO.txt,5.2,Religious engagement,stakeholder_engagement,No,Yes,0.0,1.0,false_positive,0.986693025807625,provision of Assistants in the mental spiritual religious field; ande.,"The policy includes provision of assistants in the “mental spiritual religious” field as part of support facilities for child victims, which constitutes inclusion of religious/spiritual support services for survivors under the coding rules.",Reference only
JAWA TENGAH SALATIGA KOTA,JAWA_TENGAH_SALATIGA_KOTA.txt,2.3,Data collection systems,institutional_mechanism,No,Yes,0.0,1.0,false_positive,1.0,"Monitoring and reporting as referred to in Article 10 letter f includes monitoring, documentation, and reporting on the handling and resolution of cases of Gender-Based Violence and Children.","The policy explicitly includes monitoring, documentation, and reporting on the handling and resolution of gender-based violence and child cases, which directly meets the requirement for documentation/reporting linked to violence cases.",Reference only
JAWA TENGAH SALATIGA KOTA,JAWA_TENGAH_SALATIGA_KOTA.txt,2.5,Training and capacity building,institutional_mechanism,Yes,No,1.0,0.0,false_negative,0.8482836399575129,,"While the policy mentions increasing the capacity of service provider institutions and providing skills training services, the retrieved sentences do not explicitly mandate training/technical guidance/capacity building for government officials, implementing agencies, or service providers as an implementation measure (and the skills training reference appears oriented to victims’ recovery rather than implementers).",Reference only
JAWA TENGAH SALATIGA KOTA,JAWA_TENGAH_SALATIGA_KOTA.txt,4.4,Prevention through education,primary_prevention,Yes,No,1.0,0.0,false_negative,0.9998169029128974,,"The policy mentions communication/information/education regarding gender-based violence as part of prevention, but it does not explicitly identify formal education instruments or institutions (e.g., schools, curricula, teaching/learning materials, education sector bodies) as a prevention mechanism, which is required to code Yes under this indicator’s rules.",Reference only
JAWA TENGAH SALATIGA KOTA,JAWA_TENGAH_SALATIGA_KOTA.txt,5.1,NGO collaboration,stakeholder_engagement,Yes,No,1.0,0.0,false_negative,0.0,,"The candidate sentences refer to involvement of “elements of the community” and “related stakeholders” and to cooperation with “service provider institutions,” but they do not explicitly identify NGOs/civil society organisations or other non-government organisations as partners in prevention or service delivery. Under the coding rules, general community/stakeholder references without identifying non-government organisations are insufficient.",Reference only
JAWA TENGAH SALATIGA KOTA,JAWA_TENGAH_SALATIGA_KOTA.txt,5.4,Education institutions engagement,stakeholder_engagement,No,Yes,0.0,1.0,false_positive,0.8798266996519848,"Human resources as referred to in Article 18 letter a may come from civil servants, academics, practitioners, and professionals.","The policy explicitly includes “academics” as a potential source of human resources for implementation, which constitutes engagement of the education sector (academics) in implementation/capacity for services.",Reference only
JAWA TENGAH SALATIGA KOTA,JAWA_TENGAH_SALATIGA_KOTA.txt,6.5,People with disability,intersectional_approach,Yes,No,1.0,0.0,false_negative,0.9993363528070438,,"The only disability-related reference is a non-discrimination principle that includes “physical and mental condition,” which the coding rules explicitly exclude as sufficient on its own; there are no disability-specific services, accommodations, or identification of persons with disabilities as a special target group.",Reference only
JAWA TENGAH SALATIGA KOTA,JAWA_TENGAH_SALATIGA_KOTA.txt,6.7,Women from minority groups,intersectional_approach,Yes,No,1.0,0.0,false_negative,0.9999847412691449,,"While the policy includes a non-discrimination principle listing categories such as ethnicity, religion, race, culture, and language, it does not explicitly identify women from minority/isolated groups as a target group for special protection or provide minority-specific measures.",Reference only
JAWA TENGAH SEMARANG,JAWA_TENGAH_SEMARANG.txt,1.2,Sexual violence,scope_of_violence,Yes,No,1.0,0.0,false_negative,0.9998550467570206,,"Across the provided candidate sentences, the policy discusses violence against women in general and related services, but it does not explicitly mention sexual violence (e.g., rape, sexual assault, sexual harassment) nor include it in any definition/classification or legal reference specific to sexual violence.",Reference only
JAWA TENGAH SEMARANG,JAWA_TENGAH_SEMARANG.txt,1.3,Physical violence,scope_of_violence,Yes,No,1.0,0.0,false_negative,1.0,,"The candidate sentences refer to ""violence"" generally and to protection and services for victims, but do not explicitly mention physical violence/assault/bodily harm or include physical violence as a defined or listed category within the shown text.",Reference only
JAWA TENGAH SEMARANG,JAWA_TENGAH_SEMARANG.txt,1.9,Sexual slavery/exploitation,scope_of_violence,Yes,No,1.0,0.0,false_negative,0.9951383647564613,,"While the policy addresses commercial sex workers and mentions trafficking prevention, the candidate sentences do not explicitly frame this as sexual exploitation/sexual slavery, nor do they reference exploitation for sexual purposes or use equivalent terms; general references to sex work and trafficking are insufficient under the coding rules without explicit sexual exploitation/slavery language or clear linkage.",Reference only
JAWA TENGAH SEMARANG,JAWA_TENGAH_SEMARANG.txt,2.2,Collaboration with NGOs,institutional_mechanism,Yes,No,1.0,0.0,false_negative,0.9999694826547045,,"The candidate sentences discuss coordination among government units (SKPD), community participation, women's organizations, and the business sector/other institutions, but they do not explicitly mention NGOs, civil society organisations, community organisations as service providers, or any cooperation mechanism with non-government service providers as required by the coding rules.",Reference only
JAWA TENGAH SEMARANG,JAWA_TENGAH_SEMARANG.txt,2.3,Data collection systems,institutional_mechanism,Yes,No,1.0,0.0,false_negative,1.0,,"While the text mentions ""mapping, collection, processing and presentation of data"" in program planning, it does not explicitly link this data activity to violence against women, victims, or violence cases. References to gender-disaggregated data are also not explicitly tied to VAW case/victim data management functions, so the criterion is not met under the rule requiring an explicit VAW link.",Reference only
JAWA TENGAH SEMARANG,JAWA_TENGAH_SEMARANG.txt,3.3,Reporting/hotline service,specialised_support_services,Yes,No,1.0,0.0,false_negative,1.0,,"While the policy mentions integrated services and handling of violence, none of the provided sentences explicitly establish or describe a mechanism/service for receiving complaints or reports of violence (e.g., intake/reporting channel, complaint reception procedure, hotline, or designated reporting unit).",Reference only
JAWA TENGAH SEMARANG,JAWA_TENGAH_SEMARANG.txt,3.9,Resocialisation services,specialised_support_services,Yes,No,1.0,0.0,false_negative,0.703905603936621,,"Although rehabilitation and social reintegration are mentioned for women victims of violence, the provided sentences do not identify a specific service unit or responsible institution/mechanism that provides these resocialisation services (mentions are framed as components of protection rather than being assigned to a unit).",Reference only
JAWA TENGAH SEMARANG,JAWA_TENGAH_SEMARANG.txt,3.10,Economic support,specialised_support_services,Yes,No,1.0,0.0,false_negative,0.999847417929993,,"The candidate sentences describe economic empowerment/support for women generally and for other categories (e.g., homeless women, women heads of household), but they do not explicitly specify that economic empowerment/support measures are available to women victims of violence.",Reference only
JAWA TENGAH SEMARANG,JAWA_TENGAH_SEMARANG.txt,4.1,Information and education about VAW,primary_prevention,Yes,No,1.0,0.0,false_negative,0.9997635027533704,,"The cited sentences mention general socialization and dissemination of materials about “women's empowerment and protection policies” and other related issues, plus service provision/rehabilitation for victims. They do not describe information/education activities specifically about violence against women, protection from violence, prohibition/dangers of violence, or anti-violence norms as a preventive measure; references to victims of violence are in the context of services after violence rather than prevention-focused education.",Reference only
JAWA TENGAH SEMARANG,JAWA_TENGAH_SEMARANG.txt,4.3,VAW laws awareness,primary_prevention,Yes,No,1.0,0.0,false_negative,0.9997635027533704,,"The candidate sentences include general socialization about women’s empowerment/protection policies and general legal awareness/knowledge through communication-information-education services, but they do not specify that the information/education is about laws, regulations, or policies related to violence against women (e.g., domestic violence, sexual violence, trafficking) nor do they explicitly frame such legal-awareness activities as a prevention strategy for VAW. The provisions on women victims of violence focus on assistance and recovery after violence.",Reference only
JAWA TENGAH SEMARANG,JAWA_TENGAH_SEMARANG.txt,7.3,International donors,budget_funding_sources,No,Yes,0.0,1.0,false_positive,0.9998626756131501,"coordinating the participation of the business sector and other institutions, including international assistance for women's empowerment and protection; andg.","The policy explicitly mentions coordinating participation of institutions including international assistance for women's empowerment and protection, which meets the criterion for international support involvement.",Reference only
JAWA TENGAH SEMARANG KOTA,JAWA_TENGAH_SEMARANG_KOTA.txt,3.3,Reporting/hotline service,specialised_support_services,Yes,No,1.0,0.0,false_negative,0.989726792780786,,"The text notes that community members may report violence to law enforcement/authorized parties and that victims have a right to fast complaint handling, but it does not explicitly establish or describe a service/mechanism/channel (e.g., hotline, complaint desk, SOP, designated unit) for receiving complaints/reports as required by the coding rules.",Reference only
JAWA TENGAH SEMARANG KOTA,JAWA_TENGAH_SEMARANG_KOTA.txt,4.3,VAW laws awareness,primary_prevention,No,Yes,0.0,1.0,false_positive,0.9998855623561498,"Disseminating information about laws and regulations related to acts of violence against women and children.
3. conducting socialization of laws and regulations related to the implementation of protection for women and children victims of violence;","The policy explicitly includes dissemination/socialization of laws and regulations related to acts of violence against women and children, and these activities appear within sections describing prevention/community participation measures, satisfying the requirement for legal awareness activities as a prevention strategy.",Reference only
JAWA TENGAH SEMARANG KOTA,JAWA_TENGAH_SEMARANG_KOTA.txt,5.5,International organisations engagement,stakeholder_engagement,Yes,No,1.0,0.0,false_negative,0.9997253606552938,,"The candidate sentences do not mention international organizations as stakeholders/partners for service delivery or prevention. References to the 'international community' are contextual, and 'non-binding foreign aid' is a funding source but does not explicitly establish engagement/collaboration with international organizations for services.",Reference only
JAWA TENGAH SEMARANG KOTA,JAWA_TENGAH_SEMARANG_KOTA_v2.txt,2.3,Data collection systems,institutional_mechanism,Yes,No,1.0,0.0,false_negative,0.9995804273172464,,"While the policy mentions collecting and presenting data for policy planning and refers to gender-disaggregated data, the candidate sentences do not explicitly link any data collection/recording/management system to violence against women, victims, or VAW cases as required by the coding rules.",Reference only
JAWA TENGAH SEMARANG KOTA,JAWA_TENGAH_SEMARANG_KOTA_v2.txt,5.3,Traditional/cultural engagement,stakeholder_engagement,No,Yes,0.0,1.0,false_positive,1.0,"increasing the capacity of regional governments, government agencies, institutions, community institutions, business sector, Islamic boarding schools, community organizations, media, religious leaders, community leaders and communities;","The policy explicitly identifies community leaders as part of the actors whose capacity is increased in the context of prevention of violence against women, which meets the criterion’s inclusion of community leaders/figures in implementation of prevention.",Reference only
JAWA TENGAH SEMARANG KOTA,JAWA_TENGAH_SEMARANG_KOTA_v2.txt,5.5,International organisations engagement,stakeholder_engagement,No,Yes,0.0,1.0,false_positive,1.0,"e.coordinating the participation of the business sector and other institutions, and international assistance for Women's Empowerment and Protection; and","The policy explicitly mentions coordinating participation of “international assistance” for women’s empowerment and protection, indicating engagement with international support relevant to implementation/service delivery.",Reference only
JAWA TENGAH SEMARANG KOTA,JAWA_TENGAH_SEMARANG_KOTA_v2.txt,6.7,Women from minority groups,intersectional_approach,No,Yes,0.0,1.0,false_positive,1.0,"indigenous women;
women in situations of intolerance;","The policy explicitly includes “indigenous women” and “women in situations of intolerance” among vulnerable women groups eligible for Women’s Protection, which constitutes identification of minority/isolated or socially excluded women as beneficiaries of protection.",Reference only
JAWA TENGAH SEMARANG KOTA,JAWA_TENGAH_SEMARANG_KOTA_v2.txt,7.3,International donors,budget_funding_sources,No,Yes,0.0,1.0,false_positive,1.0,"e.coordinating the participation of the business sector and other institutions, and international assistance for Women's Empowerment and Protection; and","The policy explicitly references coordinating participation that includes “international assistance” for Women’s Empowerment and Protection, which meets the criterion for international support involvement.",Reference only
JAWA TENGAH SUKOHARJO,JAWA_TENGAH_SUKOHARJO.txt,1.8,Human trafficking,scope_of_violence,No,Yes,0.0,1.0,false_positive,0.9999465949513187,"14. Law Number 21 of 2007 concerning the Eradication of the Criminal Act of Trafficking in Persons (State Gazette of the Republic of Indonesia of 2007 Number 58, Supplement to the State Gazette of the Republic of Indonesia Number 4720);","The policy’s legal basis explicitly cites a trafficking-in-persons law (Law Number 21 of 2007 concerning the Eradication of the Criminal Act of Trafficking in Persons), which is sufficient to code inclusion of human trafficking.",Reference only
JAWA TENGAH SUKOHARJO,JAWA_TENGAH_SUKOHARJO.txt,2.3,Data collection systems,institutional_mechanism,No,Yes,0.0,1.0,false_positive,1.0,"Monitoring and reporting as referred to in Article 8 letter f includes monitoring, documentation and evaluation of cases of gender-based violence and violence against children.","The policy explicitly links monitoring, documentation, and evaluation to cases of gender-based violence and violence against children, which meets the requirement for a system/function to document and monitor case information.",Reference only
JAWA TENGAH SUKOHARJO,JAWA_TENGAH_SUKOHARJO.txt,3.3,Reporting/hotline service,specialised_support_services,Yes,No,1.0,0.0,false_negative,0.999977111947373,,"The retrieved sentences discuss inter-agency monitoring/reporting and community participation in conveying information to authorized officials, but they do not establish or describe a specific mechanism/service/unit for receiving complaints or reports of violence cases from victims or the public (e.g., hotline, intake desk, reporting SOP).",Reference only
JAWA TENGAH SUKOHARJO,JAWA_TENGAH_SUKOHARJO.txt,6.2,Women victims of trafficking,intersectional_approach,No,Yes,0.0,1.0,false_positive,0.9999084493610688,"14. Law Number 21 of 2007 concerning the Eradication of the Criminal Act of Trafficking in Persons (State Gazette of the Republic of Indonesia of 2007 Number 58, Supplement to the State Gazette of the Republic of Indonesia Number 4720);","The policy’s legal basis explicitly cites a national law on the eradication of trafficking in persons, which (per the coding rules) is sufficient to include trafficking victims within the policy’s scope.",Reference only
JAWA TENGAH SURAKARTA KOTA,JAWA_TENGAH_SURAKARTA_KOTA.txt,1.1,Domestic violence,scope_of_violence,Yes,No,1.0,0.0,false_negative,0.9782004252976184,,"The provided sentences define and list multiple forms of violence against women (including occurring in private life) and define household/family, but they do not explicitly mention domestic violence, family/household violence, or intimate partner violence as such. Under the coding rules, domestic violence cannot be inferred solely from general references to violence against women or private-sphere violence.",Reference only
JAWA TENGAH SURAKARTA KOTA,JAWA_TENGAH_SURAKARTA_KOTA.txt,2.5,Training and capacity building,institutional_mechanism,Yes,No,1.0,0.0,false_negative,0.9994507590239725,,"The retrieved sentences mention training and capacity building primarily in the context of women’s empowerment (e.g., training for women, community participation trainings) and a general statement about “increasing the capacity” of many actors, but they do not explicitly mandate training/capacity building for government officials/implementers/service providers for implementing this women’s protection/VAW policy as required by the coding rules.",Reference only
JAWA TENGAH SURAKARTA KOTA,JAWA_TENGAH_SURAKARTA_KOTA.txt,3.8,Religious/spiritual counselling,specialised_support_services,Yes,No,1.0,0.0,false_negative,0.9996719629401765,,"While the policy references cooperation with institutions related to religion, none of the candidate sentences explicitly provide religious/spiritual counselling, guidance, mentoring, or faith-based support as a victim service.",Reference only
JAWA TENGAH SURAKARTA KOTA,JAWA_TENGAH_SURAKARTA_KOTA.txt,4.3,VAW laws awareness,primary_prevention,Yes,No,1.0,0.0,false_negative,0.9915872623557287,,"The policy includes socialization about laws and regulations related to the protection of women's rights, but it does not specify that these laws/regulations are about violence against women (e.g., domestic violence, sexual violence, trafficking) as required by the coding rules; other information activities cited relate to victims’ rights/services rather than prevention-focused education about VAW laws.",Reference only
JAWA TENGAH TEMANGGUNG,JAWA_TENGAH_TEMANGGUNG.txt,2.5,Training and capacity building,institutional_mechanism,Yes,No,1.0,0.0,false_negative,0.9994965233437609,,"While the text mentions institutional capacity strengthening (e.g., for PUG) and improvement of human resources management, it does not explicitly mandate training/technical guidance/professional development for implementing officials or service providers for policy implementation; the only explicit “job training” cited is for women’s economic empowerment, which is excluded by the coding rules.",Reference only
JAWA TENGAH TEMANGGUNG,JAWA_TENGAH_TEMANGGUNG.txt,4.2,Gender equality education,primary_prevention,No,Yes,0.0,1.0,false_positive,0.9997101040197627,conducting socialization of women's rights;,"Within a section explicitly introduced as efforts “to prevent the occurrence of acts of Violence against Women,” the policy includes “socialization of women's rights,” which is an educational/awareness activity about women’s rights situated as a prevention measure for VAW.",Reference only
JAWA TENGAH TEMANGGUNG,JAWA_TENGAH_TEMANGGUNG.txt,4.4,Prevention through education,primary_prevention,Yes,No,1.0,0.0,false_negative,1.0,,"Although the policy mentions “conducting education on anti-Violence against Women values,” the candidate sentences do not explicitly identify formal education instruments or institutions (e.g., schools, curricula, teaching/learning materials, education institutions) as the prevention mechanism, which is required by the coding rules for this indicator.",Reference only
JAWA TENGAH TEMANGGUNG,JAWA_TENGAH_TEMANGGUNG.txt,7.1,Local government budget,budget_funding_sources,Yes,No,1.0,0.0,false_negative,0.9993668604914709,,"The candidate sentences define terms and describe scope and responsibilities, and mention integrating gender-responsive budgeting, but they do not explicitly identify a local government budget (e.g., regional/local budget/APBD) as a funding source.",Reference only
JAWA TENGAH TEMANGGUNG,JAWA_TENGAH_TEMANGGUNG.txt,7.2,National government budget,budget_funding_sources,Yes,No,1.0,0.0,false_negative,1.0,,"The retrieved sentences are largely definitions and 'sufficiently clear' placeholders and do not explicitly mention national government budget/state budget (e.g., APBN) as a funding source.",Reference only
JAWA TENGAH TEMANGGUNG,JAWA_TENGAH_TEMANGGUNG.txt,7.4,Other legal sources,budget_funding_sources,Yes,No,1.0,0.0,false_negative,0.9999313366279103,,"Although the scope includes 'funding' and the policy references various laws and regulations, none of the candidate sentences specify any non-governmental or other legal funding sources (e.g., grants, CSR, philanthropy, NGO funds) as budget/funding sources.",Reference only
JAWA TENGAH WONOGIRI,JAWA_TENGAH_WONOGIRI.txt,2.3,Data collection systems,institutional_mechanism,No,Yes,0.0,1.0,false_positive,1.0,"Monitoring and Reporting as referred to in Article 10, includes monitoring, documentation and reporting of cases of gender-based violence and violence against children.","The policy explicitly links monitoring, documentation, and reporting to “cases of gender-based violence and violence against children,” which satisfies the criterion’s requirement for mandated documentation/reporting of violence cases (even without detailing a dedicated data system).",Reference only
JAWA TENGAH WONOGIRI,JAWA_TENGAH_WONOGIRI.txt,2.5,Training and capacity building,institutional_mechanism,No,Yes,0.0,1.0,false_positive,0.12435300177159614,"(4) Social community organizations that participate in the implementation of protection for victims of gender-based violence and children as referred to in paragraph (3) shall be provided guidance by the Wonogiri Regency Government through regional apparatus in accordance with their main duties and functions.
(5) Guidance as referred to in paragraph (4) may be in the form of counseling guidance, skills guidance, paralegal training and operational technical guidance.","The policy states that participating social community organizations shall be provided guidance by the local government, and specifies that such guidance may include paralegal training and operational technical guidance—an explicit training/technical guidance provision supporting implementation.",Reference only
JAWA TENGAH WONOGIRI,JAWA_TENGAH_WONOGIRI.txt,3.3,Reporting/hotline service,specialised_support_services,Yes,No,1.0,0.0,false_negative,0.9997635027533704,,"The text mentions monitoring/reporting of cases and encourages community members to report violence, but it does not establish or describe a specific mechanism/service/channel (e.g., hotline, complaint desk, designated receiving unit) for receiving complaints or reports from victims/the public.",Reference only
JAWA TENGAH WONOSOBO,JAWA_TENGAH_WONOSOBO.txt,3.3,Reporting/hotline service,specialised_support_services,No,Yes,0.0,1.0,false_positive,0.9719996120795404,"receive, search for, collect and examine information or reports concerning criminal acts;","The policy text includes an authorized function to “receive…information or reports concerning criminal acts,” which constitutes an explicit mechanism for receiving reports/complaints (even if not framed as a hotline or VAW-specific channel).",Reference only
JAWA TENGAH WONOSOBO,JAWA_TENGAH_WONOSOBO.txt,3.7,Psychosocial counselling,specialised_support_services,Yes,No,1.0,0.0,false_negative,0.9540452601799487,,"While the text mentions “mental…guidance” and “social counseling and guidance,” the candidate sentences do not explicitly describe psychological/psychosocial counselling or trauma-focused counselling/support services for victims as required by the indicator’s coding rules.",Reference only
JAWA TENGAH WONOSOBO,JAWA_TENGAH_WONOSOBO.txt,3.10,Economic support,specialised_support_services,Yes,No,1.0,0.0,false_negative,0.809301070201781,,"Although the policy provides education/training and opportunities to work/do business for certain women beneficiaries, the cited provisions do not explicitly specify that these economic measures are available to women victims of violence (VAW) as such; they are framed for women who are unable/neglected/exploited/trafficked/prostitutes rather than explicitly for women victims of violence.",Reference only
JAWA TENGAH WONOSOBO,JAWA_TENGAH_WONOSOBO.txt,4.1,Information and education about VAW,primary_prevention,Yes,No,1.0,0.0,false_negative,0.9919443675843544,,"The candidate sentences mention aims to eliminate violence and include prevention efforts such as “social counseling and guidance,” but they do not explicitly state that these information/education activities are specifically about violence against women, protection from VAW, or anti-violence values/norms. Mentions of “increase awareness” are general (business world/society) and not tied to educating about VAW. Therefore the criterion is not met based on the provided text.",Reference only
JAWA TENGAH WONOSOBO,JAWA_TENGAH_WONOSOBO.txt,4.4,Prevention through education,primary_prevention,Yes,No,1.0,0.0,false_negative,1.0,,"The prevention section includes “improvement of health and education levels,” but it does not explicitly identify formal education instruments (schools, curricula, teaching materials, education institutions) as a prevention mechanism for violence against women/children, as required by the coding rules. Other mentions of “education and training services” relate to service provision for women (e.g., unable/neglected/exploited/trafficked) and are not explicitly framed as a prevention strategy for violence. Therefore, the criterion is not met on the provided sentences.",Reference only
JAWA TENGAH WONOSOBO,JAWA_TENGAH_WONOSOBO.txt,5.4,Education institutions engagement,stakeholder_engagement,No,Yes,0.0,1.0,false_positive,1.0,social work educational institutions; andc.,"The policy explicitly includes “social work educational institutions” within the definition/examples of professional organizations involved in the community role structure, which constitutes engagement of an education institution type as a stakeholder in implementation/capacity-related functions for social protection and welfare administration.",Reference only
JAWA TENGAH WONOSOBO,JAWA_TENGAH_WONOSOBO.txt,7.1,Local government budget,budget_funding_sources,No,Yes,0.0,1.0,false_positive,1.0,What is meant by facilities and infrastructure in this regulation is all facilities that are funded and obtained from the Regional Budget and/or State Budget to support social welfare functions.,"The policy defines facilities and infrastructure as those funded and obtained from the Regional Budget and/or State Budget, which explicitly includes a local (regional) government budget source.",Reference only
JAWA TENGAH WONOSOBO,JAWA_TENGAH_WONOSOBO.txt,7.2,National government budget,budget_funding_sources,No,Yes,0.0,1.0,false_positive,0.9998626756131501,What is meant by facilities and infrastructure in this regulation is all facilities that are funded and obtained from the Regional Budget and/or State Budget to support social welfare functions.,The policy explicitly states that facilities and infrastructure are funded and obtained from the Regional Budget and/or State Budget; the State Budget constitutes a national government budget source.,Reference only
JAWA TIMUR BANGKALAN,JAWA_TIMUR_BANGKALAN.txt,1.8,Human trafficking,scope_of_violence,No,Yes,0.0,1.0,false_positive,0.9993287259586727,17. Presidential Decree Number 88 of 2002 concerning the National Action Plan (RAN) for the Elimination of Trafficking in Women and Children;,"The policy’s legal foundation explicitly references a national action plan for the elimination of trafficking in women and children, which satisfies the criterion via citation of trafficking-related legal/policy frameworks.",Reference only
JAWA TIMUR BANGKALAN,JAWA_TIMUR_BANGKALAN.txt,3.3,Reporting/hotline service,specialised_support_services,Yes,No,1.0,0.0,false_negative,0.9998779334127146,,"The text states that community members/individuals have the right to report incidents of violence, but it does not establish or describe a specific mechanism/service/channel (e.g., hotline, designated unit, procedures) for receiving complaints/reports from victims or the public, which is required by the coding rules.",Reference only
JAWA TIMUR BANGKALAN,JAWA_TIMUR_BANGKALAN.txt,6.2,Women victims of trafficking,intersectional_approach,No,Yes,0.0,1.0,false_positive,1.0,17. Presidential Decree Number 88 of 2002 concerning the National Action Plan (RAN) for the Elimination of Trafficking in Women and Children;,"The policy’s legal foundation explicitly references a national action plan for the elimination of trafficking in women and children, which (per the coding rules) is sufficient to include trafficking victims within scope even without further trafficking-specific measures.",Reference only
JAWA TIMUR BANYUWANGI,JAWA_TIMUR_BANYUWANGI.txt,4.1,Information and education about VAW,primary_prevention,No,Yes,0.0,1.0,false_positive,0.9976134245810677,"4. The implementation as referred to in paragraph (3) is in the form of: policy analysis, coordination, advocacy, socialization, communication, information and education (KIE), training, service facilitation, service provision, development of women and child protection models and other forms.","The policy explicitly lists “socialization, communication, information and education (KIE)” as forms of implementation for policies and activities aimed at eliminating violence against women and children, which constitutes information/education activities about violence as a preventive measure.",Reference only
JAWA TIMUR BANYUWANGI,JAWA_TIMUR_BANYUWANGI.txt,4.3,VAW laws awareness,primary_prevention,Yes,No,1.0,0.0,false_negative,1.0,,"The candidate sentences mention socialization/KIE in general and refer to enforcement of laws and regulations, and victims’ right to obtain information about laws and regulations, but they do not specify any prevention-oriented activity that provides information/education specifically about VAW-related laws, regulations, or policies (the rules prohibit inferring this from general KIE or legal references).",Reference only
JAWA TIMUR BANYUWANGI,JAWA_TIMUR_BANYUWANGI.txt,7.3,International donors,budget_funding_sources,No,Yes,0.0,1.0,false_positive,1.0,"1. In implementing policies, programs, and activities for the protection of women and children victims of violence and trafficking in persons, the district government may cooperate with international institutions.","The policy explicitly allows the district government to cooperate with international institutions in implementing protection-related policies, programs, and activities, which constitutes explicit international involvement/support under the coding rules.",Reference only
JAWA TIMUR BLITAR,JAWA_TIMUR_BLITAR.txt,4.2,Gender equality education,primary_prevention,No,Yes,0.0,1.0,false_positive,0.1243530017715962,"conducting socialization on violence prevention against women, as well as fulfillment of the rights of children and women.","The policy includes a prevention-related socialization activity that explicitly mentions fulfillment of the rights of children and women alongside violence prevention against women, which constitutes an educational/awareness activity about women’s rights situated within violence-prevention efforts.",Reference only
JAWA TIMUR BLITAR,JAWA_TIMUR_BLITAR.txt,6.1,Women in conflict/disaster areas,intersectional_approach,No,Yes,0.0,1.0,false_positive,0.7039056039366209,"1. The implementation of protection of women, children and families who are victims of violence is a comprehensive prevention system, covering protection against all forms of violence, trafficking of women and children, economic exploitation, sexual exploitation, abuse, neglect and or abandonment in all situations including women and children with disabilities, children of migrant worker families, children in conflict with the law, children in emergency situations and those vulnerable to becoming victims of violence.","The policy explicitly includes “women” within a comprehensive protection system that applies “in all situations,” and it specifically mentions “children in emergency situations,” indicating that emergency contexts are within scope while women are a named protected group in that same provision.",Reference only
JAWA TIMUR BLITAR KOTA,JAWA_TIMUR_BLITAR_KOTA.txt,4.2,Gender equality education,primary_prevention,Yes,No,1.0,0.0,false_negative,0.9898178773297992,,"While the policy mentions gender equality as a principle and refers to socialization of women's and children's rights, the retrieved sentences do not explicitly situate education/awareness about gender equality or women’s rights as a strategy to prevent violence against women (the prevention awareness-raising described is not specified as being about gender equality/women’s rights).",Reference only
JAWA TIMUR BLITAR KOTA,JAWA_TIMUR_BLITAR_KOTA.txt,7.3,International donors,budget_funding_sources,No,Yes,0.0,1.0,false_positive,1.0,"1. The Implementation of Women's Empowerment and Protection of Child Victims of Violence is realized in part through the establishment of integrated and networked UPT formed by the Regional Government, society, non-governmental organizations, donor institutions or other institutions.","The policy explicitly references “donor institutions” as among the entities involved in forming integrated and networked service units for protection, which constitutes explicit donor/international support involvement under the coding rules.",Reference only
JAWA TIMUR BOJONEGORO,JAWA_TIMUR_BOJONEGORO.txt,3.9,Resocialisation services,specialised_support_services,Yes,No,1.0,0.0,false_negative,0.7615941559557649,,"The policy mentions victims’ right to continuous handling up to the rehabilitation stage, but the provided sentences do not identify a specific service unit responsible for rehabilitation/reintegration services (nor assign rehabilitation explicitly to P3A as a service).",Reference only
JAWA TIMUR BOJONEGORO,JAWA_TIMUR_BOJONEGORO.txt,6.2,Women victims of trafficking,intersectional_approach,No,Yes,0.0,1.0,false_positive,0.9997711312602866,17. Presidential Decree Number 88 of 2002 concerning the National Action Plan (RAN) for the Elimination of Trafficking in Women and Children;,"The policy’s legal foundation explicitly references a national action plan on trafficking in women and children, which the coding rules treat as sufficient to include trafficking victims within scope even without further trafficking-specific measures.",Reference only
JAWA TIMUR JEMBER,JAWA_TIMUR_JEMBER.txt,2.1,Institutional network,institutional_mechanism,No,Yes,0.0,1.0,false_positive,0.9999084493610688,"1. The implementation of protection for victims is carried out in an integrated manner within the PPT framework.
2. The Regency Integrated Service Center receives case referrals from service institutions in the Regency area.","The policy describes implementation of victim protection being carried out in an integrated manner within the Integrated Service Center (PPT) framework and specifies that the PPT receives case referrals from service institutions in the regency, which constitutes an integrated service/referral network rather than isolated agency responsibilities.",Reference only
JAWA TIMUR JEMBER,JAWA_TIMUR_JEMBER.txt,2.2,Collaboration with NGOs,institutional_mechanism,Yes,No,1.0,0.0,false_negative,0.8093010702017811,,"The candidate sentences mention victims’ rights to protection from “non-governmental institutions” and refer to involving “community elements,” but they do not describe any cooperation/partnership mechanism with NGOs or other non-government service providers (e.g., coordination forum, partnership arrangement, or identified NGO partners).",Reference only
JAWA TIMUR JEMBER,JAWA_TIMUR_JEMBER.txt,3.3,Reporting/hotline service,specialised_support_services,Yes,No,1.0,0.0,false_negative,0.7615941559557649,,"The text notes victims’ right to information about complaint center locations and a community obligation to report violence to authorities, but it does not explicitly establish or mandate a mechanism/service/unit for receiving complaints/reports (e.g., complaint center, hotline, or designated intake channel) within the provided sentences.",Reference only
JAWA TIMUR JEMBER,JAWA_TIMUR_JEMBER.txt,5.5,International organisations engagement,stakeholder_engagement,No,Yes,0.0,1.0,false_positive,0.5545997223493824,"1. Obtain protection from the community and government as well as non-governmental institutions at the local, national and international levels.","The policy states that victims have the right to protection from non-governmental institutions at local, national, and international levels, which implies engagement/availability of international non-governmental actors in protection/services.",Reference only
JAWA TIMUR JEMBER,JAWA_TIMUR_JEMBER.txt,6.2,Women victims of trafficking,intersectional_approach,No,Yes,0.0,1.0,false_positive,0.999732989016709,25. Presidential Decree of the Republic of Indonesia Number 88 of 2002 concerning the National Action Plan for the Elimination of Trafficking in Women and Children;,"The policy’s legal foundation explicitly references a national action plan on trafficking in women and children, which (per the coding rules) is sufficient to include trafficking within scope, even without detailing trafficking-specific services for women.",Reference only
JAWA TIMUR JEMBER,JAWA_TIMUR_JEMBER.txt,7.5,Provincial government budget,budget_funding_sources,No,Yes,0.0,1.0,false_positive,1.0,"3. Sources of funds in the implementation of protection for women and children are sourced from the APBN, Provincial APBD, Regency APBD as well as other legal and non-binding sources.","The policy explicitly lists the Provincial APBD as a source of funds for implementing protection for women and children victims of violence, indicating provincial government budget support.",Reference only
JAWA TIMUR JOMBANG,JAWA_TIMUR_JOMBANG.txt,1.5,Economic violence,scope_of_violence,Yes,No,1.0,0.0,false_negative,0.9892941981084169,,"None of the provided sentences explicitly identify economic violence/abuse, economic exploitation, financial deprivation, or neglect as a form of violence against women, nor do they include such concepts in the definitions of violence. A general reference to protecting citizens’ “economic security” does not define or classify economic violence against women as required by the coding rules.",Reference only
JAWA TIMUR JOMBANG,JAWA_TIMUR_JOMBANG.txt,1.8,Human trafficking,scope_of_violence,No,Yes,0.0,1.0,false_positive,1.0,13. Presidential Decree of the Republic of Indonesia Number 88 of 2002 concerning the National Action Plan (RAN) for the Elimination of Trafficking in Women and Children;,"The policy’s legal basis cites a Presidential Decree concerning a National Action Plan for the elimination of trafficking in women and children, which constitutes an explicit reference to trafficking within the policy framework under the coding rules.",Reference only
JAWA TIMUR JOMBANG,JAWA_TIMUR_JOMBANG.txt,2.1,Institutional network,institutional_mechanism,No,Yes,0.0,1.0,false_positive,1.0,"The Implementation of Protection for victims is carried out in an integrated manner within the Integrated Service Center for the Protection of Women and Children (P2T-P2A).
16. Integrated Service Center for the Protection of Women and Children hereinafter referred to as P2T-P2A is a service provider institution based in a Hospital for victims of violence, especially women and children, which is managed jointly by the regional government and the community incorporated in a Team carried out in a cross-functional and cross-sectoral manner in the form of medical services (including medico-legal), psycho-social and legal services;
3. The implementation of obligations as referred to in paragraph (1) and paragraph (2), is technically carried out in an integrated manner by the relevant Regional Work Units.","The policy establishes an integrated service center (P2T-P2A) as the institutional locus for implementing protection, describes it as jointly managed by government and community in a cross-functional/cross-sectoral team, and states that implementation is carried out in an integrated manner by relevant regional work units—together constituting an institutional coordination mechanism/network rather than isolated agency assignments.",Reference only
JAWA TIMUR JOMBANG,JAWA_TIMUR_JOMBANG.txt,3.2,Police specialised service unit,specialised_support_services,No,Yes,0.0,1.0,false_positive,0.9998779334127146,"Paragraph (1) What is meant by fast, safe, empathetic, non-discriminatory, easily accessible and with guaranteed confidentiality in the handling/examination of women and children victims of violence, victims are examined at the Secretariat of P2T-P2A or the Women and Children Protection Unit (UPPA) Room, which is a special closed and comfortable room at the Police Unit, where women and children victims of domestic violence and violence or sexual harassment can report their cases safely to policewomen who are empathetic, understanding and professional.","The policy explicitly refers to the Women and Children Protection Unit (UPPA) Room as a special room within the police unit where women and children victims can report cases, which constitutes a specialised police-based victim service unit.",Reference only
JAWA TIMUR JOMBANG,JAWA_TIMUR_JOMBANG.txt,6.2,Women victims of trafficking,intersectional_approach,No,Yes,0.0,1.0,false_positive,1.0,13. Presidential Decree of the Republic of Indonesia Number 88 of 2002 concerning the National Action Plan (RAN) for the Elimination of Trafficking in Women and Children;,"The policy’s legal foundation explicitly cites a national action plan on the elimination of trafficking in women and children, which (per the coding rules) is sufficient to indicate trafficking cases/victims are within scope.",Reference only
JAWA TIMUR LUMAJANG,JAWA_TIMUR_LUMAJANG.txt,1.8,Human trafficking,scope_of_violence,No,Yes,0.0,1.0,false_positive,1.0,18. Presidential Decree Number 88 of 2002 concerning the National Action Plan (RAN) for the Elimination of Trafficking in Women and Children;,"The legal basis explicitly cites a “National Action Plan (RAN) for the Elimination of Trafficking in Women and Children,” which is a direct reference to trafficking and is sufficient for inclusion under the coding rules.",Reference only
JAWA TIMUR LUMAJANG,JAWA_TIMUR_LUMAJANG.txt,2.1,Institutional network,institutional_mechanism,No,Yes,0.0,1.0,false_positive,1.0,"1. The organization of protection for victims is carried out in an integrated manner within the PPT framework.
2. PPT Lumajang Regency may receive case referrals in Sub-districts within the Lumajang Regency Area.
11. Integrated Service Center, hereinafter abbreviated as PPT is an institution providing services to victims of violence, which is hospital-based, managed jointly in the form of medical services (including medico-legal), psycho-social and legal services;","The policy establishes an Integrated Service Center (PPT) that is jointly managed and frames protection as being carried out in an integrated manner within the PPT framework, including receiving referrals from sub-districts—together indicating an institutional coordination/service network rather than isolated agency responsibilities.",Reference only
JAWA TIMUR LUMAJANG,JAWA_TIMUR_LUMAJANG.txt,3.9,Resocialisation services,specialised_support_services,Yes,No,1.0,0.0,false_negative,0.9782306104709255,,"While the policy mentions victims’ right to continuous handling up to the rehabilitation stage, the candidate sentences do not identify any service unit or mechanism responsible for rehabilitation/resocialisation/reintegration services specifically (beyond general references to recovery/independence).",Reference only
JAWA TIMUR LUMAJANG,JAWA_TIMUR_LUMAJANG.txt,6.2,Women victims of trafficking,intersectional_approach,No,Yes,0.0,1.0,false_positive,0.9998626756131501,18. Presidential Decree Number 88 of 2002 concerning the National Action Plan (RAN) for the Elimination of Trafficking in Women and Children;,"The policy’s legal basis explicitly references a national action plan on trafficking in women and children, which the coding rules treat as sufficient to include trafficking victims within scope even without further trafficking-specific measures.",Reference only
JAWA TIMUR MADIUN,JAWA_TIMUR_MADIUN.txt,2.2,Collaboration with NGOs,institutional_mechanism,Yes,No,1.0,0.0,false_negative,0.809301070201781,,"The text mentions services and protection from non-governmental individuals/groups/institutions and refers to involving “community elements,” but it does not explicitly mention NGOs/civil society organisations as partners nor specify a collaboration/coordination mechanism with non-government service providers as required by the coding rules.",Reference only
JAWA TIMUR MADIUN,JAWA_TIMUR_MADIUN.txt,6.2,Women victims of trafficking,intersectional_approach,No,Yes,0.0,1.0,false_positive,0.9997711312602866,17. Presidential Decree Number 88 of 2002 concerning National Action Plan (RAN) for the Elimination of Trafficking in Women and Children;,"The policy’s legal foundation explicitly references a national action plan on trafficking in women and children, which (per the coding rules) is sufficient to include trafficking victims within scope even without further trafficking-specific measures.",Reference only
JAWA TIMUR MADIUN KOTA,JAWA_TIMUR_MADIUN_KOTA.txt,3.2,Police specialised service unit,specialised_support_services,No,Yes,0.0,1.0,false_positive,1.0,coverage of availability of women and children service units (UPPA) at Regional Police and District/Municipal Police;,"The policy explicitly refers to the availability of Women and Children Service Units (UPPA) at police levels, which is a recognised specialised police unit for handling violence against women/children victims.",Reference only
JAWA TIMUR MAGETAN,JAWA_TIMUR_MAGETAN.txt,1.8,Human trafficking,scope_of_violence,No,Yes,0.0,1.0,false_positive,1.0,10. Law Number 21 of 2007 concerning Eradication of the Criminal Act of Trafficking in Persons (State Gazette of the Republic of Indonesia of 2007 Number 58 Supplement to the State Gazette of the Republic of Indonesia Number 4720);,"The policy’s legal basis explicitly cites national legislation on the eradication of trafficking in persons, which is sufficient to count trafficking as included under the coding rules.",Reference only
JAWA TIMUR MAGETAN,JAWA_TIMUR_MAGETAN.txt,4.2,Gender equality education,primary_prevention,No,Yes,0.0,1.0,false_positive,0.9978649099953187,f. providing critical education regarding the rights of women and children for the community.,"Within the section on prevention efforts, the policy includes “providing critical education regarding the rights of women and children for the community,” which is an educational activity about women’s/children’s rights explicitly situated as part of violence-prevention measures.",Reference only
JAWA TIMUR MAGETAN,JAWA_TIMUR_MAGETAN.txt,5.6,Media engagement,stakeholder_engagement,No,Yes,0.0,1.0,false_positive,0.9719996120795404,"Point e Socialization can be carried out through mass media, electronic media, and direct outreach to the community.","The policy assigns a role to mass media/electronic media as channels through which socialization (awareness/outreach) can be conducted, which constitutes engaging/recognising media in prevention-related activities.",Reference only
JAWA TIMUR MAGETAN,JAWA_TIMUR_MAGETAN.txt,6.2,Women victims of trafficking,intersectional_approach,No,Yes,0.0,1.0,false_positive,1.0,10. Law Number 21 of 2007 concerning Eradication of the Criminal Act of Trafficking in Persons (State Gazette of the Republic of Indonesia of 2007 Number 58 Supplement to the State Gazette of the Republic of Indonesia Number 4720);,"The policy’s legal foundation explicitly cites the national law on eradication of trafficking in persons, which (per the coding rules) is sufficient to indicate trafficking cases/victims are within scope.",Reference only
JAWA TIMUR MAGETAN,JAWA_TIMUR_MAGETAN.txt,7.3,International donors,budget_funding_sources,No,Yes,0.0,1.0,false_positive,0.1243530017715962,"The implementation of women's empowerment and protection of child victims of violence is realized among others through the establishment of an integrated, one-stop and networked UPT established by the government, Regional Government, community, non-governmental organizations, donor institutions or other institutions.","The policy explicitly mentions “donor institutions” among the entities that may establish the integrated service unit, which constitutes explicit donor/international support language under the coding rules (even though donors are not further specified).",Reference only
JAWA TIMUR MALANG KOTA,JAWA_TIMUR_MALANG_KOTA.txt,2.3,Data collection systems,institutional_mechanism,Yes,No,1.0,0.0,false_negative,0.9934266584516671,,"The candidate sentences mention an information system and periodic reporting by PPT, but they do not explicitly require collecting/recording/managing data on violence cases/victims, nor do they assign responsibility for a VAW data system; the reporting described appears to be general implementation reporting rather than a case-data system.",Reference only
JAWA TIMUR PASURUAN,JAWA_TIMUR_PASURUAN.txt,1.5,Economic violence,scope_of_violence,Yes,No,1.0,0.0,false_negative,0.9826955350171132,,"The candidate sentences define violence as physical/sexual/psychological and do not mention economic violence/abuse, financial deprivation, or neglect as a form of violence against women; references to economic independence are about empowerment rather than violence or abuse.",Reference only
JAWA TIMUR PASURUAN,JAWA_TIMUR_PASURUAN.txt,1.6,Harmful practices,scope_of_violence,No,Yes,0.0,1.0,false_positive,0.9948263443540488,"Furthermore, for the fate of children at that time, it seemed that there was no protection whatsoever for the rights given, children born with female gender would be killed by being buried alive because they were considered a disgrace to their parents.","The elucidation explicitly describes a harmful practice involving killing children born with female gender, which falls within the criterion’s examples of harmful practices (female infanticide).",Reference only
JAWA TIMUR PASURUAN,JAWA_TIMUR_PASURUAN.txt,1.8,Human trafficking,scope_of_violence,No,Yes,0.0,1.0,false_positive,1.0,"8. Law Number 21 of 2007 concerning the Eradication of the Criminal Act of Trafficking in Persons (State Gazette of the Republic of Indonesia of 2007 Number 58, Supplement to the State Gazette of the Republic of Indonesia Number 4720);","The policy’s legal foundation explicitly cites a national law on the eradication of trafficking in persons, which is sufficient to include human trafficking under the coding rules.",Reference only
JAWA TIMUR PASURUAN,JAWA_TIMUR_PASURUAN.txt,2.3,Data collection systems,institutional_mechanism,Yes,No,1.0,0.0,false_negative,0.9992677122190814,,"While the policy mentions developing “gender and child data systems,” the candidate sentences do not explicitly link data collection/management to violence against women, victims, or violence cases as required by the coding rules.",Reference only
JAWA TIMUR PASURUAN,JAWA_TIMUR_PASURUAN.txt,2.5,Training and capacity building,institutional_mechanism,Yes,No,1.0,0.0,false_negative,0.0,,"The candidate sentences refer to strengthening institutional capacity and improving the quality of human resources of managers, but they do not explicitly mandate training/technical guidance/professional development activities for implementing personnel as required by the coding rules.",Reference only
JAWA TIMUR PASURUAN,JAWA_TIMUR_PASURUAN.txt,3.10,Economic support,specialised_support_services,No,Yes,0.0,1.0,false_positive,0.5545997223493824,"4. PPTPPA is one form of integrated service unit, which functions as:a.
c. an empowerment center for women and children.","The policy establishes PPTPPA as an integrated service unit and explicitly assigns it an empowerment function for women and children, which implies provision of empowerment support to women victims of violence served by the center (as it also functions as a service center for victims of violence).",Reference only
JAWA TIMUR PASURUAN,JAWA_TIMUR_PASURUAN.txt,4.3,VAW laws awareness,primary_prevention,Yes,No,1.0,0.0,false_negative,0.9999008203303268,,"The policy mentions “legal awareness education” as a preventive effort, but the candidate sentences do not specify that this legal awareness education is about laws/regulations/policies related to violence against women (e.g., domestic violence, sexual violence, trafficking). The other IEC/socialization provisions are about prevention/handling of violence generally, not explicitly about VAW laws/policies, and the coding rules prohibit inferring legal-content from general IEC.",Reference only
JAWA TIMUR PASURUAN,JAWA_TIMUR_PASURUAN.txt,5.4,Education institutions engagement,stakeholder_engagement,No,Yes,0.0,1.0,false_positive,0.9997635027533704,"2. The management of PPTPPA may come from elements of the Regional Government, professional organizations, academics, community leaders and other elements as needed.","The policy explicitly includes academics as potential elements in the management of PPTPPA, an integrated service unit that includes services for women and children victims of violence, thereby involving the education sector (academics) in implementation/service structures.",Reference only
JAWA TIMUR PASURUAN,JAWA_TIMUR_PASURUAN.txt,6.2,Women victims of trafficking,intersectional_approach,No,Yes,0.0,1.0,false_positive,0.999732989016709,"8. Law Number 21 of 2007 concerning the Eradication of the Criminal Act of Trafficking in Persons (State Gazette of the Republic of Indonesia of 2007 Number 58, Supplement to the State Gazette of the Republic of Indonesia Number 4720);","The policy’s legal basis explicitly cites the national law on eradication of trafficking in persons, which (per the coding rules) is sufficient to include trafficking cases/victims within scope.",Reference only
JAWA TIMUR PROBOLINGGO,JAWA_TIMUR_PROBOLINGGO.txt,6.8,Women in legal process,intersectional_approach,No,Yes,0.0,1.0,false_positive,1.0,"1. Every woman and child who becomes a witness or perpetrator of violence has the right to receive information, protection, rehabilitation, confidential handling, psychological and legal assistance, as well as fulfillment of their rights related to their status as a wife, mother, child, family member or as a community member.","The policy explicitly includes women who are witnesses or perpetrators of violence as rights-holders entitled to information, protection, rehabilitation, and legal/psychological assistance, which covers women involved in legal processes as witnesses/perpetrators.",Reference only
JAWA TIMUR PROBOLINGGO KOTA,JAWA_TIMUR_PROBOLINGGO_KOTA.txt,1.6,Harmful practices,scope_of_violence,No,Yes,0.0,1.0,false_positive,0.9999465949513187,"In the framework of efforts to prevent family psychosocial problems, recovery and create harmonious families as well as prevention of child marriage, the Regional Government needs to establish a Learning Center for families that functions as:
provider of family consultation services and socialization on child marriage prevention; andc.","The policy explicitly mentions prevention of child marriage and establishes a learning center function that includes socialization on child marriage prevention, directly addressing a harmful practice.",Reference only
JAWA TIMUR PROBOLINGGO KOTA,JAWA_TIMUR_PROBOLINGGO_KOTA.txt,3.10,Economic support,specialised_support_services,No,Yes,0.0,1.0,false_positive,0.809301070201781,11. Empowerment is the strengthening of women victims of violence to be able to work and work independently after they are recovered and provided with health and social rehabilitation services.,"The policy defines ""Empowerment"" specifically as strengthening women victims of violence to be able to work and work independently after recovery and rehabilitation, which constitutes an explicit economic empowerment objective for women victims of violence (livelihood/economic independence support).",Reference only
JAWA TIMUR PROBOLINGGO KOTA,JAWA_TIMUR_PROBOLINGGO_KOTA.txt,6.3,Women workers,intersectional_approach,Yes,No,1.0,0.0,false_negative,0.24491866240370908,,"The text mentions “workers” as a category of women who may receive women’s protection services, but it does not explicitly specify women workers/female employees as a distinct target group nor provide workplace-specific protection measures against violence/exploitation for women workers.",Reference only
JAWA TIMUR PROBOLINGGO KOTA,JAWA_TIMUR_PROBOLINGGO_KOTA.txt,6.11,Domestic workers,intersectional_approach,No,Yes,0.0,1.0,false_positive,0.358357398350786,domestic workers;,"The policy explicitly includes “domestic workers” within the category of child workers in the informal sector for whom the government must protect rights, which constitutes a targeted protection measure for domestic workers (albeit specifically child domestic workers).",Reference only
JAWA TIMUR PROBOLINGGO KOTA,JAWA_TIMUR_PROBOLINGGO_KOTA.txt,7.3,International donors,budget_funding_sources,No,Yes,0.0,1.0,false_positive,0.999732989016709,"cooperating with the business world, non-governmental institutions, private companies, Foundations, and other domestic institutions as well as international institutions, in accordance with the provisions of laws and regulations.","The policy explicitly allows cooperation with “international institutions” in implementing policies, programs, and activities for women’s protection, which meets the criterion for international involvement/support even without naming specific donors or funding amounts.",Reference only
JAWA TIMUR SAMPANG,JAWA_TIMUR_SAMPANG.txt,1.5,Economic violence,scope_of_violence,Yes,No,1.0,0.0,false_negative,0.9999847412691449,,"The candidate sentences define violence against women in physical, sexual, and psychological terms, and do not mention economic violence/abuse, economic exploitation, financial deprivation, or neglect as a form of violence against women. References to economic status and women’s economic independence are not framed as violence/abuse/neglect against women.",Reference only
JAWA TIMUR SAMPANG,JAWA_TIMUR_SAMPANG.txt,2.3,Data collection systems,institutional_mechanism,Yes,No,1.0,0.0,false_negative,0.761594155955765,,"The candidate sentences mention developing “gender and child data systems” and mention “submission of data and information” as a possible form of coordination, but they do not explicitly link data collection/management/exchange to violence against women, victims, or violence cases as required by the coding rules.",Reference only
JAWA TIMUR SAMPANG,JAWA_TIMUR_SAMPANG.txt,4.3,VAW laws awareness,primary_prevention,Yes,No,1.0,0.0,false_negative,0.9997863883614204,,"The policy mentions “legal awareness counseling” as a preventive effort, but it does not specify that this counseling is about laws, regulations, or policies related to violence against women (or related VAW legal protections). The KIE/socialization references are also not explicitly tied to laws/policies, so the criterion is not met.",Reference only
JAWA TIMUR SAMPANG,JAWA_TIMUR_SAMPANG.txt,6.3,Women workers,intersectional_approach,No,Yes,0.0,1.0,false_positive,1.0,17. Victim is a woman including Female Workers who work abroad and children who experience misery and/or suffering either directly or indirectly as a result of such violence.,"The definition of “Victim” explicitly includes women, including female workers who work abroad, indicating women workers (migrant/overseas) are a specifically covered group for protection/services under the system.",Reference only
JAWA TIMUR SITUBONDO,JAWA_TIMUR_SITUBONDO.txt,3.3,Reporting/hotline service,specialised_support_services,Yes,No,1.0,0.0,false_negative,1.0,,"The text states that the community may report violence to law enforcement or authorized parties, but it does not establish or describe a specific service/mechanism/unit (e.g., hotline, complaint desk, intake procedure) for receiving complaints/reports from victims or the public; under the coding rules, this kind of general permission/expectation to report is insufficient.",Reference only
JAWA TIMUR SITUBONDO,JAWA_TIMUR_SITUBONDO.txt,6.3,Women workers,intersectional_approach,No,Yes,0.0,1.0,false_positive,0.9718717323401,"Second, the many cases of violence against Domestic Workers (PRT) dominated by women that have occurred recently require attention from all parties, especially the existence of legal protection, regulations and policies that protect them.","The text explicitly highlights violence against domestic workers dominated by women and calls for legal protection, regulations, and policies to protect them, which constitutes explicit attention to women workers (domestic workers) as a group needing protection.",Reference only
JAWA TIMUR SUMENEP,JAWA_TIMUR_SUMENEP.txt,3.3,Reporting/hotline service,specialised_support_services,Yes,No,1.0,0.0,false_negative,1.0,,"While the policy establishes P2TP2A and describes integrated protection services, none of the provided sentences explicitly mention a mechanism/service/procedure for receiving complaints or reports of violence (e.g., intake, reporting channels, hotline, or SOP for receiving reports).",Reference only
JAWA TIMUR SUMENEP,JAWA_TIMUR_SUMENEP.txt,6.2,Women victims of trafficking,intersectional_approach,No,Yes,0.0,1.0,false_positive,0.9997406174072243,"9. Law Number 21 of 2007 concerning Eradication of the Criminal Act of Trafficking in Persons (State Gazette of the Republic of Indonesia Year 2007 Number 58, Supplement to State Gazette Number 4720);","The policy’s legal basis explicitly cites the national law on eradication of trafficking in persons, which (per the coding rules) is sufficient to indicate trafficking cases/victims are within scope even without further trafficking-specific measures.",Reference only
JAWA TIMUR TRENGGALEK,JAWA_TIMUR_TRENGGALEK.txt,1.6,Harmful practices,scope_of_violence,No,Yes,0.0,1.0,false_positive,1.0,prevent marriage at child age.,"The policy explicitly addresses a harmful practice by stating an obligation to “prevent marriage at child age,” which directly meets the criterion for early/child marriage.",Reference only
JAWA TIMUR TRENGGALEK,JAWA_TIMUR_TRENGGALEK.txt,1.9,Sexual slavery/exploitation,scope_of_violence,No,Yes,0.0,1.0,false_positive,0.9996795910978951,1. Special protection for children who are exploited economically and/or sexually as referred to in Article 44 is the obligation and responsibility of the Regional Government and the community.,"The policy explicitly includes “sexually” exploited children as a protected group and provides for special protection for those exploited economically and/or sexually, which is sufficient to count sexual exploitation within scope under the coding rules.",Reference only
JAWA TIMUR TRENGGALEK,JAWA_TIMUR_TRENGGALEK.txt,3.3,Reporting/hotline service,specialised_support_services,Yes,No,1.0,0.0,false_negative,0.9989321699323961,,"The text states that community members may provide information and/or report violence to law enforcement or authorized parties, and that victims have a right to report, but it does not establish or describe a specific service/mechanism/unit/channel for receiving and handling complaints/reports (beyond general reporting to authorities).",Reference only
JAWA TIMUR TRENGGALEK,JAWA_TIMUR_TRENGGALEK.txt,5.4,Education institutions engagement,stakeholder_engagement,No,Yes,0.0,1.0,false_positive,1.0,"2. The role of the community as referred to in paragraph (1) shall be carried out by individuals, child protection institutions, community social institutions, educational institutions, religious institutions, business entities, and mass media.","Educational institutions are explicitly listed as actors through which the community’s role in child protection is carried out, which constitutes inclusion of education institutions within implementation structures.",Reference only
JAWA TIMUR TRENGGALEK,JAWA_TIMUR_TRENGGALEK.txt,5.6,Media engagement,stakeholder_engagement,No,Yes,0.0,1.0,false_positive,1.0,"2. The role of the community as referred to in paragraph (1) shall be carried out by individuals, child protection institutions, community social institutions, educational institutions, religious institutions, business entities, and mass media.","Mass media is explicitly included among the actors through which the community plays a role in child protection, which meets the rule that inclusion within stakeholder/community definitions counts as media engagement.",Reference only
JAWA TIMUR TRENGGALEK,JAWA_TIMUR_TRENGGALEK.txt,6.10,Refugee/forced displacement,intersectional_approach,No,Yes,0.0,1.0,false_positive,0.9997940169556383,Special protection for children who become refugees as referred to in Article 45 letter a is implemented in accordance with the provisions of Laws and Regulations.,"The policy explicitly provides for “special protection for children who become refugees,” which is a specific protection measure targeted at refugees/forced displacement (even though limited to children).",Reference only
KALIMANTAN BARAT BENGKAYANG,KALIMANTAN_BARAT_BENGKAYANG.txt,1.9,Sexual slavery/exploitation,scope_of_violence,No,Yes,0.0,1.0,false_positive,0.9947882964238974,"10. Special protection is protection given to children in emergency situations, children in conflict with the law, children from minority and isolated groups, children who are exploited economically and/or sexually, children who are trafficked, children who are victims of narcotics, alcohol, psychotropic and other addictive substances (drugs) abuse, children victims of kidnapping, sale, trafficking, children victims of violence both physical and/or mental, children with disabilities, and children victims of abuse and neglect.","The policy explicitly references children “exploited … sexually,” which is a direct mention of sexual exploitation and therefore meets the criterion (even without using the exact phrase “sexual exploitation”).",Reference only
KALIMANTAN BARAT BENGKAYANG,KALIMANTAN_BARAT_BENGKAYANG.txt,3.3,Reporting/hotline service,specialised_support_services,Yes,No,1.0,0.0,false_negative,0.9982993684665691,,"The retrieved text includes definitions of “complaint” and provisions about administrative reporting between P2TP2A, SKPD, the Regent, and the Governor, plus general statements that the community may report violence. However, it does not explicitly establish or describe a mechanism/service/channel designated to receive complaints/reports from victims or the public (beyond general encouragement to report), which is required by the coding rules.",Reference only
KALIMANTAN BARAT KUBU RAYA,KALIMANTAN_BARAT_KUBU_RAYA.txt,1.1,Domestic violence,scope_of_violence,Yes,No,1.0,0.0,false_negative,0.24491866240370913,,"The candidate sentences define violence as occurring in public or private life and define household/family terms, but they do not explicitly mention domestic/household/family/intimate partner violence as a form of violence covered. References to mediating household disputes are not the same as explicitly including domestic violence within the scope.",Reference only
KALIMANTAN BARAT KUBU RAYA,KALIMANTAN_BARAT_KUBU_RAYA.txt,1.10,Technology-facilitated violence,scope_of_violence,No,Yes,0.0,1.0,false_positive,1.0,Lettera Threat of violence is any unlawful act directly or indirectly including through social media networks and communication devices.,"The policy explicitly recognizes threats of violence occurring through social media networks and communication devices, which is an explicit inclusion of technology-facilitated violence (at least for threats).",Reference only
KALIMANTAN BARAT KUBU RAYA,KALIMANTAN_BARAT_KUBU_RAYA.txt,2.3,Data collection systems,institutional_mechanism,No,Yes,0.0,1.0,false_positive,0.9998626756131501,"1. SKPD in charge of Women's Empowerment implements the information system and submits reports on the implementation of women's protection to the Regent.
collect, compile and present reports on violence.","The policy assigns responsibility to the SKPD in charge of Women’s Empowerment to implement an information system and submit reports on women’s protection implementation, and it also specifies that the service network aims to collect, compile, and present reports on violence—explicitly linking information/reporting functions to violence and women’s protection.",Reference only
KALIMANTAN BARAT KUBU RAYA,KALIMANTAN_BARAT_KUBU_RAYA.txt,4.1,Information and education about VAW,primary_prevention,Yes,No,1.0,0.0,false_negative,0.46211715726000974,,"The retrieved sentences mention prevention generally and include dissemination of laws/regulations related to protection of women victims of violence, plus socialization of women’s rights and education for women victims (including employment access). However, under the coding rules, education about laws/regulations and women’s rights does not count, and the passages do not clearly describe awareness/education activities specifically providing information about violence against women or anti-violence values/norms as prevention (beyond legal dissemination).",Reference only
KALIMANTAN BARAT KUBU RAYA,KALIMANTAN_BARAT_KUBU_RAYA.txt,4.4,Prevention through education,primary_prevention,No,Yes,0.0,1.0,false_positive,0.9413755384972873,"providing education for women victims of violence including access to employment opportunities; andf.
3. In addition to prevention efforts as referred to in paragraph (1), prevention efforts shall also be carried out by family and/or closest relatives, community, educational institutions and customary institutions.","Within the enumerated “Prevention efforts,” the policy includes “providing education for women victims of violence,” and it also explicitly identifies educational institutions among the actors that carry out prevention efforts. This frames education (and involvement of education institutions) as part of the prevention strategy for violence against women.",Reference only
KALIMANTAN BARAT KUBU RAYA,KALIMANTAN_BARAT_KUBU_RAYA.txt,6.4,Elderly women,intersectional_approach,Yes,No,1.0,0.0,false_negative,0.9997101040197627,,"While the policy defines “Elderly Women” and includes “the elderly” among vulnerable groups, the provided sentences do not specify any special protection measures targeted specifically at elderly women (as opposed to women generally).",Reference only
KALIMANTAN BARAT KUBU RAYA,KALIMANTAN_BARAT_KUBU_RAYA.txt,6.6,Women heads of household,intersectional_approach,Yes,No,1.0,0.0,false_negative,0.7615941559557649,,"The policy mentions “female heads of households” as part of women categorized as vulnerable groups, but the provided sentences do not describe any special protection measures specifically targeted at women heads of households.",Reference only
KALIMANTAN BARAT KUBU RAYA,KALIMANTAN_BARAT_KUBU_RAYA.txt,6.11,Domestic workers,intersectional_approach,Yes,No,1.0,0.0,false_negative,0.9950850895257135,,"Domestic workers are mentioned as part of women categorized as vulnerable groups, but the provided sentences do not specify any special protection measures targeted specifically at domestic workers.",Reference only
KALIMANTAN BARAT KUBU RAYA,KALIMANTAN_BARAT_KUBU_RAYA.txt,6.12,Women experiencing homelessness,intersectional_approach,Yes,No,1.0,0.0,false_negative,0.999847417929993,,"Although “the homeless” is listed among women as vulnerable groups, the provided sentences do not describe any special protection measures specifically targeted at women experiencing homelessness.",Reference only
KALIMANTAN BARAT KUBU RAYA,KALIMANTAN_BARAT_KUBU_RAYA.txt,6.13,Formerly incarcerated women,intersectional_approach,Yes,No,1.0,0.0,false_negative,1.0,,"The policy identifies “former inmates of correctional institutions” as part of women categorized as vulnerable groups, but the provided sentences do not specify any special protection measures targeted specifically at formerly incarcerated women.",Reference only
KALIMANTAN BARAT MELAWI,KALIMANTAN_BARAT_MELAWI.txt,1.8,Human trafficking,scope_of_violence,No,Yes,0.0,1.0,false_positive,1.0,"7. Law Number 21 of 2007 concerning the Eradication of the Criminal Act of Trafficking in Persons (State Gazette of the Republic of Indonesia Number 58, Supplement to the State Gazette of the Republic of Indonesia Number 4720);","The policy’s legal basis explicitly cites a national law on the eradication of trafficking in persons, which is sufficient under the coding rules to include human trafficking.",Reference only
KALIMANTAN BARAT MELAWI,KALIMANTAN_BARAT_MELAWI.txt,4.4,Prevention through education,primary_prevention,No,Yes,0.0,1.0,false_positive,0.9719093431673114,providing education for women victims of violence;,"Within the enumerated prevention efforts, the policy explicitly includes “providing education for women victims of violence,” which the coding rules allow as education used as a prevention mechanism.",Reference only
KALIMANTAN BARAT MELAWI,KALIMANTAN_BARAT_MELAWI.txt,6.2,Women victims of trafficking,intersectional_approach,No,Yes,0.0,1.0,false_positive,1.0,"7. Law Number 21 of 2007 concerning the Eradication of the Criminal Act of Trafficking in Persons (State Gazette of the Republic of Indonesia Number 58, Supplement to the State Gazette of the Republic of Indonesia Number 4720);","The policy’s legal foundation explicitly cites the national law on trafficking in persons, which (per coding rules) is sufficient to indicate trafficking cases/victims are intended to be covered.",Reference only
KALIMANTAN BARAT MELAWI,KALIMANTAN_BARAT_MELAWI.txt,6.4,Elderly women,intersectional_approach,Yes,No,1.0,0.0,false_negative,0.9979487455021472,,"Although the policy defines “Elderly Women,” the provided sentences do not specify any special protection measures targeted specifically at elderly women (only general rights/services for women victims of violence).",Reference only
KALIMANTAN BARAT MELAWI,KALIMANTAN_BARAT_MELAWI.txt,6.5,People with disability,intersectional_approach,Yes,No,1.0,0.0,false_negative,0.9947882964238974,,"The text defines “Women with Disabilities” and separately mentions “persons with disabilities” in a list, but the provided sentences do not describe disability-specific protection measures/services or explicitly identify women with disabilities as receiving special protection beyond general provisions.",Reference only
KALIMANTAN BARAT MELAWI,KALIMANTAN_BARAT_MELAWI.txt,6.6,Women heads of household,intersectional_approach,Yes,No,1.0,0.0,false_negative,0.9994965233437609,,"The policy mentions “female heads of households” in a list of groups, but the provided sentences do not set out any special protection measures specifically targeted at women heads of households.",Reference only
KALIMANTAN BARAT MELAWI,KALIMANTAN_BARAT_MELAWI.txt,6.11,Domestic workers,intersectional_approach,Yes,No,1.0,0.0,false_negative,0.9968210715572532,,"Although “domestic workers” are mentioned in a list of groups, the provided sentences do not specify any special protection measures targeted specifically at domestic workers.",Reference only
KALIMANTAN BARAT MELAWI,KALIMANTAN_BARAT_MELAWI.txt,6.12,Women experiencing homelessness,intersectional_approach,Yes,No,1.0,0.0,false_negative,1.0,,"The text mentions “the homeless” in a list, but the provided sentences do not specify any special protection measures targeted specifically at women experiencing homelessness.",Reference only
KALIMANTAN BARAT MELAWI,KALIMANTAN_BARAT_MELAWI.txt,6.13,Formerly incarcerated women,intersectional_approach,Yes,No,1.0,0.0,false_negative,1.0,,"The policy mentions “former residents of correctional institutions” in a list, but the provided sentences do not specify any special protection measures targeted specifically at formerly incarcerated women.",Reference only
KALIMANTAN BARAT SAMBAS,KALIMANTAN_BARAT_SAMBAS.txt,1.8,Human trafficking,scope_of_violence,No,Yes,0.0,1.0,false_positive,1.0,"8. Law Number 21 of 2007 concerning the Eradication of the Crime of Trafficking in Persons (State Gazette of the Republic of Indonesia Year 2007 Number 58, Supplement to the State Gazette of the Republic of Indonesia Number 4720);
14. Government Regulation Number 9 of 2008 Concerning Procedures and Mechanisms for Integrated Services for Witnesses and/or Victims of the Crime of Trafficking in Persons (State Gazette of the Republic of Indonesia Year 2008 Number 22, Supplement to the State Gazette of the Republic of Indonesia Number 4818);","The policy’s legal basis explicitly cites the national law on trafficking in persons and also references a regulation on integrated services for witnesses/victims of trafficking, indicating trafficking is within scope.",Reference only
KALIMANTAN BARAT SAMBAS,KALIMANTAN_BARAT_SAMBAS.txt,4.2,Gender equality education,primary_prevention,No,Yes,0.0,1.0,false_positive,0.809301070201781,"Forms of critical education for women victims of violence consist of: training on gender equality and justice, education on reproductive health for women, and providing understanding of laws and regulations on the Elimination of Domestic Violence.
1. Efforts to prevent violence against Women and Children are carried out in an integrated manner by the Regional Government coordinated by the Regional Apparatus in charge of Women's Empowerment and Child Protection.","Within the prevention section, the policy specifies “critical education” for women victims of violence that includes training on “gender equality and justice,” which constitutes an educational activity about gender equality situated in the violence-prevention framework.",Reference only
KALIMANTAN BARAT SAMBAS,KALIMANTAN_BARAT_SAMBAS.txt,4.4,Prevention through education,primary_prevention,No,Yes,0.0,1.0,false_positive,0.9781853328836851,"building a working network together with law enforcement apparatus, government apparatus, as well as educational institutions, health institutions, hospitals, various non-governmental organizations concerned with Women and Children;","The prevention strategy explicitly involves building a working network together with educational institutions as part of efforts to prevent violence against women and children, satisfying the requirement that education institutions are identified within prevention mechanisms.",Reference only
KALIMANTAN BARAT SAMBAS,KALIMANTAN_BARAT_SAMBAS.txt,5.6,Media engagement,stakeholder_engagement,No,Yes,0.0,1.0,false_positive,0.9051482536448666,"Point d Socialization can be carried out through mass media, electronic media, and direct outreach to the community.","The policy assigns mass media/electronic media a role as a channel for “socialization” (outreach/awareness) related to protection from violence, which constitutes engaging media in prevention/awareness activities.",Reference only
KALIMANTAN BARAT SAMBAS,KALIMANTAN_BARAT_SAMBAS.txt,6.2,Women victims of trafficking,intersectional_approach,No,Yes,0.0,1.0,false_positive,0.9998626756131501,"8. Law Number 21 of 2007 concerning the Eradication of the Crime of Trafficking in Persons (State Gazette of the Republic of Indonesia Year 2007 Number 58, Supplement to the State Gazette of the Republic of Indonesia Number 4720);","The policy’s legal foundation explicitly cites the national law on the eradication of trafficking in persons, which (per the coding rules) is sufficient to include trafficking victims within the policy’s intended scope even without trafficking-specific measures in the operative provisions.",Reference only
KALIMANTAN BARAT SANGGAU,KALIMANTAN_BARAT_SANGGAU.txt,1.10,Technology-facilitated violence,scope_of_violence,No,Yes,0.0,1.0,false_positive,0.9999084493610688,Letter a Threat of violence namely any act unlawfully directly or indirectly including through social media networks and communication tools.,"The policy explicitly recognizes threats of violence that can occur through social media networks and communication tools, indicating violence facilitated via digital/communication technologies rather than merely administrative use of technology.",Reference only
KALIMANTAN BARAT SANGGAU,KALIMANTAN_BARAT_SANGGAU.txt,6.2,Women victims of trafficking,intersectional_approach,No,Yes,0.0,1.0,false_positive,0.9997406174072243,"5. Law Number 21 of 2017 concerning Eradication of the Crime of Trafficking in Persons (State Gazette of the Republic of Indonesia of 2007 Number 58, Supplement to the State Gazette of the Republic of Indonesia Number 4720);","The policy’s legal foundation explicitly cites a national law on eradication of trafficking in persons, which (per the coding rules) is sufficient to indicate trafficking cases/victims are intended to be covered within scope.",Reference only
KALIMANTAN BARAT SINGKAWANG KOTA,KALIMANTAN_BARAT_SINGKAWANG_KOTA.txt,2.3,Data collection systems,institutional_mechanism,Yes,No,1.0,0.0,false_negative,0.9949100523549137,,"The candidate sentences mention providing data and information for planning and include gender/child mainstreaming data and program evaluation data, but they do not explicitly link data collection/management to violence against women, victims of violence, or violence cases as required by the coding rules. Other references to reporting/monitoring are either general implementation reporting or investigative powers, not an explicit VAW case data system.",Reference only
KALIMANTAN BARAT SINGKAWANG KOTA,KALIMANTAN_BARAT_SINGKAWANG_KOTA.txt,3.10,Economic support,specialised_support_services,Yes,No,1.0,0.0,false_negative,0.9998550467570206,,"While the policy mentions developing economic enterprises for adult women and other general empowerment measures, the candidate sentences do not explicitly link economic support (training, funding, livelihoods) to women victims of violence; the only explicit victim-related item is “assistance for children and women victims of violence” without specifying that this assistance is economic in nature.",Reference only
KALIMANTAN BARAT SINGKAWANG KOTA,KALIMANTAN_BARAT_SINGKAWANG_KOTA.txt,4.4,Prevention through education,primary_prevention,No,Yes,0.0,1.0,false_positive,0.9867384981227314,"(2) Implementation of prevention and protection as referred to in paragraph (1), may cooperate with educational institutions, religious institutions, mass media, professional organizations, business entities, and/or community institutions.","The policy explicitly situates prevention and protection implementation as potentially involving cooperation with educational institutions, which qualifies as involving education institutions as part of a prevention strategy (even though it does not specify curricula or school-based programs).",Reference only
KALIMANTAN BARAT SINGKAWANG KOTA,KALIMANTAN_BARAT_SINGKAWANG_KOTA.txt,6.3,Women workers,intersectional_approach,Yes,No,1.0,0.0,false_negative,0.995039426174477,,"The cited workplace provisions address overtime pay, occupational health and safety, maternity leave, and non-discrimination for female workers. Under the coding rules, these are general labor/employment rights and do not constitute protection or special measures against violence/exploitation targeting women workers as a specific protected group.",Reference only
KALIMANTAN BARAT SINGKAWANG KOTA,KALIMANTAN_BARAT_SINGKAWANG_KOTA.txt,6.10,Refugee/forced displacement,intersectional_approach,No,Yes,0.0,1.0,false_positive,1.0,"Special protection for children who become refugees as referred to in Article 43 letter a is implemented in accordance with the provisions of Laws and Regulations.
children who become refugees;","The policy explicitly identifies refugees (children who become refugees) within “children in emergency situations” and provides for special protection for children who become refugees, satisfying the criterion’s requirement for refugee/forced displacement-targeted special protection measures (as presented in the candidate sentences).",Reference only
KALIMANTAN BARAT SINTANG,KALIMANTAN_BARAT_SINTANG.txt,1.8,Human trafficking,scope_of_violence,No,Yes,0.0,1.0,false_positive,1.0,"13. Law Number 21 of 2007 concerning Eradication of the Criminal Act of Trafficking in Persons (State Gazette of the Republic of Indonesia of 2007 Number 58, Supplement to the State Gazette of the Republic of Indonesia Number 4720);","The policy’s legal foundation explicitly cites a law concerning eradication of trafficking in persons, which is sufficient to include human trafficking under the coding rules.",Reference only
KALIMANTAN BARAT SINTANG,KALIMANTAN_BARAT_SINTANG.txt,2.2,Collaboration with NGOs,institutional_mechanism,Yes,No,1.0,0.0,false_negative,0.8798266996519848,,"The candidate sentences mention victims’ right to protection from non-governmental institutions and refer to involving “community elements,” but they do not specify any cooperation/partnership mechanism with NGOs or other non-government service providers (e.g., coordination forum, partnership arrangement, or identified NGO partners).",Reference only
KALIMANTAN BARAT SINTANG,KALIMANTAN_BARAT_SINTANG.txt,6.2,Women victims of trafficking,intersectional_approach,No,Yes,0.0,1.0,false_positive,1.0,"13. Law Number 21 of 2007 concerning Eradication of the Criminal Act of Trafficking in Persons (State Gazette of the Republic of Indonesia of 2007 Number 58, Supplement to the State Gazette of the Republic of Indonesia Number 4720);","The policy’s legal foundation explicitly cites the national law on eradication of trafficking in persons, which (per the coding rules) is sufficient to include trafficking cases/victims within scope even without further trafficking-specific measures.",Reference only
KALIMANTAN SELATAN BALANGAN,KALIMANTAN_SELATAN_BALANGAN.txt,2.3,Data collection systems,institutional_mechanism,Yes,No,1.0,0.0,false_negative,0.8798266996519848,,"While the policy mentions conducting data collection and assessment and mapping areas prone to violence, the cited sentences do not explicitly link the data collection/assessment to collecting, recording, documenting, monitoring, reporting, managing, or maintaining data on violence cases or victims. The data collection described is about conditions/rights and broader social aspects rather than a VAW case/victim data system or responsibility.",Reference only
KALIMANTAN SELATAN BALANGAN,KALIMANTAN_SELATAN_BALANGAN.txt,3.8,Religious/spiritual counselling,specialised_support_services,No,Yes,0.0,1.0,false_positive,0.9999465949513187,2. Increasing resilience as referred to in paragraph (1) by providing guidance and accompaniment for mental spiritual strengthening in the form of religious knowledge.,"The policy provides guidance and accompaniment for mental-spiritual strengthening in the form of religious knowledge for victims, which qualifies as religious/spiritual counselling or guidance.",Reference only
KALIMANTAN SELATAN BALANGAN,KALIMANTAN_SELATAN_BALANGAN.txt,5.4,Education institutions engagement,stakeholder_engagement,No,Yes,0.0,1.0,false_positive,0.999732989016709,"Article 12 The membership of the Integrated Service Center for Women and Children Empowerment (P2TP2A) consists of elements of related agencies, vertical agencies, law enforcers, community organizations, non-governmental organizations, researchers, academics and religious, customary, community leaders and activists for the protection of women and children in the region.","The policy explicitly includes researchers and academics as elements of the integrated service center membership, which is an implementation/service-delivery structure for protection of women and children.",Reference only
KALIMANTAN SELATAN BALANGAN,KALIMANTAN_SELATAN_BALANGAN.txt,7.3,International donors,budget_funding_sources,No,Yes,0.0,1.0,false_positive,0.999732989016709,e. International institutions whose existence is recognized.,"The policy explicitly includes the possibility of cooperation with recognized international institutions, indicating international involvement/support as part of the implementation framework.",Reference only
KALIMANTAN SELATAN HULU SUNGAI SELATAN,KALIMANTAN_SELATAN_HULU_SUNGAI_SELATAN.txt,4.3,VAW laws awareness,primary_prevention,No,Yes,0.0,1.0,false_positive,0.9999923706200207,"disseminating information about laws and regulations related to acts of violence against women and children.
3. conducting socialization of laws and regulations related to the implementation of protection of women and Children victims of violence; and","The policy explicitly includes dissemination/socialization of laws and regulations related to acts of violence against women and children, and it situates these actions within the prevention/community participation framework, satisfying the requirement for prevention-oriented legal awareness activities related to VAW.",Reference only
KALIMANTAN SELATAN HULU SUNGAI UTARA,KALIMANTAN_SELATAN_HULU_SUNGAI_UTARA.txt,1.8,Human trafficking,scope_of_violence,No,Yes,0.0,1.0,false_positive,1.0,"13. Law Number 21 of 2007 concerning Eradication of the Criminal Act of Trafficking in Persons (PTPPO) (State Gazette of the Republic of Indonesia of 2007 Number 58, Supplement to the State Gazette of the Republic of Indonesia Number 4720);","The policy cites a national legal framework specifically addressing trafficking in persons (Law Number 21 of 2007 concerning Eradication of the Criminal Act of Trafficking in Persons), which satisfies the criterion.",Reference only
KALIMANTAN SELATAN HULU SUNGAI UTARA,KALIMANTAN_SELATAN_HULU_SUNGAI_UTARA.txt,6.2,Women victims of trafficking,intersectional_approach,No,Yes,0.0,1.0,false_positive,0.9997711312602866,"13. Law Number 21 of 2007 concerning Eradication of the Criminal Act of Trafficking in Persons (PTPPO) (State Gazette of the Republic of Indonesia of 2007 Number 58, Supplement to the State Gazette of the Republic of Indonesia Number 4720);
Government Regulation Number 9 of 2008 concerning Procedures and Mechanisms for Integrated Services for Witnesses and/or Victims of the Criminal Act of Trafficking in Persons (State Gazette of the Republic of Indonesia of 2008 Number 22, Supplement to the State Gazette of the Republic of Indonesia Number 4818);","The policy’s legal basis explicitly cites national anti-trafficking legislation and an implementing regulation on integrated services for trafficking victims, which is sufficient to include trafficking victims within scope under the coding rules.",Reference only
KALIMANTAN SELATAN KOTABARU,KALIMANTAN_SELATAN_KOTABARU.txt,2.5,Training and capacity building,institutional_mechanism,Yes,No,1.0,0.0,false_negative,1.0,,"The retrieved sentences reference training primarily for victims’ economic empowerment and for community members to disseminate norms, but do not explicitly mandate training/capacity building for government officials, implementing agencies, or service providers responsible for implementing the policy.",Reference only
KALIMANTAN SELATAN KOTABARU,KALIMANTAN_SELATAN_KOTABARU.txt,7.3,International donors,budget_funding_sources,No,Yes,0.0,1.0,false_positive,1.0,international institutions whose existence is recognized.,"The policy explicitly includes cooperation with “international institutions whose existence is recognized,” indicating international institutional involvement/support within the implementation framework.",Reference only
KALIMANTAN SELATAN TABALONG,KALIMANTAN_SELATAN_TABALONG.txt,1.5,Economic violence,scope_of_violence,Yes,No,1.0,0.0,false_negative,1.0,,"The retrieved text defines gender-based violence as involving physical, sexual, and/or psychological suffering, and does not mention economic abuse/exploitation/neglect or economic suffering as part of violence, nor any related measures or definitions.",Reference only
KALIMANTAN SELATAN TABALONG,KALIMANTAN_SELATAN_TABALONG.txt,2.3,Data collection systems,institutional_mechanism,No,Yes,0.0,1.0,false_positive,0.8798266996519848,g. case recording; and,"The policy explicitly includes “case recording” as part of the handling flow at P2TP2A, which is a required function directly linked to violence cases/victims handled by the integrated service center.",Reference only
KALIMANTAN SELATAN TABALONG,KALIMANTAN_SELATAN_TABALONG.txt,3.2,Police specialised service unit,specialised_support_services,No,Yes,0.0,1.0,false_positive,0.999732989016709,g. PPA Unit (Police Resort and Police Sector),"The policy explicitly references a PPA Unit within Police Resort and Police Sector as a working partner, which constitutes recognition of a specialised police unit for women/children protection and victim-related services.",Reference only
KALIMANTAN SELATAN TABALONG,KALIMANTAN_SELATAN_TABALONG.txt,6.2,Women victims of trafficking,intersectional_approach,No,Yes,0.0,1.0,false_positive,0.9997711312602866,"9. Law Number 21 of 2007 concerning the Eradication of the Criminal Act of Trafficking in Persons (State Gazette of the Republic of Indonesia of 2007 Number 58, Supplement to the State Gazette of the Republic of Indonesia Number 4720);","The policy’s legal foundation explicitly cites the national law on the eradication of trafficking in persons, which (per the coding rules) is sufficient to indicate trafficking cases/victims are within scope.",Reference only
KALIMANTAN SELATAN TANAH BUMBU,KALIMANTAN_SELATAN_TANAH_BUMBU.txt,1.6,Harmful practices,scope_of_violence,No,Yes,0.0,1.0,false_positive,0.9998245316235193,"1. Children's Rights, Child Protection, prevention of child marriage and Child parenting; and","The policy explicitly references “prevention of child marriage,” which is a recognized harmful practice under the coding rules; an explicit mention is sufficient for inclusion even if other harmful practices are not addressed.",Reference only
KALIMANTAN SELATAN TANAH BUMBU,KALIMANTAN_SELATAN_TANAH_BUMBU.txt,3.10,Economic support,specialised_support_services,Yes,No,1.0,0.0,false_negative,1.0,,"The cited provisions discuss women’s economic rights and general facilitation/capital assistance for women, but none of the candidate sentences explicitly link economic support or empowerment measures to women victims of violence as required by the coding rules.",Reference only
KALIMANTAN SELATAN TANAH BUMBU,KALIMANTAN_SELATAN_TANAH_BUMBU.txt,4.2,Gender equality education,primary_prevention,Yes,No,1.0,0.0,false_negative,1.0,,"While the text references women’s rights, gender equality principles, and includes some “socialization” to increase awareness of women’s political rights, none of the cited sentences explicitly situate gender equality/women’s rights education or awareness-raising as a strategy to prevent violence against women. The prevention references to VAW are not linked to gender equality education activities, and the explicit awareness-raising described is either not tied to VAW prevention or is child-focused.",Reference only
KALIMANTAN SELATAN TANAH BUMBU,KALIMANTAN_SELATAN_TANAH_BUMBU.txt,4.3,VAW laws awareness,primary_prevention,Yes,No,1.0,0.0,false_negative,0.9999847412691449,,"The only explicit mention of disseminating/socializing laws and regulations is about protection of children exploited economically/sexually, not about laws/policies related to violence against women, domestic violence, sexual violence against women, or trafficking of women, and it is not framed as VAW-law awareness. Other passages discuss prevention of VAW generally but do not specify education or dissemination about VAW-related laws or policies.",Reference only
KALIMANTAN SELATAN TANAH BUMBU,KALIMANTAN_SELATAN_TANAH_BUMBU.txt,5.6,Media engagement,stakeholder_engagement,No,Yes,0.0,1.0,false_positive,0.9950927001858654,"The implementation of governmental affairs in the field of Women's Empowerment and Child Protection aims to increase efforts to Protect Women's rights, fulfill Children's Rights and Special Protection for Children and increase the role of Regional Government and the business world, media and the Community in efforts to Empower Women and Protect Children.","The policy explicitly includes “media” among actors whose role is to be increased in efforts to empower women and protect children, indicating recognition of media as a stakeholder in implementation-related efforts.",Reference only
KALIMANTAN SELATAN TANAH BUMBU,KALIMANTAN_SELATAN_TANAH_BUMBU.txt,6.9,Indigenous people/groups,intersectional_approach,No,Yes,0.0,1.0,false_positive,1.0,"1. Special Protection for Children from isolated indigenous communities as referred to in Article 36 letter c shall be carried out through the provision of facilities and infrastructure to be able to enjoy their own culture, acknowledge and practice their own religion, and use their own language.","The policy explicitly provides special protection for members of isolated indigenous communities (here, children) through specific measures (facilities/infrastructure to enjoy culture, practice religion, use language), which constitutes targeted protection for an Indigenous group within the policy’s scope.",Reference only
KALIMANTAN SELATAN TANAH BUMBU,KALIMANTAN_SELATAN_TANAH_BUMBU.txt,7.3,International donors,budget_funding_sources,No,Yes,0.0,1.0,false_positive,0.9948263443540488,conducting cooperation with other Regions as well as with other countries through bilateral or multilateral cooperation in accordance with the laws and regulations.,"The policy explicitly mentions cooperation with other countries through bilateral or multilateral cooperation, which qualifies as an international component under the coding rules (international involvement/support framework), even though it is not framed as a specific donor budget line.",Reference only
KALIMANTAN SELATAN TAPIN,KALIMANTAN_SELATAN_TAPIN.txt,1.5,Economic violence,scope_of_violence,Yes,No,1.0,0.0,false_negative,1.0,,"The candidate sentences define gender-based violence in physical/sexual/psychological terms and do not mention economic violence/abuse, deprivation of economic resources, or neglect as a form of violence; references to basic needs and empowerment are not explicitly linked to economic abuse or neglect as violence.",Reference only
KALIMANTAN SELATAN TAPIN,KALIMANTAN_SELATAN_TAPIN.txt,2.5,Training and capacity building,institutional_mechanism,No,Yes,0.0,1.0,false_positive,0.24491866240370913,"The implementation as referred to in paragraph (3) includes: (4) policy analysis, coordination, advocacy, socialization, communication, information, and education (IEC), training, service facilitation, service provision, model development, and other forms.
strengthen the institutional capacity of gender mainstreaming for the implementation of policies, programs and activities for the protection of women;","The policy includes training as part of implementation activities and also requires strengthening institutional capacity (in the context of gender mainstreaming) for implementing women’s protection policies and programs, which constitutes capacity building for implementation mechanisms.",Reference only
KALIMANTAN SELATAN TAPIN,KALIMANTAN_SELATAN_TAPIN.txt,3.1,Integrated service unit,specialised_support_services,Yes,No,1.0,0.0,false_negative,1.0,,"The text states that women victims of violence have a right to “integrated services” and lists types of protection services, and it mentions establishing task forces/forums/working groups and facilitating establishment of women’s protection institutions. However, none of the provided sentences explicitly establish, name, or assign responsibility to a specific integrated service unit/one-stop centre (or equivalent) that coordinates multiple services for VAW victims; references remain general (rights to integrated services, general institutions/task forces) without identifying a dedicated integrated VAW service mechanism.",Reference only
KALIMANTAN SELATAN TAPIN,KALIMANTAN_SELATAN_TAPIN.txt,3.3,Reporting/hotline service,specialised_support_services,Yes,No,1.0,0.0,false_negative,0.9995727995378068,,"The only relevant mention is that community participation may take the form of “complaints/reports,” but the provided sentences do not establish or mandate a specific mechanism/service/channel for receiving and handling violence complaints (and other “reporting” passages concern administrative reporting by the Regent to the Governor). Under the coding rules, merely allowing complaints/reports as participation without a designated receiving mechanism is insufficient.",Reference only
KALIMANTAN SELATAN TAPIN,KALIMANTAN_SELATAN_TAPIN.txt,4.1,Information and education about VAW,primary_prevention,No,Yes,0.0,1.0,false_positive,0.9997024757456467,"The Regent implements policies, programs and activities (1) for the protection of women, to eliminate all forms of discrimination and violence against women in the region.
The implementation as referred to in paragraph (3) includes: (4) policy analysis, coordination, advocacy, socialization, communication, information, and education (IEC), training, service facilitation, service provision, model development, and other forms.","The policy frames eliminating violence against women as part of protection efforts and explicitly lists “socialization, communication, information, and education (IEC)” among the forms of implementation for these protection policies/programs. This constitutes an explicit information/education activity connected to addressing violence against women (and thus fits the criterion’s prevention-oriented information/education activity requirement).",Reference only
KALIMANTAN SELATAN TAPIN,KALIMANTAN_SELATAN_TAPIN.txt,5.8,Private sector engagement,stakeholder_engagement,Yes,No,1.0,0.0,false_negative,1.0,,"The candidate sentences do not mention businesses, employers, business associations, or the private sector as stakeholders or partners in prevention/protection/services. References to “workers” as a beneficiary group do not assign a stakeholder role to the private sector and are insufficient under the coding rules.",Reference only
KALIMANTAN SELATAN TAPIN,KALIMANTAN_SELATAN_TAPIN.txt,7.2,National government budget,budget_funding_sources,No,Yes,0.0,1.0,false_positive,0.9997711312602866,"(2) In the event that the region receives funding assistance for the implementation of policies, programs and activities for the protection of women from the Government, it shall be implemented in accordance with the provisions of laws and regulations.","The policy explicitly mentions the possibility of receiving funding assistance from “the Government,” indicating national-level government budget support as a funding source (even if contingent).",Reference only
KALIMANTAN SELATAN TAPIN,KALIMANTAN_SELATAN_TAPIN.txt,7.3,International donors,budget_funding_sources,No,Yes,0.0,1.0,false_positive,1.0,"1. In implementing policies, programs, and activities for the protection of women, the Regional Government may cooperate with International Institutions.","The policy explicitly allows cooperation with International Institutions in implementing women’s protection policies, which meets the criterion for international involvement/support even without specifying a funding amount or named donor.",Reference only
KALIMANTAN TENGAH BARITO TIMUR,KALIMANTAN_TENGAH_BARITO_TIMUR.txt,2.5,Training and capacity building,institutional_mechanism,Yes,No,1.0,0.0,false_negative,0.9999465949513187,,"The retrieved sentences reference training mainly in the context of victim empowerment or general prevention/community activities, and mention guidance/supervision and SOPs, but do not explicitly mandate training/capacity building for government officials, implementing agencies, or service providers responsible for implementing the policy as required by the coding rules.",Reference only
KALIMANTAN TENGAH BARITO TIMUR,KALIMANTAN_TENGAH_BARITO_TIMUR.txt,7.3,International donors,budget_funding_sources,No,Yes,0.0,1.0,false_positive,1.0,e. international institutions whose existence is recognized.,"The policy explicitly includes cooperation with ""international institutions whose existence is recognized"" as part of cooperation arrangements supporting protection of women and children, indicating international involvement/support even without specifying funding amounts or named donors.",Reference only
KALIMANTAN TENGAH GUNUNG MAS,KALIMANTAN_TENGAH_GUNUNG_MAS.txt,1.5,Economic violence,scope_of_violence,Yes,No,1.0,0.0,false_negative,0.9935939604947528,,"The candidate sentences discuss women’s economic empowerment and children exploited economically and/or sexually, but they do not explicitly identify economic violence/abuse/financial deprivation/neglect as a form of violence against women, nor define violence against women to include economic suffering. General economic responsibilities and empowerment measures are not sufficient under the coding rules without an explicit link to violence/abuse/neglect against women.",Reference only
KALIMANTAN TENGAH GUNUNG MAS,KALIMANTAN_TENGAH_GUNUNG_MAS.txt,1.9,Sexual slavery/exploitation,scope_of_violence,No,Yes,0.0,1.0,false_positive,1.0,children who are exploited economically and/ or sexually;,"The policy explicitly includes children who are exploited economically and/or sexually as a category requiring special protection, which constitutes explicit coverage of sexual exploitation (even without using the term “sexual slavery”).",Reference only
KALIMANTAN TENGAH GUNUNG MAS,KALIMANTAN_TENGAH_GUNUNG_MAS.txt,5.6,Media engagement,stakeholder_engagement,No,Yes,0.0,1.0,false_positive,0.8093010702017811,"Letter c What is meant by ""socialization"" is the dissemination of information on laws and regulations carried out through mass media, electronic media, and/or direct counseling to the Community.","The policy defines “socialization” as dissemination of information through mass media and electronic media, assigning media a role in prevention-related information dissemination/awareness.",Reference only
KALIMANTAN TENGAH GUNUNG MAS,KALIMANTAN_TENGAH_GUNUNG_MAS.txt,6.10,Refugee/forced displacement,intersectional_approach,No,Yes,0.0,1.0,false_positive,0.9779363246772659,"Letter d Sufficiently Clear Letter e What is meant by ""special protection"" is that Children who need special protection are children in emergency situations such as children who become refugees, victims of riots, victims of natural disasters and children in situations of armed conflict; children in conflict with the law; children from minority and isolated groups; children who are exploited economically and/or sexually; children who are trafficked; children who are victims of narcotics, alcohol, psychotropic, and other addictive substance abuse; children who are victims of pornography; children with HIV/AIDS; children who are victims of kidnapping and trafficking; children who are victims of Violence both physical and/or mental and sexual; children who are victims of terrorism networks; children with disabilities; children who are victims of abuse and neglect; children with deviant social behavior; children who are victims of stigmatization from labeling related to their parents' condition.",The policy’s definition of “special protection” explicitly includes children in emergency situations such as children who become refugees. This constitutes special protection targeted at refugees/forced displacement (even though framed for children).,Reference only
KALIMANTAN TENGAH KATINGAN,KALIMANTAN_TENGAH_KATINGAN.txt,1.5,Economic violence,scope_of_violence,No,Yes,0.0,1.0,false_positive,0.848283639957513,"8. Violence is any act that results in or causes misery and suffering whether physical, sexual, psychological including neglect, threats of certain actions, coercion or arbitrary deprivation of liberty, whether occurring in public and or in private life.","The definition of violence explicitly includes neglect as part of violence; neglect is one of the listed qualifying concepts for economic violence/domestic neglect under the coding rules, even though the text does not further specify economic/financial deprivation.",Reference only
KALIMANTAN TENGAH KATINGAN,KALIMANTAN_TENGAH_KATINGAN.txt,2.1,Institutional network,institutional_mechanism,No,Yes,0.0,1.0,false_positive,0.9947882964238974,"1. The established UPTD PPA may accommodate institutions/work units that provide services for victims of violence such as safe houses, social protection houses for Children, trauma center protection houses, women's social protection houses, shelters and other service activities in accordance with applicable Laws and Regulations.","The policy establishes UPTD PPA as an organizer of integrated services and states it may accommodate multiple service-providing institutions/work units (e.g., safe houses, shelters), which constitutes an institutional network/integrated service mechanism rather than isolated agency responsibilities.",Reference only
KALIMANTAN TENGAH KATINGAN,KALIMANTAN_TENGAH_KATINGAN.txt,2.2,Collaboration with NGOs,institutional_mechanism,No,Yes,0.0,1.0,false_positive,1.0,h. cooperating with the community and/or community organizations in the implementation of protection of women in accordance with laws and regulations;,"The policy explicitly states that the Regional Government cooperates with the community and/or community organizations in implementing protection, which is an explicit cooperation mechanism with non-government actors (community organizations).",Reference only
KALIMANTAN TENGAH KATINGAN,KALIMANTAN_TENGAH_KATINGAN.txt,6.2,Women victims of trafficking,intersectional_approach,No,Yes,0.0,1.0,false_positive,0.9998245316235193,"6. Law Number 21 Year 2007 concerning Eradication of the Criminal Act of Trafficking in Persons (State Gazette of the Republic of Indonesia Year 2007 Number 58, Supplement to the State Gazette of the Republic of Indonesia Number 4720);","The policy’s legal foundation explicitly cites the national law on eradication of trafficking in persons, which the coding rules treat as sufficient to include trafficking cases/victims within scope even without further trafficking-specific measures.",Reference only
KALIMANTAN TENGAH KOTAWARINGIN TIMUR,KALIMANTAN_TENGAH_KOTAWARINGIN_TIMUR.txt,1.8,Human trafficking,scope_of_violence,No,Yes,0.0,1.0,false_positive,1.0,"7. Law Number 21 of 2007 concerning Eradication of the Criminal Act of Trafficking in Persons (State Gazette of the Republic of Indonesia of 2007 Number 58, Supplement to the State Gazette of the Republic of Indonesia Number 4720);","The policy’s legal basis explicitly cites a law on the eradication of trafficking in persons, which is sufficient to code inclusion of human trafficking under the coding rules.",Reference only
KALIMANTAN TENGAH KOTAWARINGIN TIMUR,KALIMANTAN_TENGAH_KOTAWARINGIN_TIMUR.txt,3.2,Police specialised service unit,specialised_support_services,No,Yes,0.0,1.0,false_positive,0.9998626756131501,"This service unit can be located at the Integrated Service Center (PPT) and Integrated Crisis Center (PKT) based in Hospitals, Community Health Centers, Integrated Service Center for Women and Child Empowerment (P2TP2A), Women and Children Service Unit (UPPA), Trauma Center Shelter House (RPTC), Children's Social Shelter House (RPSA), BP4, and other religious institutions, prosecutor's office, court, Women Crisis Center (WCC), and other similar institutions.","The policy explicitly references the Women and Children Service Unit (UPPA) as a location where the unified integrated service unit for women and children victims of violence can be located, which constitutes recognition of a specialised police-based victim service unit.",Reference only
KALIMANTAN TENGAH KOTAWARINGIN TIMUR,KALIMANTAN_TENGAH_KOTAWARINGIN_TIMUR.txt,4.1,Information and education about VAW,primary_prevention,No,Yes,0.0,1.0,false_positive,0.6351489523872873,"Point c What is meant by ""violence prevention system"" includes: mapping of locations or areas prone to violence and conducting promotive and preventive efforts to the community.
Point d Socialization can be conducted through mass media, electronic media, and direct counseling to the community.
The purpose of implementing critical education is to help decision-making and prevent becoming a victim of repeated violence.","The policy describes prevention efforts that include promotive/preventive efforts to the community and specifies that socialization can be conducted through media and direct counseling. It also states that critical education for women victims aims to prevent repeated victimization, which links an education activity to preventing violence against women.",Reference only
KALIMANTAN TENGAH KOTAWARINGIN TIMUR,KALIMANTAN_TENGAH_KOTAWARINGIN_TIMUR.txt,6.2,Women victims of trafficking,intersectional_approach,No,Yes,0.0,1.0,false_positive,0.9999465949513187,"7. Law Number 21 of 2007 concerning Eradication of the Criminal Act of Trafficking in Persons (State Gazette of the Republic of Indonesia of 2007 Number 58, Supplement to the State Gazette of the Republic of Indonesia Number 4720);","The policy’s legal basis explicitly cites the national law on eradication of trafficking in persons, which the coding rules treat as sufficient to include trafficking victims within scope.",Reference only
KALIMANTAN TENGAH LAMANDAU,KALIMANTAN_TENGAH_LAMANDAU.txt,2.2,Collaboration with NGOs,institutional_mechanism,Yes,No,1.0,0.0,false_negative,0.972044748085247,,"The candidate sentences mention community elements, volunteers, and dialogue among government, community, and business sectors, as well as cooperation with government and business sectors, but they do not explicitly identify NGOs/civil society organisations/non-government service providers as collaboration partners or establish a cooperation mechanism with such organisations.",Reference only
KALIMANTAN TENGAH LAMANDAU,KALIMANTAN_TENGAH_LAMANDAU.txt,2.4,Gender mainstreaming institutionalisation,institutional_mechanism,Yes,No,1.0,0.0,false_negative,1.0,,"While the policy references gender equality/justice as principles, none of the candidate sentences explicitly require or establish gender mainstreaming as an institutional mechanism (e.g., mainstreaming in planning/budgeting, a focal point/working group, or an institutional arrangement specifically for gender mainstreaming).",Reference only
KALIMANTAN TENGAH LAMANDAU,KALIMANTAN_TENGAH_LAMANDAU.txt,2.5,Training and capacity building,institutional_mechanism,Yes,No,1.0,0.0,false_negative,0.9640642523764287,,"The text mentions training for cadres and “capacity building for managers,” but these are framed as optional programs the P2TP2A may carry out and do not clearly impose an explicit duty/requirement to conduct training/capacity building for implementing agencies/service providers as required by the coding rules. The training reference is also oriented toward community cadres rather than mandated professional development for responsible officials/service providers.",Reference only
KALIMANTAN TENGAH LAMANDAU,KALIMANTAN_TENGAH_LAMANDAU.txt,3.3,Reporting/hotline service,specialised_support_services,Yes,No,1.0,0.0,false_negative,0.4621171572600097,,"The text states victims may report domestic violence to the police, but it does not establish or describe a specific reporting service/mechanism/unit (e.g., hotline, designated complaint-receiving service) beyond the general ability to report to police, which is explicitly excluded by the coding rules.",Reference only
KALIMANTAN TENGAH LAMANDAU,KALIMANTAN_TENGAH_LAMANDAU.txt,3.10,Economic support,specialised_support_services,Yes,No,1.0,0.0,false_negative,0.9998703044983814,,"While P2TP2A is described as facilitating skills training and covering “economy” among its fields, the cited sentences do not explicitly state that economic empowerment/support (skills training, livelihoods, financial resources) is provided specifically to women victims of violence (as opposed to women/children or the community generally), which is required by the coding rules.",Reference only
KALIMANTAN TENGAH LAMANDAU,KALIMANTAN_TENGAH_LAMANDAU.txt,4.1,Information and education about VAW,primary_prevention,No,Yes,0.0,1.0,false_positive,0.7615941559557649,"b. Protection of women and children from violence and trafficking in persons.
c. Communication, information and education.","The policy lists programs for the P2TP2A that include both protection of women and children from violence and trafficking and a specific program line for “communication, information and education,” which constitutes an explicit information/education activity situated within the violence-protection programming context.",Reference only
KALIMANTAN TENGAH LAMANDAU,KALIMANTAN_TENGAH_LAMANDAU.txt,4.4,Prevention through education,primary_prevention,Yes,No,1.0,0.0,false_negative,0.9998169029128974,,"Although the policy mentions education in general terms (e.g., basic education obligations; “communication, information and education”; “education and training” as part of services), none of the candidate sentences explicitly identify formal education instruments (schools, curricula, teaching materials, education institutions) as a prevention mechanism for violence against women (or women/children) in the manner required by the coding rules.",Reference only
KALIMANTAN TENGAH LAMANDAU,KALIMANTAN_TENGAH_LAMANDAU.txt,5.4,Education institutions engagement,stakeholder_engagement,No,Yes,0.0,1.0,false_positive,0.9998245316235193,academic elements.,"The policy includes ""academic elements"" as part of the membership of the integrated service center (P2TP2A), indicating engagement of the education/higher education sector within an implementation/service structure addressing protection services for victims of violence.",Reference only
KALIMANTAN TENGAH PALANGKA RAYA KOTA,KALIMANTAN_TENGAH_PALANGKA_RAYA_KOTA.txt,1.9,Sexual slavery/exploitation,scope_of_violence,No,Yes,0.0,1.0,false_positive,1.0,children who are exploited economically and/or sexually;,"The policy explicitly includes children who are exploited sexually as a category receiving special protection, which constitutes explicit inclusion of sexual exploitation within scope.",Reference only
KALIMANTAN TENGAH PULANG PISAU,KALIMANTAN_TENGAH_PULANG_PISAU.txt,3.3,Reporting/hotline service,specialised_support_services,Yes,No,1.0,0.0,false_negative,0.9781098725411834,,"The text states that community members may report violence to law enforcement/authorised parties and mentions a general right to complaint handling, but it does not explicitly establish or describe a service/mechanism/unit/channel for receiving complaints or reports of violence (e.g., hotline, complaint desk, or designated reporting service).",Reference only
KALIMANTAN TENGAH PULANG PISAU,KALIMANTAN_TENGAH_PULANG_PISAU.txt,4.4,Prevention through education,primary_prevention,Yes,No,1.0,0.0,false_negative,0.9998092742313767,,"The policy mentions providing education about anti-violence values, but the retrieved sentences do not identify formal education instruments or institutions (e.g., schools, curricula, teaching/learning materials, education sector bodies) as the prevention mechanism, which is required by the coding rules for this indicator.",Reference only
KALIMANTAN TENGAH PULANG PISAU,KALIMANTAN_TENGAH_PULANG_PISAU.txt,6.3,Women workers,intersectional_approach,No,Yes,0.0,1.0,false_positive,0.9995804273172464,"providing a safe and supportive work environment, free from harassment, discrimination, violence, mistreatment and/or treatment that degrades the degree and dignity of women and children;
c. providing shelters for female workers at the workplace;","The policy includes workplace-focused protection measures via obligations on business entities to provide a safe work environment free from harassment/discrimination/violence and to provide shelters for female workers, which constitutes explicit protection measures for women workers/female employees.",Reference only
KALIMANTAN TENGAH SUKAMARA,KALIMANTAN_TENGAH_SUKAMARA.txt,1.9,Sexual slavery/exploitation,scope_of_violence,No,Yes,0.0,1.0,false_positive,0.9997177323229784,"b. all work that exploits, provides or offers children for prostitution, pornography production, pornographic performances, or gambling;","The policy explicitly references exploitation of children for prostitution and pornography, which constitutes sexual exploitation within the meaning of the criterion (sexual exploitation/slavery need not be limited to women-only references).",Reference only
KALIMANTAN TENGAH SUKAMARA,KALIMANTAN_TENGAH_SUKAMARA.txt,4.3,VAW laws awareness,primary_prevention,Yes,No,1.0,0.0,false_negative,1.0,,"The retrieved sentences include prevention socialization about VAW and mention guidelines for handling VAW, but they do not specify that any socialization/education is about laws, regulations, or policies related to VAW. General “legal knowledge and awareness” socialization is not explicitly tied to VAW laws/policies as a prevention strategy in the provided text.",Reference only
KALIMANTAN TENGAH SUKAMARA,KALIMANTAN_TENGAH_SUKAMARA.txt,5.4,Education institutions engagement,stakeholder_engagement,No,Yes,0.0,1.0,false_positive,0.4621171572600097,"providing training for religious leaders, community leaders, customary leaders, educators, journalists and media managers in order to prevent violence against women and children;","The policy includes educators as a target group for training aimed at preventing violence against women and children, which constitutes engagement of the education sector in capacity building for prevention (beyond education as a beneficiary right).",Reference only
KALIMANTAN TENGAH SUKAMARA,KALIMANTAN_TENGAH_SUKAMARA.txt,6.4,Elderly women,intersectional_approach,Yes,No,1.0,0.0,false_negative,0.9998550467570206,,"None of the cited sentences mention elderly women or provide any protection measures specifically targeted to elderly women. The provisions address women generally, women victims of violence, and female workers, but not elderly women as a distinct group.",Reference only
KALIMANTAN TENGAH SUKAMARA,KALIMANTAN_TENGAH_SUKAMARA.txt,6.6,Women heads of household,intersectional_approach,Yes,No,1.0,0.0,false_negative,0.9895066890003181,,"The cited text mentions “efforts to empower women heads of households,” but this is framed as empowerment/counseling rather than special protection measures. No specific protection services or protective measures are directed at women heads of households as a protection target group in the provided sentences.",Reference only
KALIMANTAN TIMUR BONTANG KOTA,KALIMANTAN_TIMUR_BONTANG_KOTA.txt,3.9,Resocialisation services,specialised_support_services,Yes,No,1.0,0.0,false_negative,0.9051482536448665,,"While the policy describes rehabilitation and reintegration rights and activities, the provided sentences do not clearly assign rehabilitation/reintegration (resocialisation) to a specific service unit or responsible institution; they describe rights and coordination generally rather than identifying a unit that provides these services.",Reference only
KALIMANTAN TIMUR BONTANG KOTA,KALIMANTAN_TIMUR_BONTANG_KOTA.txt,6.1,Women in conflict/disaster areas,intersectional_approach,Yes,No,1.0,0.0,false_negative,0.9413755384972874,,"The text mentions that violence outside the household can include “violence in conflict areas,” but it does not identify women/girls in conflict/disaster/emergency/displacement situations as a specific group needing special protection, nor does it establish any conflict/disaster/emergency/displacement-specific protection measures for women.",Reference only
KALIMANTAN TIMUR BONTANG KOTA,KALIMANTAN_TIMUR_BONTANG_KOTA.txt,6.3,Women workers,intersectional_approach,Yes,No,1.0,0.0,false_negative,0.9996490786416141,,"The policy mentions “discrimination and violence in the workplace” as a type of violence outside the household, but it does not explicitly identify women workers/female employees as a specific target group for protection measures against workplace violence/exploitation. References to opening employment opportunities for women relate to empowerment rather than protection for women workers.",Reference only
KALIMANTAN TIMUR KUTAI BARAT,KALIMANTAN_TIMUR_KUTAI_BARAT.txt,1.8,Human trafficking,scope_of_violence,No,Yes,0.0,1.0,false_positive,1.0,"Child Victims of kidnapping, sale, and/or trafficking;","The policy explicitly includes “trafficking” by identifying “Child Victims of kidnapping, sale, and/or trafficking” as a category for special protection, which meets the criterion for inclusion of trafficking.",Reference only
KALIMANTAN TIMUR KUTAI BARAT,KALIMANTAN_TIMUR_KUTAI_BARAT.txt,4.2,Gender equality education,primary_prevention,No,Yes,0.0,1.0,false_positive,0.24491866240370913,independently disseminating the rights of Women and Children;,"The policy includes a participation modality that involves disseminating the rights of women and children. This is an educational/awareness activity about rights; however, the text does not explicitly state it is a prevention strategy for violence against women, making the fit to the coding rule (must be explicitly situated as prevention) somewhat borderline.",Reference only
KALIMANTAN TIMUR KUTAI BARAT,KALIMANTAN_TIMUR_KUTAI_BARAT.txt,4.4,Prevention through education,primary_prevention,No,Yes,0.0,1.0,false_positive,0.4621171572600098,educational institutions;,"Within the section describing how prevention is carried out, the policy explicitly identifies educational institutions as actors responsible for implementing prevention, which meets the criterion of involving education institutions in prevention efforts.",Reference only
KALIMANTAN TIMUR KUTAI BARAT,KALIMANTAN_TIMUR_KUTAI_BARAT.txt,6.2,Women victims of trafficking,intersectional_approach,No,Yes,0.0,1.0,false_positive,0.8482836399575129,"Child Victims of kidnapping, sale, and/or trafficking;","The policy explicitly mentions trafficking (“trafficking”) in the context of victims (child victims of kidnapping, sale, and/or trafficking). Under the coding rules, any explicit mention of trafficking/victims is sufficient to include trafficking within scope (even if not women-specific).",Reference only
KALIMANTAN TIMUR KUTAI TIMUR,KALIMANTAN_TIMUR_KUTAI_TIMUR.txt,4.4,Prevention through education,primary_prevention,Yes,No,1.0,0.0,false_negative,0.9999237075098606,,"The policy mentions “seeking to improve education for women” within a prevention list, but the candidate sentences do not explicitly identify education institutions, curricula, teaching/learning materials, or other formal education instruments as the prevention mechanism for violence, as required by the coding rules.",Reference only
KALIMANTAN TIMUR PASER,KALIMANTAN_TIMUR_PASER.txt,1.8,Human trafficking,scope_of_violence,No,Yes,0.0,1.0,false_positive,1.0,"8. Law Number 14 of 2009 concerning Ratification of the Protocol to Prevent, Suppress and Punish Trafficking in Persons, Especially Women and Children, Supplementing the United Nations Convention Against Transnational Organized Crime (State Gazette of the Republic of Indonesia of 2009 Number 53, Supplement to State Gazette of the Republic of Indonesia Number 4990);","The legal basis explicitly cites a law ratifying a protocol to prevent, suppress and punish trafficking in persons, which is sufficient to include human trafficking under the coding rules.",Reference only
KALIMANTAN TIMUR PASER,KALIMANTAN_TIMUR_PASER.txt,3.3,Reporting/hotline service,specialised_support_services,Yes,No,1.0,0.0,false_negative,0.9999618533911394,,"The text notes that the community can provide information and/or report incidents, but it does not establish or mandate a specific service/mechanism/channel (e.g., hotline, complaint desk, designated unit) for receiving complaints/reports of VAW cases, as required by the coding rules.",Reference only
KALIMANTAN TIMUR PASER,KALIMANTAN_TIMUR_PASER.txt,6.2,Women victims of trafficking,intersectional_approach,No,Yes,0.0,1.0,false_positive,1.0,"8. Law Number 14 of 2009 concerning Ratification of the Protocol to Prevent, Suppress and Punish Trafficking in Persons, Especially Women and Children, Supplementing the United Nations Convention Against Transnational Organized Crime (State Gazette of the Republic of Indonesia of 2009 Number 53, Supplement to State Gazette of the Republic of Indonesia Number 4990);","The policy’s legal foundation explicitly references a trafficking-in-persons protocol/law, which (per the coding rules) is sufficient to indicate trafficking cases/victims are intended to be covered.",Reference only
KALIMANTAN TIMUR PENAJAM PASER UTARA,KALIMANTAN_TIMUR_PENAJAM_PASER_UTARA.txt,1.5,Economic violence,scope_of_violence,Yes,No,1.0,0.0,false_negative,1.0,,"The candidate sentences define violence and violence against women in physical/sexual/psychological terms and do not mention economic violence, economic exploitation, financial abuse, or neglect as a form of violence against women; references to “Economy and employment” appear only as a prevention field without linking to economic abuse/neglect.",Reference only
KALIMANTAN TIMUR PENAJAM PASER UTARA,KALIMANTAN_TIMUR_PENAJAM_PASER_UTARA.txt,2.5,Training and capacity building,institutional_mechanism,Yes,No,1.0,0.0,false_negative,0.9717288177389292,,"While the text references “trained” officers/health workers and mentions “capacity building” as part of governmental authority, it does not explicitly mandate training or capacity-building activities for implementing personnel as required by the coding rules.",Reference only
KALIMANTAN TIMUR PENAJAM PASER UTARA,KALIMANTAN_TIMUR_PENAJAM_PASER_UTARA.txt,3.10,Economic support,specialised_support_services,Yes,No,1.0,0.0,false_negative,0.8482836399575129,,"While the policy mentions empowering women victims of violence and increasing their capacity through regional apparatus, private parties, and the business world, the candidate sentences do not explicitly specify any concrete economic support measures (e.g., skills/vocational training, financial assistance, livelihood/employment programs) provided to women victims of violence.",Reference only
KALIMANTAN UTARA NUNUKAN,KALIMANTAN_UTARA_NUNUKAN.txt,3.4,Safety/protection shelter,specialised_support_services,No,Yes,0.0,1.0,false_positive,0.9998245316235193,"networking with government or private hospitals for treatment and health recovery of victims and cooperating with witness and victim protection institutions, social shelters or trauma centers owned by the government, community or other institutions for health recovery of victims;","The policy includes cooperation with social shelters or trauma centers for victims’ health recovery within the integrated service implementation, which constitutes an explicit reference to shelter-type services for victims.",Reference only
KEPULAUAN BANGKA BELITUNG BANGKA,KEPULAUAN_BANGKA_BELITUNG_BANGKA.txt,1.2,Sexual violence,scope_of_violence,Yes,No,1.0,0.0,false_negative,1.0,,"Across the provided candidate sentences, the policy refers only to general ""violence"" and does not explicitly mention sexual violence (e.g., rape, sexual assault, sexual harassment) nor classify sexual violence as a covered form of violence or cite a sexual-violence-specific legal framework.",Reference only
KEPULAUAN BANGKA BELITUNG BANGKA,KEPULAUAN_BANGKA_BELITUNG_BANGKA.txt,1.3,Physical violence,scope_of_violence,Yes,No,1.0,0.0,false_negative,0.9825820875143632,,"The candidate sentences define women victims of violence in general terms and discuss protection measures, but they do not explicitly mention physical violence/assault/bodily harm or list physical violence as a covered category.",Reference only
KEPULAUAN BANGKA BELITUNG BANGKA,KEPULAUAN_BANGKA_BELITUNG_BANGKA.txt,1.4,Psychological violence,scope_of_violence,Yes,No,1.0,0.0,false_negative,1.0,,"The text includes references to psychological services for elderly women, but it does not identify psychological/emotional violence or abuse as a form/category of violence covered by the policy, nor does it define violence to include psychological harm.",Reference only
KEPULAUAN BANGKA BELITUNG BANGKA,KEPULAUAN_BANGKA_BELITUNG_BANGKA.txt,1.9,Sexual slavery/exploitation,scope_of_violence,Yes,No,1.0,0.0,false_negative,0.9999694826547045,,"Although the policy addresses commercial sex workers and mentions preventing human trafficking, the candidate sentences do not explicitly mention sexual exploitation or sexual slavery, nor do they link trafficking/exploitation to sexual purposes; general references are insufficient under the coding rules.",Reference only
KEPULAUAN BANGKA BELITUNG BANGKA,KEPULAUAN_BANGKA_BELITUNG_BANGKA.txt,2.2,Collaboration with NGOs,institutional_mechanism,Yes,No,1.0,0.0,false_negative,0.9993592335267225,,"The candidate sentences mention coordination with regional apparatus (government), the business world, and other institutions, plus facilitation of women's organizations/participation forums, but they do not explicitly identify NGOs/civil society organisations/non-government service providers as collaboration partners or as part of a coordination mechanism.",Reference only
KEPULAUAN BANGKA BELITUNG BANGKA,KEPULAUAN_BANGKA_BELITUNG_BANGKA.txt,2.3,Data collection systems,institutional_mechanism,Yes,No,1.0,0.0,false_negative,1.0,,"While the text mentions data activities (mapping/collection/processing/presentation of data and periodic monitoring/evaluation/reporting), it does not explicitly link these data functions to violence against women, victims of violence, or violence cases as required by the coding rules.",Reference only
KEPULAUAN BANGKA BELITUNG BANGKA,KEPULAUAN_BANGKA_BELITUNG_BANGKA.txt,3.3,Reporting/hotline service,specialised_support_services,Yes,No,1.0,0.0,false_negative,0.9998169029128974,,"None of the provided sentences establish or describe a mechanism/service/channel for receiving reports or complaints of violence (e.g., hotline, complaint desk, SOP for intake). They only list types of protection/services after violence and general legal consultation access.",Reference only
KEPULAUAN BANGKA BELITUNG BANGKA,KEPULAUAN_BANGKA_BELITUNG_BANGKA.txt,3.7,Psychosocial counselling,specialised_support_services,Yes,No,1.0,0.0,false_negative,0.9969429515628037,,"While the policy mentions “trauma and health services” for women victims of violence, it does not explicitly mention counselling/therapy/psychosocial support or psychological services for victims (the only explicit “psychological services” reference is for elderly women, not VAW victims).",Reference only
KEPULAUAN BANGKA BELITUNG BANGKA,KEPULAUAN_BANGKA_BELITUNG_BANGKA.txt,3.9,Resocialisation services,specialised_support_services,Yes,No,1.0,0.0,false_negative,0.0,,"Although “social rehabilitation and reintegration” are mentioned as part of protection for women victims of violence, the provided sentences do not identify a specific service unit/institution/mechanism responsible for delivering these resocialisation services (beyond a general statement about facilitation in guidance/supervision).",Reference only
KEPULAUAN BANGKA BELITUNG BANGKA,KEPULAUAN_BANGKA_BELITUNG_BANGKA.txt,4.1,Information and education about VAW,primary_prevention,Yes,No,1.0,0.0,false_negative,0.9935103077181417,,"The candidate sentences mention socialization and dissemination of materials about “women's empowerment and protection policies” and related issues, and include service provision for women victims of violence (e.g., rehabilitation/reintegration). However, none of the cited sentences describe awareness-raising/education specifically about violence against women, gender-based violence, anti-violence norms, or protection from violence as a preventive measure; they are framed as general empowerment/protection policy socialization or post-violence services.",Reference only
KEPULAUAN BANGKA BELITUNG BANGKA,KEPULAUAN_BANGKA_BELITUNG_BANGKA.txt,4.3,VAW laws awareness,primary_prevention,Yes,No,1.0,0.0,false_negative,1.0,,"The sentences include socialization about “women's empowerment and protection policies” and general legal-field awareness through communication/information/education services, but they do not specify that the information/education is about laws, regulations, or policies related to violence against women/domestic violence/sexual violence/trafficking/child marriage, nor do they explicitly frame such legal-awareness activities as a prevention measure for VAW.",Reference only
KEPULAUAN BANGKA BELITUNG BANGKA,KEPULAUAN_BANGKA_BELITUNG_BANGKA.txt,6.2,Women victims of trafficking,intersectional_approach,No,Yes,0.0,1.0,false_positive,0.9999084493610688,"preventing human trafficking.
10. Law Number 21 of 2007 concerning Eradication of the Criminal Act of Trafficking in Persons (State Gazette of the Republic of Indonesia Year 2007 Number 58, Supplement to the State Gazette of the Republic of Indonesia Number 4720);","The policy explicitly mentions human trafficking prevention for women commercial sex workers and also cites the national law on eradication of trafficking in persons in its legal basis, indicating trafficking is within scope.",Reference only
KEPULAUAN BANGKA BELITUNG BANGKA,KEPULAUAN_BANGKA_BELITUNG_BANGKA.txt,7.3,International donors,budget_funding_sources,No,Yes,0.0,1.0,false_positive,0.9997863883614204,"coordinating the participation of the business world and other institutions, including international assistance for women's empowerment and protection; andh.","The policy explicitly mentions coordinating participation of institutions including international assistance for women's empowerment and protection, which meets the criterion for international support involvement.",Reference only
KEPULAUAN BANGKA BELITUNG BANGKA BARAT,KEPULAUAN_BANGKA_BELITUNG_BANGKA_BARAT.txt,3.3,Reporting/hotline service,specialised_support_services,Yes,No,1.0,0.0,false_negative,1.0,,"The candidate sentences describe protection services and cooperation with police to report/process perpetrators, but they do not establish or describe a mechanism/service unit/channel for receiving complaints or reports from victims/the public (e.g., hotline, intake desk, reporting procedure).",Reference only
KEPULAUAN BANGKA BELITUNG BANGKA BARAT,KEPULAUAN_BANGKA_BELITUNG_BANGKA_BARAT_v2.txt,2.1,Institutional network,institutional_mechanism,No,Yes,0.0,1.0,false_positive,1.0,"1. The Regional Government establishes an Integrated Service Center (PPT) as the Organizing, Prevention and Protection Institution for Women and Children Victims of Violence.
2. The PPT as referred to in paragraph (1) consists of elements of:a.
1. The Organization of Protection for victims is implemented in an integrated manner within the PPT framework.","The policy establishes an Integrated Service Center (PPT) as an organizing/prevention/protection institution and specifies that it consists of multiple sectoral elements (e.g., health, law enforcement, social/empowerment, education/religion, NGOs, private sector), indicating a formal multi-element coordination mechanism. It also states that protection is implemented in an integrated manner within the PPT framework, reinforcing an institutional coordination network rather than isolated agency responsibilities.",Reference only
KEPULAUAN BANGKA BELITUNG BANGKA BARAT,KEPULAUAN_BANGKA_BELITUNG_BANGKA_BARAT_v2.txt,2.5,Training and capacity building,institutional_mechanism,No,Yes,0.0,1.0,false_positive,0.7615941559557649,"1. Social community organizations that participate in organizing protection for victims as referred to in Article 6 paragraph (2), shall be given guidance by the Regional Government.
2. Guidance as referred to in paragraph (1) may be in the form of social guidance, skills guidance and operational technical guidance.","The policy states that social community organizations participating in protection efforts shall be given guidance by the Regional Government, and specifies that such guidance may include operational technical guidance (as well as social and skills guidance). This constitutes capacity-building/technical guidance for participating implementing organizations involved in service delivery under the policy.",Reference only
KEPULAUAN BANGKA BELITUNG BANGKA BARAT,KEPULAUAN_BANGKA_BELITUNG_BANGKA_BARAT_v2.txt,3.9,Resocialisation services,specialised_support_services,Yes,No,1.0,0.0,false_negative,0.5545997223493824,,"The text mentions continuous handling up to the rehabilitation stage as a victim right and references recovery/empowerment in objectives, but it does not identify a service unit or mechanism as responsible for rehabilitation/resocialisation/reintegration services in the retrieved sentences.",Reference only
KEPULAUAN BANGKA BELITUNG BANGKA BARAT,KEPULAUAN_BANGKA_BELITUNG_BANGKA_BARAT_v2.txt,5.2,Religious engagement,stakeholder_engagement,Yes,No,1.0,0.0,false_negative,0.9996948475006302,,"While the PPT is described as consisting of an element of 'education and religion' and implementation must pay attention to 'religious norms', the candidate sentences do not explicitly identify religious organisations/leaders as stakeholders or assign them a role in service delivery, prevention, referrals, or coordination, which is required by the coding rules.",Reference only
KEPULAUAN BANGKA BELITUNG BANGKA BARAT,KEPULAUAN_BANGKA_BELITUNG_BANGKA_BARAT_v2.txt,5.4,Education institutions engagement,stakeholder_engagement,Yes,No,1.0,0.0,false_negative,0.9971638780343997,,"The policy mentions conducting education on anti-violence values and lists an 'education and religion' element within the PPT, but it does not explicitly involve schools, universities, or other education institutions/academics as stakeholders or partners in implementation, prevention, services, coordination, or capacity building.",Reference only
KEPULAUAN BANGKA BELITUNG BANGKA BARAT,KEPULAUAN_BANGKA_BELITUNG_BANGKA_BARAT_v2.txt,6.2,Women victims of trafficking,intersectional_approach,No,Yes,0.0,1.0,false_positive,1.0,"11. Law Number 21 of 2007 concerning Eradication of the Criminal Act of Trafficking in Persons (State Gazette of the Republic of Indonesia of 2007 Number 58, Supplement to the State Gazette of the Republic of Indonesia Number 4720);","The policy’s legal basis explicitly cites a national law on eradication of trafficking in persons, which (per the coding rules) is sufficient to indicate trafficking cases/victims are within scope.",Reference only
KEPULAUAN BANGKA BELITUNG BANGKA SELATAN,KEPULAUAN_BANGKA_BELITUNG_BANGKA_SELATAN.txt,1.9,Sexual slavery/exploitation,scope_of_violence,No,Yes,0.0,1.0,false_positive,0.9998169029128974,"14. Sexual violence is any act in the form of sexual harassment, forced sexual intercourse, forced unnatural or unwanted sexual intercourse, forced sexual intercourse with others for commercial purposes and or certain purposes.","The policy’s definition of sexual violence includes forced sexual intercourse with others for commercial purposes, which constitutes explicit inclusion of sexual exploitation/sexual slavery-related conduct under the criterion’s coding rules.",Reference only
KEPULAUAN BANGKA BELITUNG BANGKA SELATAN,KEPULAUAN_BANGKA_BELITUNG_BANGKA_SELATAN.txt,2.5,Training and capacity building,institutional_mechanism,No,Yes,0.0,1.0,false_positive,0.9972553030339504,"1. Social community organizations that participate in the implementation of protection for victims as referred to in Article 11 paragraph (2), shall be given guidance by the Regional Government.
2. The guidance as referred to in paragraph (1) may be in the form of social guidance, skills guidance and operational technical guidance.
(3) The guidance as referred to in paragraph (2) shall be carried out by the Institution for the Protection of Women and Children established by the Regional Government.","The policy mandates that social community organizations participating in victim protection shall be given guidance by the Regional Government, including operational technical guidance, and assigns an institution established by the Regional Government to carry it out—this constitutes required technical/operational capacity-building for participating implementing actors.",Reference only
KEPULAUAN BANGKA BELITUNG BANGKA SELATAN,KEPULAUAN_BANGKA_BELITUNG_BANGKA_SELATAN.txt,3.3,Reporting/hotline service,specialised_support_services,Yes,No,1.0,0.0,false_negative,0.12435300177159625,,"The text includes (1) community participation to submit reports to authorities and (2) an internal/administrative reporting obligation by P2TP2A to the Regent, but it does not explicitly establish or describe a mechanism/service unit/channel for receiving complaints or case reports from victims/the public (e.g., intake/report-receiving service or SOP for receiving reports).",Reference only
KEPULAUAN BANGKA BELITUNG BANGKA SELATAN,KEPULAUAN_BANGKA_BELITUNG_BANGKA_SELATAN.txt,4.4,Prevention through education,primary_prevention,Yes,No,1.0,0.0,false_negative,1.0,,"Although the policy includes “conducting education on anti-violence values,” it does not explicitly identify formal education instruments or institutions (e.g., schools, curricula, teaching/learning materials, education programs delivered through education institutions) as the prevention mechanism, which is required by the coding rules for this indicator.",Reference only
KEPULAUAN BANGKA BELITUNG BANGKA SELATAN,KEPULAUAN_BANGKA_BELITUNG_BANGKA_SELATAN.txt,5.2,Religious engagement,stakeholder_engagement,Yes,No,1.0,0.0,false_negative,0.9777627920394292,,"The text references an ""education and religion"" element and requires implementation to take into account ""religious norms,"" but it does not explicitly identify religious organisations/leaders/clergy as participating stakeholders or service providers, nor does it include religious/spiritual counselling as a service.",Reference only
KEPULAUAN BANGKA BELITUNG BANGKA SELATAN,KEPULAUAN_BANGKA_BELITUNG_BANGKA_SELATAN.txt,6.2,Women victims of trafficking,intersectional_approach,No,Yes,0.0,1.0,false_positive,1.0,"9. Law Number 21 of 2007 concerning Eradication of the Criminal Act of Trafficking in Persons (State Gazette of the Republic of Indonesia of 2007 Number 58, Supplement to the State Gazette of the Republic of Indonesia Number 4720);","The policy’s legal foundation explicitly cites the national law on eradication of trafficking in persons, which (per the coding rules) is sufficient to include trafficking victims within scope.",Reference only
KEPULAUAN BANGKA BELITUNG BANGKA SELATAN,KEPULAUAN_BANGKA_BELITUNG_BANGKA_SELATAN_v2.txt,1.2,Sexual violence,scope_of_violence,Yes,No,1.0,0.0,false_negative,1.0,,"Across the provided sentences, the policy refers to women’s sexual life being free from “coercion and/or violence,” but it does not explicitly mention sexual violence (e.g., rape, sexual assault/harassment) nor classify sexual violence as a covered form of violence. The legal references shown also do not include a sexual-violence-specific law.",Reference only
KEPULAUAN BANGKA BELITUNG BANGKA SELATAN,KEPULAUAN_BANGKA_BELITUNG_BANGKA_SELATAN_v2.txt,1.5,Economic violence,scope_of_violence,No,Yes,0.0,1.0,false_positive,0.9999008203303268,"1. Implementation of protection for female workers/laborers to provide protection from acts of economic exploitation www.jdih.bangkaselatankab.go.id and cruel, inhumane treatment and to seek proper appreciation for work.","The policy explicitly references “economic exploitation” as a harm from which female workers/laborers should be protected. This is a direct inclusion of economic exploitation within protection measures, meeting the criterion’s inclusion rules.",Reference only
KEPULAUAN BANGKA BELITUNG BANGKA SELATAN,KEPULAUAN_BANGKA_BELITUNG_BANGKA_SELATAN_v2.txt,1.9,Sexual slavery/exploitation,scope_of_violence,Yes,No,1.0,0.0,false_negative,0.9981240492936154,,"While the policy addresses women commercial sex workers and mentions exploitation in employment relationships and economic exploitation, the candidate sentences do not explicitly refer to sexual exploitation, sexual slavery, or exploitation for sexual purposes, nor do they define trafficking/exploitation in sexual terms.",Reference only
KEPULAUAN BANGKA BELITUNG BANGKA SELATAN,KEPULAUAN_BANGKA_BELITUNG_BANGKA_SELATAN_v2.txt,2.1,Institutional network,institutional_mechanism,No,Yes,0.0,1.0,false_positive,1.0,"www.jdih.bangkaselatankab.go.id (2) In women's empowerment and protection, a Working Group and Integrated Services shall be established as determined by Regent's Decree.
b. coordination and synchronization of planning programs and activities with related Regional Apparatus; and
coordination and synchronization of program and activity implementation with related Regional Apparatus.","The policy establishes formal coordination arrangements for implementation, including creation of a Working Group and Integrated Services by Regent’s Decree, and requires coordination/synchronization with related regional apparatus in planning and implementation—together constituting an institutional coordination mechanism/network rather than isolated agency assignments.",Reference only
KEPULAUAN BANGKA BELITUNG BANGKA SELATAN,KEPULAUAN_BANGKA_BELITUNG_BANGKA_SELATAN_v2.txt,2.2,Collaboration with NGOs,institutional_mechanism,Yes,No,1.0,0.0,false_negative,0.999938965775063,,"The candidate sentences mention coordination with regional apparatus, community participation, women’s organizations, and business sector/other institutions (including international assistance), but they do not explicitly identify NGOs/civil society/non-government service providers as partners or establish a collaboration mechanism involving them.",Reference only
KEPULAUAN BANGKA BELITUNG BANGKA SELATAN,KEPULAUAN_BANGKA_BELITUNG_BANGKA_SELATAN_v2.txt,2.4,Gender mainstreaming institutionalisation,institutional_mechanism,No,Yes,0.0,1.0,false_positive,0.9999465949513187,"1. Women's empowerment and protection shall be implemented by integrating gender mainstreaming and gender-disaggregated data in an integrated manner based on applicable laws and regulations.
www.jdih.bangkaselatankab.go.id (2) In women's empowerment and protection, a Working Group and Integrated Services shall be established as determined by Regent's Decree.","The policy explicitly requires implementation to integrate gender mainstreaming (an institutional mechanism) and also provides for establishing a Working Group and Integrated Services for women’s empowerment and protection, supporting institutionalisation of gender mainstreaming within implementation arrangements.",Reference only
KEPULAUAN BANGKA BELITUNG BANGKA SELATAN,KEPULAUAN_BANGKA_BELITUNG_BANGKA_SELATAN_v2.txt,2.5,Training and capacity building,institutional_mechanism,No,Yes,0.0,1.0,false_positive,0.9997406174072243,c facilitate capacity building of institutions implementing women's empowerment and protection;,"The policy mandates (as a form of guidance) facilitating capacity building of institutions implementing women’s empowerment and protection, which constitutes required institutional capacity building for implementers/service-delivery institutions under the policy.",Reference only
KEPULAUAN BANGKA BELITUNG BANGKA SELATAN,KEPULAUAN_BANGKA_BELITUNG_BANGKA_SELATAN_v2.txt,4.2,Gender equality education,primary_prevention,Yes,No,1.0,0.0,false_negative,0.9997711312602866,,"While the text mentions socialization and dissemination related to women’s empowerment/protection and includes CIE media on prevention of violence against women, it does not explicitly describe educational/awareness activities about gender equality and/or women’s rights that are explicitly situated as a strategy to prevent violence against women, as required by the coding rules.",Reference only
KEPULAUAN BANGKA BELITUNG BANGKA SELATAN,KEPULAUAN_BANGKA_BELITUNG_BANGKA_SELATAN_v2.txt,4.3,VAW laws awareness,primary_prevention,Yes,No,1.0,0.0,false_negative,1.0,,"The candidate sentences include general socialization about policies on women’s empowerment and protection and general legal awareness/knowledge activities, but they do not specify that the information/education is about laws, regulations, or policies related to violence against women (e.g., domestic violence, sexual violence, trafficking) as a prevention measure.",Reference only
KEPULAUAN BANGKA BELITUNG BANGKA SELATAN,KEPULAUAN_BANGKA_BELITUNG_BANGKA_SELATAN_v2.txt,4.4,Prevention through education,primary_prevention,No,Yes,0.0,1.0,false_positive,0.9952220858504979,"b. provision of communication, information and education media regarding empowerment and prevention of violence against women in families, communities, educational institutions and public spaces.","The policy explicitly links “communication, information and education media” to the “prevention of violence against women” and specifies delivery contexts including “educational institutions,” which meets the requirement of education being presented as a prevention mechanism involving education institutions.",Reference only
KEPULAUAN BANGKA BELITUNG BANGKA SELATAN,KEPULAUAN_BANGKA_BELITUNG_BANGKA_SELATAN_v2.txt,7.3,International donors,budget_funding_sources,No,Yes,0.0,1.0,false_positive,0.9998245316235193,"coordinate the participation of the business sector and other institutions, including international assistance for women's empowerment and protection;andg.","The policy explicitly references coordinating participation of institutions including international assistance for women's empowerment and protection, which meets the criterion for international support involvement.",Reference only
KEPULAUAN BANGKA BELITUNG BANGKA TENGAH,KEPULAUAN_BANGKA_BELITUNG_BANGKA_TENGAH.txt,1.2,Sexual violence,scope_of_violence,Yes,No,1.0,0.0,false_negative,0.9994812684541132,,"Across the provided sentences, the policy does not explicitly mention sexual violence/rape/sexual harassment/sexual abuse, nor does it include sexual violence in the definition of violence. The only related term present is ""victims of sexual exploitation,"" which is distinct from sexual violence under the coding rules for this indicator.",Reference only
KEPULAUAN BANGKA BELITUNG BANGKA TENGAH,KEPULAUAN_BANGKA_BELITUNG_BANGKA_TENGAH.txt,1.5,Economic violence,scope_of_violence,Yes,No,1.0,0.0,false_negative,1.0,,"The candidate sentences do not mention economic violence/abuse/exploitation as a form of violence, nor do they define violence to include economic suffering or neglect. References to empowerment, vulnerability, minimum basic needs, employment rights, or general ""sexual exploitation"" are not framed as economic violence or domestic neglect.",Reference only
KEPULAUAN BANGKA BELITUNG BANGKA TENGAH,KEPULAUAN_BANGKA_BELITUNG_BANGKA_TENGAH.txt,3.1,Integrated service unit,specialised_support_services,Yes,No,1.0,0.0,false_negative,0.5545997223493824,,"The text states that women victims of violence have a right to receive “integrated services” and lists types of protection services (e.g., legal assistance, medical and psychosocial rehabilitation), and it mentions forming/using task forces or other institutions. However, none of the provided sentences explicitly establishes, names, or assigns responsibility to a specific integrated service unit/one-stop centre (or a recognised equivalent institution) dedicated to VAW victims; it only refers to services and general institutional formation/coordination.",Reference only
KEPULAUAN BANGKA BELITUNG BANGKA TENGAH,KEPULAUAN_BANGKA_BELITUNG_BANGKA_TENGAH.txt,3.3,Reporting/hotline service,specialised_support_services,Yes,No,1.0,0.0,false_negative,0.9993897415602844,,"The only relevant mention is that community participation “may be in the form of… complaints/reports,” but the text does not establish or mandate any mechanism/service/channel for receiving and handling complaints or reports of violence cases (e.g., hotline, designated unit, SOP). Under the coding rules, this is insufficient.",Reference only
KEPULAUAN BANGKA BELITUNG BANGKA TENGAH,KEPULAUAN_BANGKA_BELITUNG_BANGKA_TENGAH.txt,7.2,National government budget,budget_funding_sources,No,Yes,0.0,1.0,false_positive,0.9997711312602866,"2. In the event that the Region receives funding assistance for the implementation of policies, programs and activities for women's empowerment and protection from the Government, it must be implemented in accordance with the laws and regulations.","The policy explicitly contemplates receiving funding assistance from “the Government,” indicating a national-level government funding source may support implementation.",Reference only
KEPULAUAN BANGKA BELITUNG BANGKA TENGAH,KEPULAUAN_BANGKA_BELITUNG_BANGKA_TENGAH.txt,7.3,International donors,budget_funding_sources,No,Yes,0.0,1.0,false_positive,1.0,"cooperate with the business world, non-governmental institutions, private companies, Foundations, and other domestic institutions as well as international institutions, in accordance with the provisions of laws and regulations;","The policy explicitly includes cooperation with “international institutions” as part of implementation efforts for women’s protection, which constitutes explicit international involvement/support under the coding rules (even without naming a donor or specifying amounts).",Reference only
KEPULAUAN BANGKA BELITUNG BANGKA TENGAH,KEPULAUAN_BANGKA_BELITUNG_BANGKA_TENGAH.txt,7.4,Other legal sources,budget_funding_sources,Yes,No,1.0,0.0,false_negative,1.0,,"The candidate sentences specify funding from the regional budget and possible assistance from the (domestic) Government, but do not identify any other distinct legal funding sources (e.g., earmarked funds, levies, fines, or other statutory sources) as budget sources.",Reference only
KEPULAUAN BANGKA BELITUNG BELITUNG,KEPULAUAN_BANGKA_BELITUNG_BELITUNG.txt,1.9,Sexual slavery/exploitation,scope_of_violence,No,Yes,0.0,1.0,false_positive,0.9998626756131501,"Point… D:\PERDA PDF\2-PERDA PERLINDUNGAN HAK PEREMPUAN DAN ANAK.doc 23 Point b What is meant by exploitation is an act with or without the consent of the victim which includes prostitution, forced labor or service, slavery or practices similar to slavery, oppression, extortion, utilization of physical sexual reproductive organs or unlawfully transferring/utilizing labor or transplanting organs and or body tissues or utilizing the labor or ability of a person by another party to obtain material or immaterial benefits.
4. forced sexual intercourse with another person for commercial purposes and/or certain purposes.","The policy’s definition of exploitation explicitly includes prostitution and slavery or practices similar to slavery and references utilization of sexual/reproductive organs for benefits, and its definition of sexual violence includes forced sexual intercourse with another person for commercial purposes, together indicating sexual exploitation/sexual slavery is within scope.",Reference only
KEPULAUAN BANGKA BELITUNG BELITUNG,KEPULAUAN_BANGKA_BELITUNG_BELITUNG.txt,3.2,Police specialised service unit,specialised_support_services,No,Yes,0.0,1.0,false_positive,0.925346225311741,special service rooms in police lines;,"The policy specifies the need for ""special service rooms in police lines"" as supporting facilities for victim services, which is an explicit reference to a police-based specialised victim service facility/unit (e.g., RPK-equivalent).",Reference only
KEPULAUAN BANGKA BELITUNG BELITUNG,KEPULAUAN_BANGKA_BELITUNG_BELITUNG.txt,5.3,Traditional/cultural engagement,stakeholder_engagement,No,Yes,0.0,1.0,false_positive,1.0,"2. The domestic violence prevention group at the  village/sub-district level as referred to in paragraph (1) shall consist  of village/sub-district officials, babinsa and  babinkamtibmas elements, community leaders/religious leaders, and youth elements.","The policy includes “community leaders” as part of the domestic violence prevention group at the village/sub-district level, which is a functional unit providing protection services and integrated handling of violence cases; this meets the criterion’s inclusion of community leaders as participants in implementation.",Reference only
KEPULAUAN BANGKA BELITUNG BELITUNG,KEPULAUAN_BANGKA_BELITUNG_BELITUNG.txt,6.2,Women victims of trafficking,intersectional_approach,No,Yes,0.0,1.0,false_positive,1.0,"to prevent acts of violence and discrimination against women and children including trafficking in persons;
Task force on the crime of trafficking in persons;
Various acts of violence against women and children both within the household and outside the household will destroy the life of families, communities, government, nation, and State, therefore the Government of Belitung Regency is obliged to provide protection to women and children from acts of violence which is an implementation of several laws and regulations, including Law Number 23 of 2004 concerning the Elimination of Domestic Violence, Law Number 21 of 2007 concerning the Eradication of the Criminal Act of Trafficking in Persons, Law Number 23 of 2002 concerning Child Protection as amended by Law Number 35 of 2014 concerning Amendment to Law Number 23 of 2002 concerning Child Protection.","The policy explicitly includes trafficking in persons within its objectives, establishes a trafficking task force, and cites the national anti-trafficking law in the general/legal foundation, indicating trafficking cases and victims are within scope.",Reference only
KEPULAUAN BANGKA BELITUNG BELITUNG,KEPULAUAN_BANGKA_BELITUNG_BELITUNG.txt,7.5,Provincial government budget,budget_funding_sources,No,Yes,0.0,1.0,false_positive,0.9999084493610688,b. the Provincial Regional Revenue and Expenditure Budget;,"The financing provisions explicitly list the Provincial Regional Revenue and Expenditure Budget as a funding source, which is the provincial government budget.",Reference only
KEPULAUAN BANGKA BELITUNG PANGKALPINANG KOTA,KEPULAUAN_BANGKA_BELITUNG_PANGKALPINANG_KOTA.txt,1.9,Sexual slavery/exploitation,scope_of_violence,No,Yes,0.0,1.0,false_positive,1.0,"3. The form of sexual violence as referred to in paragraph (1) letter b is sexual harassment, forced sexual intercourse, forced sexual intercourse in an unnatural or unwanted manner, forced intercourse with others for commercial purposes and/or certain purposes.","The policy’s definition of sexual violence includes forced intercourse with others for commercial purposes and/or certain purposes, which constitutes sexual exploitation within the meaning of the criterion.",Reference only
KEPULAUAN BANGKA BELITUNG PANGKALPINANG KOTA,KEPULAUAN_BANGKA_BELITUNG_PANGKALPINANG_KOTA.txt,3.3,Reporting/hotline service,specialised_support_services,Yes,No,1.0,0.0,false_negative,0.9781551484012538,,"The candidate sentences mention that community participation may include complaints/reports and reporting violence to law enforcement, and that victims have a right to complaint handling, but they do not explicitly establish or mandate a specific mechanism/service/channel for receiving complaints or reports of violence cases (beyond general reporting).",Reference only
KEPULAUAN BANGKA BELITUNG PANGKALPINANG KOTA,KEPULAUAN_BANGKA_BELITUNG_PANGKALPINANG_KOTA.txt,3.8,Religious/spiritual counselling,specialised_support_services,No,Yes,0.0,1.0,false_positive,0.999938965775063,"provision of apparatus, health workers, social workers, and spiritual counselors;","The policy includes provision of spiritual counselors among personnel provided for victim protection efforts, indicating availability of spiritual/religious counselling/support.",Reference only
KEPULAUAN BANGKA BELITUNG PANGKALPINANG KOTA,KEPULAUAN_BANGKA_BELITUNG_PANGKALPINANG_KOTA.txt,5.4,Education institutions engagement,stakeholder_engagement,Yes,No,1.0,0.0,false_negative,1.0,,"While the policy mentions conducting education on anti-violence values and women’s empowerment in the education field, it does not identify schools, universities, academics, or education institutions as stakeholders/partners in implementation, coordination, prevention, or service delivery for violence against women.",Reference only
KEPULAUAN BANGKA BELITUNG PANGKALPINANG KOTA,KEPULAUAN_BANGKA_BELITUNG_PANGKALPINANG_KOTA.txt,5.8,Private sector engagement,stakeholder_engagement,Yes,No,1.0,0.0,false_negative,1.0,,"The candidate sentences do not identify businesses, employers, business associations, or the private sector as stakeholders or partners in prevention, protection, or service delivery; references to workers/laborers relate to beneficiary protection rather than private-sector engagement.",Reference only
KEPULAUAN BANGKA BELITUNG PANGKALPINANG KOTA,KEPULAUAN_BANGKA_BELITUNG_PANGKALPINANG_KOTA.txt,6.2,Women victims of trafficking,intersectional_approach,No,Yes,0.0,1.0,false_positive,1.0,"c. provide protection and security for women victims of violence and discrimination, as well as criminal acts of trafficking in persons;","The policy’s objectives explicitly include providing protection and security for women victims of violence and discrimination as well as criminal acts of trafficking in persons, which directly brings trafficking in persons within scope.",Reference only
KEPULAUAN RIAU KARIMUN,KEPULAUAN_RIAU_KARIMUN.txt,1.2,Sexual violence,scope_of_violence,Yes,No,1.0,0.0,false_negative,0.9998169029128974,,"The candidate sentences contain only general references to “all forms of Violence Against Women and Children” and a list of laws (including domestic violence, trafficking, child protection, etc.), but none explicitly mention sexual violence (e.g., rape, sexual assault/harassment) or a sexual-violence-specific legal framework.",Reference only
KEPULAUAN RIAU KARIMUN,KEPULAUAN_RIAU_KARIMUN.txt,1.3,Physical violence,scope_of_violence,Yes,No,1.0,0.0,false_negative,1.0,,"Within the provided sentences, physical violence (or equivalent terms like physical assault/bodily harm) is not explicitly mentioned, nor is it included via a definition/classification or a physical-violence-specific legal reference.",Reference only
KEPULAUAN RIAU KARIMUN,KEPULAUAN_RIAU_KARIMUN.txt,1.4,Psychological violence,scope_of_violence,Yes,No,1.0,0.0,false_negative,0.9999847412691449,,The retrieved sentences do not explicitly mention psychological/emotional violence (or equivalent terms) and do not provide a definition/classification or legal reference specifically indicating psychological violence is covered.,Reference only
KEPULAUAN RIAU KARIMUN,KEPULAUAN_RIAU_KARIMUN.txt,1.5,Economic violence,scope_of_violence,Yes,No,1.0,0.0,false_negative,0.9413755384972873,,"The candidate sentences do not mention economic violence/abuse, economic exploitation, financial deprivation, or neglect as a form of violence, nor do they define violence to include economic suffering or provide an explicit economic-violence-related scope statement.",Reference only
KEPULAUAN RIAU KARIMUN,KEPULAUAN_RIAU_KARIMUN.txt,1.9,Sexual slavery/exploitation,scope_of_violence,Yes,No,1.0,0.0,false_negative,0.9999847412691449,,"Although trafficking in women is cited in the legal basis, the provided sentences do not explicitly mention sexual exploitation or sexual slavery (or equivalent sexual-purpose exploitation language), and the general “all forms of violence” statement is not sufficient under the coding rules without an explicit sexual exploitation component.",Reference only
KEPULAUAN RIAU KARIMUN,KEPULAUAN_RIAU_KARIMUN.txt,2.1,Institutional network,institutional_mechanism,Yes,No,1.0,0.0,false_negative,0.9999084493610688,,"The provided sentences are limited to the regulation’s title/preamble and legal bases. They do not describe any coordination mechanism, multi-agency network, task force, committee, referral network, or cooperation arrangement for implementation; they only state general considerations for issuing the regulation.",Reference only
KEPULAUAN RIAU KARIMUN,KEPULAUAN_RIAU_KARIMUN.txt,2.2,Collaboration with NGOs,institutional_mechanism,Yes,No,1.0,0.0,false_negative,1.0,,"None of the candidate sentences mention NGOs, civil society organisations, community organisations, or other non-government service providers as partners, nor any cooperation/coordination mechanism involving them. The text shown is only introductory and legal references.",Reference only
KEPULAUAN RIAU KARIMUN,KEPULAUAN_RIAU_KARIMUN.txt,2.3,Data collection systems,institutional_mechanism,Yes,No,1.0,0.0,false_negative,0.999732989016709,,"The candidate sentences do not establish or assign responsibility for collecting, recording, monitoring, reporting, managing, or exchanging data specifically on violence against women/children, victims, or cases. They contain only general background and legal citations.",Reference only
KEPULAUAN RIAU KARIMUN,KEPULAUAN_RIAU_KARIMUN.txt,2.5,Training and capacity building,institutional_mechanism,Yes,No,1.0,0.0,false_negative,0.9997787597963033,,"The candidate sentences do not include any requirement or provision for training, technical guidance, or capacity building for implementing agencies or service providers. They are only the regulation heading/preamble and legal references.",Reference only
KEPULAUAN RIAU KARIMUN,KEPULAUAN_RIAU_KARIMUN.txt,2.6,Monitoring and evaluation,institutional_mechanism,Yes,No,1.0,0.0,false_negative,0.9999465949513187,,"The provided sentences do not mention monitoring, evaluation, supervision, reporting, or any mechanism to assess implementation or service delivery; they only provide introductory considerations and legal bases.",Reference only
KEPULAUAN RIAU KARIMUN,KEPULAUAN_RIAU_KARIMUN.txt,3.1,Integrated service unit,specialised_support_services,Yes,No,1.0,0.0,false_negative,1.0,,"The candidate sentences are limited to the regulation title and general considerations/legal bases about protecting women and children from violence, without establishing or referencing any integrated/one-stop service unit or named integrated service mechanism for VAW victims.",Reference only
KEPULAUAN RIAU KARIMUN,KEPULAUAN_RIAU_KARIMUN.txt,3.3,Reporting/hotline service,specialised_support_services,Yes,No,1.0,0.0,false_negative,0.9998169029128974,,"No mechanism, service, unit, SOP, hotline, or designated channel for receiving complaints/reports of violence is described in the candidate sentences; they only state general obligations and legal references.",Reference only
KEPULAUAN RIAU KARIMUN,KEPULAUAN_RIAU_KARIMUN.txt,3.5,Legal assistance,specialised_support_services,Yes,No,1.0,0.0,false_negative,0.9998169029128974,,The candidate sentences do not identify any service unit providing legal aid/assistance; they only include general considerations and citations to laws.,Reference only
KEPULAUAN RIAU KARIMUN,KEPULAUAN_RIAU_KARIMUN.txt,3.6,Health/medical services,specialised_support_services,Yes,No,1.0,0.0,false_negative,0.9998169029128974,,No health/medical service provision or responsible service unit is mentioned in the provided sentences; they are limited to the regulation header and general legal/consideration text.,Reference only
KEPULAUAN RIAU KARIMUN,KEPULAUAN_RIAU_KARIMUN.txt,3.7,Psychosocial counselling,specialised_support_services,Yes,No,1.0,0.0,false_negative,0.9997863883614204,,"The candidate sentences do not mention counselling, psychological/psychosocial support, therapy, trauma recovery, or any psychological service providers.",Reference only
KEPULAUAN RIAU KARIMUN,KEPULAUAN_RIAU_KARIMUN.txt,3.9,Resocialisation services,specialised_support_services,Yes,No,1.0,0.0,false_negative,1.0,,"The provided sentences do not identify any service unit responsible for rehabilitation/resocialisation/reintegration, nor do they describe such services within victim support mechanisms.",Reference only
KEPULAUAN RIAU KARIMUN,KEPULAUAN_RIAU_KARIMUN.txt,3.10,Economic support,specialised_support_services,Yes,No,1.0,0.0,false_negative,1.0,,"No economic empowerment/support measures (skills training, financial assistance, livelihood support) are described for women victims of violence in the candidate sentences; they only contain general introductory/legal material.",Reference only
KEPULAUAN RIAU KARIMUN,KEPULAUAN_RIAU_KARIMUN.txt,4.1,Information and education about VAW,primary_prevention,Yes,No,1.0,0.0,false_negative,0.9998169029128974,,"The candidate sentences only provide the regulation title/preamble and cite that violence against women and children is a human rights violation and that a regulation is needed, plus a list of relevant national laws. They do not describe any information, awareness-raising, communication, counseling, campaigns, or education activities aimed at preventing violence against women or promoting anti-violence norms.",Reference only
KEPULAUAN RIAU KARIMUN,KEPULAUAN_RIAU_KARIMUN.txt,4.3,VAW laws awareness,primary_prevention,Yes,No,1.0,0.0,false_negative,0.9997711312602866,,"While the text lists several laws related to domestic violence, trafficking, and victim protection, it does not mention any socialisation, dissemination, education, or awareness-raising activities about these laws/policies as a prevention strategy. A legal-basis list alone does not meet the criterion.",Reference only
KEPULAUAN RIAU KARIMUN,KEPULAUAN_RIAU_KARIMUN.txt,4.4,Prevention through education,primary_prevention,Yes,No,1.0,0.0,false_negative,1.0,,"No candidate sentence identifies education institutions, curricula, school-based initiatives, or other formal education instruments as a prevention mechanism for violence against women or children. The text is limited to introductory considerations and legal references without an explicit education-as-prevention strategy.",Reference only
KEPULAUAN RIAU KARIMUN,KEPULAUAN_RIAU_KARIMUN.txt,5.1,NGO collaboration,stakeholder_engagement,Yes,No,1.0,0.0,false_negative,1.0,,"The candidate sentences are limited to the regulation title/preamble and a list of legal bases; they do not mention NGOs, civil society organisations, or any non-government actors collaborating in prevention or service delivery.",Reference only
KEPULAUAN RIAU KARIMUN,KEPULAUAN_RIAU_KARIMUN.txt,5.4,Education institutions engagement,stakeholder_engagement,Yes,No,1.0,0.0,false_negative,1.0,,"The provided sentences contain only the regulation header/preamble and legal references; there is no mention of schools, universities, academics, or the education sector being engaged as stakeholders or implementers for prevention/services.",Reference only
KEPULAUAN RIAU KARIMUN,KEPULAUAN_RIAU_KARIMUN.txt,5.7,Community engagement,stakeholder_engagement,Yes,No,1.0,0.0,false_negative,0.9983984687165706,,"Although the preamble references “all parties involved,” it does not explicitly mention community/society engagement or collaboration mechanisms, and the provided text does not identify community actors as stakeholders in prevention/services.",Reference only
KEPULAUAN RIAU KARIMUN,KEPULAUAN_RIAU_KARIMUN.txt,5.8,Private sector engagement,stakeholder_engagement,Yes,No,1.0,0.0,false_negative,1.0,,"The candidate sentences do not mention businesses, employers, business associations, or the private sector, nor assign any stakeholder role to them.",Reference only
KEPULAUAN RIAU KARIMUN,KEPULAUAN_RIAU_KARIMUN.txt,6.2,Women victims of trafficking,intersectional_approach,No,Yes,0.0,1.0,false_positive,0.9997406174072243,"5. Law Number 21 of 2007 concerning the Eradication of the Criminal Act of Trafficking in Women (State Gazette of the Republic of Indonesia of 2007 Number 58, Supplement to the State Gazette of the Republic of Indonesia Number 4720);","The policy’s legal foundation explicitly cites a national law on trafficking in women, which (per the coding rules) is sufficient to indicate trafficking cases/victims are within scope.",Reference only
LAMPUNG BANDAR LAMPUNG KOTA,LAMPUNG_BANDAR_LAMPUNG_KOTA.txt,1.6,Harmful practices,scope_of_violence,No,Yes,0.0,1.0,false_positive,0.9933886372181508,6. forced marriage;,"The policy includes “forced marriage” within the listed forms of sexual violence, which is a recognized harmful practice affecting women and girls under the coding rules.",Reference only
LAMPUNG BANDAR LAMPUNG KOTA,LAMPUNG_BANDAR_LAMPUNG_KOTA.txt,2.3,Data collection systems,institutional_mechanism,Yes,No,1.0,0.0,false_negative,0.9976591468471265,,"The candidate sentences mention collecting and inventorying “women's data” and strengthening “gender data systems,” but they do not explicitly link these data functions to violence against women, victims, or VAW cases as required by the coding rules. Other mentions (e.g., community reporting, evaluation/accountability reports, case reports in health services) do not clearly establish or assign responsibility for a VAW case data system.",Reference only
LAMPUNG BANDAR LAMPUNG KOTA,LAMPUNG_BANDAR_LAMPUNG_KOTA.txt,3.9,Resocialisation services,specialised_support_services,Yes,No,1.0,0.0,false_negative,0.9413755384972874,,"While the policy describes social rehabilitation and social reintegration as services, the provided candidate sentences do not identify a specific service unit or responsible institution that provides these rehabilitation/reintegration services (i.e., they are not linked to an integrated service unit or named provider in the cited text for this criterion).",Reference only
LAMPUNG BANDAR LAMPUNG KOTA,LAMPUNG_BANDAR_LAMPUNG_KOTA.txt,6.1,Women in conflict/disaster areas,intersectional_approach,No,Yes,0.0,1.0,false_positive,1.0,to special protection in emergency conditions/situations.,"The policy explicitly states that every woman has a right to “special protection in emergency conditions/situations,” which constitutes a gender-specific protection measure applicable in emergency contexts (a category that includes disasters/emergencies under the criterion).",Reference only
LAMPUNG BANDAR LAMPUNG KOTA,LAMPUNG_BANDAR_LAMPUNG_KOTA.txt,6.2,Women victims of trafficking,intersectional_approach,No,Yes,0.0,1.0,false_positive,1.0,"8. Trafficking in Persons is the act of recruitment, transportation, harboring, sending, transfer, or receipt of a person by threat of violence, use of violence, abduction, confinement, forgery, fraud, abuse of power or position of vulnerability, debt bondage or giving payment or benefits to obtain consent from the person holding control over that other person, whether carried out within the country or between countries for the purpose of exploitation or resulting in the person being exploited.
1. The community is responsible for carrying out prevention, risk reduction and handling of cases of women victims of violence, exploitation, and trafficking in persons.","The policy explicitly defines “Trafficking in Persons” and assigns responsibilities for prevention/risk reduction/handling of cases involving women victims of trafficking in persons, clearly including trafficking victims within scope.",Reference only
LAMPUNG BANDAR LAMPUNG KOTA,LAMPUNG_BANDAR_LAMPUNG_KOTA.txt,7.2,National government budget,budget_funding_sources,No,Yes,0.0,1.0,false_positive,1.0,"Funding for the protection of women may be sourced from the State Revenue and Expenditure Budget, the Regional Revenue and Expenditure Budget of both the Province and the City and/or other lawful sources that are non-binding in accordance with the provisions of laws and regulations.","The policy explicitly states that funding may be sourced from the State Revenue and Expenditure Budget, which is the national government budget.",Reference only
LAMPUNG BANDAR LAMPUNG KOTA,LAMPUNG_BANDAR_LAMPUNG_KOTA.txt,7.5,Provincial government budget,budget_funding_sources,No,Yes,0.0,1.0,false_positive,1.0,"Funding for the protection of women may be sourced from the State Revenue and Expenditure Budget, the Regional Revenue and Expenditure Budget of both the Province and the City and/or other lawful sources that are non-binding in accordance with the provisions of laws and regulations.","The policy explicitly includes the Regional Revenue and Expenditure Budget of the Province as a funding source, which is provincial government budget funding.",Reference only
LAMPUNG LAMPUNG TIMUR,LAMPUNG_LAMPUNG_TIMUR.txt,4.1,Information and education about VAW,primary_prevention,No,Yes,0.0,1.0,false_positive,1.0,"The Regent is obliged to implement policies, programs, and activities for the protection of women and children, to eliminate all forms of discrimination and acts of violence against women and children in his/her region.
The implementation as referred to in paragraph (1) shall be in the form of: policy analysis, coordination, advocacy, socialization, communication, information, and education (KIE), training, service facilitation, service provision, development of models for the protection of women and children, and other forms.","The policy frames eliminating violence against women and children as an obligation and explicitly lists “socialization, communication, information, and education (KIE)” as forms of implementation for protection efforts, which include eliminating acts of violence against women and children. This constitutes information/education activities linked to protection from violence against women.",Reference only
LAMPUNG LAMPUNG TIMUR,LAMPUNG_LAMPUNG_TIMUR.txt,5.6,Media engagement,stakeholder_engagement,No,Yes,0.0,1.0,false_positive,0.9995041508322293,"Community institution is an institution formed by members of the Indonesian citizen community voluntarily on the basis of shared vision, mission, profession, function and activities to participate in development in order to achieve national goals within the framework of the Unitary State of the Republic of Indonesia based on Pancasila, consisting of religious organizations, non-governmental organizations, professional organizations, private organizations, social organizations, political organizations, mass media, and other forms of organizations.","The policy’s definition of “community institution” explicitly includes “mass media,” which meets the coding rule that media are included within the definition of community/stakeholder groups (even if no further role is detailed in the provided sentences).",Reference only
LAMPUNG LAMPUNG TIMUR,LAMPUNG_LAMPUNG_TIMUR.txt,6.2,Women victims of trafficking,intersectional_approach,No,Yes,0.0,1.0,false_positive,0.9997711312602866,"For women and children who are victims of violence and trafficking in persons, services shall include: complaint services/victim identification, legal aid, health rehabilitation, psychosocial rehabilitation, social reintegration, repatriation assistance or other forms according to the needs and best interests of the victim.","The policy explicitly includes women who are victims of trafficking in persons as beneficiaries of services, placing trafficking victims within the policy’s scope.",Reference only
LAMPUNG LAMPUNG TIMUR,LAMPUNG_LAMPUNG_TIMUR.txt,7.3,International donors,budget_funding_sources,No,Yes,0.0,1.0,false_positive,1.0,"In implementing policies, programs, and activities for the protection of women and children, the Regional Government of East Lampung Regency may cooperate with international institutions.","The policy explicitly allows cooperation with international institutions in implementing protection policies, which meets the criterion for international support/involvement even without naming a specific donor or funding amount.",Reference only
LAMPUNG LAMPUNG UTARA,LAMPUNG_LAMPUNG_UTARA.txt,1.9,Sexual slavery/exploitation,scope_of_violence,No,Yes,0.0,1.0,false_positive,1.0,"What is meant by ""sexual violence"" is any act in the form of sexual harassment, forced sexual intercourse, forced sexual intercourse in an unnatural or unwanted manner, forced sexual intercourse with others for commercial purposes and or certain purposes.","The definition of sexual violence explicitly includes forced sexual intercourse with others for commercial purposes, which constitutes an explicit reference to sexual exploitation within the policy’s scope.",Reference only
LAMPUNG LAMPUNG UTARA,LAMPUNG_LAMPUNG_UTARA.txt,6.2,Women victims of trafficking,intersectional_approach,No,Yes,0.0,1.0,false_positive,0.9999084493610688,"prevent violence against women and children including trafficking in persons;
Law Number 21 of 2007 concerning Eradication of the Criminal Act of Trafficking in Persons (State Gazette of the Republic of Indonesia of 2007 Number 58, Supplement to the State Gazette of the Republic of Indonesia Number i / Law Number 12 of 2011 concerning Formation of Legislation (State Gazette of the Republic of Indonesia of 2011 Number 82 Supplement to the State Gazette of the Republic of Indonesia Number Law Number 11 of 2012 concerning the Juvenile Justice System (State Gazette of the Republic of Indonesia of 2012 Number 153, Supplement to the State Gazette of the Republic of Indonesia Number 5332); Law Number 23 of 2014 concerning Regional Government (State Gazette of the Republic of Indonesia of 2014 Number 244, Supplement to the State Gazette of the Republic of Indonesia Number 5587) as has been amended several times most recently by Law Number 9 of 2015 concerning Second Amendment to Law Number 23 of 2014 concerning Regional Government (State Gazette of the Republic of Indonesia Number 58, Supplement to the State Gazette of the Republic of Indonesia Number 5679); Government Regulation Number 4 of 2006 concerning Implementation and Cooperation for Recovery of Victims of Domestic Violence (State Gazette of the Republic of Indonesia of 2006 Number 15, Supplement to the State Gazette of the Republic of Indonesia Number 4604); Government Regulation Number 9 of 2008 concerning Procedures and Mechanisms for Integrated Services for Witnesses and/or Victims of the Criminal Act of Trafficking in Persons (State Gazette of the Republic of Indonesia of 2008 Number 22, Supplement to the State Gazette of the Republic of Indonesia Number Regulation of the State Minister for Women's Empowerment and Child Protection Number 2 of 2008 concerning Guidelines for Implementation of Women's Protection; Regulation of the State Minister for Women's Empowerment and Child Protection Number 3 of 2008 concerning Guidelines for Implementation of Child Protection; Regulation of the State Minister for Women's Empowerment and Child Protection Number 1 of 2010 concerning Minimum Service Standards in the Field of Integrated Services for Women and Children Victims of Violence; Regulation of the State Minister for Women's Empowerment and Child Protection Number 5 of 2010 concerning Guidelines for Establishment and Development of Integrated Service Centers; Regulation of the State Minister for Women's Empowerment and Child Protection Number 2 of 2011 concerning Guidelines for Handling Child Victims of Violence;","The policy explicitly includes trafficking in persons within the purpose of protecting women and children, and it also cites national anti-trafficking legislation in its legal basis, which per the coding rules is sufficient to include trafficking victims within scope.",Reference only
LAMPUNG LAMPUNG UTARA,LAMPUNG_LAMPUNG_UTARA.txt,6.3,Women workers,intersectional_approach,No,Yes,0.0,1.0,false_positive,0.9988025436771555,"What is meant by ""neglect of workers"" is the action of any person or legal entity that results in improper treatment of female workers whereas according to the law applicable to them or because of an agreement or contract they are obliged to provide adequate protection from lawful actions against workers such as haphazard recruitment, unclear shelters and workplaces, arbitrary business owners.","The policy explicitly references “female workers” in defining a form of violence/neglect related to workers, indicating attention to protection concerns specific to women workers rather than women generally.",Reference only
LAMPUNG METRO KOTA,LAMPUNG_METRO_KOTA.txt,2.4,Gender mainstreaming institutionalisation,institutional_mechanism,Yes,No,1.0,0.0,false_negative,0.9999465949513187,,"The candidate sentences reference principles such as justice and gender equality, but they do not establish or require gender mainstreaming as an institutional mechanism (e.g., no mention of gender mainstreaming in planning, budgeting, focal points, or working groups).",Reference only
LAMPUNG METRO KOTA,LAMPUNG_METRO_KOTA.txt,2.5,Training and capacity building,institutional_mechanism,Yes,No,1.0,0.0,false_negative,0.9972553030339504,,"While the policy mentions increasing the capacity of service provider institutions, it is framed as a governmental authority rather than an explicit mandated duty to conduct/ensure training or capacity-building activities for implementing personnel or service providers, and no explicit training/technical guidance requirement is stated in the provided sentences.",Reference only
LAMPUNG METRO KOTA,LAMPUNG_METRO_KOTA.txt,3.3,Reporting/hotline service,specialised_support_services,Yes,No,1.0,0.0,false_negative,0.8798266996519848,,"The retrieved text defines “Complaint” generally and includes administrative reporting obligations (P2TP2A reporting to SKPD, Mayor, Governor) and community participation in reporting, but it does not establish or describe a mechanism/service/channel designated to receive complaints/reports of violence from victims or the public (e.g., intake service, hotline, or procedures for receiving complaints).",Reference only
LAMPUNG METRO KOTA,LAMPUNG_METRO_KOTA.txt,7.5,Provincial government budget,budget_funding_sources,No,Yes,0.0,1.0,false_positive,0.9998245316235193,Provincial Regional Revenue and Expenditure Budget;,"The financing provision explicitly includes the Provincial Regional Revenue and Expenditure Budget as a source, which is a provincial government budget.",Reference only
LAMPUNG PESAWARAN,LAMPUNG_PESAWARAN.txt,1.5,Economic violence,scope_of_violence,Yes,No,1.0,0.0,false_negative,0.9781476023526112,,"The candidate sentences mention economic exploitation and neglect primarily in relation to children, and define violence/violence against women without including economic suffering as part of violence against women. There is no explicit or implicit linkage in the provided sentences identifying economic violence/exploitation/neglect as a form of violence against women.",Reference only
LAMPUNG PESAWARAN,LAMPUNG_PESAWARAN.txt,1.6,Harmful practices,scope_of_violence,No,Yes,0.0,1.0,false_positive,1.0,prevent marriage at child age; andd.,"The policy explicitly mentions preventing ""marriage at child age,"" which is a harmful practice (child/early marriage) under the coding rules.",Reference only
LAMPUNG PESAWARAN,LAMPUNG_PESAWARAN.txt,2.3,Data collection systems,institutional_mechanism,Yes,No,1.0,0.0,false_negative,1.0,,"The candidate sentences mention reporting violations and general monitoring/supervision, and separately mention developing gender-based information systems, but none explicitly link a data collection/recording/management system to violence against women, VAW victims, or VAW cases as required by the coding rules.",Reference only
LAMPUNG PESAWARAN,LAMPUNG_PESAWARAN.txt,3.5,Legal assistance,specialised_support_services,Yes,No,1.0,0.0,false_negative,0.6351489523872873,,"While the text mentions legal assistance as a right (especially for children) and mentions legal consultation services, it does not identify a specific service unit responsible for providing legal assistance; the cited integrated service unit description does not explicitly include legal aid functions.",Reference only
LAMPUNG PESAWARAN,LAMPUNG_PESAWARAN.txt,3.8,Religious/spiritual counselling,specialised_support_services,No,Yes,0.0,1.0,false_positive,0.7039056039366212,"Special Protection for Children with deviant social behavior as referred to in Article 49 letter m is carried out through guidance on religious values and social values, counseling, social rehabilitation, and social accompaniment.","The policy includes guidance on religious values as part of special protection measures (alongside counseling and rehabilitation), which qualifies as religious/spiritual guidance/support under the coding rules.",Reference only
LAMPUNG PESAWARAN,LAMPUNG_PESAWARAN.txt,4.2,Gender equality education,primary_prevention,Yes,No,1.0,0.0,false_negative,0.9997711312602866,,"While the policy mentions gender equality/gender justice as a principle and includes general campaigns/education about protection and empowerment of women, the candidate sentences do not explicitly describe educational/awareness activities about gender equality or women’s rights that are explicitly situated as a strategy to prevent violence against women (as required by the coding rules).",Reference only
LAMPUNG PESAWARAN,LAMPUNG_PESAWARAN.txt,5.2,Religious engagement,stakeholder_engagement,No,Yes,0.0,1.0,false_positive,0.9998626756131501,"1. In order to ensure the effectiveness of implementing the Child-Friendly Regency policy in the region, a Child-Friendly Regency Task Force is established whose membership includes Regional Apparatus Organizations, child representatives, and may involve legislative, judicial institutions, business sector, religious/community/customary leaders and the community.","The policy explicitly states that the Child-Friendly Regency Task Force membership may involve religious leaders, indicating inclusion of faith-based actors in implementation/coordination structures.",Reference only
LAMPUNG PESAWARAN,LAMPUNG_PESAWARAN.txt,5.3,Traditional/cultural engagement,stakeholder_engagement,No,Yes,0.0,1.0,false_positive,0.999732989016709,"1. In order to ensure the effectiveness of implementing the Child-Friendly Regency policy in the region, a Child-Friendly Regency Task Force is established whose membership includes Regional Apparatus Organizations, child representatives, and may involve legislative, judicial institutions, business sector, religious/community/customary leaders and the community.","The policy explicitly mentions that the task force may involve customary leaders, which qualifies as engaging traditional/customary leaders in an implementation/coordination mechanism.",Reference only
LAMPUNG PESAWARAN,LAMPUNG_PESAWARAN.txt,6.10,Refugee/forced displacement,intersectional_approach,No,Yes,0.0,1.0,false_positive,0.9968591582598831,"children who become refugees;
2. Special protection for children in emergency situations as referred to in paragraph (1), is implemented in accordance with the provisions of laws and regulations.","The policy explicitly includes “children who become refugees” within “children in emergency situations” and states that special protection for children in such emergency situations is implemented, which constitutes special protection measures targeted at refugees/forced displacement (at least for children).",Reference only
LAMPUNG PESISIR BARAT,LAMPUNG_PESISIR_BARAT.txt,2.3,Data collection systems,institutional_mechanism,No,Yes,0.0,1.0,false_positive,0.9778005152307587,2. Cooperation as referred to in paragraph (1) includes: a.,"The policy explicitly links cooperation to “exchange of data and information” in the context of achieving protection objectives for women and children from violence, which is an explicit data/information exchange function tied to violence-related protection efforts.",Reference only
LAMPUNG PESISIR BARAT,LAMPUNG_PESISIR_BARAT.txt,2.6,Monitoring and evaluation,institutional_mechanism,Yes,No,1.0,0.0,false_negative,0.999839789132067,,"The provided sentences do not explicitly establish monitoring and evaluation of implementation or service delivery. References to “fostering and supervising” are present, but there is no explicit monitoring/evaluation mechanism, requirement, or process described in the candidate text.",Reference only
LAMPUNG PESISIR BARAT,LAMPUNG_PESISIR_BARAT.txt,3.2,Police specialised service unit,specialised_support_services,Yes,No,1.0,0.0,false_negative,1.0,,"While police are mentioned as actors involved in assistance and legal processes, the candidate sentences do not identify or refer to any specialised police-based victim service unit (e.g., UPPA/RPK/Women and Children Service Unit) within police offices.",Reference only
LAMPUNG PESISIR BARAT,LAMPUNG_PESISIR_BARAT.txt,5.2,Religious engagement,stakeholder_engagement,No,Yes,0.0,1.0,false_positive,1.0,"1. Assistance includes all integrated efforts to restore and strengthen the condition of victims, carried out by health workers, education, police, prosecutors, courts, advocates, social workers, volunteer assistants and spiritual counselors.","The policy includes “spiritual counselors” among those who carry out integrated assistance efforts to restore and strengthen victims’ condition, which constitutes inclusion of faith/spiritual actors in service delivery.",Reference only
LAMPUNG PRINGSEWU,LAMPUNG_PRINGSEWU.txt,3.3,Reporting/hotline service,specialised_support_services,Yes,No,1.0,0.0,false_negative,0.9996567067120361,,"The retrieved sentences include an administrative reporting chain (PPT reporting activities to SKPD/Regent/Governor) and a general statement that community members may report violence to competent authorities, but they do not establish or describe a mechanism/service unit/channel for receiving complaints/reports from victims or the public as required by the coding rules.",Reference only
LAMPUNG PRINGSEWU,LAMPUNG_PRINGSEWU.txt,4.3,VAW laws awareness,primary_prevention,No,Yes,0.0,1.0,false_positive,0.9992524590751175,conducting socialization of laws and regulations related to the protection of Women and Children Victims of Violence;,"The policy explicitly assigns the regional government a duty to conduct socialization of laws and regulations related to protection of women and children victims of violence, and this duty is situated within prevention/handling/recovery efforts. This satisfies the requirement for prevention-oriented information/education about relevant laws/regulations.",Reference only
LAMPUNG PRINGSEWU,LAMPUNG_PRINGSEWU.txt,4.4,Prevention through education,primary_prevention,Yes,No,1.0,0.0,false_negative,0.7615941559557649,,"Although the policy lists “increasing the quantity and quality of education both formal and non-formal and informal” within a prevention chapter, it does not explicitly identify formal education instruments (e.g., curricula, school-based programs/materials) or involvement of education institutions as the prevention mechanism, beyond a broad reference to improving education. The mention of “universities” is in the context of building cooperation networks, not an explicit education-based prevention program. Under the coding rules, broad education improvements without explicit education-instrument linkage to prevention are insufficient.",Reference only
LAMPUNG PRINGSEWU,LAMPUNG_PRINGSEWU.txt,6.2,Women victims of trafficking,intersectional_approach,No,Yes,0.0,1.0,false_positive,1.0,"prevent all forms of acts of violence including trafficking in persons;
8. Law Number 21 Year 2007 concerning Eradication of the Criminal Act of Trafficking in Persons (State Gazette of the Republic of Indonesia Year 2007 Number 58, Supplement to the State Gazette of the Republic of Indonesia Number 4720);","The policy explicitly includes trafficking in persons within the aims of preventing violence, and it also cites national anti-trafficking legislation in its legal foundations, indicating trafficking cases/victims are within scope.",Reference only
LAMPUNG PRINGSEWU,LAMPUNG_PRINGSEWU.txt,7.4,Other legal sources,budget_funding_sources,Yes,No,1.0,0.0,false_negative,0.9997177323229784,,"The only explicit funding source described is the regional government budget allocation; there is no mention of other legal sources of funding (e.g., private, NGO, earmarked funds, grants, or other non-government legal sources) as budget sources in the provided sentences.",Reference only
LAMPUNG TANGGAMUS,LAMPUNG_TANGGAMUS.txt,2.3,Data collection systems,institutional_mechanism,Yes,No,1.0,0.0,false_negative,0.24491866240370913,,"While the policy mentions cooperation that can include “exchange of data and information,” the candidate sentences do not explicitly link this data/information exchange to violence against women specifically, victims/cases, or a mandated system/entity responsible for collecting/recording/reporting VAW case data; other mentions of information systems are not explicitly tied to VAW case data functions under the coding rules.",Reference only
LAMPUNG TANGGAMUS,LAMPUNG_TANGGAMUS.txt,3.9,Resocialisation services,specialised_support_services,Yes,No,1.0,0.0,false_negative,0.9868673420010168,,"Although social rehabilitation and social reintegration are mentioned as victim rights, the candidate sentences do not clearly identify a specific service unit or mechanism assigned to provide rehabilitation/reintegration/resocialisation services (beyond general references to rights and broad assistance).",Reference only
MALUKU KEPULAUAN TANIMBAR,MALUKU_KEPULAUAN_TANIMBAR.txt,1.6,Harmful practices,scope_of_violence,No,Yes,0.0,1.0,false_positive,0.9998626756131501,preventing marriage at child age;,"The policy explicitly mentions preventing marriage at child age, which is a harmful practice (child/early marriage) under the coding rules.",Reference only
MALUKU KEPULAUAN TANIMBAR,MALUKU_KEPULAUAN_TANIMBAR.txt,3.3,Reporting/hotline service,specialised_support_services,Yes,No,1.0,0.0,false_negative,0.9997940169556383,,"The candidate sentences indicate that community members may report violence to law enforcement/authorities, but they do not establish or describe a dedicated mechanism/service/channel for receiving complaints or reports (e.g., hotline, intake service, or designated reporting unit).",Reference only
MALUKU KEPULAUAN TANIMBAR,MALUKU_KEPULAUAN_TANIMBAR.txt,3.9,Resocialisation services,specialised_support_services,Yes,No,1.0,0.0,false_negative,0.703905603936621,,"Although social rehabilitation and social reintegration are mentioned as victim rights and community may play an active role in rehabilitation/reintegration, the provided sentences do not identify a specific service unit or institution responsible for delivering rehabilitation/reintegration services.",Reference only
MALUKU KEPULAUAN TANIMBAR,MALUKU_KEPULAUAN_TANIMBAR.txt,4.3,VAW laws awareness,primary_prevention,Yes,No,1.0,0.0,false_negative,0.24491866240370913,,"The policy mentions conducting socialization of laws and regulations related to protection for women and children victims of violence, but the candidate sentences do not explicitly situate this legal socialization as a primary prevention strategy/measure to prevent violence against women (it is listed under protection activities). Under the coding rules, the prevention linkage must be explicit.",Reference only
MALUKU KEPULAUAN TANIMBAR,MALUKU_KEPULAUAN_TANIMBAR.txt,5.2,Religious engagement,stakeholder_engagement,No,Yes,0.0,1.0,false_positive,0.999839789132067,spiritual services;,"The policy includes “spiritual services” as a right for every victim, which constitutes inclusion of spiritual/religious counselling or support services for survivors under the coding rules.",Reference only
MALUKU MALUKU TENGAH,MALUKU_MALUKU_TENGAH.txt,2.5,Training and capacity building,institutional_mechanism,No,Yes,0.0,1.0,false_positive,0.9997406174072243,1. The Regional Government is obligated to conduct guidance on the organization of protection for women and children victims of violence including technical guidance and training.,"The policy explicitly obligates the Regional Government to conduct guidance on organizing protection for women and children victims of violence, including technical guidance and training, which is a direct mandate for training/capacity building for implementation.",Reference only
MALUKU MALUKU TENGAH,MALUKU_MALUKU_TENGAH.txt,3.4,Safety/protection shelter,specialised_support_services,No,Yes,0.0,1.0,false_positive,1.0,"28. Safe House is temporary housing provided to give protection to victims in accordance with predetermined operational standards.
Special handling is carried out through Safe House services and in cooperation with the police and the Witness and Victim Protection Agency (LPSK).","The policy defines a Safe House as temporary housing for victim protection and states that special handling is carried out through Safe House services, indicating an accommodation-based protection mechanism for victims of violence.",Reference only
MALUKU MALUKU TENGAH,MALUKU_MALUKU_TENGAH.txt,6.2,Women victims of trafficking,intersectional_approach,No,Yes,0.0,1.0,false_positive,0.9999084493610688,"10. Law Number 21 of 2007 concerning Eradication of the Criminal Act of Trafficking in Persons (State Gazette of the Republic of Indonesia of 2007 Number 58, Supplement to the State Gazette of the Republic of Indonesia Number 4720);
16. Government Regulation Number 9 of 2008 concerning Procedures and Mechanisms for Integrated Services for Victims of Criminal Acts of Trafficking in Persons (State Gazette of the Republic of Indonesia of 2008 Number 22, Supplement to the State Gazette of the Republic of Indonesia Number 4818);","The policy’s legal basis explicitly references national anti-trafficking legislation and an implementing regulation on integrated services for trafficking victims, which meets the coding rule that such citations indicate trafficking cases/victims are intended to be covered.",Reference only
MALUKU MALUKU TENGAH,MALUKU_MALUKU_TENGAH.txt,6.5,People with disability,intersectional_approach,No,Yes,0.0,1.0,false_positive,1.0,"2. In addition to the minimum service standards as referred to in paragraph (1), the Regent shall establish special Minimum Service Standards for victims with Disabilities.","The policy explicitly requires the Regent to establish special minimum service standards for victims with disabilities, which constitutes a disability-specific protection/service measure.",Reference only
MALUKU SERAM BAGIAN BARAT,MALUKU_SERAM_BAGIAN_BARAT.txt,1.9,Sexual slavery/exploitation,scope_of_violence,Yes,No,1.0,0.0,false_negative,0.9994507590239725,,"Although the text includes general references to “social exploitation” and defines “Sexual Violence,” none of the provided sentences explicitly mention sexual exploitation, sexual slavery, prostitution/forced sexual services, or trafficking for sexual exploitation, as required by the coding rules.",Reference only
MALUKU SERAM BAGIAN BARAT,MALUKU_SERAM_BAGIAN_BARAT.txt,4.4,Prevention through education,primary_prevention,Yes,No,1.0,0.0,false_negative,0.809301070201781,,"Although the policy mentions increasing the quantity and quality of education in the context of broader prevention efforts, the candidate sentences do not explicitly identify formal education instruments (e.g., curricula, school-based programs, teaching materials, or education institutions delivering specific prevention education) as the prevention mechanism; the references are general education improvement/access rather than explicit education-based prevention programming.",Reference only
MALUKU SERAM BAGIAN BARAT,MALUKU_SERAM_BAGIAN_BARAT.txt,7.2,National government budget,budget_funding_sources,No,Yes,0.0,1.0,false_positive,1.0,"Point b, what is meant by other lawful sources is assistance, financial assistance from the Central Government, Provincial Government, or assistance from domestic or foreign NGOs.","The policy clarifies that ""other lawful sources"" include assistance/financial assistance from the Central Government, which constitutes a national government budget source.",Reference only
MALUKU SERAM BAGIAN BARAT,MALUKU_SERAM_BAGIAN_BARAT.txt,7.5,Provincial government budget,budget_funding_sources,No,Yes,0.0,1.0,false_positive,1.0,"Point b, what is meant by other lawful sources is assistance, financial assistance from the Central Government, Provincial Government, or assistance from domestic or foreign NGOs.","The policy specifies that ""other lawful sources"" include assistance/financial assistance from the Provincial Government, which is a provincial-level government budget source.",Reference only
MALUKU TUAL KOTA,MALUKU_TUAL_KOTA.txt,1.8,Human trafficking,scope_of_violence,No,Yes,0.0,1.0,false_positive,1.0,"8. Law Number 21 of 2007 concerning Eradication of the Criminal Act of Trafficking in Persons (State Gazette of the Republic of Indonesia of 2007 Number 58, Supplement to the State Gazette of the Republic of Indonesia Number 4928);","The policy’s legal foundation explicitly cites a national law on eradication of the criminal act of trafficking in persons, which meets the coding rule for inclusion.",Reference only
MALUKU TUAL KOTA,MALUKU_TUAL_KOTA.txt,6.2,Women victims of trafficking,intersectional_approach,No,Yes,0.0,1.0,false_positive,1.0,"8. Law Number 21 of 2007 concerning Eradication of the Criminal Act of Trafficking in Persons (State Gazette of the Republic of Indonesia of 2007 Number 58, Supplement to the State Gazette of the Republic of Indonesia Number 4928);","The policy’s legal basis explicitly cites a national law on eradication of trafficking in persons, which (per coding rules) is sufficient to indicate trafficking cases/victims are within scope.",Reference only
MALUKU UTARA HALMAHERA TIMUR,MALUKU_UTARA_HALMAHERA_TIMUR.txt,3.4,Safety/protection shelter,specialised_support_services,No,Yes,0.0,1.0,false_positive,0.9934266584516671,"networking with government or private hospitals for treatment and health recovery of victims and cooperating with witness and victim protection institutions, social shelters or trauma centers owned by the government, community or other institutions for health recovery of victims;","The policy explicitly references cooperation with “social shelters or trauma centers” for victims’ recovery, which indicates the existence/use of shelter-type services within the victim support framework.",Reference only
MALUKU UTARA HALMAHERA TIMUR,MALUKU_UTARA_HALMAHERA_TIMUR.txt,6.1,Women in conflict/disaster areas,intersectional_approach,No,Yes,0.0,1.0,false_positive,1.0,"h organizing the protection of women, especially protection for victims of violence, female workers, elderly women, and women with disabilities, in conflict areas and disaster-affected areas;","The policy explicitly mandates protection of women (including specific subgroups) in conflict areas and disaster-affected areas, which constitutes special protection measures targeted at women in such situations.",Reference only
MALUKU UTARA HALMAHERA TIMUR,MALUKU_UTARA_HALMAHERA_TIMUR.txt,6.2,Women victims of trafficking,intersectional_approach,No,Yes,0.0,1.0,false_positive,0.8798266996519848,"exemption from cost burdens for malnourished children, children undergoing dialysis due to kidney failure, children with thalassemia major, children with disabilities, children with special needs, street children, children infected with HIV/AIDS, child workers, children victims of narcotics, alcohol, psychotropic and other addictive substances (NAPZA) abuse, children who are victims of violence, such as neglect, economically exploited, sexually exploited and victims of human trafficking.","The policy explicitly mentions ""victims of human trafficking"" within the scope of covered children in health services, which is sufficient under the coding rules to count trafficking as included in the policy’s scope (even though it is not specific to women).",Reference only
MALUKU UTARA HALMAHERA TIMUR,MALUKU_UTARA_HALMAHERA_TIMUR.txt,6.3,Women workers,intersectional_approach,No,Yes,0.0,1.0,false_positive,0.9998245316235193,"h organizing the protection of women, especially protection for victims of violence, female workers, elderly women, and women with disabilities, in conflict areas and disaster-affected areas;
1 developing a gender-based information system; and m providing and organizing integrated or non-integrated services for women victims of violence, female workers, elderly women, and women with disabilities.","The policy explicitly identifies ""female workers"" as a subgroup of women for whom protection and services are to be organized, meeting the requirement for women workers as a specific target group.",Reference only
MALUKU UTARA HALMAHERA TIMUR,MALUKU_UTARA_HALMAHERA_TIMUR.txt,6.4,Elderly women,intersectional_approach,No,Yes,0.0,1.0,false_positive,1.0,"h organizing the protection of women, especially protection for victims of violence, female workers, elderly women, and women with disabilities, in conflict areas and disaster-affected areas;
1 developing a gender-based information system; and m providing and organizing integrated or non-integrated services for women victims of violence, female workers, elderly women, and women with disabilities.","The policy explicitly includes ""elderly women"" among groups for whom protection and services are to be organized, indicating special protection measures targeted at elderly women.",Reference only
MALUKU UTARA HALMAHERA TIMUR,MALUKU_UTARA_HALMAHERA_TIMUR.txt,6.5,People with disability,intersectional_approach,No,Yes,0.0,1.0,false_positive,0.999732989016709,"h organizing the protection of women, especially protection for victims of violence, female workers, elderly women, and women with disabilities, in conflict areas and disaster-affected areas;
1 developing a gender-based information system; and m providing and organizing integrated or non-integrated services for women victims of violence, female workers, elderly women, and women with disabilities.","The policy explicitly identifies ""women with disabilities"" as a group for whom protection and services are to be organized, satisfying the criterion for disability-targeted protection measures (for women with disabilities).",Reference only
MALUKU UTARA TERNATE KOTA,MALUKU_UTARA_TERNATE_KOTA.txt,2.1,Institutional network,institutional_mechanism,No,Yes,0.0,1.0,false_positive,1.0,"1. The provision of protection to victims is carried out in an integrated manner within the Integrated Service Center for the Empowerment of Women and Children (P2TP2A).
2. P2TP2A Ternate City may receive case referrals from stakeholders within the Ternate City area.","The policy establishes an integrated service delivery mechanism through P2TP2A and explicitly provides for receiving case referrals from stakeholders, which constitutes an institutional network/referral mechanism supporting protection/response implementation.",Reference only
MALUKU UTARA TERNATE KOTA,MALUKU_UTARA_TERNATE_KOTA.txt,3.9,Resocialisation services,specialised_support_services,Yes,No,1.0,0.0,false_negative,0.4621171572600098,,"Although the policy mentions continuous handling up to the rehabilitation stage and victims resuming life in society, the provided sentences do not identify a specific service unit or institution responsible for rehabilitation/reintegration/resocialisation services as such.",Reference only
NUSA TENGGARA BARAT BIMA,NUSA_TENGGARA_BARAT_BIMA.txt,1.1,Domestic violence,scope_of_violence,Yes,No,1.0,0.0,false_negative,1.0,,"Across the provided sentences, the policy discusses violence against women and children generally and defines “Violence” broadly, but it does not explicitly mention domestic/household/family/intimate partner violence or violence in the private/home sphere, nor does it cite a domestic violence-specific legal framework in the shown excerpts.",Reference only
NUSA TENGGARA BARAT BIMA,NUSA_TENGGARA_BARAT_BIMA.txt,1.6,Harmful practices,scope_of_violence,No,Yes,0.0,1.0,false_positive,1.0,"f. conducting socialization and education on laws and regulations related to women's empowerment, protection of women and Children, such as prevention of unregistered marriages and the dangers of child marriage;","The policy explicitly references “the dangers of child marriage” (and also mentions prevention of unregistered marriages) as part of community participation/socialization activities, which qualifies as addressing a harmful practice affecting girls.",Reference only
NUSA TENGGARA BARAT BIMA,NUSA_TENGGARA_BARAT_BIMA.txt,1.9,Sexual slavery/exploitation,scope_of_violence,Yes,No,1.0,0.0,false_negative,0.9999847412691449,,"The excerpts mention “exploitation” only in a general sense and do not explicitly indicate sexual exploitation, sexual slavery, prostitution, or trafficking for sexual purposes, nor do they define exploitation in sexual terms.",Reference only
NUSA TENGGARA BARAT BIMA,NUSA_TENGGARA_BARAT_BIMA.txt,2.5,Training and capacity building,institutional_mechanism,Yes,No,1.0,0.0,false_negative,0.9829678355105722,,"While the policy mentions “capacity building” and “improving capacity” of service provider institutions, the retrieved sentences do not explicitly mandate training/technical guidance/professional development for implementing personnel as a required activity (and references to technical guidance appear as part of supervision/authority rather than a clear training mandate).",Reference only
NUSA TENGGARA BARAT BIMA,NUSA_TENGGARA_BARAT_BIMA.txt,3.5,Legal assistance,specialised_support_services,Yes,No,1.0,0.0,false_negative,0.999732989016709,,"The listed victim services include complaints, outreach, case management, shelter, mediation, and assistance, but none of the candidate sentences explicitly mention legal aid/legal assistance/legal representation or a legal service unit for victims.",Reference only
NUSA TENGGARA BARAT BIMA,NUSA_TENGGARA_BARAT_BIMA.txt,5.4,Education institutions engagement,stakeholder_engagement,No,Yes,0.0,1.0,false_positive,1.0,"Paragraph (2) What is meant by ""Working Group"" is a discussion forum consisting of stakeholders in the region (regional apparatus, NGOs, Business World, and Universities) in formulating agreements and/or policies that will be proposed to the regent in the form of recommendations for decision-making.","The policy includes universities as stakeholders within a working group that formulates agreements/policies, which constitutes engagement of education institutions in implementation/coordination mechanisms.",Reference only
NUSA TENGGARA BARAT BIMA,NUSA_TENGGARA_BARAT_BIMA.txt,6.4,Elderly women,intersectional_approach,Yes,No,1.0,0.0,false_negative,0.9998169029128974,,"The only reference to the elderly appears as part of a broad principle statement alongside other groups, without any special protection measures specifically targeted at elderly women.",Reference only
NUSA TENGGARA BARAT BIMA,NUSA_TENGGARA_BARAT_BIMA.txt,6.5,People with disability,intersectional_approach,Yes,No,1.0,0.0,false_negative,0.9994965233437609,,"The text mentions “disability groups” within a general principle and references non-discrimination by physical/psychological condition, but it does not identify people with disabilities (or women with disabilities) as beneficiaries of specific protection/services or provide disability-specific measures.",Reference only
NUSA TENGGARA BARAT BIMA,NUSA_TENGGARA_BARAT_BIMA.txt,6.7,Women from minority groups,intersectional_approach,Yes,No,1.0,0.0,false_negative,1.0,,"The excerpts include general non-discrimination language and broad references to vulnerable/marginalized groups, but do not explicitly identify minority/isolated/indigenous/ethnic or religious minority women as beneficiaries of special protection or services.",Reference only
NUSA TENGGARA BARAT BIMA KOTA,NUSA_TENGGARA_BARAT_BIMA_KOTA.txt,2.3,Data collection systems,institutional_mechanism,Yes,No,1.0,0.0,false_negative,0.9992372060475254,,"The candidate sentences mention building an information system and periodic reporting by PPT, but they do not explicitly link these to collecting/recording/managing data on violence against women cases or victims. The reporting described is framed as implementation reporting (administration/finance/services/performance) rather than a VAW case data system, which the coding rules exclude.",Reference only
NUSA TENGGARA BARAT DOMPU,NUSA_TENGGARA_BARAT_DOMPU.txt,2.4,Gender mainstreaming institutionalisation,institutional_mechanism,Yes,No,1.0,0.0,false_negative,0.9998169029128974,,"While the policy references principles such as gender equality, it does not explicitly require or establish gender mainstreaming as an institutional mechanism (e.g., mainstreaming in planning/budgeting, a gender mainstreaming working group/focal point, or institutional arrangements specifically for gender mainstreaming).",Reference only
NUSA TENGGARA BARAT DOMPU,NUSA_TENGGARA_BARAT_DOMPU.txt,4.2,Gender equality education,primary_prevention,Yes,No,1.0,0.0,false_negative,0.8798266996519848,,"While the policy mentions critical education on the rights of women and children as victims of violence, the cited prevention education is framed around victim rights and violence prevention rather than education specifically about gender equality/women’s rights as a primary prevention strategy. References to gender equality appear as principles, not as prevention education activities.",Reference only
NUSA TENGGARA BARAT DOMPU,NUSA_TENGGARA_BARAT_DOMPU.txt,5.2,Religious engagement,stakeholder_engagement,No,Yes,0.0,1.0,false_positive,0.9719093431673114,vocational training and entrepreneurship development; spiritual mental guidance;,"The policy includes “spiritual mental guidance” as part of service components, which qualifies as inclusion of spiritual/religious guidance as a support service for survivors under the coding rules, even though specific faith-based institutions/leaders are not named.",Reference only
NUSA TENGGARA BARAT DOMPU,NUSA_TENGGARA_BARAT_DOMPU.txt,6.10,Refugee/forced displacement,intersectional_approach,No,Yes,0.0,1.0,false_positive,0.9999694826547045,Children who are refugees;,The policy explicitly identifies refugees as a category receiving special protection in emergency situations (children who are refugees). This constitutes a special protection measure targeted at refugees/forced displacement within the scope of the cited text.,Reference only
NUSA TENGGARA BARAT LOMBOK TENGAH,NUSA_TENGGARA_BARAT_LOMBOK_TENGAH.txt,1.6,Harmful practices,scope_of_violence,No,Yes,0.0,1.0,false_positive,0.9997711312602866,"women and children victims of violence: providing a sense of security to women and children from crime and violence: preventing children from child marriage, guaranteeing Protection and fulfillment of children's rights, and providing reproductive health guarantees to women and children.","The policy explicitly mentions preventing children from “child marriage,” which is a harmful practice and is sufficient for a Yes under the coding rules.",Reference only
NUSA TENGGARA BARAT LOMBOK TENGAH,NUSA_TENGGARA_BARAT_LOMBOK_TENGAH.txt,2.3,Data collection systems,institutional_mechanism,Yes,No,1.0,0.0,false_negative,0.986344439299969,,"While the text mentions strengthening data and information systems and using data for policy improvement, the cited sentences link these data-system measures to child protection/referral services for children requiring special protection, not explicitly to violence against women, women victims, or VAW case data as required by the coding rules.",Reference only
NUSA TENGGARA BARAT LOMBOK TENGAH,NUSA_TENGGARA_BARAT_LOMBOK_TENGAH.txt,2.4,Gender mainstreaming institutionalisation,institutional_mechanism,No,Yes,0.0,1.0,false_positive,0.35835739835078595,"Quality of Life of Women includes, Institutionalization of PUG in government institutions at the regency/city Region level.","The policy (in the elucidation) explicitly references the institutionalization of PUG (gender mainstreaming) in government institutions at the regency/city level, indicating gender mainstreaming as an institutional mechanism rather than only general gender equality language.",Reference only
NUSA TENGGARA BARAT LOMBOK TENGAH,NUSA_TENGGARA_BARAT_LOMBOK_TENGAH.txt,2.5,Training and capacity building,institutional_mechanism,Yes,No,1.0,0.0,false_negative,0.4621171572600097,,"The candidate sentences that mention improving knowledge and skills are explicitly framed as strengthening capacity for child protection units and related personnel, and the only explicit “education and training” reference appears as a description of obligations in higher-level law within the elucidation rather than a clear mandate in the policy text shown. Other mentions of training relate to business participation or women’s skills training (excluded by the coding rules).",Reference only
NUSA TENGGARA BARAT LOMBOK TENGAH,NUSA_TENGGARA_BARAT_LOMBOK_TENGAH.txt,3.8,Religious/spiritual counselling,specialised_support_services,Yes,No,1.0,0.0,false_negative,1.0,,"None of the candidate sentences explicitly mention religious/spiritual counselling, guidance, mentoring, or faith-based support services for victims, nor identify religious personnel/agencies as service providers.",Reference only
NUSA TENGGARA BARAT LOMBOK TENGAH,NUSA_TENGGARA_BARAT_LOMBOK_TENGAH.txt,4.1,Information and education about VAW,primary_prevention,Yes,No,1.0,0.0,false_negative,0.9995422887110232,,"The candidate sentences define violence against women and describe protection/prevention efforts, but they do not specify any information/education/awareness-raising activities that are explicitly about violence against women or anti-violence norms. The only explicit education/socialization items shown are about women’s basic rights/equality (women’s empowerment) or about child protection, which are excluded unless explicitly tied to preventing violence against women.",Reference only
NUSA TENGGARA BARAT LOMBOK TENGAH,NUSA_TENGGARA_BARAT_LOMBOK_TENGAH.txt,4.4,Prevention through education,primary_prevention,Yes,No,1.0,0.0,false_negative,0.9952677533825307,,"The candidate sentences include school-related and education-related measures, but these are framed within child protection (e.g., school education for child protection, strengthening child-friendly school systems) rather than as education explicitly used to prevent violence against women or as a general prevention strategy for violence against women and children. The coding rules exclude education measures that only target children for preventing violence against children, and no explicit education-as-prevention mechanism for VAW is shown.",Reference only
NUSA TENGGARA BARAT LOMBOK TENGAH,NUSA_TENGGARA_BARAT_LOMBOK_TENGAH.txt,5.3,Traditional/cultural engagement,stakeholder_engagement,No,Yes,0.0,1.0,false_positive,0.999732989016709,"Strengthening the institutional capacity of child Protection and empowerment and education units as referred to in paragraph (1) letter a shall be carried out through regional government policy intervention towards improving the knowledge and skills of law enforcement officers, village apparatus, KUA officers, customary stakeholders, extension workers and teachers.","The policy explicitly references “customary stakeholders” as a target group for improving knowledge and skills as part of strengthening regulations and institutions, indicating involvement of customary/traditional actors in implementation capacity-building linked to preventing violence/vulnerability.",Reference only
NUSA TENGGARA BARAT LOMBOK TENGAH,NUSA_TENGGARA_BARAT_LOMBOK_TENGAH.txt,6.1,Women in conflict/disaster areas,intersectional_approach,No,Yes,0.0,1.0,false_positive,0.9997406174072243,"efforts to Protect Women in disaster situations.
Efforts to Protect Women in disaster situations  as referred to in Article 9 letter d, are implemented  through:
provision of women-friendly facilities at disaster evacuation  sites.","The policy explicitly includes “efforts to Protect Women in disaster situations” and specifies implementation measures (health services and women-friendly facilities at evacuation sites), which are special protection measures targeted at women in disaster/emergency contexts.",Reference only
NUSA TENGGARA BARAT LOMBOK TENGAH,NUSA_TENGGARA_BARAT_LOMBOK_TENGAH.txt,6.5,People with disability,intersectional_approach,No,Yes,0.0,1.0,false_positive,0.9997711312602866,"facilitate the needs of Victims with Disabilities,","The policy includes a disability-specific service responsibility by requiring the UPTD PPA to “facilitate the needs of Victims with Disabilities,” which constitutes an explicit disability-targeted protection/service measure (not limited to children).",Reference only
NUSA TENGGARA BARAT LOMBOK TENGAH,NUSA_TENGGARA_BARAT_LOMBOK_TENGAH.txt,6.6,Women heads of household,intersectional_approach,No,Yes,0.0,1.0,false_positive,0.9963183951591452,"developing innovative methods through assistance and/or  more effective facilitation for pre-prosperous families, and  developing programs and activities in efforts to  reduce poverty rates for pre-prosperous families  and women who serve as heads of households.","The policy explicitly references “women who serve as heads of households” within efforts to improve family quality and reduce poverty, indicating targeted programmatic attention/support for this group.",Reference only
NUSA TENGGARA BARAT LOMBOK TENGAH,NUSA_TENGGARA_BARAT_LOMBOK_TENGAH.txt,6.10,Refugee/forced displacement,intersectional_approach,No,Yes,0.0,1.0,false_positive,0.9253462253117412,Children who become refugees:b.,"The policy explicitly includes refugees within “Children in emergency situations,” specifying “Children who become refugees,” which constitutes special protection coverage targeted at refugees/forced displacement (at least for children).",Reference only
NUSA TENGGARA BARAT LOMBOK TENGAH,NUSA_TENGGARA_BARAT_LOMBOK_TENGAH_v2.txt,1.8,Human trafficking,scope_of_violence,No,Yes,0.0,1.0,false_positive,0.999732989016709,"Children with Human Immunodeficiency Virus and Acquired Immune Deficiency Syndrome, ii Children victims of kidnapping, sale, and/or trafficking:j.","The policy explicitly includes “Children victims of kidnapping, sale, and/or trafficking,” which directly covers trafficking in persons as a protected category.",Reference only
NUSA TENGGARA BARAT LOMBOK TENGAH,NUSA_TENGGARA_BARAT_LOMBOK_TENGAH_v2.txt,2.3,Data collection systems,institutional_mechanism,Yes,No,1.0,0.0,false_negative,1.0,,"The candidate sentences mention strengthening data and information systems and using data for policy improvement, but they do not explicitly link data collection/management to violence against women, victims, or violence cases (and the referenced data system is framed as a basis for child special-protection referral services). No explicit mandate or assignment is shown for collecting/recording/reporting VAW/victim/case data.",Reference only
NUSA TENGGARA BARAT LOMBOK TENGAH,NUSA_TENGGARA_BARAT_LOMBOK_TENGAH_v2.txt,2.5,Training and capacity building,institutional_mechanism,Yes,No,1.0,0.0,false_negative,0.848283639957513,,"The candidate sentences include institutional capacity strengthening aimed at child protection units and increasing knowledge/skills of various actors, but this is framed as child protection-focused and does not explicitly extend to violence against women/GBV implementation. Other mentions of “skills training” relate to community participation/women’s empowerment rather than training for implementing agencies/service providers responsible for implementing the policy’s VAW components.",Reference only
NUSA TENGGARA BARAT LOMBOK TENGAH,NUSA_TENGGARA_BARAT_LOMBOK_TENGAH_v2.txt,4.1,Information and education about VAW,primary_prevention,Yes,No,1.0,0.0,false_negative,1.0,,"The retrieved sentences include definitions of violence against women and general prevention/protection aims, plus education/socialization activities focused on women’s basic rights/equality or on child protection. None of the cited passages explicitly describe information/education/awareness activities specifically about violence against women or anti-violence norms/values as a preventive measure (as opposed to general prevention statements or rights/equality education).",Reference only
NUSA TENGGARA BARAT LOMBOK TENGAH,NUSA_TENGGARA_BARAT_LOMBOK_TENGAH_v2.txt,4.2,Gender equality education,primary_prevention,Yes,No,1.0,0.0,false_negative,1.0,,"The text describes awareness-raising about women’s basic rights and equality, implemented via education/socialization/advocacy, but it is framed under women’s empowerment/self-capacity improvement rather than explicitly situated as a strategy to prevent violence against women (a requirement in the coding rules). Other education references relate to child protection or general services, not VAW prevention through gender equality education.",Reference only
NUSA TENGGARA BARAT LOMBOK TENGAH,NUSA_TENGGARA_BARAT_LOMBOK_TENGAH_v2.txt,4.3,VAW laws awareness,primary_prevention,Yes,No,1.0,0.0,false_negative,1.0,,"While the policy references various laws and includes education/training obligations (e.g., for officers) and general education/socialization/advocacy, none of the retrieved sentences specify dissemination/socialization/education specifically about laws/regulations/policies on violence against women as a prevention strategy. Listing laws or providing legal services/information about victims’ rights is not the same as educating the public about VAW laws for prevention.",Reference only
NUSA TENGGARA BARAT LOMBOK TENGAH,NUSA_TENGGARA_BARAT_LOMBOK_TENGAH_v2.txt,5.2,Religious engagement,stakeholder_engagement,No,Yes,0.0,1.0,false_positive,1.0,"strengthening understanding and the role of parents, families, social/community organizations, schools, Islamic boarding schools and other stakeholders in child Protection efforts,b.","The policy explicitly includes “Islamic boarding schools” among stakeholders whose understanding and role are to be strengthened in child protection efforts, which is a faith-based actor/institution engaged in implementation/prevention activities.",Reference only
NUSA TENGGARA BARAT LOMBOK TENGAH,NUSA_TENGGARA_BARAT_LOMBOK_TENGAH_v2.txt,5.3,Traditional/cultural engagement,stakeholder_engagement,No,Yes,0.0,1.0,false_positive,0.9999313366279103,"Strengthening the institutional capacity of child Protection and empowerment and education units as referred to in paragraph (1) letter a shall be carried out through regional government policy intervention towards increasing the knowledge and skills of law enforcement officers, village apparatus, KUA officers, customary stakeholders, extension workers and teachers.","The policy explicitly references “customary stakeholders” as a target group for increasing knowledge and skills as part of strengthening institutional capacity, indicating engagement of customary/traditional actors in implementation/capacity building related to protection efforts.",Reference only
NUSA TENGGARA BARAT LOMBOK TENGAH,NUSA_TENGGARA_BARAT_LOMBOK_TENGAH_v2.txt,6.6,Women heads of household,intersectional_approach,No,Yes,0.0,1.0,false_positive,0.9540452601799487,"development of innovative ways through assistance and/or  more effective facilitation for pre-prosperous families, and  development of programs and activities in efforts to  reduce poverty rates for pre-prosperous families  and women who serve as heads of families.","The policy explicitly references “women who serve as heads of families” within measures to improve family quality and reduce poverty, indicating targeted support measures for women heads of households/families.",Reference only
NUSA TENGGARA BARAT LOMBOK TENGAH,NUSA_TENGGARA_BARAT_LOMBOK_TENGAH_v2.txt,6.10,Refugee/forced displacement,intersectional_approach,No,Yes,0.0,1.0,false_positive,0.9999313366279103,Children who become refugees:b.,"The policy explicitly includes “Children who become refugees” as part of “Children in emergency situations,” which constitutes special protection targeted at refugees/forced displacement (at least for children) within the policy’s special protection framework.",Reference only
NUSA TENGGARA BARAT LOMBOK UTARA,NUSA_TENGGARA_BARAT_LOMBOK_UTARA.txt,1.6,Harmful practices,scope_of_violence,No,Yes,0.0,1.0,false_positive,0.9999084493610688,"preventing early marriage;
raising awareness about safe sex, the dangers of cigarettes, alcoholic beverages, narcotics and psychotropic abuse, Child marriage, pornography, pornographic acts and HIV/AIDS to families, the Community and Children;
development of Marriage Age Maturation Programs;","The policy explicitly addresses harmful practices through references to preventing early marriage, raising awareness about child marriage, and implementing marriage age maturation programs, which are recognized harmful practices affecting girls.",Reference only
NUSA TENGGARA BARAT LOMBOK UTARA,NUSA_TENGGARA_BARAT_LOMBOK_UTARA.txt,2.4,Gender mainstreaming institutionalisation,institutional_mechanism,No,Yes,0.0,1.0,false_positive,0.9998626756131501,2. The provisions referred to in paragraph (1) shall be implemented in the form of gender mainstreaming in every policy and Community life.,"The policy explicitly requires that the provisions for cultivating a gender-just social system be implemented in the form of gender mainstreaming in every policy and community life. This is a direct institutional requirement for gender mainstreaming as an implementation approach, satisfying the criterion.",Reference only
NUSA TENGGARA BARAT LOMBOK UTARA,NUSA_TENGGARA_BARAT_LOMBOK_UTARA.txt,3.10,Economic support,specialised_support_services,Yes,No,1.0,0.0,false_negative,0.9864732576227686,,"While the policy mentions developing economic enterprises for adult women within a broader rehabilitation/reintegration/empowerment framework, the candidate sentences do not explicitly specify that this economic support is provided to women victims of violence (as opposed to adult women generally). Under the coding rules, the link to women victims of violence must be explicit.",Reference only
NUSA TENGGARA BARAT LOMBOK UTARA,NUSA_TENGGARA_BARAT_LOMBOK_UTARA.txt,4.4,Prevention through education,primary_prevention,No,Yes,0.0,1.0,false_positive,0.9989626714494348,"organizing education on the prevention of Violence against Women and Children;
developing child-friendly school models;","The policy explicitly includes education as part of prevention and protection (education on prevention of violence against women and children) and also specifies a school-based initiative (developing child-friendly school models) within the prevention package, satisfying the requirement that education/schools are used as an explicit prevention mechanism.",Reference only
NUSA TENGGARA BARAT MATARAM KOTA,NUSA_TENGGARA_BARAT_MATARAM_KOTA.txt,3.2,Police specialised service unit,specialised_support_services,No,Yes,0.0,1.0,false_positive,1.0,"The PPT is equipped with companions from educators, doctors, psychologists, religious leaders/clergy and networked with lawyers for women and children as well as the RPK Unit at the Police.","The policy explicitly refers to the “RPK Unit at the Police” as part of the service network for women and children victims of violence, which constitutes a recognised specialised police victim service unit under the coding rules.",Reference only
NUSA TENGGARA TIMUR MANGGARAI,NUSA_TENGGARA_TIMUR_MANGGARAI.txt,1.9,Sexual slavery/exploitation,scope_of_violence,Yes,No,1.0,0.0,false_negative,1.0,,"While the policy mentions “sexual violence,” “exploitation,” and “trafficking of women and children,” none of the candidate sentences explicitly connect exploitation/trafficking to sexual exploitation or sexual slavery, and the exploitation definition provided is general rather than sexual in nature.",Reference only
NUSA TENGGARA TIMUR MANGGARAI,NUSA_TENGGARA_TIMUR_MANGGARAI.txt,2.2,Collaboration with NGOs,institutional_mechanism,Yes,No,1.0,0.0,false_negative,0.9540452601799487,,"The text mentions involving “community participation” and “community social organizations” and refers to volunteer companions, but it does not explicitly identify NGOs/civil society service providers as partners nor describe a cooperation/coordination mechanism specifically with non-government service providers as required by the coding rules.",Reference only
NUSA TENGGARA TIMUR MANGGARAI BARAT,NUSA_TENGGARA_TIMUR_MANGGARAI_BARAT.txt,3.9,Resocialisation services,specialised_support_services,Yes,No,1.0,0.0,false_negative,0.5545997223493823,,"Although the policy mentions victims’ right to continuous handling up to the rehabilitation stage, the candidate sentences do not identify a specific service unit or institution responsible for providing rehabilitation/resocialisation/reintegration services (beyond general rights language).",Reference only
NUSA TENGGARA TIMUR SIKKA,NUSA_TENGGARA_TIMUR_SIKKA.txt,4.3,VAW laws awareness,primary_prevention,No,Yes,0.0,1.0,false_positive,1.0,c. Conducting socialization of laws and regulations related to the implementation of protection for women and children victims of violence,"The policy explicitly mentions conducting socialization of laws and regulations related to implementing protection for women and children victims of violence, and this appears within the context of establishing/implementing protection programs and activities tied to prevention responsibilities.",Reference only
NUSA TENGGARA TIMUR SIKKA,NUSA_TENGGARA_TIMUR_SIKKA.txt,6.1,Women in conflict/disaster areas,intersectional_approach,No,Yes,0.0,1.0,false_positive,0.6351489523872874,"8. Victim is a woman and child who experiences acts of violence and/or threats of violence that include physical, sexual, psychological, economic and/or social violence, in the family, community and/or society, in conflict situations, post-conflict, and the state.","The policy’s definition of “Victim” explicitly includes women (and children) experiencing violence “in conflict situations” and “post-conflict,” indicating women affected by conflict are within the protected group.",Reference only
NUSA TENGGARA TIMUR TIMOR TENGAH UTARA,NUSA_TENGGARA_TIMUR_TIMOR_TENGAH_UTARA.txt,2.3,Data collection systems,institutional_mechanism,Yes,No,1.0,0.0,false_negative,1.0,,"The candidate sentences refer to reporting of gender data and PUG activities and mention a 'gender data system' heading/scope, but they do not explicitly link any data collection/recording/reporting system to violence against women, victims, or VAW cases as required by the coding rules.",Reference only
NUSA TENGGARA TIMUR TIMOR TENGAH UTARA,NUSA_TENGGARA_TIMUR_TIMOR_TENGAH_UTARA.txt,3.5,Legal assistance,specialised_support_services,No,Yes,0.0,1.0,false_positive,1.0,facilitation of access and legal consultation services.,"The policy includes facilitation of access and legal consultation services, which constitutes provision of legal assistance/support services.",Reference only
NUSA TENGGARA TIMUR TIMOR TENGAH UTARA,NUSA_TENGGARA_TIMUR_TIMOR_TENGAH_UTARA.txt,3.7,Psychosocial counselling,specialised_support_services,No,Yes,0.0,1.0,false_positive,0.9977429737196084,as a service institution in prevention and counseling; b.,"The policy assigns a service institution (family learning center) a counseling function, which constitutes provision of counselling services (a form of psychosocial support) through a service unit.",Reference only
NUSA TENGGARA TIMUR TIMOR TENGAH UTARA,NUSA_TENGGARA_TIMUR_TIMOR_TENGAH_UTARA.txt,4.3,VAW laws awareness,primary_prevention,Yes,No,1.0,0.0,false_negative,0.9997711312602866,,"Although the policy includes prevention activities such as counseling/socialization related to violence against women and general legal awareness through communication/information/education, none of the candidate sentences specify that the information/education is about laws, regulations, or policies related to VAW (e.g., domestic violence law, sexual violence law, trafficking law).",Reference only
NUSA TENGGARA TIMUR TIMOR TENGAH UTARA,NUSA_TENGGARA_TIMUR_TIMOR_TENGAH_UTARA.txt,4.4,Prevention through education,primary_prevention,Yes,No,1.0,0.0,false_negative,0.9969962764044824,,"The policy mentions “seeking to improve education for women” within a list of VAW prevention forms, but it does not explicitly identify formal education instruments or institutions (e.g., schools, curricula, teaching materials, education sector bodies) as the prevention mechanism, and other education-related provisions (e.g., family learning center) are not explicitly linked to preventing violence against women (and are framed around child/family issues).",Reference only
NUSA TENGGARA TIMUR TIMOR TENGAH UTARA,NUSA_TENGGARA_TIMUR_TIMOR_TENGAH_UTARA.txt,5.4,Education institutions engagement,stakeholder_engagement,No,Yes,0.0,1.0,false_positive,0.9995575440662203,,"The policy explicitly involves higher education institutions by allowing cooperation with them for implementing gender analysis, and it includes representatives of university elements in the technical team of the PUG Working Group, indicating education-sector participation in implementation structures. [unresolved evidence citation removed]",Reference only
PAPUA BARAT DAYA SORONG,PAPUA_BARAT_DAYA_SORONG.txt,3.8,Religious/spiritual counselling,specialised_support_services,No,Yes,0.0,1.0,false_positive,0.9051482536448665,mental and spiritual;,"The policy includes victim services carried out in the field of “mental and spiritual,” which (per the coding rules) should be interpreted as including spiritual/religious counselling/support services.",Reference only
PAPUA BARAT DAYA SORONG,PAPUA_BARAT_DAYA_SORONG.txt,3.10,Economic support,specialised_support_services,No,Yes,0.0,1.0,false_positive,0.809301070201781,a. independence or empowerment services; and,"The policy includes “independence or empowerment services” as part of the services for women and children victims of violence, which indicates support aimed at victim independence/economic empowerment within the victim service package.",Reference only
PAPUA BARAT DAYA SORONG,PAPUA_BARAT_DAYA_SORONG.txt,5.2,Religious engagement,stakeholder_engagement,Yes,No,1.0,0.0,false_negative,0.9997558742755548,,"The candidate sentences mention religion only as a basis for discrimination and refer to a government field of “mental and spiritual,” but they do not identify religious organizations/leaders/clergy as stakeholders or assign them any role in prevention, services, coordination, or implementation.",Reference only
PAPUA BARAT DAYA SORONG,PAPUA_BARAT_DAYA_SORONG.txt,7.4,Other legal sources,budget_funding_sources,Yes,No,1.0,0.0,false_negative,1.0,,"While the policy mentions budgets available within relevant SKPD and regional budget allocation, it does not specify any other distinct legal funding sources (e.g., private sector earmarks, special funds, grants, or other non-government legal sources) as a budget source.",Reference only
PAPUA BARAT DAYA TAMBRAUW,PAPUA_BARAT_DAYA_TAMBRAUW.txt,3.4,Safety/protection shelter,specialised_support_services,Yes,No,1.0,0.0,false_negative,0.7039056039366212,,"Although the policy defines a “Safe House,” the provided sentences do not state that any service unit provides or is responsible for shelter/safe accommodation for victims; they only define the term and describe other services and institutional arrangements.",Reference only
RIAU BENGKALIS,RIAU_BENGKALIS.txt,2.3,Data collection systems,institutional_mechanism,No,Yes,0.0,1.0,false_positive,0.9995956829634189,"a. initial identification or recording of victims; and
exchange of data and information;",The policy links information functions to violence cases by including initial identification/recording of victims within services and by specifying cooperation that includes exchange of data and information in the context of achieving protection objectives related to violence against women and children.,Reference only
RIAU BENGKALIS,RIAU_BENGKALIS.txt,2.6,Monitoring and evaluation,institutional_mechanism,Yes,No,1.0,0.0,false_negative,0.8482836399575129,,"The retrieved sentences include supervision of services and some monitoring of victims’ interests during legal accompaniment, but they do not establish monitoring and evaluation (M&E) of overall policy implementation and service delivery as an M&E mechanism. Supervision/monitoring in a case-handling context is not clearly M&E of implementation.",Reference only
RIAU BENGKALIS,RIAU_BENGKALIS.txt,3.8,Religious/spiritual counselling,specialised_support_services,Yes,No,1.0,0.0,false_negative,0.12435300177159625,,"The candidate sentences reference “mental and spiritual” only as a field of regional apparatus functions, and mention religious teachings in the context of family prevention duties, but do not explicitly provide religious/spiritual counselling, guidance, or faith-based support services for victims as part of service delivery.",Reference only
RIAU BENGKALIS,RIAU_BENGKALIS.txt,4.4,Prevention through education,primary_prevention,No,Yes,0.0,1.0,false_positive,0.982756043006275,Prevention as referred to in paragraph (1) shall be implemented in an integrated manner by Regional Apparatus that (2) have main duties and functions in the fields of: empowerment of women and protection of children; education;,"The policy explicitly situates prevention as being implemented in an integrated manner by regional apparatus including those with duties/functions in the field of education, indicating involvement of the education sector as part of the prevention strategy.",Reference only
RIAU PEKANBARU KOTA,RIAU_PEKANBARU_KOTA.txt,1.1,Domestic violence,scope_of_violence,No,Yes,0.0,1.0,false_positive,0.9830132225618633,"strengthening the function of community organizations engaged in the field of Women's empowerment; conducting various socializations regarding the prevention and anticipation of acts of violence against Women to various community components in the Region; and optimizing the role of religious institutions, customary institutions, culture, as well as exploring local wisdom in order to prevent and minimize violence against Women both occurring at home or outside the home.","The policy explicitly covers violence occurring in the home by stating efforts to prevent and minimize violence against women both at home and outside the home, which brings domestic/private-sphere violence within scope.",Reference only
RIAU PEKANBARU KOTA,RIAU_PEKANBARU_KOTA.txt,1.6,Harmful practices,scope_of_violence,No,Yes,0.0,1.0,false_positive,0.9998626756131501,"preventing a female family member from entering into early marriage below the age limit determined by Law; and not forcing a female family member to marry a man/male whom she does not desire.
persuasively inviting Women in the Region not to engage in early marriage;","The policy explicitly addresses early marriage by calling for prevention of female family members entering early marriage and by urging women not to engage in early marriage, which qualifies as a harmful practice affecting women and girls.",Reference only
RIAU PEKANBARU KOTA,RIAU_PEKANBARU_KOTA.txt,4.3,VAW laws awareness,primary_prevention,Yes,No,1.0,0.0,false_negative,0.9997406174072243,,"The retrieved prevention passages mention “legal awareness counseling” and “IEC materials related to prevention and handling of violence,” but they do not specify that the information/education is about laws, regulations, or policies related to violence against women (or related areas like domestic/sexual violence, trafficking, child marriage) as required. The only explicit dissemination/socialization of laws and regulations shown is for child victims of violence, not VAW, and other references to laws/regulations appear in service/enforcement contexts rather than prevention education about VAW laws.",Reference only
RIAU PEKANBARU KOTA,RIAU_PEKANBARU_KOTA.txt,6.4,Elderly women,intersectional_approach,Yes,No,1.0,0.0,false_negative,1.0,,None of the cited sentences mention elderly women or provide any protection measures specifically targeted to elderly women; the provisions shown are general women’s rights/protection and institutional responsibilities.,Reference only
RIAU PEKANBARU KOTA,RIAU_PEKANBARU_KOTA.txt,6.6,Women heads of household,intersectional_approach,No,Yes,0.0,1.0,false_positive,0.5545997223493824,increasing access and opportunities to receive information and economic resources through efforts to increase prosperous family income and increase women's economic productivity; and carrying out empowerment efforts for Women heads of household.,"The policy explicitly mentions “empowerment efforts for Women heads of household,” indicating targeted measures for this group (even if framed as empowerment/guidance rather than a detailed protection package).",Reference only
RIAU PEKANBARU KOTA,RIAU_PEKANBARU_KOTA.txt,6.10,Refugee/forced displacement,intersectional_approach,No,Yes,0.0,1.0,false_positive,1.0,"Special Protection for Children in emergency situations who become refugees as referred to in Article 169 letter is carried out with the following provisions:
Children who become refugees;","The policy explicitly provides special protection for children in emergency situations who become refugees and defines emergency situations to include children who become refugees, which constitutes targeted protection measures for refugees/forced displacement (at least for children).",Reference only
SULAWESI BARAT MAMUJU,SULAWESI_BARAT_MAMUJU.txt,1.5,Economic violence,scope_of_violence,No,Yes,0.0,1.0,false_positive,0.9716159977388223,"Empowerment and Protection of women currently needs to receive serious attention from all parties, including attention from the Regional Government, related to the existence of phenomena in social community life that often make them victims of violence and exploitation, they are often positioned as economic objects and are often marginalized and/or excluded in social interaction.","The policy explicitly links women being positioned as economic objects to being victims of violence and exploitation, which constitutes an explicit reference to economic exploitation connected to violence against women under the coding rules.",Reference only
SULAWESI BARAT MAMUJU,SULAWESI_BARAT_MAMUJU.txt,1.9,Sexual slavery/exploitation,scope_of_violence,Yes,No,1.0,0.0,false_negative,1.0,,"The candidate sentences refer to “exploitation” in general and mention trafficking in persons, but they do not explicitly specify sexual exploitation, sexual slavery, or exploitation for sexual purposes, nor do they otherwise indicate that exploitation is sexual in nature.",Reference only
SULAWESI BARAT MAMUJU,SULAWESI_BARAT_MAMUJU.txt,2.3,Data collection systems,institutional_mechanism,No,Yes,0.0,1.0,false_positive,0.9999465949513187,conducting data collection on case services;,"The policy assigns P2TP2A the duty of conducting data collection on case services, explicitly linking data collection to violence-related case services for women victims.",Reference only
SULAWESI BARAT PASANGKAYU,SULAWESI_BARAT_PASANGKAYU.txt,3.1,Integrated service unit,specialised_support_services,Yes,No,1.0,0.0,false_negative,0.9999313366279103,,"The cited sentences describe multiple separate services for victims (medical personnel at health facilities, special rooms at police stations, and safe houses) and general coordination, but they do not explicitly establish or name an integrated/one-stop service unit or dedicated integrated service centre mechanism for women victims of violence (or an equivalent recognised integrated institution).",Reference only
SULAWESI BARAT PASANGKAYU,SULAWESI_BARAT_PASANGKAYU.txt,3.9,Resocialisation services,specialised_support_services,Yes,No,1.0,0.0,false_negative,0.9998169029128974,,"The cited sentences include accompaniment and counselling/guidance, and mention “rehabilitative efforts” in a general child health context, but they do not identify a service unit responsible for rehabilitation/resocialisation/reintegration of violence victims or link such reintegration services to a victim support mechanism.",Reference only
SULAWESI BARAT PASANGKAYU,SULAWESI_BARAT_PASANGKAYU.txt,4.1,Information and education about VAW,primary_prevention,Yes,No,1.0,0.0,false_negative,0.9977429737196084,,"The cited prevention provisions for violence against women mention a regional action plan, an information system, and cooperation with institutions, but do not describe awareness-raising, education, socialisation, campaigns, or similar activities that provide information/education specifically about violence against women or anti-violence norms. The only explicit socialisation/seminars/workshops described are tied to preventing violence against children and focus on children’s rights, which does not meet the criterion for VAW-specific information/education prevention activities.",Reference only
SULAWESI SELATAN BULUKUMBA,SULAWESI_SELATAN_BULUKUMBA.txt,2.5,Training and capacity building,institutional_mechanism,Yes,No,1.0,0.0,false_negative,0.9895598152697125,,"The candidate sentences reference increasing capacity of service officers and include funding for “capacity building,” but they do not explicitly mandate or describe training/technical guidance/professional development activities for implementing agencies or service providers as required by the coding rules. Mentions of victims receiving training and definitions referencing paralegal training are not framed as a policy duty to train implementers.",Reference only
SULAWESI SELATAN BULUKUMBA,SULAWESI_SELATAN_BULUKUMBA.txt,4.3,VAW laws awareness,primary_prevention,Yes,No,1.0,0.0,false_negative,1.0,,"The candidate sentences mention socialization/advocacy of protection and encouraging regulations, but they do not specify dissemination/education about laws, regulations, or policies related to violence against women (e.g., domestic violence, sexual violence, trafficking, child marriage) as a prevention activity. References to making regulations are about regulatory development, not public legal-awareness education about VAW laws.",Reference only
SULAWESI SELATAN BULUKUMBA,SULAWESI_SELATAN_BULUKUMBA.txt,4.4,Prevention through education,primary_prevention,Yes,No,1.0,0.0,false_negative,0.9540452601799487,,"Although the policy states that prevention is implemented through “provision of education,” the described education is framed as providing information/guidance/counseling and improving access to education/services, without explicitly involving formal education instruments or institutions (e.g., schools, curricula, teaching materials, education institutions) as required by the coding rules. Therefore, the text does not meet the criterion’s threshold for education-as-prevention via formal education mechanisms.",Reference only
SULAWESI SELATAN BULUKUMBA,SULAWESI_SELATAN_BULUKUMBA.txt,5.2,Religious engagement,stakeholder_engagement,Yes,No,1.0,0.0,false_negative,0.9998169029128974,,"The candidate sentences do not identify religious organizations, religious leaders/clergy, or faith-based actors as partners or service providers. References to “religious affairs” appear only as a government field within a task force membership list, not as engagement with faith-based actors for prevention or services.",Reference only
SULAWESI SELATAN BULUKUMBA,SULAWESI_SELATAN_BULUKUMBA.txt,6.3,Women workers,intersectional_approach,Yes,No,1.0,0.0,false_negative,1.0,,"The text mentions creating a safe work environment atmosphere for women and includes “Indonesian migrant workers” within vulnerable groups, but it does not explicitly provide protection/special measures for women workers/employees as a specific target group (e.g., workplace violence/exploitation protections for women workers). References are either general to women or to migrant workers without specifying women workers.",Reference only
SULAWESI SELATAN BULUKUMBA,SULAWESI_SELATAN_BULUKUMBA.txt,6.4,Elderly women,intersectional_approach,Yes,No,1.0,0.0,false_negative,1.0,,"Although “the elderly” are referenced in the explanation of vulnerable groups and in the vulnerable-groups definition, there are no special protection measures specifically targeted at elderly women (as distinct from elderly people generally).",Reference only
SULAWESI SELATAN BULUKUMBA,SULAWESI_SELATAN_BULUKUMBA.txt,6.7,Women from minority groups,intersectional_approach,Yes,No,1.0,0.0,false_negative,1.0,,"The only explicit minority/isolated-group reference is for children (“children from minority and isolated groups”), not women. No sentence identifies minority/isolated women as beneficiaries or as requiring special protection.",Reference only
SULAWESI SELATAN ENREKANG,SULAWESI_SELATAN_ENREKANG.txt,4.2,Gender equality education,primary_prevention,Yes,No,1.0,0.0,false_negative,1.0,,"While the text mentions gender equality as a principle and includes socialization of women’s and children’s rights, the retrieved sentences do not explicitly situate education/awareness about gender equality or women’s rights as a strategy to prevent violence against women (and the only explicit prevention socialization mentioned is about preventing violence itself).",Reference only
SULAWESI SELATAN ENREKANG,SULAWESI_SELATAN_ENREKANG.txt,5.4,Education institutions engagement,stakeholder_engagement,No,Yes,0.0,1.0,false_positive,0.7615941559557649,1. Education organizers equip the schools they lead with gender-responsive facilities.,"The policy assigns an active role to education organizers (schools/education units) by requiring them to provide gender-responsive facilities, which constitutes engagement of education institutions in implementation measures relevant to protection/prevention context.",Reference only
SULAWESI SELATAN ENREKANG,SULAWESI_SELATAN_ENREKANG.txt,6.3,Women workers,intersectional_approach,No,Yes,0.0,1.0,false_positive,0.9716987317743493,1. Protection for women workers includes:a.,"The policy explicitly provides a section on “Protection for women workers,” specifying measures (e.g., breastfeeding space and childcare facilities) for women workers as a distinct target group.",Reference only
SULAWESI SELATAN ENREKANG,SULAWESI_SELATAN_ENREKANG.txt,6.5,People with disability,intersectional_approach,Yes,No,1.0,0.0,false_negative,0.9969810405901325,,"The excerpts define “Person with Disability” and mention children/persons with disabilities in the context of child-friendly schools and inclusive education for children, but they do not identify people with disabilities (or women with disabilities) as a protected beneficiary group for special protection/services in general, nor do they provide disability-specific protection measures for women or all victims beyond child-focused references.",Reference only
SULAWESI SELATAN ENREKANG,SULAWESI_SELATAN_ENREKANG.txt,6.6,Women heads of household,intersectional_approach,No,Yes,0.0,1.0,false_positive,1.0,obtaining economic empowerment facilities especially for women heads of households.,The policy explicitly targets “women heads of households” by providing for economic empowerment facilities specifically for them under protection of women’s micro economy.,Reference only
SULAWESI SELATAN ENREKANG,SULAWESI_SELATAN_ENREKANG.txt,6.8,Women in legal process,intersectional_approach,Yes,No,1.0,0.0,false_negative,0.12435300177159614,,"The definition of “Special Protection” includes women and children in conflict with the law in general terms, but the cited operational provisions on legal aid and special protection are framed around women/children victims of violence and children in conflict with the law; there is no explicit protection/service provision for women in conflict with the law as suspects/defendants/perpetrators/witnesses (as distinct from victims).",Reference only
SULAWESI SELATAN LUWU,SULAWESI_SELATAN_LUWU.txt,1.2,Sexual violence,scope_of_violence,Yes,No,1.0,0.0,false_negative,0.9997253606552938,,"Across the provided sentences, the policy discusses violence against women generally and defines violence in physical/psychological terms, but it does not explicitly mention sexual violence (e.g., rape, sexual assault/harassment) nor include it in a definition/classification of violence. Mention of 'victims of sexual exploitation' is present, but that is not the same as explicitly including sexual violence under this criterion.",Reference only
SULAWESI SELATAN LUWU,SULAWESI_SELATAN_LUWU.txt,1.5,Economic violence,scope_of_violence,Yes,No,1.0,0.0,false_negative,0.9998779334127146,,"The provided sentences include 'economic independence services' and general empowerment/vulnerability language, but they do not identify economic abuse/exploitation/neglect as a form of violence, nor include economic harm within the definition of violence. The economic references are framed as support services and empowerment rather than defining economic violence or neglect as violence.",Reference only
SULAWESI SELATAN LUWU,SULAWESI_SELATAN_LUWU.txt,7.2,National government budget,budget_funding_sources,No,Yes,0.0,1.0,false_positive,0.9998092742313767,"12- (2) In the event that the Region receives funding assistance for the implementation of policies, programs and activities for Empowerment and Protection of women from the Government, it must be implemented in accordance with laws and regulations.","The policy explicitly allows for funding assistance from ""the Government"" (defined as the Central Government), which constitutes a national government budget/source.",Reference only
SULAWESI SELATAN LUWU TIMUR,SULAWESI_SELATAN_LUWU_TIMUR.txt,1.9,Sexual slavery/exploitation,scope_of_violence,Yes,No,1.0,0.0,false_negative,1.0,,"While the definition of violence against women includes “economic exploitation” and mentions sexual suffering, the candidate sentences do not explicitly identify sexual exploitation/sexual slavery, exploitation for sexual purposes, prostitution/forced sexual services, or trafficking for sexual exploitation as required for this indicator.",Reference only
SULAWESI SELATAN PALOPO KOTA,SULAWESI_SELATAN_PALOPO_KOTA.txt,1.6,Harmful practices,scope_of_violence,No,Yes,0.0,1.0,false_positive,0.999732989016709,c. preventing marriage at child age;,"The policy explicitly mentions preventing “marriage at child age,” which is a harmful practice (child marriage) and is sufficient for a Yes.",Reference only
SULAWESI SELATAN PALOPO KOTA,SULAWESI_SELATAN_PALOPO_KOTA.txt,5.3,Traditional/cultural engagement,stakeholder_engagement,No,Yes,0.0,1.0,false_positive,0.9997711312602866,"13. Organizer is a government institution as well as social institutions, religious institutions, customary institutions, in accordance with their respective duties and functions, including providing facilities needed for victim recovery.
Paragraph (1) Point a Sufficiently clear Point b Sufficiently clear Point c Sufficiently clear Point d What is meant by non-governmental institutions includes; customary institutions, religious institutions, social institutions, NGOs, National Commission on Human Rights, National Commission on Violence Against Women, Child Protection Commission, Witness and Victim Protection Agency, including community leaders, customary leaders, religious leaders and other parties desired by the victim.","Customary institutions are explicitly included among organizers involved in victim recovery, and customary institutions/leaders (and community leaders) are explicitly listed within the definition of non-governmental institutions, indicating their inclusion as stakeholders in cooperation for protection objectives.",Reference only
SULAWESI SELATAN PALOPO KOTA,SULAWESI_SELATAN_PALOPO_KOTA.txt,5.4,Education institutions engagement,stakeholder_engagement,No,Yes,0.0,1.0,false_positive,0.999847417929993,"building networks and cooperation with law enforcement apparatus, government apparatus, universities and various non-governmental organizations that work and/or care for women and children victims of violence.","The policy explicitly includes universities as entities with which the government will build networks and cooperation in the context of preventing violence against women and children and supporting victims, meeting the criterion for education-institution engagement as stakeholders/partners.",Reference only
SULAWESI SELATAN PALOPO KOTA,SULAWESI_SELATAN_PALOPO_KOTA.txt,6.1,Women in conflict/disaster areas,intersectional_approach,Yes,No,1.0,0.0,false_negative,0.9051482536448665,,"The text defines “Victim” as women and children experiencing violence, including in conflict and post-conflict situations, but it does not identify women/girls in conflict/disaster/emergency/displacement as a group requiring special protection measures, nor does it establish gender-responsive emergency/disaster/displacement-specific protection services for women (the only explicit “special protection” category listed is for children in emergency situations).",Reference only
SULAWESI SELATAN TANA TORAJA,SULAWESI_SELATAN_TANA_TORAJA.txt,1.6,Harmful practices,scope_of_violence,No,Yes,0.0,1.0,false_positive,1.0,prevent marriage at child age; and provide character education and instillation of moral values in children.,"The policy explicitly mentions preventing “marriage at child age,” which is a harmful practice (child/early marriage) and is sufficient for inclusion under the coding rules.",Reference only
SULAWESI SELATAN TANA TORAJA,SULAWESI_SELATAN_TANA_TORAJA.txt,3.5,Legal assistance,specialised_support_services,Yes,No,1.0,0.0,false_negative,0.8798266996519848,,"While the text mentions access to legal consultation services in the context of women’s empowerment and notes children’s right to legal assistance, it does not identify a service unit that provides legal assistance (for victims) as a unit/mechanism; the cited integrated service unit description does not explicitly include legal assistance.",Reference only
SULAWESI SELATAN TANA TORAJA,SULAWESI_SELATAN_TANA_TORAJA.txt,3.6,Health/medical services,specialised_support_services,Yes,No,1.0,0.0,false_negative,0.35835739835078584,,"The passages describe provision of health facilities and comprehensive health services for children and mention health as part of basic needs, but they do not identify a specific service unit that provides health/medical services for victims of violence (including VAW victims).",Reference only
SULAWESI SELATAN TANA TORAJA,SULAWESI_SELATAN_TANA_TORAJA.txt,3.8,Religious/spiritual counselling,specialised_support_services,No,Yes,0.0,1.0,false_positive,0.8798266996519848,"Protection of children in embracing their religion as referred to in paragraph (1) includes guidance, mentoring, and practice of good religious teachings for children.","The policy provides that protection in the field of religion includes guidance and mentoring in religious teachings for children, which qualifies as religious/spiritual guidance/mentoring as a support service (even though framed for children).",Reference only
SULAWESI SELATAN TANA TORAJA,SULAWESI_SELATAN_TANA_TORAJA.txt,3.10,Economic support,specialised_support_services,Yes,No,1.0,0.0,false_negative,0.9780645977173834,,"The cited economic empowerment measures (skills/job training, business groups, capital assistance, marketing networks) are framed as general women’s empowerment and are not explicitly specified as support for women victims of violence, which is required by the coding rules.",Reference only
SULAWESI SELATAN TANA TORAJA,SULAWESI_SELATAN_TANA_TORAJA.txt,6.10,Refugee/forced displacement,intersectional_approach,No,Yes,0.0,1.0,false_positive,0.9999465949513187,"Children in emergency situations as referred to in Article 37 letter a, consist of: children who become refugees;","The policy explicitly identifies children who become refugees as part of 'children in emergency situations' and links this to special protection, which constitutes special protection measures targeted at refugees (at least for children).",Reference only
SULAWESI TENGAH BUOL,SULAWESI_TENGAH_BUOL.txt,1.6,Harmful practices,scope_of_violence,No,Yes,0.0,1.0,false_positive,1.0,"prevents early marriage.
preventing early marriage.","The policy explicitly addresses a harmful practice by stating that the community and parents should prevent “early marriage,” which meets the criterion for harmful practices affecting women and girls.",Reference only
SULAWESI TENGAH BUOL,SULAWESI_TENGAH_BUOL.txt,1.8,Human trafficking,scope_of_violence,No,Yes,0.0,1.0,false_positive,1.0,"19. Trafficking in persons is the act of recruiting, transporting, harboring, sending, transferring, or receiving a person by threat of violence, use of violence, abduction, confinement, forgery, fraud, abuse of power or vulnerable position, debt bondage or giving payment or benefits, so as to obtain consent from the person who has control over that other person, whether carried out within the Country or between Countries.","The policy explicitly defines “Trafficking in persons,” which directly includes human trafficking within the policy’s scope.",Reference only
SULAWESI TENGAH BUOL,SULAWESI_TENGAH_BUOL.txt,2.4,Gender mainstreaming institutionalisation,institutional_mechanism,No,Yes,0.0,1.0,false_positive,0.999732989016709,"implementing gender mainstreaming;
1. In an effort to accelerate the institutionalization of gender mainstreaming, a gender mainstreaming working group is established in all Regional Apparatus.
2. The gender mainstreaming focal point as referred to in paragraph (1), has the tasks of:a.","The policy requires implementation of gender mainstreaming and institutionalizes it through mechanisms such as a gender mainstreaming working group across regional apparatus and designated focal points with defined tasks, meeting the criterion for gender mainstreaming as an institutional mechanism.",Reference only
SULAWESI TENGAH BUOL,SULAWESI_TENGAH_BUOL.txt,2.5,Training and capacity building,institutional_mechanism,No,Yes,0.0,1.0,false_positive,0.9939057881340667,"2. Guidance as referred to in paragraph (1) may be conducted in the form of:a.
providing training for government officials and law enforcement officers on violence prevention and handling;
providing training to health workers who provide health services to women and children victims of violence at community health centers, integrated service units and general hospitals;","The policy provides for training as part of government guidance, including training for government officials/law enforcement and for health workers serving women and child victims of violence, which constitutes explicit capacity building for implementing/service personnel.",Reference only
SULAWESI TENGAH BUOL,SULAWESI_TENGAH_BUOL.txt,3.2,Police specialised service unit,specialised_support_services,Yes,No,1.0,0.0,false_negative,0.9998169029128974,,"The text mentions the police as one of several institutions involved in integrated complaint handling, but it does not identify any specialised police-based victim service unit (e.g., UPPA/RPK/Women and Children Protection Unit) or an equivalent dedicated unit within police offices.",Reference only
SULAWESI TENGAH BUOL,SULAWESI_TENGAH_BUOL.txt,5.3,Traditional/cultural engagement,stakeholder_engagement,No,Yes,0.0,1.0,false_positive,0.9999847412691449,"involving the active role of families, customary leaders, religious leaders, communities and community social institutions in the field of women's protection.","The policy explicitly involves customary leaders in the field of women’s protection, identifying them as active participants/stakeholders in implementation related to protection from violence.",Reference only
SULAWESI TENGAH BUOL,SULAWESI_TENGAH_BUOL.txt,5.4,Education institutions engagement,stakeholder_engagement,Yes,No,1.0,0.0,false_negative,0.8798266996519848,,"The cited provisions reference education units mainly as duty-bearers to ensure children’s access to education and to coordinate if a child victim drops out, but they do not identify education institutions as stakeholders/partners in prevention, protection, services, coordination, or capacity building for violence against women (or VAW-related implementation).",Reference only
SULAWESI TENGAH BUOL,SULAWESI_TENGAH_BUOL.txt,6.2,Women victims of trafficking,intersectional_approach,No,Yes,0.0,1.0,false_positive,1.0,"19. Trafficking in persons is the act of recruiting, transporting, harboring, sending, transferring, or receiving a person by threat of violence, use of violence, abduction, confinement, forgery, fraud, abuse of power or vulnerable position, debt bondage or giving payment or benefits, so as to obtain consent from the person who has control over that other person, whether carried out within the Country or between Countries.
making efforts to prevent acts of violence against women including criminal acts of trafficking in persons;
33. Integrated Service Center for Women's Empowerment and Child Protection hereinafter abbreviated as P2TP2A is an integrated service center in efforts to empower women in various fields of development, as well as protection of women and children from various types of discrimination and acts of violence, including trafficking in persons, established by the government or community-based, which includes: referral centers, business consultation centers, reproductive health consultation centers, integrated crisis centers (PKT), trauma recovery centers (trauma centers), women's crisis handling centers (women crisis centers), training centers, science and technology information centers (PIPTEK), safe houses (shelters), shelter homes, children's friend telephone (TESSA) 129 or other forms.","The policy explicitly includes trafficking in persons via a definition, includes trafficking in prevention responsibilities for protecting women, and explicitly notes that the integrated service center covers trafficking in persons, which brings trafficking victims within scope.",Reference only
SULAWESI TENGAH BUOL,SULAWESI_TENGAH_BUOL.txt,6.3,Women workers,intersectional_approach,No,Yes,0.0,1.0,false_positive,1.0,"1. Employers who employ women are obliged to maintain decency, safety and security while at the workplace.
4. Employers are obliged to provide shuttle transportation for female workers/laborers who depart and return from work between 23.00 WIB and 05.00 WIB.
increasing efforts to protect female workers;","The policy explicitly targets female workers/laborers with workplace safety/security obligations and specific protective measures (e.g., restrictions on night work, transport obligations), and also assigns government responsibility to increase efforts to protect female workers.",Reference only
SULAWESI TENGAH BUOL,SULAWESI_TENGAH_BUOL.txt,6.5,People with disability,intersectional_approach,No,Yes,0.0,1.0,false_positive,0.9997711312602866,"specifically for women with disabilities, the right to obtain facilities and special treatment in public services;
For this category of victims, interpreters must also be provided who, for example, can be taken from special school teachers.","The policy explicitly recognizes women with disabilities as entitled to facilities and special treatment in public services, and it specifies a disability-related accommodation (providing interpreters) for disabled women victims of violence, indicating disability-specific measures.",Reference only
SULAWESI TENGAH DONGGALA,SULAWESI_TENGAH_DONGGALA.txt,1.8,Human trafficking,scope_of_violence,No,Yes,0.0,1.0,false_positive,0.9998626756131501,Law Number 21 of 2007 concerning,"The policy’s legal basis explicitly cites a law on the eradication of the criminal act of trafficking in persons, which satisfies the criterion via legal foundation reference.",Reference only
SULAWESI TENGAH DONGGALA,SULAWESI_TENGAH_DONGGALA.txt,2.3,Data collection systems,institutional_mechanism,Yes,No,1.0,0.0,false_negative,0.9781098725411834,,"While the text mentions “preparation of an effective information system” and, in elucidation, mentions providing data/telephone/website for reports/complaints, the candidate sentences do not explicitly link this to collecting/recording/managing data on violence against women, victims, or VAW cases as required by the coding rules (it reads more as reporting/complaints access and general data on children).",Reference only
SULAWESI TENGAH DONGGALA,SULAWESI_TENGAH_DONGGALA.txt,2.5,Training and capacity building,institutional_mechanism,Yes,No,1.0,0.0,false_negative,0.9998169029128974,,"The retrieved sentences reference socialization, seminars/workshops, and education as prevention activities, but they are framed as public-facing prevention/awareness activities rather than mandated training/capacity building for implementing officials or service providers. No explicit duty to train implementing personnel is stated in the candidate sentences.",Reference only
SULAWESI TENGAH DONGGALA,SULAWESI_TENGAH_DONGGALA.txt,3.1,Integrated service unit,specialised_support_services,Yes,No,1.0,0.0,false_negative,0.9994736410529339,,"The cited provisions describe individual services (medical personnel at health facilities, special rooms at police stations, safe houses, advocates, social workers/volunteers doing coordination), but they do not explicitly establish or name an integrated/one-stop service unit or centre for women victims of violence, nor do they assign responsibility to a specific integrated service institution/mechanism.",Reference only
SULAWESI TENGAH DONGGALA,SULAWESI_TENGAH_DONGGALA.txt,3.9,Resocialisation services,specialised_support_services,Yes,No,1.0,0.0,false_negative,0.997483883843497,,"The cited text defines “repatriation” and mentions various services (counseling, therapy, advocacy) in general definitions, but it does not identify any service unit or responsible institution providing rehabilitation/resocialisation/reintegration services for victims.",Reference only
SULAWESI TENGAH DONGGALA,SULAWESI_TENGAH_DONGGALA.txt,6.2,Women victims of trafficking,intersectional_approach,No,Yes,0.0,1.0,false_positive,0.9998245316235193,Law Number 21 of 2007 concerning,"The policy’s legal foundation explicitly cites the national law on eradication of trafficking in persons, which (per the coding rules) is sufficient to include trafficking cases/victims within scope even without further trafficking-specific measures.",Reference only
SULAWESI TENGAH MOROWALI,SULAWESI_TENGAH_MOROWALI.txt,3.2,Police specialised service unit,specialised_support_services,No,Yes,0.0,1.0,false_positive,0.9998550467570206,"This service unit can be located at the Integrated Service Center (PPT) and Integrated Crisis Center (PKT) based in Hospitals, Community Health Centers, Women and Children Service Units (UPPA), Trauma Center Shelters (RPTC), Children's Social Shelters (RPSA), BP4, and other religious institutions, prosecutors, courts, Women Crisis Center (WCC), and other similar institutions.","The policy explicitly references Women and Children Service Units (UPPA), which are police-based specialised units for women/children victims of violence, as a possible location for service units providing integrated service functions.",Reference only
SULAWESI TENGAH MOROWALI,SULAWESI_TENGAH_MOROWALI.txt,4.1,Information and education about VAW,primary_prevention,Yes,No,1.0,0.0,false_negative,0.809301070201781,,"The retrieved sentences describe prevention efforts including an information system and socialization/critical education, but the explicit education/socialization activities shown are about laws/regulations and about victims’ rights (including gender equality training and understanding laws on domestic violence). Under the coding rules, education about laws/regulations and education about women’s/victims’ rights or gender equality (without being explicitly anti-violence values/information about VAW itself) does not qualify as information/education specifically about violence against women or anti-violence values.",Reference only
SULAWESI TENGAH MOROWALI,SULAWESI_TENGAH_MOROWALI.txt,6.5,People with disability,intersectional_approach,Yes,No,1.0,0.0,false_negative,0.8798266996519848,,"Disability appears only in a non-discrimination/equal protection explanation, and there is no explicit identification of women with disabilities or persons with disabilities as beneficiaries of special protection/services, nor any disability-specific accommodations. The coding rules specify that non-discrimination-only references are insufficient.",Reference only
SULAWESI TENGAH PARIGI MOUTONG,SULAWESI_TENGAH_PARIGI_MOUTONG.txt,5.3,Traditional/cultural engagement,stakeholder_engagement,Yes,No,1.0,0.0,false_negative,1.0,,"The candidate sentences refer to “community” and “social community institutions” but do not explicitly mention traditional/customary/cultural leaders, customary institutions, or customary mechanisms for prevention, services, coordination, or dispute resolution. Under the coding rules, general community participation without identifying customary/traditional actors is insufficient.",Reference only
SULAWESI TENGAH PARIGI MOUTONG,SULAWESI_TENGAH_PARIGI_MOUTONG.txt,6.2,Women victims of trafficking,intersectional_approach,No,Yes,0.0,1.0,false_positive,1.0,8. Law Number 21 of 2007 concerning the Eradication of the Criminal Act of Trafficking in Persons (State Gazette of the Republic of Indonesia of 2007 Number 58: Supplement to the State Gazette of the Republic of Indonesia Number 4720);,"The policy’s legal foundation explicitly cites national legislation on trafficking in persons, which (per the coding rules) is sufficient to include trafficking cases/victims within the policy’s scope.",Reference only
SULAWESI TENGAH POSO,SULAWESI_TENGAH_POSO.txt,2.6,Monitoring and evaluation,institutional_mechanism,No,Yes,0.0,1.0,false_positive,0.9935179123709663,Supervision of the implementation of this Regional Regulation shall be carried out in accordance with the provisions of applicable Laws and Regulations.,"The policy explicitly provides for supervision of implementation, which constitutes a monitoring mechanism for policy implementation (even though it does not detail evaluation methods).",Reference only
SULAWESI TENGAH POSO,SULAWESI_TENGAH_POSO.txt,6.2,Women victims of trafficking,intersectional_approach,No,Yes,0.0,1.0,false_positive,0.9990770562835329,"8. Special Protection is Protection given to children in emergency situations, children in conflict with the law, children in minority and isolated groups, children who are exploited economically and or sexually, children who are trafficked, children who are victims of narcotics abuse, alcohol, psychotropic substances and other addictive substances (drugs), children victims of kidnapping sales trafficking, children victims of violence both physical and or mental, children victims of conflict who experience physical violence and trauma, children with disabilities, and children victims of abuse and neglect.","The policy explicitly mentions trafficking in its definition of “Special Protection,” including “children who are trafficked,” which is sufficient under the coding rules to count trafficking as being mentioned in the policy’s scope (even though it is framed for children rather than women).",Reference only
SULAWESI TENGAH SIGI,SULAWESI_TENGAH_SIGI.txt,2.3,Data collection systems,institutional_mechanism,No,Yes,0.0,1.0,false_positive,0.9051482536448665,exchange of data and information;,"The policy explicitly includes “exchange of data and information” within cooperation to achieve protection objectives related to acts of violence against women and children, which constitutes an explicit data/information function linked to violence cases/victims (even if it does not detail a dedicated system or responsible entity).",Reference only
SULAWESI TENGAH SIGI,SULAWESI_TENGAH_SIGI.txt,2.5,Training and capacity building,institutional_mechanism,No,Yes,0.0,1.0,false_positive,1.0,"1. The Regional Government is obliged to conduct guidance and supervision of the implementation of protection of women and children from violence.
education and training;","The policy obliges the Regional Government to conduct guidance and supervision of implementation, and explicitly includes “education and training” as part of that guidance, indicating mandated training for implementation of protection from violence.",Reference only
SULAWESI TENGAH SIGI,SULAWESI_TENGAH_SIGI.txt,6.2,Women victims of trafficking,intersectional_approach,No,Yes,0.0,1.0,false_positive,1.0,"Therefore the Regional Government of Sigi Regency is obliged to provide protection for women and children victims of violence which is an implementation of several laws and regulations, including Law Number 7 of 1984 concerning Ratification of the Convention on the Elimination of All Forms of Discrimination Against Women, Law Number 39 of 1999 concerning Human Rights, Law Number 23 of 2002 concerning Child Protection, Law Number 23 of 2004 concerning the Elimination of Domestic Violence, and Law Number 21 of 2007 concerning the Eradication of the Crime of Trafficking in Persons.
7. Law Number 21 of 2007 concerning Eradication of the Criminal Act of Trafficking in Persons (State Gazette of the Republic of Indonesia Year 2007 Number 58, Supplement to the State Gazette of the Republic of Indonesia Number 4720);","The policy explicitly references the national law on eradication of trafficking in persons in its legal foundation/elucidation, which per the coding rules is sufficient to include trafficking cases/victims within scope.",Reference only
SULAWESI TENGAH TOLI TOLI,SULAWESI_TENGAH_TOLI_TOLI.txt,1.8,Human trafficking,scope_of_violence,No,Yes,0.0,1.0,false_positive,1.0,"m. Child Victims of Kidnapping, Sale and/or Trafficking; and","The policy explicitly includes “Trafficking” as part of a category of children requiring special protection (kidnapping, sale and/or trafficking), which constitutes an explicit inclusion of trafficking within the policy’s covered concerns.",Reference only
SULAWESI TENGAH TOLI TOLI,SULAWESI_TENGAH_TOLI_TOLI.txt,2.3,Data collection systems,institutional_mechanism,No,Yes,0.0,1.0,false_positive,1.0,1. The Regional Government prepares and compiles an information and reporting system for the protection of Women and Children from acts of Violence.,"The policy mandates that the Regional Government prepare and compile an information and reporting system specifically for the protection of women and children from acts of violence, which constitutes an explicit system linked to violence-related protection and reporting.",Reference only
SULAWESI TENGAH TOLI TOLI,SULAWESI_TENGAH_TOLI_TOLI.txt,3.2,Police specialised service unit,specialised_support_services,No,Yes,0.0,1.0,false_positive,0.9051482536448665,special service rooms in police lines;,"The policy specifies that victim services must be supported by facilities including “special service rooms in police lines,” which is a police-based specialised victim service facility (equivalent to an RPK-type unit) rather than only general police involvement.",Reference only
SULAWESI TENGAH TOLI TOLI,SULAWESI_TENGAH_TOLI_TOLI.txt,4.2,Gender equality education,primary_prevention,No,Yes,0.0,1.0,false_positive,0.4621171572600098,e. socialize the rights of Women and Children independently;,"The policy includes, under community participation in protection from violence, an activity to ""socialize the rights of Women and Children"". This is an educational/awareness activity about rights, and it appears within the chapter on participation in protection from violence, satisfying the requirement that it be situated as part of prevention/protection measures. However, it does not explicitly mention gender equality or equal rights of women and men, so the fit is somewhat indirect.",Reference only
SULAWESI TENGAH TOLI TOLI,SULAWESI_TENGAH_TOLI_TOLI.txt,6.2,Women victims of trafficking,intersectional_approach,No,Yes,0.0,1.0,false_positive,0.989385262854364,"m. Child Victims of Kidnapping, Sale and/or Trafficking; and","The policy explicitly mentions trafficking in the context of special protection categories (children who are victims of kidnapping, sale and/or trafficking). Under the coding rules, any explicit mention of trafficking/trafficking victims is sufficient to include trafficking within scope (even if not women-specific).",Reference only
SULAWESI TENGGARA BUTON SELATAN,SULAWESI_TENGGARA_BUTON_SELATAN.txt,2.5,Training and capacity building,institutional_mechanism,No,Yes,0.0,1.0,false_positive,0.9999465949513187,"1. The Regional Government is obliged to conduct guidance and supervision of the implementation of protection of women and children from acts of violence.
technical guidance and training;","The policy obliges the Regional Government to conduct guidance and supervision of implementation, and explicitly includes ""technical guidance and training"" as part of that obligation, which constitutes mandated training/capacity-building for implementation.",Reference only
SULAWESI TENGGARA BUTON SELATAN,SULAWESI_TENGGARA_BUTON_SELATAN.txt,3.3,Reporting/hotline service,specialised_support_services,Yes,No,1.0,0.0,false_negative,0.8482836399575129,,"The text notes that community members may report violence to law enforcement/authorized parties and references a right to complaint handling, but it does not explicitly establish or mandate a specific mechanism/service/channel for receiving complaints or reports (e.g., a designated reporting service, procedure, or unit for intake).",Reference only
SULAWESI TENGGARA BUTON SELATAN,SULAWESI_TENGGARA_BUTON_SELATAN.txt,4.3,VAW laws awareness,primary_prevention,No,Yes,0.0,1.0,false_positive,0.9990465530211334,disseminating information about laws and regulations related to acts of violence against women and children.,"The policy specifies dissemination of information about laws and regulations related to acts of violence against women and children, and this appears within the community participation measures under the prevention section, meeting the requirement for prevention-oriented legal awareness activity.",Reference only
SULAWESI TENGGARA BUTON SELATAN,SULAWESI_TENGGARA_BUTON_SELATAN.txt,5.5,International organisations engagement,stakeholder_engagement,Yes,No,1.0,0.0,false_negative,0.8798266996519848,,"The candidate sentences do not mention international organizations as stakeholders/partners for prevention or services; the only relevant reference is to “non-binding foreign assistance” as a possible funding source, which is not explicit engagement/collaboration with international organizations for service delivery.",Reference only
SULAWESI TENGGARA BUTON SELATAN,SULAWESI_TENGGARA_BUTON_SELATAN.txt,5.6,Media engagement,stakeholder_engagement,No,Yes,0.0,1.0,false_positive,0.809301070201781,Media.,"The policy includes “Media” as one of the entities with which the Regional Government carries out cooperation to achieve protection objectives, indicating media is recognized as a stakeholder within cooperation arrangements.",Reference only
SULAWESI TENGGARA KONAWE,SULAWESI_TENGGARA_KONAWE.txt,1.8,Human trafficking,scope_of_violence,No,Yes,0.0,1.0,false_positive,1.0,"9. Law Number 21 of 2007 concerning Eradication of the Criminal Act of Trafficking in Persons (State Gazette of the Republic of Indonesia of 2007 Number 58, Supplement to the State Gazette of the Republic of Indonesia Number 4720);","The policy’s legal foundation explicitly cites a national law on eradication of trafficking in persons, which is sufficient under the coding rules to include human trafficking within scope.",Reference only
SULAWESI TENGGARA KONAWE,SULAWESI_TENGGARA_KONAWE.txt,6.2,Women victims of trafficking,intersectional_approach,No,Yes,0.0,1.0,false_positive,1.0,"9. Law Number 21 of 2007 concerning Eradication of the Criminal Act of Trafficking in Persons (State Gazette of the Republic of Indonesia of 2007 Number 58, Supplement to the State Gazette of the Republic of Indonesia Number 4720);","The policy’s legal foundation explicitly cites the national law on eradication of trafficking in persons, which (per the coding rules) is sufficient to indicate trafficking cases/victims are intended to be covered within scope.",Reference only
SULAWESI TENGGARA KONAWE KEPULAUAN,SULAWESI_TENGGARA_KONAWE_KEPULAUAN.txt,4.1,Information and education about VAW,primary_prevention,No,Yes,0.0,1.0,false_positive,0.809301070201781,training of Integrated Service Center members related to the implementation of their duties in preventing violence against children and women.,"The policy describes training for Integrated Service Center members specifically tied to carrying out duties in preventing violence against women and children, which constitutes an education/training activity explicitly situated as prevention of violence against women.",Reference only
SULAWESI TENGGARA KONAWE KEPULAUAN,SULAWESI_TENGGARA_KONAWE_KEPULAUAN.txt,4.2,Gender equality education,primary_prevention,Yes,No,1.0,0.0,false_negative,0.5545997223493823,,"While the policy mentions socialisation of women’s and children’s rights and socialisation of laws/regulations related to protection of rights, the retrieved sentences do not explicitly situate education/awareness about gender equality or women’s rights as a strategy to prevent violence against women (the prevention-linked item is framed as socialisation of laws/regulations, which is excluded under this indicator’s rules).",Reference only
SULAWESI TENGGARA MUNA,SULAWESI_TENGGARA_MUNA.txt,3.8,Religious/spiritual counselling,specialised_support_services,No,Yes,0.0,1.0,false_positive,0.9999084493610688,spiritual guidance services;,"The policy explicitly lists spiritual guidance services as a right/service available to victims, which qualifies as religious/spiritual counselling or guidance support.",Reference only
SULAWESI TENGGARA MUNA,SULAWESI_TENGGARA_MUNA.txt,5.6,Media engagement,stakeholder_engagement,No,Yes,0.0,1.0,false_positive,1.0,"8. Implementation of prevention of violence against women and children is carried out by involving community organizations, non-governmental organizations, legal aid institutions, business sector, communities, children and youth groups, mass media and other related parties.","The policy explicitly includes mass media among the parties involved in implementing prevention of violence against women and children, assigning media a stakeholder role in prevention implementation.",Reference only
SULAWESI TENGGARA MUNA BARAT,SULAWESI_TENGGARA_MUNA_BARAT.txt,1.9,Sexual slavery/exploitation,scope_of_violence,No,Yes,0.0,1.0,false_positive,0.999732989016709,Forced sexual intercourse against one person within the scope of the household with another person for commercial purposes and/or certain purposes.,"The definition of sexual violence includes forced sexual intercourse involving another person “for commercial purposes and/or certain purposes,” which explicitly indicates sexual exploitation/commercial sexual use and meets the coding rules.",Reference only
SULAWESI TENGGARA MUNA BARAT,SULAWESI_TENGGARA_MUNA_BARAT.txt,2.3,Data collection systems,institutional_mechanism,Yes,No,1.0,0.0,false_negative,0.9983527295289705,,"While the text mentions integrating “gender-disaggregated data,” it does not explicitly link any data collection/recording/management system or responsibility to violence against women, victims, or violence cases. The remaining references to monitoring/evaluation are general to women protection implementation and do not specify VAW case data functions as required by the coding rules.",Reference only
SULAWESI TENGGARA MUNA BARAT,SULAWESI_TENGGARA_MUNA_BARAT.txt,3.3,Reporting/hotline service,specialised_support_services,Yes,No,1.0,0.0,false_negative,0.9997711312602866,,"While the text mentions integrated services and legal consultation/legal aid, none of the provided sentences explicitly establish or describe a mechanism/service for receiving complaints or reports of violence (e.g., intake, complaint reception, hotline, reporting procedures).",Reference only
SULAWESI TENGGARA MUNA BARAT,SULAWESI_TENGGARA_MUNA_BARAT.txt,3.9,Resocialisation services,specialised_support_services,Yes,No,1.0,0.0,false_negative,0.8482836399575129,,"Although the policy mentions facilitating rehabilitation and reintegration services, the provided sentences do not link these services to a specific service unit or integrated service mechanism as the responsible provider; they appear as general forms of guidance by the Regent/OPD rather than a designated victim service unit.",Reference only
SULAWESI TENGGARA MUNA BARAT,SULAWESI_TENGGARA_MUNA_BARAT.txt,4.3,VAW laws awareness,primary_prevention,Yes,No,1.0,0.0,false_negative,0.9987110478521701,,"The policy mentions socialization regarding “women’s protection policies” and distributing materials about women’s protection, but it does not specify that these information activities are about laws/regulations/policies on violence against women (e.g., domestic violence, sexual violence, trafficking) nor does it explicitly frame such legal-awareness activities as a prevention strategy for VAW. Prohibitions/sanctions are stated, but not as public legal-awareness education.",Reference only
SULAWESI TENGGARA MUNA BARAT,SULAWESI_TENGGARA_MUNA_BARAT.txt,6.8,Women in legal process,intersectional_approach,Yes,No,1.0,0.0,false_negative,0.6351489523872873,,"The text provides legal protection for women who become witnesses and victims of violence/discrimination and includes women former inmates of correctional institutions, but it does not explicitly provide protection/services for women in conflict with the law as suspects/defendants/perpetrators, nor does it clearly include such women as a vulnerable group (as required by the coding rules).",Reference only
SULAWESI TENGGARA MUNA BARAT,SULAWESI_TENGGARA_MUNA_BARAT.txt,7.3,International donors,budget_funding_sources,No,Yes,0.0,1.0,false_positive,0.9999084493610688,"Coordinating the participation of the business sector and other institutions, including international assistance for women's protection;","The policy explicitly references coordinating participation of institutions including international assistance for women's protection, which meets the criterion for international support involvement.",Reference only
SULAWESI UTARA BITUNG KOTA,SULAWESI_UTARA_BITUNG_KOTA.txt,1.8,Human trafficking,scope_of_violence,No,Yes,0.0,1.0,false_positive,0.9999465949513187,"7. Law Number 21 Year 2007 concerning Eradication of the Criminal Act of Trafficking in Persons (State Gazette of the Republic of Indonesia Year 2007 Number 58, Supplement to the State Gazette of the Republic of Indonesia Number 4720);","The policy’s legal basis explicitly cites a national law on the eradication of trafficking in persons, which is sufficient to count trafficking as included under the coding rules.",Reference only
SULAWESI UTARA BITUNG KOTA,SULAWESI_UTARA_BITUNG_KOTA.txt,2.3,Data collection systems,institutional_mechanism,Yes,No,1.0,0.0,false_negative,0.9994126228909521,,"While the policy mentions developing an information system and requires PPT to submit written reports, the retrieved sentences do not explicitly link the information system or reporting requirements to collecting/recording/managing data on violence cases or victims (e.g., case documentation, case data exchange, or a VAW data system). The reporting categories listed (administration, finance, services, performance) are not explicitly violence-case data functions under the coding rules.",Reference only
SULAWESI UTARA BITUNG KOTA,SULAWESI_UTARA_BITUNG_KOTA.txt,3.9,Resocialisation services,specialised_support_services,Yes,No,1.0,0.0,false_negative,0.9051482536448665,,"While the text mentions rehabilitation and social reintegration services (notably for child victims), the candidate sentences do not identify a specific service unit or responsible institution that provides these resocialisation/rehabilitation/reintegration services, as required by the coding rules.",Reference only
SULAWESI UTARA BITUNG KOTA,SULAWESI_UTARA_BITUNG_KOTA.txt,6.2,Women victims of trafficking,intersectional_approach,No,Yes,0.0,1.0,false_positive,0.9997711312602866,"7. Law Number 21 Year 2007 concerning Eradication of the Criminal Act of Trafficking in Persons (State Gazette of the Republic of Indonesia Year 2007 Number 58, Supplement to the State Gazette of the Republic of Indonesia Number 4720);","The policy’s legal basis explicitly cites the national law on eradication of trafficking in persons, which the coding rules treat as sufficient to include trafficking victims within scope even without further trafficking-specific measures.",Reference only
SULAWESI UTARA MINAHASA TENGGARA,SULAWESI_UTARA_MINAHASA_TENGGARA.txt,2.3,Data collection systems,institutional_mechanism,No,Yes,0.0,1.0,false_positive,1.0,"collect, compile and present reports on violence.","The policy assigns FPKK the function to collect, compile, and present reports on violence, explicitly linking information collection/reporting to violence and thereby meeting the criterion for a data/information function on violence.",Reference only
SULAWESI UTARA MINAHASA TENGGARA,SULAWESI_UTARA_MINAHASA_TENGGARA.txt,3.2,Police specialised service unit,specialised_support_services,No,Yes,0.0,1.0,false_positive,0.9998626756131501,"This service unit can be located at the Integrated Service Center (PPT) and Integrated Crisis Center (PKT) based in Hospitals, Community Health Centers, Integrated Service Center for Women and Child Empowerment (P2TP2A), Women and Child Service Unit (UPPA), Trauma Center Shelter (RPTC), Child Social Shelter (RPSA), BP4, and other security institutions, prosecutor's offices, courts, Women Crisis Center (WCC), and other similar institutions.","The policy explicitly references a Women and Child Service Unit (UPPA), which is a recognized police-based specialized service unit for women/children victims of violence, as a possible location for the integrated service unit.",Reference only
SULAWESI UTARA MINAHASA TENGGARA,SULAWESI_UTARA_MINAHASA_TENGGARA.txt,4.1,Information and education about VAW,primary_prevention,No,Yes,0.0,1.0,false_positive,0.9933886372181508,providing understanding about the prevention of domestic violence;,"The policy assigns families a prevention role that includes providing understanding about preventing domestic violence, which is an information/education activity explicitly linked to prevention of violence (including against women).",Reference only
SULAWESI UTARA MINAHASA TENGGARA,SULAWESI_UTARA_MINAHASA_TENGGARA.txt,4.4,Prevention through education,primary_prevention,No,Yes,0.0,1.0,false_positive,0.7039056039366209,educational institutions; andd.,"The policy explicitly includes educational institutions among the actors that must carry out prevention efforts, indicating involvement of education institutions as part of the prevention strategy.",Reference only
SULAWESI UTARA MINAHASA TENGGARA,SULAWESI_UTARA_MINAHASA_TENGGARA.txt,5.3,Traditional/cultural engagement,stakeholder_engagement,Yes,No,1.0,0.0,false_negative,0.9998550467570206,,"The candidate sentences refer to general community participation and define community institutions (listing religious organizations, NGOs, etc.), but they do not identify customary/traditional/cultural leaders or institutions, nor do they recognize customary mechanisms for dispute resolution or protection in the VAW context.",Reference only
SUMATERA BARAT BUKITTINGGI KOTA,SUMATERA_BARAT_BUKITTINGGI_KOTA.txt,2.2,Collaboration with NGOs,institutional_mechanism,No,Yes,0.0,1.0,false_positive,0.999847417929993,"reporters are referred by NGOs, social organizations, the community or mass media; andc.
regional government, NGOs/social organizations and the community are obliged to provide protection for neglected children domiciled in the Region in accordance with laws and regulations;","The policy explicitly references NGOs and social organizations as actors in the protection system, including referrals to services by NGOs/social organizations and an obligation for regional government together with NGOs/social organizations and the community to provide protection for neglected children. These provisions indicate collaboration/partnership with non-government service providers.",Reference only
SUMATERA BARAT BUKITTINGGI KOTA,SUMATERA_BARAT_BUKITTINGGI_KOTA.txt,2.6,Monitoring and evaluation,institutional_mechanism,No,Yes,0.0,1.0,false_positive,0.9998626756131501,"conducting monitoring, evaluation and reporting at least once (1) a year.","The policy assigns the KLA Task Force duties that explicitly include conducting monitoring, evaluation, and reporting at least annually, which constitutes a monitoring and evaluation mechanism for implementation (at least for the KLA policy component).",Reference only
SUMATERA BARAT BUKITTINGGI KOTA,SUMATERA_BARAT_BUKITTINGGI_KOTA.txt,3.2,Police specialised service unit,specialised_support_services,No,Yes,0.0,1.0,false_positive,1.0,"1. Complaint Handling Services for violations of women's and children's rights are carried out by P2TP2A, PPA Units at Polres, Community Health Centers, Government Hospitals, and Legal Aid Institutions.","The policy explicitly identifies “PPA Units at Polres” as entities carrying out complaint handling services for violations of women’s and children’s rights, which constitutes a specialised police-based unit for women/children victim services.",Reference only
SUMATERA BARAT BUKITTINGGI KOTA,SUMATERA_BARAT_BUKITTINGGI_KOTA.txt,3.9,Resocialisation services,specialised_support_services,Yes,No,1.0,0.0,false_negative,0.5545997223493824,,"While the text mentions rehabilitation and postremedial efforts, the retrieved sentences do not clearly identify a specific service unit or institution as responsible for providing rehabilitation/resocialisation/reintegration services (beyond accompaniment by professionals), which is required by the coding rules for this indicator.",Reference only
SUMATERA BARAT BUKITTINGGI KOTA,SUMATERA_BARAT_BUKITTINGGI_KOTA.txt,5.6,Media engagement,stakeholder_engagement,No,Yes,0.0,1.0,false_positive,1.0,"reporters are referred by NGOs, social organizations, the community or mass media; andc.","The policy explicitly includes mass media as a source of referrals into complaint-handling services, giving media a functional role within the service access/referral mechanism.",Reference only
SUMATERA BARAT BUKITTINGGI KOTA,SUMATERA_BARAT_BUKITTINGGI_KOTA.txt,6.2,Women victims of trafficking,intersectional_approach,No,Yes,0.0,1.0,false_positive,1.0,"d. To protect women and children from acts of violence, neglect, exploitation, and trafficking in persons as well as the rights of women in the event of divorce.
11. Law Number 21 of 2007 concerning the Eradication of the Criminal Act of Trafficking in Persons (State Gazette of the Republic of Indonesia of 2007 Number 58, Supplement to the State Gazette of the Republic of Indonesia Number 4720);
41. Integrated Service Center for Women and Child Empowerment Saayun Salangkah, hereinafter abbreviated as P2TP2A Saayun Salangkah, is one form of service facility for women and children in an effort to fulfill information and needs in the fields of education, health, economy, politics and law, protection and prevention of acts of violence and trafficking against women and children in the City of Bukittinggi.","The policy explicitly includes trafficking in persons/human trafficking in its objectives, cites national anti-trafficking legislation in its legal basis, and defines an integrated service center as addressing prevention of trafficking against women and children—bringing trafficking (and thus women trafficking victims) within scope.",Reference only
SUMATERA BARAT BUKITTINGGI KOTA,SUMATERA_BARAT_BUKITTINGGI_KOTA.txt,6.3,Women workers,intersectional_approach,No,Yes,0.0,1.0,false_positive,0.9999465949513187,"Protecting women workers from acts of discrimination, exploitation and violence.","The policy explicitly provides a protection measure for women workers by stating protection of women workers from discrimination, exploitation, and violence, which goes beyond general employment rights and targets women workers as a specific group.",Reference only
SUMATERA BARAT DHARMASRAYA,SUMATERA_BARAT_DHARMASRAYA.txt,1.6,Harmful practices,scope_of_violence,No,Yes,0.0,1.0,false_positive,1.0,"preventing unregistered marriages and marriages at child age.
e. prevent marriage at the age of children.
increasing women's awareness of the impact of early marriage;","The policy explicitly addresses harmful practices by referencing prevention of “marriages at child age,” requiring parents to prevent child-age marriage, and raising awareness about the impact of early marriage—each of which qualifies under the coding rules.",Reference only
SUMATERA BARAT DHARMASRAYA,SUMATERA_BARAT_DHARMASRAYA.txt,1.9,Sexual slavery/exploitation,scope_of_violence,No,Yes,0.0,1.0,false_positive,1.0,"b. obtain protection from economic exploitation and sexual exploitation;
all work that utilizes, provides, or offers Children for prostitution, pornography production, pornographic performances, or gambling;","The policy explicitly mentions “sexual exploitation” (including as a protection right for women) and also references prostitution/pornography-related exploitation in the context of worst forms of work, which satisfies inclusion of sexual exploitation/sexual slavery-related content.",Reference only
SUMATERA BARAT DHARMASRAYA,SUMATERA_BARAT_DHARMASRAYA.txt,4.4,Prevention through education,primary_prevention,No,Yes,0.0,1.0,false_positive,0.7039056039366212,"2. Prevention of acts of violence against women and children as referred to in paragraph (1), is carried out by Regional Apparatus whose duties and functions are in the field of: a.","The policy explicitly places prevention of violence against women and children within the responsibilities of regional apparatus including the education sector, indicating education is part of the prevention strategy (i.e., prevention initiatives involving the education field).",Reference only
SUMATERA BARAT DHARMASRAYA,SUMATERA_BARAT_DHARMASRAYA.txt,5.4,Education institutions engagement,stakeholder_engagement,No,Yes,0.0,1.0,false_positive,0.9959224362156816,"2. providing training for religious leaders, community leaders, traditional leaders, educators, journalists and media managers in order to prevent violence against women and children;","The policy includes educators as a target group for training to prevent violence against women and children, which constitutes engagement of the education sector in capacity building for prevention.",Reference only
SUMATERA BARAT DHARMASRAYA,SUMATERA_BARAT_DHARMASRAYA.txt,5.8,Private sector engagement,stakeholder_engagement,No,Yes,0.0,1.0,false_positive,1.0,h. cooperating with the private sector and/or NGOs in the implementation of Child Protection; (2) The responsibilities as referred to in paragraph (1) shall be carried out by Regional Apparatus in accordance with their duties and functions.,"The policy explicitly states cooperation with the private sector (and/or NGOs) in the implementation of child protection, which qualifies as recognizing and engaging the private sector as a stakeholder in protection implementation.",Reference only
SUMATERA BARAT DHARMASRAYA,SUMATERA_BARAT_DHARMASRAYA.txt,6.2,Women victims of trafficking,intersectional_approach,No,Yes,0.0,1.0,false_positive,1.0,"d. provide special protection to women victims of violence and human trafficking; ande.
17. Human trafficking is the act of recruitment, transportation, harboring, sending, transfer, or receipt of a person by threat of violence, use of violence, abduction, confinement, forgery, fraud, abuse of power or position of vulnerability, debt bondage or giving payment or benefits, so as to obtain consent from the person holding control over that other person, whether carried out within the country or between countries, for the purpose of exploitation or resulting in the person being exploited.","The policy explicitly includes human trafficking and provides special protection for women victims of human trafficking, and it defines “human trafficking,” indicating trafficking victims are within scope.",Reference only
SUMATERA BARAT KEPULAUAN MENTAWAI,SUMATERA_BARAT_KEPULAUAN_MENTAWAI.txt,1.6,Harmful practices,scope_of_violence,No,Yes,0.0,1.0,false_positive,1.0,"provision of entrepreneurship training in order to improve the economy, provision of legal counseling to increase legal awareness, provision of opportunities to participate in development activities, provision of assistance for women, Children and Families, and/or enhancement of the Family's role in pursuing Child marriage in accordance with the age stipulated in the provisions of laws and regulations.","The policy explicitly addresses child marriage by referencing efforts to enhance the family’s role in pursuing/handling child marriage in accordance with legally stipulated age, which is a recognized harmful practice under the coding rules.",Reference only
SUMATERA BARAT KEPULAUAN MENTAWAI,SUMATERA_BARAT_KEPULAUAN_MENTAWAI.txt,2.3,Data collection systems,institutional_mechanism,Yes,No,1.0,0.0,false_negative,0.9993592335267225,,"While the policy establishes a “Gender and Child data system” and related data forum/working group, the cited provisions do not explicitly link the data collection/management functions to violence against women, victims, or violence cases; they are framed as gender/child data for empowerment and protection generally. The only explicit violence-related data reference shown is compiling village-level child profile data, which is not explicitly VAW/victim/case data.",Reference only
SUMATERA BARAT KEPULAUAN MENTAWAI,SUMATERA_BARAT_KEPULAUAN_MENTAWAI.txt,3.10,Economic support,specialised_support_services,Yes,No,1.0,0.0,false_negative,1.0,,"While the text includes general women’s empowerment and family services (e.g., skills/job training, entrepreneurship training), none of the provided sentences explicitly link economic support or empowerment measures to women victims of violence specifically, as required by the coding rules.",Reference only
SUMATERA BARAT KEPULAUAN MENTAWAI,SUMATERA_BARAT_KEPULAUAN_MENTAWAI.txt,4.1,Information and education about VAW,primary_prevention,Yes,No,1.0,0.0,false_negative,0.8482836399575129,,"The candidate sentences mention prevention of violence against women and children and include “socialization on the rights of women and Children” and general guidance/socialization and dissemination of information, but they do not describe information/education activities specifically providing education or information about violence against women, protection from violence, prohibition/dangers of violence, or anti-violence values/norms. Several references are explicitly about women’s/children’s rights and laws/regulations, which are excluded by the coding rules unless tied to VAW-prevention content.",Reference only
SUMATERA BARAT KEPULAUAN MENTAWAI,SUMATERA_BARAT_KEPULAUAN_MENTAWAI.txt,4.2,Gender equality education,primary_prevention,Yes,No,1.0,0.0,false_negative,0.9983984687165706,,"While the text includes socialization/advocacy about women’s rights and references gender equality, it does not explicitly situate gender equality/women’s rights education as a strategy or measure to prevent violence against women. The prevention-related provision focuses on preventing violence against women and children but frames socialization around rights rather than gender equality education as VAW prevention, and other education/socialization items are not explicitly linked to VAW prevention as required.",Reference only
SUMATERA BARAT KEPULAUAN MENTAWAI,SUMATERA_BARAT_KEPULAUAN_MENTAWAI.txt,5.6,Media engagement,stakeholder_engagement,No,Yes,0.0,1.0,false_positive,0.9919823612703507,"(2) The team as referred to in paragraph (1) consists of relevant Regional Apparatus by involving vertical agencies in the Region, religious leaders, community leaders, business world, and press members.","The policy explicitly includes press members as part of the integrated team established for women’s empowerment and child protection, which constitutes recognition of media as a stakeholder within an implementation/coordination structure.",Reference only
SUMATERA BARAT KEPULAUAN MENTAWAI,SUMATERA_BARAT_KEPULAUAN_MENTAWAI.txt,6.7,Women from minority groups,intersectional_approach,Yes,No,1.0,0.0,false_negative,0.9997711312602866,,The candidate sentences mention minority/isolated groups only in relation to children (“Children from minority and isolated groups”) and do not identify women from minority or isolated groups as a target group for special protection or services.,Reference only
SUMATERA BARAT KEPULAUAN MENTAWAI,SUMATERA_BARAT_KEPULAUAN_MENTAWAI.txt,7.2,National government budget,budget_funding_sources,No,Yes,0.0,1.0,false_positive,1.0,"Funding for the implementation of the Gender and Child data system is sourced from the state revenue and expenditure budget, the provincial regional revenue and expenditure budget and the Regional revenue and expenditure budget as well as other legitimate and non-binding sources in accordance with the provisions of laws and regulations.","The policy explicitly states that funding is sourced from the state revenue and expenditure budget, which constitutes the national government budget.",Reference only
SUMATERA BARAT KEPULAUAN MENTAWAI,SUMATERA_BARAT_KEPULAUAN_MENTAWAI.txt,7.5,Provincial government budget,budget_funding_sources,No,Yes,0.0,1.0,false_positive,1.0,"Funding for the implementation of the Gender and Child data system is sourced from the state revenue and expenditure budget, the provincial regional revenue and expenditure budget and the Regional revenue and expenditure budget as well as other legitimate and non-binding sources in accordance with the provisions of laws and regulations.","The policy explicitly includes the provincial regional revenue and expenditure budget as a funding source, directly addressing provincial government budget funding.",Reference only
SUMATERA BARAT PADANG PARIAMAN,SUMATERA_BARAT_PADANG_PARIAMAN.txt,1.6,Harmful practices,scope_of_violence,No,Yes,0.0,1.0,false_positive,0.9997711312602866,"strengthens the role of community, religious and family environment organizations; and prevents early marriage.
preventing the occurrence of marriage at an early age.
enhancement of women's awareness of the impact of early marriage;","The policy explicitly references preventing early marriage and increasing awareness of the impact of early marriage, which directly constitutes inclusion of a harmful practice affecting women and girls under the coding rules.",Reference only
SUMATERA BARAT PADANG PARIAMAN,SUMATERA_BARAT_PADANG_PARIAMAN.txt,1.9,Sexual slavery/exploitation,scope_of_violence,No,Yes,0.0,1.0,false_positive,1.0,"all work that exploits, provides, or offers Children for prostitution, pornography production, pornographic performances, or gambling;","The policy explicitly references exploitation of children for prostitution and pornography, which constitutes sexual exploitation (and is within the criterion’s covered concepts of sexual exploitation/sexual slavery).",Reference only
SUMATERA BARAT PADANG PARIAMAN,SUMATERA_BARAT_PADANG_PARIAMAN.txt,2.3,Data collection systems,institutional_mechanism,Yes,No,1.0,0.0,false_negative,0.9994507590239725,,"While the policy mentions monitoring/evaluation and includes a task force duty to collect basic data for CFC development, the candidate sentences do not explicitly link any data collection/recording/reporting system to violence against women, victims, or VAW cases as required by the coding rules. References to a general 'gender and Child data system' are not explicitly tied to VAW case/victim data in the provided sentences.",Reference only
SUMATERA BARAT PADANG PARIAMAN,SUMATERA_BARAT_PADANG_PARIAMAN.txt,6.2,Women victims of trafficking,intersectional_approach,No,Yes,0.0,1.0,false_positive,0.9998626756131501,"making efforts to prevent acts of Violence against women including criminal acts of trafficking in persons;
16. Human trafficking is the act of recruitment, transportation, harboring, sending, transfer, or receipt of a person by threat of Violence, use of Violence, kidnapping, confinement, forgery, fraud, abuse of power or vulnerable position, debt bondage or giving payment or benefits, so as to obtain consent from the person holding control over that other person, whether carried out within the Country or between Countries, for the purpose of exploitation or resulting in the person being exploited.","The policy explicitly mentions trafficking in persons/human trafficking, including defining human trafficking and stating that prevention of violence against women includes criminal acts of trafficking in persons, which brings trafficking within scope under the coding rules.",Reference only
SUMATERA BARAT PAYAKUMBUH KOTA,SUMATERA_BARAT_PAYAKUMBUH_KOTA.txt,3.2,Police specialised service unit,specialised_support_services,No,Yes,0.0,1.0,false_positive,1.0,d. Women and Children Service Unit (UPPA),"The policy explicitly lists the Women and Children Service Unit (UPPA), which is a recognized specialised police-based unit for handling complaints/services for violence against women and children.",Reference only
SUMATERA BARAT PAYAKUMBUH KOTA,SUMATERA_BARAT_PAYAKUMBUH_KOTA.txt,5.4,Education institutions engagement,stakeholder_engagement,No,Yes,0.0,1.0,false_positive,0.5545997223493824,"b. Providing training for religious leaders, community leaders, customary leaders, educators, journalists and media managers in order to prevent violence against women and children.","The policy includes educators as recipients/participants in training aimed at preventing violence against women and children, indicating engagement of the education sector in capacity building for prevention.",Reference only
SUMATERA BARAT PAYAKUMBUH KOTA,SUMATERA_BARAT_PAYAKUMBUH_KOTA.txt,5.8,Private sector engagement,stakeholder_engagement,No,Yes,0.0,1.0,false_positive,0.9719544771069031,"9. Child-Friendly Regency/City hereinafter abbreviated as KLA is a Regency City that has a child rights-based development system through the integration of commitment and resources of government, community and business world that are planned comprehensively and sustainably in policies, programs and activities to ensure the fulfillment of children's rights.","The policy explicitly includes the “business world” as part of the integrated commitment and resources for a child-rights-based development system (KLA), which recognizes the private sector as a stakeholder within implementation structures.",Reference only
SUMATERA BARAT PAYAKUMBUH KOTA,SUMATERA_BARAT_PAYAKUMBUH_KOTA.txt,6.2,Women victims of trafficking,intersectional_approach,No,Yes,0.0,1.0,false_positive,1.0,"e. Providing special protection to women victims of violence and human trafficking, and
14. Trafficking in persons is the act of recruitment, transportation, harboring, sending, transfer or receipt of a person by threat of violence, use of violence, abduction, confinement, fraud, abuse of power or position of vulnerability, debt bondage or giving payment or benefits so as to obtain consent from the person holding control over that other person, whether carried out within the country or between countries, for the purpose of exploitation or resulting in the person being exploited.
7. Law Number 21 of 2007 concerning the Eradication of the Criminal Act of Trafficking in Persons (State Gazette of the Republic of Indonesia of 2007 Number 58, Supplement to the State Gazette of the Republic of Indonesia Number 3720);","The policy explicitly includes trafficking in persons via a definition, assigns local government responsibility to provide special protection to women victims of violence and human trafficking, and cites the national anti-trafficking law in its legal basis—each of which is sufficient to include women trafficking victims within scope.",Reference only
SUMATERA BARAT PAYAKUMBUH KOTA,SUMATERA_BARAT_PAYAKUMBUH_KOTA.txt,6.5,People with disability,intersectional_approach,No,Yes,0.0,1.0,false_positive,0.9987186723442816,"Lately, more and more disabled/difable/disable women have become victims of violence, whether deaf, blind or mentally retarded.
For this category of victims, interpreters must also be provided, for example, who can be taken from special school teachers.","The policy explicitly discusses disabled women as victims of violence and specifies an accommodation (providing interpreters) for this category of victims, which constitutes disability-specific service/support.",Reference only
SUMATERA BARAT PESISIR SELATAN,SUMATERA_BARAT_PESISIR_SELATAN.txt,1.6,Harmful practices,scope_of_violence,No,Yes,0.0,1.0,false_positive,0.9998626756131501,"prevents unregistered marriages and marriage at the age of children.
preventing marriage at the age of children.","The policy explicitly addresses child/early marriage as a harmful practice by stating prevention of “marriage at the age of children” (and also unregistered marriages) as part of prevention roles, which meets the criterion.",Reference only
SUMATERA BARAT PESISIR SELATAN,SUMATERA_BARAT_PESISIR_SELATAN.txt,1.9,Sexual slavery/exploitation,scope_of_violence,No,Yes,0.0,1.0,false_positive,1.0,"Child victims of violence who are exploited economically and sexually, neglected children, child victims of kidnapping and child victims of human trafficking;
all work that utilizes, provides, or offers Children for prostitution, pornography production, pornographic performances, or gambling;","The policy explicitly references children exploited “sexually” and also prohibits involving children in work that utilizes/offers them for prostitution and pornography, which constitutes explicit inclusion of sexual exploitation (and related slavery-like exploitation contexts).",Reference only
SUMATERA BARAT PESISIR SELATAN,SUMATERA_BARAT_PESISIR_SELATAN.txt,5.4,Education institutions engagement,stakeholder_engagement,No,Yes,0.0,1.0,false_positive,0.9936548010825408,"3. In the event that a Child victim of Violence experiences dropping out of school, the child victim of violence shall be provided with formal or non-formal education, in this case carried out by the organizer of the education unit and in coordination with the UPTD PPA.","The policy assigns an active implementation role to education-unit organizers by requiring them to provide education to child victims of violence and to do so in coordination with UPTD PPA, which constitutes engagement of education institutions in response/service coordination related to violence.",Reference only
SUMATERA BARAT PESISIR SELATAN,SUMATERA_BARAT_PESISIR_SELATAN.txt,6.1,Women in conflict/disaster areas,intersectional_approach,No,Yes,0.0,1.0,false_positive,0.9950927001858654,"8. Victim is a woman and child who experiences acts of violence and/or threats of violence that include physical, sexual, psychological, economic and/or social violence, in the family, community and/or society, in conflict situations, post-conflict, and the state.","The policy’s definition of “Victim” explicitly includes women (and children) experiencing violence in “conflict situations” and “post-conflict,” indicating women affected by conflict are a specifically recognized protected group within the regulation’s scope.",Reference only
SUMATERA BARAT PESISIR SELATAN,SUMATERA_BARAT_PESISIR_SELATAN.txt,6.2,Women victims of trafficking,intersectional_approach,No,Yes,0.0,1.0,false_positive,0.9997711312602866,making efforts to prevent acts of violence against women including criminal acts of trafficking in persons;,"The policy explicitly mentions “criminal acts of trafficking in persons” in the context of preventing violence against women, which is sufficient to include trafficking within scope under the coding rules.",Reference only
SUMATERA BARAT SOLOK KOTA,SUMATERA_BARAT_SOLOK_KOTA.txt,1.6,Harmful practices,scope_of_violence,No,Yes,0.0,1.0,false_positive,1.0,conducting socialization on the prevention of child marriage;,"The policy explicitly references “prevention of child marriage” as a community participation activity, which is a recognized harmful practice under the coding rules.",Reference only
SUMATERA BARAT SOLOK KOTA,SUMATERA_BARAT_SOLOK_KOTA.txt,4.3,VAW laws awareness,primary_prevention,Yes,No,1.0,0.0,false_negative,0.6351489523872873,,"The candidate sentences include socialisation/education on laws and regulations related to protection of women and children, but they do not explicitly situate this legal socialisation as a strategy or measure to prevent violence against women (the prevention framing is not attached to the laws/regulations socialisation). Other prevention-referenced items (e.g., socialisation on prevention of VAW; training on prevention/handling) are not specified as being about laws, regulations, or policies on VAW, which is required for this criterion.",Reference only
SUMATERA BARAT SOLOK KOTA,SUMATERA_BARAT_SOLOK_KOTA.txt,5.8,Private sector engagement,stakeholder_engagement,No,Yes,0.0,1.0,false_positive,0.9992372060475254,cooperating with the private sector and/or non-governmental organizations in the implementation of fulfillment of children's rights.,"The policy explicitly states that the Regional Government may cooperate with the private sector in implementing the fulfillment of children's rights, which recognizes the private sector as a stakeholder/partner in implementation.",Reference only
SUMATERA BARAT SOLOK KOTA,SUMATERA_BARAT_SOLOK_KOTA.txt,6.2,Women victims of trafficking,intersectional_approach,No,Yes,0.0,1.0,false_positive,0.9998169029128974,providing special protection to women victims of violence and human trafficking;,"The policy explicitly includes “women victims of … human trafficking” as a group receiving special protection, which is sufficient under the coding rules.",Reference only
SUMATERA SELATAN MUARA ENIM,SUMATERA_SELATAN_MUARA_ENIM.txt,2.3,Data collection systems,institutional_mechanism,Yes,No,1.0,0.0,false_negative,0.9051482536448664,,"The candidate sentences mention monitoring, evaluation, and periodic reporting on implementation, and separately reference gender/child data systems and CFC basic data collection, but they do not explicitly link a data collection/management system or responsibility to violence against women, VAW victims, or VAW cases as required by the coding rules.",Reference only
SUMATERA SELATAN MUARA ENIM,SUMATERA_SELATAN_MUARA_ENIM.txt,4.4,Prevention through education,primary_prevention,Yes,No,1.0,0.0,false_negative,1.0,,"The policy includes prevention via socialisation for VAW and includes child-focused education measures (e.g., child-friendly school models; education for child victims of sexual crimes), but the criterion requires education institutions/curricula/materials to be explicitly identified as a prevention mechanism for violence against women or children. The cited sentences do not explicitly present formal education instruments (schools/curricula/teaching materials) as a prevention strategy for VAW, and child-only prevention education is excluded by the coding rules.",Reference only
SUMATERA SELATAN MUARA ENIM,SUMATERA_SELATAN_MUARA_ENIM.txt,6.5,People with disability,intersectional_approach,No,Yes,0.0,1.0,false_positive,0.7615941559557649,"disability;
(3) Social welfare as referred to in paragraph (1) may be in the form of providing services:a.","The social welfare provisions explicitly prioritize social welfare for those with social problem criteria including disability and provide that social welfare may take the form of providing services (including health, education, legal aid, assistance, guidance, rehabilitation, reintegration). This constitutes disability-specific identification and support measures for people with disabilities (not limited to children).",Reference only
SUMATERA SELATAN MUARA ENIM,SUMATERA_SELATAN_MUARA_ENIM.txt,6.10,Refugee/forced displacement,intersectional_approach,No,Yes,0.0,1.0,false_positive,1.0,Special protection for children who become refugees as referred to in Article 61 paragraph (1) letter a shall be implemented in accordance with the provisions of Laws and Regulations.,The policy explicitly provides special protection for children who become refugees. This is an explicit special protection measure targeted at refugees (even though limited to children).,Reference only
SUMATERA SELATAN MUSI BANYUASIN,SUMATERA_SELATAN_MUSI_BANYUASIN.txt,1.6,Harmful practices,scope_of_violence,No,Yes,0.0,1.0,false_positive,0.9998626756131501,"c. prevention of underage marriage/unregistered marriage.
c. prevention of marriage at the age of Children.","The policy explicitly addresses prevention of underage/child marriage, which is a harmful practice under the coding rules.",Reference only
SUMATERA SELATAN MUSI BANYUASIN,SUMATERA_SELATAN_MUSI_BANYUASIN.txt,1.9,Sexual slavery/exploitation,scope_of_violence,No,Yes,0.0,1.0,false_positive,1.0,b. obtain protection from economic exploitation and sexual exploitation;,"The policy explicitly mentions “sexual exploitation” as a harm from which women have the right to protection, which directly satisfies the criterion.",Reference only
SUMATERA SELATAN MUSI BANYUASIN,SUMATERA_SELATAN_MUSI_BANYUASIN.txt,3.2,Police specialised service unit,specialised_support_services,No,Yes,0.0,1.0,false_positive,0.9999847412691449,Women and Children Service Unit (UPPA);,"The policy explicitly lists the Women and Children Service Unit (UPPA), which is a recognised specialised police-based unit for handling violence cases involving women and children.",Reference only
SUMATERA SELATAN MUSI BANYUASIN,SUMATERA_SELATAN_MUSI_BANYUASIN.txt,3.10,Economic support,specialised_support_services,Yes,No,1.0,0.0,false_negative,0.9978725312596644,,"While the policy contains general women’s empowerment measures (skills training, capital assistance, entrepreneurship support), the provided sentences do not explicitly specify that these economic supports are targeted to or available for women victims of violence, which is required by the coding rules.",Reference only
SUMATERA SELATAN MUSI BANYUASIN,SUMATERA_SELATAN_MUSI_BANYUASIN.txt,5.4,Education institutions engagement,stakeholder_engagement,No,Yes,0.0,1.0,false_positive,0.6351489523872873,"training for religious leaders, community leaders, traditional leaders, educators, journalists and media managers in order to prevent violence against Women and Children;","The policy includes educators as a target group for training aimed at preventing violence against women and children, which constitutes engagement of the education sector in capacity building for prevention (even though it does not name specific schools/universities).",Reference only
SUMATERA SELATAN MUSI BANYUASIN,SUMATERA_SELATAN_MUSI_BANYUASIN.txt,6.3,Women workers,intersectional_approach,Yes,No,1.0,0.0,false_negative,0.1243530017715962,,"The cited employment provisions address workplace decency/safety/security, reproductive health placement, night-work restrictions, and transport for female workers, but these are framed as general labor protections rather than explicit protections against violence/exploitation in the workplace as a targeted protection group under the coding rules. The text does not explicitly frame women workers as a vulnerable group needing protection from violence/exploitation beyond general workplace conditions.",Reference only
SUMATERA SELATAN MUSI RAWAS,SUMATERA_SELATAN_MUSI_RAWAS.txt,1.9,Sexual slavery/exploitation,scope_of_violence,No,Yes,0.0,1.0,false_positive,1.0,1. Special protection for children who are exploited economically and/or sexually as referred to in Article 30 is the obligation and responsibility of the government and society.,"The policy explicitly refers to children being exploited “economically and/or sexually,” which constitutes explicit inclusion of sexual exploitation within the policy’s protection scope.",Reference only
SUMATERA SELATAN MUSI RAWAS,SUMATERA_SELATAN_MUSI_RAWAS.txt,6.2,Women victims of trafficking,intersectional_approach,No,Yes,0.0,1.0,false_positive,0.9998626756131501,"6. Trafficking in Persons is the act of recruitment, transportation, harboring, sending, transfer, or receipt of a person by threat of violence, use of violence, abduction, confinement, forgery, fraud, abuse of power or position of vulnerability, debt bondage or giving payment or benefits, so as to obtain the consent of the person holding control over that other person, whether conducted within the country or between countries, for the purpose of exploitation or resulting in the person being exploited.
7. Victim of Trafficking in Persons is a person who experiences psychological, mental, physical, sexual, economic, and/or social suffering, caused by the criminal act of trafficking in persons.
7. Eradication of the Criminal Act of Trafficking in Persons (State Gazette of the Republic of Indonesia of 2008 Number 181, Supplement to the State Gazette of the Republic of Indonesia Number 4928);","The policy explicitly defines trafficking in persons and victims of trafficking in persons, and it also cites the national anti-trafficking law in its legal basis, indicating trafficking cases/victims are within scope.",Reference only
SUMATERA SELATAN MUSI RAWAS,SUMATERA_SELATAN_MUSI_RAWAS.txt,6.10,Refugee/forced displacement,intersectional_approach,No,Yes,0.0,1.0,false_positive,0.9999084493610688,"children who become refugees;
Special protection for children who become refugees as referred to in Article 30 letter a is implemented in accordance with the provisions of humanitarian law.","The policy explicitly includes refugees within “children in emergency situations” and provides special protection for children who become refugees, indicating special protection measures targeted at refugees/forced displacement (at least for children).",Reference only
SUMATERA SELATAN MUSI RAWAS UTARA,SUMATERA_SELATAN_MUSI_RAWAS_UTARA.txt,1.1,Domestic violence,scope_of_violence,Yes,No,1.0,0.0,false_negative,1.0,,"Across the provided sentences, the policy discusses violence against women and children generally and defines “Violence,” but it does not explicitly mention domestic/household/family/intimate partner violence or violence in the private sphere, nor does it cite a domestic violence legal framework in the shown excerpts.",Reference only
SUMATERA SELATAN MUSI RAWAS UTARA,SUMATERA_SELATAN_MUSI_RAWAS_UTARA.txt,1.6,Harmful practices,scope_of_violence,No,Yes,0.0,1.0,false_positive,1.0,prevent marriage at Child age;,"The policy explicitly references preventing “marriage at Child age,” which is a harmful practice (child marriage) under the coding rules.",Reference only
SUMATERA SELATAN MUSI RAWAS UTARA,SUMATERA_SELATAN_MUSI_RAWAS_UTARA.txt,1.9,Sexual slavery/exploitation,scope_of_violence,No,Yes,0.0,1.0,false_positive,0.986693025807625,"exploitation, both economic and sexual;","The policy explicitly includes “sexual” exploitation (even if not phrased as ‘sexual slavery’), which satisfies inclusion of sexual exploitation under the coding rules.",Reference only
SUMATERA SELATAN MUSI RAWAS UTARA,SUMATERA_SELATAN_MUSI_RAWAS_UTARA.txt,2.3,Data collection systems,institutional_mechanism,No,Yes,0.0,1.0,false_positive,1.0,"Complaint, consultation, and counseling services as referred to in Article 31 letter a include:
identification or initial recording of victims;
case identification; andc.","The policy links service delivery to documentation functions by including identification/initial recording of victims and case identification as part of complaint/consultation/counseling services, which is an explicit requirement to record and identify violence victims/cases.",Reference only
SUMATERA SELATAN MUSI RAWAS UTARA,SUMATERA_SELATAN_MUSI_RAWAS_UTARA.txt,5.3,Traditional/cultural engagement,stakeholder_engagement,No,Yes,0.0,1.0,false_positive,1.0,community institutions and/or local community leaders.,"The policy specifies coordination with “community institutions and/or local community leaders” in delivering social reintegration services, which directly includes community leaders as participants in implementation of services for victims of violence.",Reference only
SUMATERA SELATAN MUSI RAWAS UTARA,SUMATERA_SELATAN_MUSI_RAWAS_UTARA.txt,6.2,Women victims of trafficking,intersectional_approach,No,Yes,0.0,1.0,false_positive,1.0,"20. Integrated Service Center for Women's Empowerment and Children, hereinafter abbreviated as P2TP2A, is an integrated service center in efforts to empower women in various fields of development, as well as protection of women and children from various types of discrimination and acts of violence, including trafficking in persons, which is established by the government or community-based.","The policy explicitly includes “trafficking in persons” within the scope of the integrated service center (P2TP2A), indicating trafficking cases/victims are covered.",Reference only
SUMATERA SELATAN OGAN KOMERING ULU,SUMATERA_SELATAN_OGAN_KOMERING_ULU.txt,1.9,Sexual slavery/exploitation,scope_of_violence,No,Yes,0.0,1.0,false_positive,1.0,"Rape, sexual harassment, trafficking of women and children, domestic violence, sexual exploitation, violence against domestic workers, pornography, exploitation of migrant workers, and neglect, will apparently continue to be encountered in daily life, both in the domestic (household) and public spheres.","The policy explicitly mentions “sexual exploitation,” which directly meets the coding rules for inclusion of sexual exploitation/sexual slavery (no additional specificity required beyond explicit mention).",Reference only
SUMATERA SELATAN OGAN KOMERING ULU,SUMATERA_SELATAN_OGAN_KOMERING_ULU.txt,2.3,Data collection systems,institutional_mechanism,No,Yes,0.0,1.0,false_positive,1.0,"Monitoring and reporting as referred to in Article 8 include monitoring, documentation and reporting of cases of gender-based violence and children.","The policy explicitly links monitoring, documentation, and reporting to “cases of gender-based violence and children,” which meets the criterion’s requirement for mandated documentation/reporting of violence cases (a data/information function).",Reference only
SUMATERA SELATAN OGAN KOMERING ULU,SUMATERA_SELATAN_OGAN_KOMERING_ULU.txt,3.10,Economic support,specialised_support_services,Yes,No,1.0,0.0,false_negative,0.0,,"Although the policy mentions victims’ right to economic assistance and refers to “economic empowerment” within recovery/social reintegration efforts, the candidate sentences do not explicitly describe any economic support program/mechanism (e.g., skills training, financial resources, livelihood/employment assistance) specifically provided to women victims of violence; the references are too general to meet the criterion’s requirement for explicit economic support measures for victims.",Reference only
SUMATERA SELATAN OGAN KOMERING ULU,SUMATERA_SELATAN_OGAN_KOMERING_ULU_v2.txt,1.5,Economic violence,scope_of_violence,Yes,No,1.0,0.0,false_negative,0.925346225311741,,"While the policy defines violence to include “neglect” generally and discusses women’s economic empowerment and children’s economic exploitation, the provided sentences do not explicitly identify economic violence/economic abuse/domestic neglect as a form of violence against women, nor do they link women’s economic deprivation to violence/abuse/neglect against women specifically.",Reference only
SUMATERA SELATAN OGAN KOMERING ULU,SUMATERA_SELATAN_OGAN_KOMERING_ULU_v2.txt,1.6,Harmful practices,scope_of_violence,No,Yes,0.0,1.0,false_positive,0.9999084493610688,prevention of child marriage;,The policy explicitly addresses a harmful practice by including “prevention of child marriage.”,Reference only
SUMATERA SELATAN OGAN KOMERING ULU,SUMATERA_SELATAN_OGAN_KOMERING_ULU_v2.txt,1.9,Sexual slavery/exploitation,scope_of_violence,No,Yes,0.0,1.0,false_positive,1.0,"22. Children Who Are Sexually Exploited are Children who are exploited to obtain benefits through sexual organs or other body organs of Children, including but not limited to all prostitution and indecency activities.","The policy explicitly includes sexual exploitation by defining/identifying “Children Who Are Sexually Exploited” as a protected category (i.e., within the scope of covered harms and protection).",Reference only
SUMATERA SELATAN OGAN KOMERING ULU,SUMATERA_SELATAN_OGAN_KOMERING_ULU_v2.txt,3.3,Reporting/hotline service,specialised_support_services,Yes,No,1.0,0.0,false_negative,0.9995194058964563,,"The cited provisions discuss monitoring and reporting (largely administrative/government reporting) and community reporting to competent authorities, but they do not establish or describe a dedicated mechanism/service unit/channel for receiving complaints or reports of violence from victims or the public (e.g., hotline, complaint desk, intake service).",Reference only
SUMATERA SELATAN OGAN KOMERING ULU,SUMATERA_SELATAN_OGAN_KOMERING_ULU_v2.txt,3.7,Psychosocial counselling,specialised_support_services,No,Yes,0.0,1.0,false_positive,1.0,"psychosocial therapy;
counseling;","The policy explicitly lists psychosocial therapy and counseling as forms of physical and mental health recovery services, which directly meets the criterion for psychosocial/psychological counselling services.",Reference only
SUMATERA SELATAN OGAN KOMERING ULU,SUMATERA_SELATAN_OGAN_KOMERING_ULU_v2.txt,3.8,Religious/spiritual counselling,specialised_support_services,No,Yes,0.0,1.0,false_positive,0.999732989016709,"religious counseling;
d. mental spiritual guidance;","The policy explicitly includes religious counseling and also includes mental spiritual guidance within rehabilitation-related services, satisfying the requirement for religious/spiritual counselling or guidance as a service.",Reference only
SUMATERA SELATAN OGAN KOMERING ULU,SUMATERA_SELATAN_OGAN_KOMERING_ULU_v2.txt,5.2,Religious engagement,stakeholder_engagement,No,Yes,0.0,1.0,false_positive,0.9998245316235193,"enhancement of the role of parents, families, the Community, educators, education personnel, religious leaders, customary leaders, Community leaders in supporting the Social Reintegration process of Children Who Are Victims of Narcotics, Alcohol, Psychotropic, and Other Addictive Substance Abuse;
c. religious/worship guidance officers;
Special Protection for Children as referred to in Article 108 shall be carried out by involving the role of parents, the Community, Educational Institutions, and Religious Institutions.","The policy explicitly includes religious leaders in supporting social reintegration, provides for religious/worship guidance officers as part of special protection implementation, and states that special protection for children is carried out by involving religious institutions—together meeting the criterion for engaging faith-based actors in implementation/services.",Reference only
SUMATERA SELATAN OGAN KOMERING ULU,SUMATERA_SELATAN_OGAN_KOMERING_ULU_v2.txt,5.3,Traditional/cultural engagement,stakeholder_engagement,No,Yes,0.0,1.0,false_positive,1.0,"enhancement of the role of parents, families, the Community, educators, education personnel, religious leaders, customary leaders, Community leaders in supporting the Social Reintegration process of Children Who Are Victims of Narcotics, Alcohol, Psychotropic, and Other Addictive Substance Abuse;","The policy explicitly identifies customary leaders and community leaders as actors whose role is enhanced in supporting a protection-related process (social reintegration), which meets the criterion for including traditional/customary/community leaders in implementation.",Reference only
SUMATERA SELATAN OGAN KOMERING ULU,SUMATERA_SELATAN_OGAN_KOMERING_ULU_v2.txt,6.6,Women heads of household,intersectional_approach,No,Yes,0.0,1.0,false_positive,0.977853328907416,"may provide capital assistance to women, especially migrant workers, women in remote areas, women as heads of households, and women victims of domestic violence; andc.","The policy explicitly includes “women as heads of households” among the groups for whom capital assistance may be provided, constituting a targeted special measure for women heads of household.",Reference only
SUMATERA SELATAN OGAN KOMERING ULU,SUMATERA_SELATAN_OGAN_KOMERING_ULU_v2.txt,7.3,International donors,budget_funding_sources,No,Yes,0.0,1.0,false_positive,0.9780645977173834,"establishing bilateral and multilateral cooperation, both national and international;","The policy explicitly mentions establishing bilateral and multilateral cooperation ""both national and international,"" which indicates an international cooperation component relevant to protection measures (here, prevention related to child trafficking) and meets the criterion’s threshold for international involvement/support.",Reference only
SUMATERA SELATAN OGAN KOMERING ULU SELATAN,SUMATERA_SELATAN_OGAN_KOMERING_ULU_SELATAN.txt,1.6,Harmful practices,scope_of_violence,No,Yes,0.0,1.0,false_positive,1.0,"preventing marriage at the age of Children.
e. preventing marriage at the age of Children.","The policy explicitly addresses harmful practices by calling for prevention of “marriage at the age of Children” (child marriage), including both community and parental responsibilities to prevent it.",Reference only
SUMATERA SELATAN OGAN KOMERING ULU SELATAN,SUMATERA_SELATAN_OGAN_KOMERING_ULU_SELATAN.txt,1.9,Sexual slavery/exploitation,scope_of_violence,No,Yes,0.0,1.0,false_positive,0.9999465949513187,"obtain protection from economic exploitation and sexual exploitation;
prostitution;","The policy explicitly mentions “sexual exploitation” as a harm women must be protected from, and it also references prostitution in the context of exploitative worst forms of work for children, reinforcing that sexual exploitation is covered.",Reference only
SUMATERA SELATAN OGAN KOMERING ULU SELATAN,SUMATERA_SELATAN_OGAN_KOMERING_ULU_SELATAN.txt,3.2,Police specialised service unit,specialised_support_services,No,Yes,0.0,1.0,false_positive,0.9999465949513187,Women and Children Service Units (UPPA);,"The policy explicitly lists Women and Children Service Units (UPPA), which are specialised police-based units for handling complaints/services for women and children victims of violence.",Reference only
SUMATERA SELATAN OGAN KOMERING ULU SELATAN,SUMATERA_SELATAN_OGAN_KOMERING_ULU_SELATAN.txt,3.10,Economic support,specialised_support_services,Yes,No,1.0,0.0,false_negative,0.8093010702017811,,"While the policy includes skills training and business capital assistance for women generally and mentions rehabilitation/empowerment of women victims of violence in general terms, the provided sentences do not explicitly link economic empowerment measures (skills training, capital, livelihoods) to women victims of violence as required by the coding rules.",Reference only
SUMATERA SELATAN OGAN KOMERING ULU SELATAN,SUMATERA_SELATAN_OGAN_KOMERING_ULU_SELATAN.txt,4.3,VAW laws awareness,primary_prevention,Yes,No,1.0,0.0,false_negative,1.0,,"The candidate sentences mention socialization on preventing violence against women and providing guidelines for handling violence, but they do not specify that any socialization/education/dissemination is about laws, regulations, or policies related to VAW (e.g., domestic violence law, trafficking law). References to “laws and regulations” appear only as general compliance language, not as an education activity about VAW laws.",Reference only
SUMATERA SELATAN PALEMBANG KOTA,SUMATERA_SELATAN_PALEMBANG_KOTA.txt,2.5,Training and capacity building,institutional_mechanism,Yes,No,1.0,0.0,false_negative,1.0,,"The candidate sentences describe service standards, integrated services, and staff composition/qualifications (e.g., certified counselors, psychologists, psychiatrists) but do not explicitly mandate or provide training/capacity-building for implementing agencies or service providers.",Reference only
SUMATERA SELATAN PALEMBANG KOTA,SUMATERA_SELATAN_PALEMBANG_KOTA.txt,2.6,Monitoring and evaluation,institutional_mechanism,Yes,No,1.0,0.0,false_negative,0.9051482536448665,,"The retrieved sentences do not establish a monitoring and evaluation framework for implementation/service delivery; references to “monitoring” relate to community monitoring of conditions or monitoring law enforcement processes, not M&E of policy implementation or service delivery performance.",Reference only
SUMATERA SELATAN PALEMBANG KOTA,SUMATERA_SELATAN_PALEMBANG_KOTA.txt,4.3,VAW laws awareness,primary_prevention,Yes,No,1.0,0.0,false_negative,1.0,,"The retrieved sentences mention prevention socialization about preventing violence and the provision of guidelines for handling violence, but they do not explicitly describe dissemination/education/awareness activities about laws, regulations, or policies related to VAW (or related areas like domestic/sexual violence, trafficking, or child marriage) as a prevention strategy.",Reference only
SUMATERA SELATAN PALEMBANG KOTA,SUMATERA_SELATAN_PALEMBANG_KOTA.txt,5.4,Education institutions engagement,stakeholder_engagement,Yes,No,1.0,0.0,false_negative,0.9999313366279103,,"The candidate sentences mention education only as a field for equal opportunity or as a child’s right, but they do not identify schools, universities, academics, or the education sector as stakeholders/partners in prevention, services, coordination, or capacity building related to violence.",Reference only
SUMATERA SELATAN PALEMBANG KOTA,SUMATERA_SELATAN_PALEMBANG_KOTA.txt,7.1,Local government budget,budget_funding_sources,Yes,No,1.0,0.0,false_negative,0.9999008203303268,,"The candidate sentences describe City Government obligations, programs, and that the regulation’s scope includes “funding,” but they do not explicitly identify a funding/budget source such as the local (city/regional) government budget.",Reference only
SUMATERA SELATAN PALEMBANG KOTA,SUMATERA_SELATAN_PALEMBANG_KOTA.txt,7.2,National government budget,budget_funding_sources,Yes,No,1.0,0.0,false_negative,0.9998550467570206,,"The candidate sentences reference the City Government and include a general mention that the regulation covers “funding,” but they do not mention any national/central government budget as a funding source.",Reference only
SUMATERA SELATAN PALEMBANG KOTA,SUMATERA_SELATAN_PALEMBANG_KOTA.txt,7.4,Other legal sources,budget_funding_sources,Yes,No,1.0,0.0,false_negative,0.999732989016709,,"Although the text lists many legal instruments in the preamble and notes that the regulation’s scope includes “funding,” it does not specify any funding/budget source categorized as “other legal sources” (e.g., earmarked funds, fines, levies, or other legally defined non-budget sources).",Reference only
SUMATERA SELATAN PENUKAL ABAB LEMATANG ILIR,SUMATERA_SELATAN_PENUKAL_ABAB_LEMATANG_ILIR.txt,5.3,Traditional/cultural engagement,stakeholder_engagement,No,Yes,0.0,1.0,false_positive,0.9999618533911394,Social reintegration services are carried out by the Regency Government by coordinating with relevant government and non-government agencies and institutions; and village community institutions and/or local community leaders.,"The policy explicitly mentions coordination with “local community leaders” in delivering social reintegration services, which qualifies as involving community leaders/figures in implementation of services.",Reference only
SUMATERA SELATAN PENUKAL ABAB LEMATANG ILIR,SUMATERA_SELATAN_PENUKAL_ABAB_LEMATANG_ILIR.txt,6.2,Women victims of trafficking,intersectional_approach,No,Yes,0.0,1.0,false_positive,0.9998245316235193,(2) The PPT as referred to in paragraph (1) is an integrated part and constitutes one unit with the PPT that provides integrated services for witnesses and/or victims of criminal acts of human trafficking.,"The policy explicitly references victims of criminal acts of human trafficking within the integrated service center (PPT) framework, indicating trafficking victims are within scope.",Reference only
SUMATERA SELATAN PENUKAL ABAB LEMATANG ILIR,SUMATERA_SELATAN_PENUKAL_ABAB_LEMATANG_ILIR.txt,6.5,People with disability,intersectional_approach,No,Yes,0.0,1.0,false_positive,0.8482836399575129,3. Special infrastructure for persons with disabilities in public places.,"The policy includes a disability-specific measure by providing for “special infrastructure for persons with disabilities in public places,” which constitutes a targeted accommodation/support measure for people with disabilities (even though not specific to women with disabilities).",Reference only
SUMATERA SELATAN PRABUMULIH KOTA,SUMATERA_SELATAN_PRABUMULIH_KOTA.txt,1.6,Harmful practices,scope_of_violence,No,Yes,0.0,1.0,false_positive,1.0,"c. strengthens the role of community organizations, religious organizations and the family environment, and prevents early marriage.
preventing the occurrence of marriage at an early age.
increasing women's awareness of the impact of early marriage, (10) facilitating and seeking the preservation of customs ande.","The policy explicitly mentions preventing early marriage and increasing women’s awareness of the impact of early marriage, which qualifies as addressing a harmful practice (child/early marriage).",Reference only
SUMATERA SELATAN PRABUMULIH KOTA,SUMATERA_SELATAN_PRABUMULIH_KOTA.txt,1.9,Sexual slavery/exploitation,scope_of_violence,No,Yes,0.0,1.0,false_positive,0.9999237075098606,"b. all work that exploits, provides, or offers Children for prostitution, pornography production, pornographic performances, or gambling,","The policy explicitly references exploitation involving prostitution and pornography (in the context of worst forms of work for children), which constitutes sexual exploitation within the meaning of the criterion.",Reference only
SUMATERA SELATAN PRABUMULIH KOTA,SUMATERA_SELATAN_PRABUMULIH_KOTA.txt,2.3,Data collection systems,institutional_mechanism,Yes,No,1.0,0.0,false_negative,1.0,,"While the text mentions monitoring and a general 'gender and child data system' and includes complaint handling, none of the provided sentences explicitly link a data collection/recording/reporting system to violence against women, victims of violence, or violence cases as required by the coding rules.",Reference only
SUMATERA SELATAN PRABUMULIH KOTA,SUMATERA_SELATAN_PRABUMULIH_KOTA.txt,6.5,People with disability,intersectional_approach,No,Yes,0.0,1.0,false_positive,0.9998092742313767,"disability,d.","The policy explicitly includes “disability” among the prioritized social-problem criteria for social welfare, and social welfare may be provided through services such as health, education, legal aid, assistance, rehabilitation, and reintegration. This constitutes explicit inclusion of people with disabilities as beneficiaries of support measures (not limited to children).",Reference only
SUMATERA UTARA BATU BARA,SUMATERA_UTARA_BATU_BARA.txt,3.7,Psychosocial counselling,specialised_support_services,Yes,No,1.0,0.0,false_negative,1.0,,"The candidate sentences refer to recovery of psychological health and to health rehabilitation including psychological aspects, but they do not explicitly mention counselling, psychosocial support, therapy, trauma counselling, or psychological service provision by counsellors/psychologists. Under the coding rules, general recovery/rehabilitation without explicit counselling/support services is insufficient.",Reference only
SUMATERA UTARA BATU BARA,SUMATERA_UTARA_BATU_BARA.txt,6.2,Women victims of trafficking,intersectional_approach,No,Yes,0.0,1.0,false_positive,1.0,"5. Law Number 21 of 2007 concerning the Eradication of the Criminal Act of Trafficking in Persons (State Gazette of the Republic of Indonesia of 2007 Number 58, Supplement to the State Gazette of the Republic of Indonesia Number 4720);","The policy’s legal basis explicitly cites a national law on trafficking in persons, which (per the coding rules) is sufficient to indicate trafficking cases/victims are within scope even without further trafficking-specific measures in the retrieved text.",Reference only
SUMATERA UTARA PADANGSIDIMPUAN KOTA,SUMATERA_UTARA_PADANGSIDIMPUAN_KOTA.txt,1.6,Harmful practices,scope_of_violence,No,Yes,0.0,1.0,false_positive,0.9997711312602866,prevent marriage at child age;,"The policy explicitly addresses a harmful practice by requiring families to prevent marriage at child age, which falls squarely under early/child marriage.",Reference only
SUMATERA UTARA PADANGSIDIMPUAN KOTA,SUMATERA_UTARA_PADANGSIDIMPUAN_KOTA.txt,3.4,Safety/protection shelter,specialised_support_services,No,Yes,0.0,1.0,false_positive,1.0,"23. Safe house is a temporary residence used to provide protection to victims in accordance with the determined operational standards.
Integrated Service Center for Women and Child Protection hereinafter abbreviated as P2TP2A is an integrated service center in efforts to empower women in various fields of development, as well as protection of women and children from various types of discrimination and acts of violence, including trafficking in persons, established by the regional government or community-based, which includes: referral centers, business consultation centers, reproductive health consultation centers, legal consultation centers, integrated crisis centers (PKT), integrated service centers (PPT), trauma recovery centers (trauma centers), women's crisis handling centers (women crisis centers), training centers, science and technology information centers (PIPTEK), safe houses (shelters), transit houses, children's friend telephone (TESA) 129, or other forms.","The policy defines a safe house as a temporary residence used to provide protection to victims and includes safe houses (shelters) as part of the integrated service center framework, indicating shelter-based protection is part of victim services.",Reference only
SUMATERA UTARA PADANGSIDIMPUAN KOTA,SUMATERA_UTARA_PADANGSIDIMPUAN_KOTA.txt,4.4,Prevention through education,primary_prevention,No,Yes,0.0,1.0,false_positive,0.8093010702017811,"building networks and collaboration with law enforcement apparatus, government apparatus, as well as educational institutions, health facilities, hospitals, various NGOs concerned with women and children;","Within the prevention chapter, the policy explicitly includes building networks and collaboration with educational institutions as part of prevention efforts against violence, which identifies involvement of education institutions as a prevention mechanism.",Reference only
SUMATERA UTARA PADANGSIDIMPUAN KOTA,SUMATERA_UTARA_PADANGSIDIMPUAN_KOTA.txt,5.8,Private sector engagement,stakeholder_engagement,No,Yes,0.0,1.0,false_positive,1.0,"To ensure the fulfillment of children's rights so they can live, grow, develop, and participate optimally in accordance with human dignity and receive protection from violence and discrimination, real integrated efforts are needed among the Regional Government, community and business sector through the development of a Child-Friendly City.
2. Membership of the Child-Friendly City Task Force may come from the Regional Government, child representatives, business sector, religious leaders, community leaders and other parties as needed.
1. Health Services are provided by health personnel at health facilities owned by the government, regional government, and the community, including the private sector, by providing treatment and health recovery services for victims.","The policy explicitly includes the business sector as part of integrated efforts for a Child-Friendly City, allows business sector membership in a task force, and includes the private sector among health facilities providing services to victims.",Reference only
SUMATERA UTARA PAKPAK BHARAT,SUMATERA_UTARA_PAKPAK_BHARAT.txt,1.9,Sexual slavery/exploitation,scope_of_violence,No,Yes,0.0,1.0,false_positive,1.0,"Sexual violence may also take the form of forced sexual intercourse committed against a person residing within the scope of the household, forced sexual intercourse against a person within the scope of one's household with another person for commercial purposes and or certain purposes.","The definition of sexual violence explicitly includes forced sexual intercourse involving another person for commercial or certain purposes, which constitutes explicit coverage of sexual exploitation/sexual slavery-type conduct under the coding rules.",Reference only
SUMATERA UTARA PAKPAK BHARAT,SUMATERA_UTARA_PAKPAK_BHARAT.txt,2.3,Data collection systems,institutional_mechanism,Yes,No,1.0,0.0,false_negative,0.8798266996519848,,"While the text mentions monitoring and annual reporting on SPM implementation, the candidate sentences do not explicitly link these activities to collecting/recording/managing data on violence cases or victims, nor do they establish a VAW data/information system or assign an entity responsibility for such case-data management.",Reference only
SUMATERA UTARA PAKPAK BHARAT,SUMATERA_UTARA_PAKPAK_BHARAT.txt,2.5,Training and capacity building,institutional_mechanism,Yes,No,1.0,0.0,false_negative,1.0,,"The retrieved sentences do not mandate training, technical guidance as training, or capacity-building programs for implementing officials/service providers. References to “institutional capacity of personnel” and general guidance/supervision are not an explicit training/capacity-building requirement under the coding rules, and mentions of “training” relate to general access to education/training rather than implementer capacity development.",Reference only
SUMATERA UTARA PAKPAK BHARAT,SUMATERA_UTARA_PAKPAK_BHARAT.txt,3.10,Economic support,specialised_support_services,Yes,No,1.0,0.0,false_negative,0.9999847412691449,,"The candidate sentences mention opening access to education/training/funding and employment opportunities for women as prevention efforts, but they do not explicitly specify that these economic measures are provided to women victims of violence as part of recovery/rehabilitation or victim support.",Reference only
SUMATERA UTARA PAKPAK BHARAT,SUMATERA_UTARA_PAKPAK_BHARAT.txt,6.2,Women victims of trafficking,intersectional_approach,No,Yes,0.0,1.0,false_positive,1.0,"prevent acts of violence against women and children including human trafficking;
7. Human trafficking is the act of recruitment, transportation, harboring, sending, transfer, or receipt of a person by threat of violence, use of violence, abduction, confinement, forgery, fraud and abuse of power or position of vulnerability, debt bondage or giving payments or benefits, so as to obtain the consent of a person having control over another person, whether conducted within a country or between countries, for the purpose of exploitation or resulting in a person being exploited.
8. Law Number 21 of 2007 concerning the Eradication of the Criminal Act of Trafficking in Persons (State Gazette of the Republic of Indonesia of 2007 Number 58, Supplement to the State Gazette of the Republic of Indonesia Number 4720);","The policy explicitly includes human trafficking within the purpose of protection, defines human trafficking, and cites the national anti-trafficking law in its legal basis—each of which is sufficient to include trafficking victims within scope under the coding rules.",Reference only
