fullname,filename,indicator_id,indicator_value,dimension,confidence,answer_logprob,p_yes,pred_label,golden_label,correct,error_type,rationale
GORONTALO GORONTALO KOTA,GORONTALO_GORONTALO_KOTA.txt,4.1,Information and education about VAW,primary_prevention,0.0,-0.6930694580078125,0.5,No,No,True,match,"The retrieved sentences mention prevention generally and include (i) socialization of laws/regulations related to protection of women/children victims of violence and (ii) critical education on the rights of women and children, plus education on non-discrimination values. Under the coding rules, education about laws/regulations and education about women’s/children’s rights (without being explicitly about violence against women/anti-violence values) do not qualify as information/education specifically about VAW as a preventive measure."
JAWA TENGAH SALATIGA KOTA,JAWA_TENGAH_SALATIGA_KOTA.txt,5.1,NGO collaboration,stakeholder_engagement,0.0,-0.6930389404296875,0.5,No,Yes,False,false_negative,"The candidate sentences refer to involvement of “elements of the community” and “related stakeholders” and to cooperation with “service provider institutions,” but they do not explicitly identify NGOs/civil society organisations or other non-government organisations as partners in prevention or service delivery. Under the coding rules, general community/stakeholder references without identifying non-government organisations are insufficient."
KEPULAUAN BANGKA BELITUNG BANGKA BARAT,KEPULAUAN_BANGKA_BELITUNG_BANGKA_BARAT.txt,2.5,Training and capacity building,institutional_mechanism,0.0,-0.6931304931640625,0.5,Yes,Yes,True,match,"The policy provides that social/community organizations participating in implementation shall be provided guidance by the government, and specifies that such guidance may include operational technical guidance (a form of technical capacity-building for implementing actors)."
JAWA TIMUR PASURUAN,JAWA_TIMUR_PASURUAN.txt,2.5,Training and capacity building,institutional_mechanism,0.0,-0.6931076049804688,0.5,No,Yes,False,false_negative,"The candidate sentences refer to strengthening institutional capacity and improving the quality of human resources of managers, but they do not explicitly mandate training/technical guidance/professional development activities for implementing personnel as required by the coding rules."
KEPULAUAN BANGKA BELITUNG BANGKA,KEPULAUAN_BANGKA_BELITUNG_BANGKA.txt,3.9,Resocialisation services,specialised_support_services,0.0,-0.6931571960449219,0.5,No,Yes,False,false_negative,"Although “social rehabilitation and reintegration” are mentioned as part of protection for women victims of violence, the provided sentences do not identify a specific service unit/institution/mechanism responsible for delivering these resocialisation services (beyond a general statement about facilitation in guidance/supervision)."
SUMATERA SELATAN OGAN KOMERING ULU,SUMATERA_SELATAN_OGAN_KOMERING_ULU.txt,3.10,Economic support,specialised_support_services,0.0,-0.6931076049804688,0.5,No,Yes,False,false_negative,"Although the policy mentions victims’ right to economic assistance and refers to “economic empowerment” within recovery/social reintegration efforts, the candidate sentences do not explicitly describe any economic support program/mechanism (e.g., skills training, financial resources, livelihood/employment assistance) specifically provided to women victims of violence; the references are too general to meet the criterion’s requirement for explicit economic support measures for victims."
JAWA TENGAH WONOGIRI,JAWA_TENGAH_WONOGIRI.txt,2.5,Training and capacity building,institutional_mechanism,0.12435300177159614,-0.5760307312011719,0.5621765008857981,Yes,No,False,false_positive,"The policy states that participating social community organizations shall be provided guidance by the local government, and specifies that such guidance may include paralegal training and operational technical guidance—an explicit training/technical guidance provision supporting implementation."
SULAWESI SELATAN ENREKANG,SULAWESI_SELATAN_ENREKANG.txt,6.8,Women in legal process,intersectional_approach,0.12435300177159614,-0.5760231018066406,0.43782349911420193,No,Yes,False,false_negative,"The definition of “Special Protection” includes women and children in conflict with the law in general terms, but the cited operational provisions on legal aid and special protection are framed around women/children victims of violence and children in conflict with the law; there is no explicit protection/service provision for women in conflict with the law as suspects/defendants/perpetrators/witnesses (as distinct from victims)."
SUMATERA SELATAN OGAN KOMERING ULU,SUMATERA_SELATAN_OGAN_KOMERING_ULU_v2.txt,4.4,Prevention through education,primary_prevention,0.12435300177159614,-0.5759353637695312,0.5621765008857981,Yes,Yes,True,match,"The policy explicitly states that efforts to prevent violence against women are carried out by increasing women’s insight/knowledge/skills/independence, and specifies that this prevention is carried out by increasing informal education—thereby identifying education as an explicit prevention mechanism for violence against women."
SUMATERA SELATAN PRABUMULIH KOTA,SUMATERA_SELATAN_PRABUMULIH_KOTA.txt,2.4,Gender mainstreaming institutionalisation,institutional_mechanism,0.12435300177159614,-0.8259353637695312,0.5621765008857981,No,No,True,match,"The candidate sentences define 'Gender Mainstreaming' and describe focal points and gender-responsive budgeting/data tasks, but they do not explicitly require or establish gender mainstreaming as an institutional mechanism for implementing women’s protection or VAW policies/programs (the focal point and working group are framed around women’s empowerment and child protection generally, without an explicit gender-mainstreaming implementation mechanism)."
JAWA TIMUR BLITAR,JAWA_TIMUR_BLITAR.txt,4.2,Gender equality education,primary_prevention,0.1243530017715962,-0.5758476257324219,0.5621765008857981,Yes,No,False,false_positive,"The policy includes a prevention-related socialization activity that explicitly mentions fulfillment of the rights of children and women alongside violence prevention against women, which constitutes an educational/awareness activity about women’s rights situated within violence-prevention efforts."
KALIMANTAN TIMUR PASER,KALIMANTAN_TIMUR_PASER.txt,6.3,Women workers,intersectional_approach,0.1243530017715962,-0.5759315490722656,0.5621765008857981,Yes,Yes,True,match,"The policy explicitly includes protection of women from violence in the workplace, which constitutes a protection measure covering women in employment/work settings."
NUSA TENGGARA BARAT MATARAM KOTA,NUSA_TENGGARA_BARAT_MATARAM_KOTA.txt,4.4,Prevention through education,primary_prevention,0.1243530017715962,-0.8259315490722656,0.4378234991142019,Yes,Yes,True,match,"The policy explicitly links prevention of violence against women and children with increasing the quantity and quality of education (formal, non-formal, and informal), presenting education improvement as part of the prevention efforts."
JAWA TIMUR MAGETAN,JAWA_TIMUR_MAGETAN.txt,7.3,International donors,budget_funding_sources,0.1243530017715962,-0.5760269165039062,0.5621765008857981,Yes,No,False,false_positive,"The policy explicitly mentions “donor institutions” among the entities that may establish the integrated service unit, which constitutes explicit donor/international support language under the coding rules (even though donors are not further specified)."
KALIMANTAN BARAT SINTANG,KALIMANTAN_BARAT_SINTANG.txt,3.9,Resocialisation services,specialised_support_services,0.1243530017715962,-0.5759620666503906,0.5621765008857981,Yes,Yes,True,match,"The policy links rehabilitation to victim handling by stating social workers provide continuous handling up to the rehabilitation stage, and also states victims have a right to continuous handling up to the rehabilitation stage—indicating rehabilitation/reintegration as part of the victim support service mechanism (through designated assistants)."
JAWA TENGAH DEMAK,JAWA_TENGAH_DEMAK.txt,6.5,People with disability,intersectional_approach,0.1243530017715962,-0.5758552551269531,0.5621765008857981,Yes,Yes,True,match,"The policy explicitly states that protection for all victims is provided without distinguishing based on “physical or mental condition,” which the coding rules treat as sufficient to count as including people with disabilities via an explicit non-discrimination extension of protection."
SUMATERA SELATAN MUSI BANYUASIN,SUMATERA_SELATAN_MUSI_BANYUASIN.txt,6.3,Women workers,intersectional_approach,0.1243530017715962,-0.8258476257324219,0.5621765008857981,No,Yes,False,false_negative,"The cited employment provisions address workplace decency/safety/security, reproductive health placement, night-work restrictions, and transport for female workers, but these are framed as general labor protections rather than explicit protections against violence/exploitation in the workplace as a targeted protection group under the coding rules. The text does not explicitly frame women workers as a vulnerable group needing protection from violence/exploitation beyond general workplace conditions."
JAWA BARAT BANDUNG KOTA,JAWA_BARAT_BANDUNG_KOTA.txt,6.3,Women workers,intersectional_approach,0.1243530017715962,-0.5758476257324219,0.5621765008857981,Yes,No,False,false_positive,"The policy explicitly includes women experiencing violence in offices and the business sector as covered beneficiaries of protection, which constitutes protection for women in workplace/employment contexts (women workers/employees) as a specific setting of coverage."
SULAWESI TENGGARA MUNA BARAT,SULAWESI_TENGGARA_MUNA_BARAT.txt,4.1,Information and education about VAW,primary_prevention,0.1243530017715962,-0.5759811401367188,0.4378234991142019,No,No,True,match,"The candidate sentences mention community socialization and dissemination of materials about “women's protection policies” and “women's protection” generally, plus service/rehabilitation for victims. They do not explicitly describe awareness/education activities specifically about violence against women, gender-based violence, anti-violence norms, or protection from violence as a preventive measure (the only explicit VAW-related content is definitional/prohibitive, not an education activity). Under the coding rules, general women’s protection policy socialization/materials are insufficient."
SULAWESI SELATAN BULUKUMBA,SULAWESI_SELATAN_BULUKUMBA.txt,3.9,Resocialisation services,specialised_support_services,0.1243530017715962,-0.5758552551269531,0.5621765008857981,Yes,Yes,True,match,"The policy assigns community institutions/civil society organizations responsibilities that include assisting in repatriation, social rehabilitation, and social reintegration, linking reintegration/rehabilitation services to an identified responsible actor (a victim support mechanism)."
SULAWESI TENGAH MOROWALI,SULAWESI_TENGAH_MOROWALI.txt,4.4,Prevention through education,primary_prevention,0.12435300177159625,-0.5759391784667969,0.43782349911420193,No,No,True,match,"Although prevention is assigned to regional apparatus in the “education” field and prevention efforts include cooperation with “educational institutions,” the retrieved sentences do not explicitly identify a formal education instrument (e.g., school-based programs, curricula, teaching/learning materials, education media) as a prevention mechanism. The mentions of “critical education” are broad and do not specify formal education structures as required by the coding rules."
RIAU BENGKALIS,RIAU_BENGKALIS.txt,3.8,Religious/spiritual counselling,specialised_support_services,0.12435300177159625,-0.5759391784667969,0.43782349911420193,No,Yes,False,false_negative,"The candidate sentences reference “mental and spiritual” only as a field of regional apparatus functions, and mention religious teachings in the context of family prevention duties, but do not explicitly provide religious/spiritual counselling, guidance, or faith-based support services for victims as part of service delivery."
KEPULAUAN BANGKA BELITUNG BANGKA SELATAN,KEPULAUAN_BANGKA_BELITUNG_BANGKA_SELATAN.txt,3.3,Reporting/hotline service,specialised_support_services,0.12435300177159625,-0.5758934020996094,0.43782349911420193,No,Yes,False,false_negative,"The text includes (1) community participation to submit reports to authorities and (2) an internal/administrative reporting obligation by P2TP2A to the Regent, but it does not explicitly establish or describe a mechanism/service unit/channel for receiving complaints or case reports from victims/the public (e.g., intake/report-receiving service or SOP for receiving reports)."
LAMPUNG PESAWARAN,LAMPUNG_PESAWARAN.txt,3.6,Health/medical services,specialised_support_services,0.1243530017715963,-0.8258705139160156,0.4378234991142019,Yes,Yes,True,match,"The policy provides for comprehensive health services delivered through health facilities and implemented by the Regional Government (including free services for those unable to afford them), which constitutes provision of health/medical services."
SUMATERA BARAT BUKITTINGGI KOTA,SUMATERA_BARAT_BUKITTINGGI_KOTA.txt,1.9,Sexual slavery/exploitation,scope_of_violence,0.1243530017715963,-0.5760459899902344,0.4378234991142019,No,No,True,match,"While the text mentions exploitation (including “economic and sexual” in relation to children), none of the provided sentences explicitly identify sexual exploitation or sexual slavery (or equivalent concepts such as exploitation for sexual purposes/prostitution/sexual servitude) as a covered form of violence or exploitation."
JAWA TENGAH PEKALONGAN KOTA,JAWA_TENGAH_PEKALONGAN_KOTA.txt,3.9,Resocialisation services,specialised_support_services,0.24491866240370908,-0.9741439819335938,0.6224593312018545,No,Yes,False,false_negative,"While the policy mentions repatriation and social reintegration services, the provided sentences do not identify a specific service unit or responsible institution that provides these resocialisation/reintegration services (the cited provisions describe the services but do not assign them to a unit)."
JAWA TIMUR PROBOLINGGO KOTA,JAWA_TIMUR_PROBOLINGGO_KOTA.txt,6.3,Women workers,intersectional_approach,0.24491866240370908,-0.47409820556640625,0.3775406687981454,No,Yes,False,false_negative,"The text mentions “workers” as a category of women who may receive women’s protection services, but it does not explicitly specify women workers/female employees as a distinct target group nor provide workplace-specific protection measures against violence/exploitation for women workers."
JAWA BARAT MAJALENGKA,JAWA_BARAT_MAJALENGKA.txt,2.3,Data collection systems,institutional_mechanism,0.24491866240370908,-0.47409820556640625,0.3775406687981454,No,Yes,False,false_negative,"While the text mentions an information system and includes “exchange of data and information” as part of cooperation, the candidate sentences do not explicitly link a data/information system or data exchange to collecting/recording/monitoring/reporting data on violence cases or victims, nor do they assign responsibility for managing VAW case data. Mentions of reporting acts of violence by the community are not a data system requirement."
JAWA BARAT BANDUNG BARAT,JAWA_BARAT_BANDUNG_BARAT.txt,1.2,Sexual violence,scope_of_violence,0.24491866240370913,-0.47405242919921875,0.6224593312018546,Yes,Yes,True,match,"The definition of violence against women explicitly includes suffering that is physical, sexual, or psychological, which brings sexual violence within the policy’s scope even without listing specific acts like rape or harassment."
JAWA TENGAH BOYOLALI,JAWA_TENGAH_BOYOLALI.txt,4.4,Prevention through education,primary_prevention,0.24491866240370913,-0.4741630554199219,0.37754066879814546,No,No,True,match,"Although the policy references communication/information/education media regarding prevention of violence against women and mentions educational institutions as settings, it does not explicitly identify formal education instruments (e.g., curricula, school-based programs, teaching/learning materials) or education-sector interventions as an explicit prevention strategy in the manner required by the criterion’s coding rules."
SULAWESI SELATAN PALOPO KOTA,SULAWESI_SELATAN_PALOPO_KOTA.txt,4.4,Prevention through education,primary_prevention,0.24491866240370913,-0.47403717041015625,0.6224593312018546,Yes,Yes,True,match,"Within the chapter on prevention of acts of violence, the policy explicitly lists increasing the quantity and quality of education (formal, non-formal, and informal) as part of the government’s efforts to prevent violence against women and children, thereby identifying education improvement as a prevention strategy."
KALIMANTAN BARAT SINTANG,KALIMANTAN_BARAT_SINTANG.txt,5.5,International organisations engagement,stakeholder_engagement,0.24491866240370913,-0.4740943908691406,0.37754066879814546,No,No,True,match,"The only relevant reference is to protection from non-governmental institutions at local, national, and international levels, but it does not explicitly mention international organisations or any collaboration/international support for service delivery or prevention."
LAMPUNG TANGGAMUS,LAMPUNG_TANGGAMUS.txt,2.3,Data collection systems,institutional_mechanism,0.24491866240370913,-0.4740753173828125,0.37754066879814546,No,Yes,False,false_negative,"While the policy mentions cooperation that can include “exchange of data and information,” the candidate sentences do not explicitly link this data/information exchange to violence against women specifically, victims/cases, or a mandated system/entity responsible for collecting/recording/reporting VAW case data; other mentions of information systems are not explicitly tied to VAW case data functions under the coding rules."
KALIMANTAN BARAT MELAWI,KALIMANTAN_BARAT_MELAWI.txt,6.1,Women in conflict/disaster areas,intersectional_approach,0.24491866240370913,-0.4740715026855469,0.6224593312018546,Yes,Yes,True,match,"The policy explicitly includes “victims of disasters/conflicts” within the identified vulnerable groups, indicating that women affected by disaster/conflict situations are within the scope of protection."
KALIMANTAN BARAT MELAWI,KALIMANTAN_BARAT_MELAWI.txt,1.10,Technology-facilitated violence,scope_of_violence,0.24491866240370913,-0.4741630554199219,0.37754066879814546,No,No,True,match,The provided sentences reference social media networks and communication tools only in the context of defining “threat of violence” and do not explicitly recognize cyber/digital/online violence as a distinct form of violence against women as required by the coding rules.
KALIMANTAN TIMUR PENAJAM PASER UTARA,KALIMANTAN_TIMUR_PENAJAM_PASER_UTARA.txt,4.1,Information and education about VAW,primary_prevention,0.24491866240370913,-0.4740753173828125,0.37754066879814546,No,No,True,match,"The text mentions that prevention of violence against women is organized through several fields including “Education,” but it does not describe any specific information/awareness/education activity about violence against women or anti-violence norms. The only explicit “socialization” mentioned is socialization of women’s rights, which is excluded by the coding rules when not explicitly about preventing VAW."
KALIMANTAN TIMUR KUTAI BARAT,KALIMANTAN_TIMUR_KUTAI_BARAT.txt,4.2,Gender equality education,primary_prevention,0.24491866240370913,-0.47405242919921875,0.6224593312018546,Yes,No,False,false_positive,"The policy includes a participation modality that involves disseminating the rights of women and children. This is an educational/awareness activity about rights; however, the text does not explicitly state it is a prevention strategy for violence against women, making the fit to the coding rule (must be explicitly situated as prevention) somewhat borderline."
KEPULAUAN BANGKA BELITUNG BELITUNG,KEPULAUAN_BANGKA_BELITUNG_BELITUNG.txt,3.8,Religious/spiritual counselling,specialised_support_services,0.24491866240370913,-0.4740333557128906,0.6224593312018546,Yes,Yes,True,match,"The policy assigns implementation of victim services to OPDs whose duties/functions include the ""mental and spiritual"" field, which (per the coding rules) should be interpreted as provision of spiritual/faith-based support as part of services unless indicated otherwise."
JAMBI SAROLANGUN,JAMBI_SAROLANGUN.txt,2.5,Training and capacity building,institutional_mechanism,0.24491866240370913,-0.4740333557128906,0.37754066879814546,No,Yes,False,false_negative,"Although the text mentions “facilitating capacity building of women empowerment and child protection institutions” and includes “training” under community participation, the cited provisions frame these as forms of guidance/community participation rather than an explicit mandate to conduct training/capacity building for government officials, implementing agencies, or service providers responsible for implementing the policy, as required by the coding rules. Other training mentioned is for women’s economic empowerment (job training), which is excluded."
ACEH BIREUEN,ACEH_BIREUEN.txt,3.3,Reporting/hotline service,specialised_support_services,0.24491866240370913,-0.974029541015625,0.37754066879814546,Yes,Yes,True,match,"The policy explicitly includes “complaint handling” as a right of women victims of violence, which indicates a mechanism/service for receiving and handling complaints related to violence cases."
KALIMANTAN SELATAN TAPIN,KALIMANTAN_SELATAN_TAPIN.txt,2.5,Training and capacity building,institutional_mechanism,0.24491866240370913,-0.4741668701171875,0.6224593312018546,Yes,No,False,false_positive,"The policy includes training as part of implementation activities and also requires strengthening institutional capacity (in the context of gender mainstreaming) for implementing women’s protection policies and programs, which constitutes capacity building for implementation mechanisms."
MALUKU KEPULAUAN TANIMBAR,MALUKU_KEPULAUAN_TANIMBAR.txt,4.3,VAW laws awareness,primary_prevention,0.24491866240370913,-0.4740753173828125,0.37754066879814546,No,Yes,False,false_negative,"The policy mentions conducting socialization of laws and regulations related to protection for women and children victims of violence, but the candidate sentences do not explicitly situate this legal socialization as a primary prevention strategy/measure to prevent violence against women (it is listed under protection activities). Under the coding rules, the prevention linkage must be explicit."
KALIMANTAN BARAT KUBU RAYA,KALIMANTAN_BARAT_KUBU_RAYA.txt,1.1,Domestic violence,scope_of_violence,0.24491866240370913,-0.9741630554199219,0.6224593312018546,No,Yes,False,false_negative,"The candidate sentences define violence as occurring in public or private life and define household/family terms, but they do not explicitly mention domestic/household/family/intimate partner violence as a form of violence covered. References to mediating household disputes are not the same as explicitly including domestic violence within the scope."
DI YOGYAKARTA GUNUNGKIDUL,DI_YOGYAKARTA_GUNUNGKIDUL.txt,3.10,Economic support,specialised_support_services,0.2449186624037092,-0.4741172790527344,0.6224593312018546,Yes,Yes,True,match,"The policy defines empowerment for victims as strengthening victims of violence to be able to work and earn a living independently after recovery and rehabilitation, which is an explicit economic empowerment objective for victims of violence."
NUSA TENGGARA TIMUR MANGGARAI,NUSA_TENGGARA_TIMUR_MANGGARAI.txt,5.6,Media engagement,stakeholder_engagement,0.2449186624037092,-0.4741172790527344,0.3775406687981454,No,No,True,match,"The policy references channels such as radio advertisements and newspapers as means of socialization, but it does not engage or recognise the media as a stakeholder/partner with an assigned role in implementing prevention, protection, or services (it is only a dissemination medium)."
DI YOGYAKARTA GUNUNGKIDUL,DI_YOGYAKARTA_GUNUNGKIDUL.txt,3.8,Religious/spiritual counselling,specialised_support_services,0.2449186624037092,-0.4741172790527344,0.6224593312018546,Yes,Yes,True,match,"The policy’s description of the victim’s right to assistance explicitly includes clergy among those who may provide assistance, which qualifies as faith-based/spiritual support being available to victims."
KALIMANTAN BARAT SINGKAWANG KOTA,KALIMANTAN_BARAT_SINGKAWANG_KOTA.txt,7.3,International donors,budget_funding_sources,0.2449186624037092,-0.47400665283203125,0.3775406687981454,No,No,True,match,"While the policy mentions “donor institutions” as possible entities involved in establishing P2TP2A, it does not explicitly indicate that these are international donors or that there is international assistance/support, foreign aid, UN agency involvement, or other international cooperation for women’s protection/VAW measures in the provided sentences."
JAWA TENGAH KARANGANYAR,JAWA_TENGAH_KARANGANYAR_v2.txt,3.9,Resocialisation services,specialised_support_services,0.35835739835078584,-0.3868370056152344,0.320821300824607,No,Yes,False,false_negative,"While the policy mentions victims’ rights to continuous handling up to rehabilitation and references social rehabilitation as a right, the provided sentences do not clearly identify a specific service unit or responsible institution tasked with delivering rehabilitation/resocialisation/reintegration services (beyond general references to individuals/groups/institutions)."
MALUKU SERAM BAGIAN BARAT,MALUKU_SERAM_BAGIAN_BARAT.txt,6.5,People with disability,intersectional_approach,0.35835739835078584,-0.3867759704589844,0.6791786991753929,Yes,Yes,True,match,"The policy explicitly includes persons with disabilities within the definition of victims/vulnerable groups covered by protection, which constitutes explicit inclusion of people with disabilities as beneficiaries under the criterion."
SULAWESI SELATAN TANA TORAJA,SULAWESI_SELATAN_TANA_TORAJA.txt,3.6,Health/medical services,specialised_support_services,0.35835739835078584,-1.1368370056152344,0.6791786991753929,No,Yes,False,false_negative,"The passages describe provision of health facilities and comprehensive health services for children and mention health as part of basic needs, but they do not identify a specific service unit that provides health/medical services for victims of violence (including VAW victims)."
ACEH BIREUEN,ACEH_BIREUEN.txt,2.2,Collaboration with NGOs,institutional_mechanism,0.3583573983507859,-0.3867912292480469,0.679178699175393,Yes,Yes,True,match,"The policy states that the Regency Government may cooperate with the community/community institutions in implementing women’s protection and empowerment efforts, which constitutes an explicit cooperation mechanism with non-government actors (community institutions)."
NUSA TENGGARA BARAT LOMBOK TENGAH,NUSA_TENGGARA_BARAT_LOMBOK_TENGAH.txt,2.4,Gender mainstreaming institutionalisation,institutional_mechanism,0.35835739835078595,-0.3869476318359375,0.679178699175393,Yes,No,False,false_positive,"The policy (in the elucidation) explicitly references the institutionalization of PUG (gender mainstreaming) in government institutions at the regency/city level, indicating gender mainstreaming as an institutional mechanism rather than only general gender equality language."
NUSA TENGGARA BARAT LOMBOK TENGAH,NUSA_TENGGARA_BARAT_LOMBOK_TENGAH_v2.txt,1.1,Domestic violence,scope_of_violence,0.35835739835078595,-0.38690185546875,0.679178699175393,Yes,Yes,True,match,"The policy’s definition of violence against women explicitly covers acts occurring in “public or private life,” which meets the coding rule requirement for explicitly including violence in the private/personal sphere (an equivalent way to include domestic violence)."
LAMPUNG TANGGAMUS,LAMPUNG_TANGGAMUS.txt,2.5,Training and capacity building,institutional_mechanism,0.35835739835078595,-0.38687896728515625,0.679178699175393,Yes,Yes,True,match,"The policy mandates capacity building for Women’s Empowerment Service Provider Institutions and for the human resources managing those institutions, which constitutes required institutional and personnel capacity building for service providers responsible for delivering policy-related services."
NUSA TENGGARA BARAT BIMA,NUSA_TENGGARA_BARAT_BIMA.txt,2.3,Data collection systems,institutional_mechanism,0.358357398350786,-0.3868598937988281,0.679178699175393,Yes,Yes,True,match,"The policy provides for creation/utilization of a Citizen Information System application specifically for submitting reports of cases of violence against women and children, which constitutes an explicit mechanism for documenting/reporting violence cases linked to VAW."
NUSA TENGGARA BARAT LOMBOK UTARA,NUSA_TENGGARA_BARAT_LOMBOK_UTARA.txt,6.10,Refugee/forced displacement,intersectional_approach,0.358357398350786,-0.38692474365234375,0.32082130082460697,No,No,True,match,The only explicit refugee-related reference is within the definition of “Children in emergency situations” (children who become refugees). There are no special protection measures targeted at refugees/forced displacement generally or for women refugees/displaced persons in the provided sentences.
SUMATERA SELATAN PENUKAL ABAB LEMATANG ILIR,SUMATERA_SELATAN_PENUKAL_ABAB_LEMATANG_ILIR.txt,3.10,Economic support,specialised_support_services,0.358357398350786,-0.38677215576171875,0.32082130082460697,No,No,True,match,"Although the policy defines “empowerment” for women victims of violence in general provisions, the provided sentences do not specify concrete economic support measures (e.g., skills training, capital access, livelihood assistance) targeted to women victims of violence; the only explicit training/capital language shown relates to family empowerment for child workers rather than women victims of violence."
JAWA TIMUR PROBOLINGGO KOTA,JAWA_TIMUR_PROBOLINGGO_KOTA.txt,6.11,Domestic workers,intersectional_approach,0.358357398350786,-0.3869438171386719,0.679178699175393,Yes,No,False,false_positive,"The policy explicitly includes “domestic workers” within the category of child workers in the informal sector for whom the government must protect rights, which constitutes a targeted protection measure for domestic workers (albeit specifically child domestic workers)."
SULAWESI TENGAH POSO,SULAWESI_TENGAH_POSO.txt,4.1,Information and education about VAW,primary_prevention,0.358357398350786,-0.38692474365234375,0.32082130082460697,No,No,True,match,"The candidate sentences describe objectives (including prevention), definitions, and service/recovery provisions for victims (e.g., medical, legal, psychosocial, resocialization, and education for child victims). However, they do not describe any information/awareness/communication/education activities aimed at the public or communities to educate about violence against women, its dangers/prohibition, or anti-violence norms as a preventive measure. Mentions of counseling/assistance and resocialization are framed as victim support/recovery rather than prevention education."
SULAWESI SELATAN TANA TORAJA,SULAWESI_SELATAN_TANA_TORAJA.txt,1.5,Economic violence,scope_of_violence,0.35835739835078606,-0.38681793212890625,0.6791786991753931,Yes,Yes,True,match,The policy includes “neglect” as a form of harm/violence subject to criminal sanctions against women and children; neglect is explicitly listed as a covered harm and is one of the criterion’s included economic-violence-related concepts (domestic neglect).
JAWA TIMUR SITUBONDO,JAWA_TIMUR_SITUBONDO.txt,6.11,Domestic workers,intersectional_approach,0.35835739835078606,-0.38681793212890625,0.6791786991753931,Yes,Yes,True,match,"The text explicitly references violence against domestic workers (PRT) dominated by women and emphasizes the need for legal protection, regulations, and policies to protect them, indicating domestic workers are a specifically recognized group needing protection."
KALIMANTAN TENGAH LAMANDAU,KALIMANTAN_TENGAH_LAMANDAU.txt,3.3,Reporting/hotline service,specialised_support_services,0.4621171572600097,-0.3133277893066406,0.2689414213699951,No,Yes,False,false_negative,"The text states victims may report domestic violence to the police, but it does not establish or describe a specific reporting service/mechanism/unit (e.g., hotline, designated complaint-receiving service) beyond the general ability to report to police, which is explicitly excluded by the coding rules."
KALIMANTAN TENGAH SUKAMARA,KALIMANTAN_TENGAH_SUKAMARA.txt,5.4,Education institutions engagement,stakeholder_engagement,0.4621171572600097,-0.31331634521484375,0.7310585786300048,Yes,No,False,false_positive,"The policy includes educators as a target group for training aimed at preventing violence against women and children, which constitutes engagement of the education sector in capacity building for prevention (beyond education as a beneficiary right)."
NUSA TENGGARA BARAT LOMBOK TENGAH,NUSA_TENGGARA_BARAT_LOMBOK_TENGAH.txt,2.5,Training and capacity building,institutional_mechanism,0.4621171572600097,-0.31331634521484375,0.2689414213699951,No,Yes,False,false_negative,"The candidate sentences that mention improving knowledge and skills are explicitly framed as strengthening capacity for child protection units and related personnel, and the only explicit “education and training” reference appears as a description of obligations in higher-level law within the elucidation rather than a clear mandate in the policy text shown. Other mentions of training relate to business participation or women’s skills training (excluded by the coding rules)."
KALIMANTAN BARAT KUBU RAYA,KALIMANTAN_BARAT_KUBU_RAYA.txt,4.1,Information and education about VAW,primary_prevention,0.46211715726000974,-0.3133583068847656,0.26894142136999516,No,Yes,False,false_negative,"The retrieved sentences mention prevention generally and include dissemination of laws/regulations related to protection of women victims of violence, plus socialization of women’s rights and education for women victims (including employment access). However, under the coding rules, education about laws/regulations and women’s rights does not count, and the passages do not clearly describe awareness/education activities specifically providing information about violence against women or anti-violence values/norms as prevention (beyond legal dissemination)."
NUSA TENGGARA BARAT DOMPU,NUSA_TENGGARA_BARAT_DOMPU.txt,3.9,Resocialisation services,specialised_support_services,0.46211715726000974,-0.3131561279296875,0.7310585786300049,Yes,Yes,True,match,"The policy specifies that repatriation and social reintegration services for victims are carried out by the Regional Government (in coordination with relevant institutions and the community), linking reintegration services to a responsible provider/implementation mechanism rather than only mentioning reintegration as an abstract concept."
KEPULAUAN BANGKA BELITUNG BELITUNG,KEPULAUAN_BANGKA_BELITUNG_BELITUNG.txt,2.3,Data collection systems,institutional_mechanism,0.46211715726000974,-0.31336212158203125,0.7310585786300049,Yes,Yes,True,match,"The policy requires building/providing an information system in the context of preventing violence against women and children, and it explicitly includes “provision of data and information” as part of cooperation to achieve protection objectives. These provisions link information/data functions to violence protection efforts, satisfying the criterion even without detailed system design."
SUMATERA SELATAN PALEMBANG KOTA,SUMATERA_SELATAN_PALEMBANG_KOTA.txt,6.8,Women in legal process,intersectional_approach,0.46211715726000974,-0.31325531005859375,0.26894142136999516,No,No,True,match,"While a definition references “Protection of Women and Children in Conflict with the Law,” it describes protection for victims or witnesses from threats during legal stages, not protections/services for women as suspects/defendants/perpetrators or women in conflict with the law as such. The remaining provisions focus on victims’ services and legal assistance for victims."
BALI TABANAN,BALI_TABANAN.txt,2.5,Training and capacity building,institutional_mechanism,0.46211715726000974,-0.3133583068847656,0.7310585786300049,Yes,No,False,false_positive,"The policy states that the regional government has authority and responsibility for protection and explicitly includes “capacity building of apparatus and other stakeholders,” which constitutes a mandated capacity-building function for implementing personnel under the policy."
JAMBI BUNGO,JAMBI_BUNGO.txt,4.1,Information and education about VAW,primary_prevention,0.4621171572600098,-0.3132781982421875,0.7310585786300049,Yes,Yes,True,match,"The policy lists prevention measures and explicitly includes building community participation and awareness aimed at preventing and protecting women from acts of violence, which constitutes awareness-raising/education linked to preventing violence against women."
JAWA TENGAH KARANGANYAR,JAWA_TENGAH_KARANGANYAR.txt,3.9,Resocialisation services,specialised_support_services,0.4621171572600098,-0.3133392333984375,0.2689414213699951,No,Yes,False,false_negative,"The text mentions continuous handling up to the rehabilitation stage as a victim right and includes a rehabilitation division in KP2A’s structure, but it does not identify a service unit as providing rehabilitation/reintegration services or assign such services to an integrated service unit in the provided sentences."
JAWA TENGAH KARANGANYAR,JAWA_TENGAH_KARANGANYAR_v2.txt,6.1,Women in conflict/disaster areas,intersectional_approach,0.4621171572600098,-0.31327056884765625,0.7310585786300049,Yes,Yes,True,match,"The policy’s definition of “All Forms of Discrimination against Women” explicitly includes a territorial dimension covering “disaster areas” and “conflict areas,” indicating that women in such contexts are within the policy’s intended protection/anti-discrimination scope."
SULAWESI BARAT PASANGKAYU,SULAWESI_BARAT_PASANGKAYU.txt,5.4,Education institutions engagement,stakeholder_engagement,0.4621171572600098,-0.3131828308105469,0.2689414213699951,No,No,True,match,"While universities are mentioned as possible organisers of seminars/workshops, the cited context is explicitly about child protection themes and does not clearly assign education institutions a role in prevention/services related to violence against women or support to women victims, as required by the coding rules."
MALUKU UTARA TERNATE KOTA,MALUKU_UTARA_TERNATE_KOTA.txt,3.9,Resocialisation services,specialised_support_services,0.4621171572600098,-0.3133392333984375,0.2689414213699951,No,Yes,False,false_negative,"Although the policy mentions continuous handling up to the rehabilitation stage and victims resuming life in society, the provided sentences do not identify a specific service unit or institution responsible for rehabilitation/reintegration/resocialisation services as such."
KALIMANTAN TIMUR KUTAI BARAT,KALIMANTAN_TIMUR_KUTAI_BARAT.txt,4.4,Prevention through education,primary_prevention,0.4621171572600098,-0.31329345703125,0.7310585786300049,Yes,No,False,false_positive,"Within the section describing how prevention is carried out, the policy explicitly identifies educational institutions as actors responsible for implementing prevention, which meets the criterion of involving education institutions in prevention efforts."
SULAWESI TENGAH TOLI TOLI,SULAWESI_TENGAH_TOLI_TOLI.txt,4.2,Gender equality education,primary_prevention,0.4621171572600098,-0.31329345703125,0.7310585786300049,Yes,No,False,false_positive,"The policy includes, under community participation in protection from violence, an activity to ""socialize the rights of Women and Children"". This is an educational/awareness activity about rights, and it appears within the chapter on participation in protection from violence, satisfying the requirement that it be situated as part of prevention/protection measures. However, it does not explicitly mention gender equality or equal rights of women and men, so the fit is somewhat indirect."
SULAWESI TENGAH DONGGALA,SULAWESI_TENGAH_DONGGALA.txt,4.2,Gender equality education,primary_prevention,0.4621171572600098,-0.3132476806640625,0.2689414213699951,No,No,True,match,"While the policy mentions socialization and seminars/workshops as part of preventing violence against women, the candidate sentences do not explicitly indicate that these prevention activities educate or raise awareness about gender equality, equal rights, non-discrimination against women, or women’s rights as such (as opposed to general protection/handling). References to women’s rights appear in the context of explaining rights/laws, not clearly as gender equality education situated as VAW prevention."
JAWA BARAT KARAWANG,JAWA_BARAT_KARAWANG.txt,3.1,Integrated service unit,specialised_support_services,0.5545997223493822,-0.2519645690917969,0.7772998611746911,Yes,Yes,True,match,"The policy states that women victims of violence have a right to receive “integrated services” and describes a package of victim services (e.g., identification, legal assistance, medical and psychosocial rehabilitation, reintegration), indicating an integrated multi-service response mechanism for women victims of violence (even if not named as a one-stop centre)."
KEPULAUAN BANGKA BELITUNG BANGKA SELATAN,KEPULAUAN_BANGKA_BELITUNG_BANGKA_SELATAN_v2.txt,3.9,Resocialisation services,specialised_support_services,0.5545997223493823,-0.251953125,0.7772998611746911,Yes,Yes,True,match,"The policy assigns responsibility to facilitate “rehabilitation and reintegration services” for women victims of violence (and disasters), which links reintegration/resocialisation services to an implementing authority/service mechanism as required by the coding rules."
NUSA TENGGARA TIMUR MANGGARAI BARAT,NUSA_TENGGARA_TIMUR_MANGGARAI_BARAT.txt,3.9,Resocialisation services,specialised_support_services,0.5545997223493823,-0.2518577575683594,0.2227001388253088,No,Yes,False,false_negative,"Although the policy mentions victims’ right to continuous handling up to the rehabilitation stage, the candidate sentences do not identify a specific service unit or institution responsible for providing rehabilitation/resocialisation/reintegration services (beyond general rights language)."
DI YOGYAKARTA GUNUNGKIDUL,DI_YOGYAKARTA_GUNUNGKIDUL.txt,5.4,Education institutions engagement,stakeholder_engagement,0.5545997223493823,-0.2518348693847656,0.22270013882530884,No,Yes,False,false_negative,"The candidate sentences mention education only as a sectoral field for gender mainstreaming and as a government functional area represented in a forum’s membership, but they do not identify schools, universities, academics, or education institutions as stakeholders/partners with an active role in prevention or service delivery."
SUMATERA SELATAN MUSI RAWAS,SUMATERA_SELATAN_MUSI_RAWAS.txt,4.3,VAW laws awareness,primary_prevention,0.5545997223493823,-0.2518577575683594,0.7772998611746911,Yes,Yes,True,match,"The policy explicitly mentions socialization of laws and regulations related to implementing protection for women and children victims of violence, which constitutes an information/education activity about relevant laws/policies in the VAW protection domain and is presented as part of the protection framework that includes prevention-oriented elements."
SULAWESI TENGGARA KONAWE KEPULAUAN,SULAWESI_TENGGARA_KONAWE_KEPULAUAN.txt,4.2,Gender equality education,primary_prevention,0.5545997223493823,-0.25183868408203125,0.2227001388253088,No,Yes,False,false_negative,"While the policy mentions socialisation of women’s and children’s rights and socialisation of laws/regulations related to protection of rights, the retrieved sentences do not explicitly situate education/awareness about gender equality or women’s rights as a strategy to prevent violence against women (the prevention-linked item is framed as socialisation of laws/regulations, which is excluded under this indicator’s rules)."
BANTEN TANGERANG SELATAN KOTA,BANTEN_TANGERANG_SELATAN_KOTA.txt,3.3,Reporting/hotline service,specialised_support_services,0.5545997223493823,-0.2519073486328125,0.7772998611746911,Yes,Yes,True,match,"The policy explicitly links victim rights to obtaining information related to “complaints,” indicating an established complaints-related service/information channel for violence cases (beyond internal administrative reporting)."
LAMPUNG PESAWARAN,LAMPUNG_PESAWARAN.txt,3.9,Resocialisation services,specialised_support_services,0.5545997223493823,-0.25188446044921875,0.7772998611746911,Yes,Yes,True,match,"The policy assigns the Regional Government responsibility to provide recovery services and social reintegration, which constitutes rehabilitation/reintegration services within the victim support framework."
SULAWESI SELATAN ENREKANG,SULAWESI_SELATAN_ENREKANG.txt,4.4,Prevention through education,primary_prevention,0.5545997223493824,-0.25199127197265625,0.7772998611746912,Yes,Yes,True,match,"Within the prevention chapter, the policy includes developing child-friendly schools as part of prevention of violations of women’s and children’s rights, which explicitly involves education institutions (schools) as a prevention measure."
JAWA TENGAH BLORA,JAWA_TENGAH_BLORA.txt,4.4,Prevention through education,primary_prevention,0.5545997223493824,-0.2520103454589844,0.7772998611746912,Yes,Yes,True,match,"The policy explicitly identifies educational institutions as actors through which efforts to prevent violence against women and children are carried out, indicating involvement of the education sector/institutions as part of the prevention strategy."
SULAWESI SELATAN BULUKUMBA,SULAWESI_SELATAN_BULUKUMBA.txt,4.1,Information and education about VAW,primary_prevention,0.5545997223493824,-0.2520103454589844,0.7772998611746912,Yes,Yes,True,match,"The policy frames “provision of education” as one of the modalities through which “prevention of violence” is implemented, and specifies that this education includes providing information/guidance/counseling. Because the prevention chapter is explicitly about preventing violence against women and children, these information/education activities are situated as prevention measures addressing violence against women (as part of the women-and-children violence scope)."
JAWA TIMUR PASURUAN,JAWA_TIMUR_PASURUAN.txt,3.10,Economic support,specialised_support_services,0.5545997223493824,-1.5018806457519531,0.22270013882530887,Yes,No,False,false_positive,"The policy establishes PPTPPA as an integrated service unit and explicitly assigns it an empowerment function for women and children, which implies provision of empowerment support to women victims of violence served by the center (as it also functions as a service center for victims of violence)."
JAWA TIMUR JEMBER,JAWA_TIMUR_JEMBER.txt,5.5,International organisations engagement,stakeholder_engagement,0.5545997223493824,-0.2520332336425781,0.7772998611746912,Yes,No,False,false_positive,"The policy states that victims have the right to protection from non-governmental institutions at local, national, and international levels, which implies engagement/availability of international non-governmental actors in protection/services."
JAWA TIMUR MAGETAN,JAWA_TIMUR_MAGETAN.txt,2.3,Data collection systems,institutional_mechanism,0.5545997223493824,-0.2520561218261719,0.7772998611746912,Yes,Yes,True,match,"The policy requires collecting data and information about women and children as part of prevention efforts, and it also references submission of data and information as part of coordination for P2TP2A implementation, indicating an assigned function for collecting/managing/exchanging relevant information within the protection/violence-response framework."
KALIMANTAN BARAT SAMBAS,KALIMANTAN_BARAT_SAMBAS.txt,4.1,Information and education about VAW,primary_prevention,0.5545997223493824,-0.2518806457519531,0.7772998611746912,Yes,Yes,True,match,"The policy frames prevention of violence against women and children and includes educational/awareness-oriented measures within that prevention framework, including “critical education” related to rights in the context of violence and an explicit purpose of helping women avoid repeated victimization."
KEPULAUAN BANGKA BELITUNG BANGKA BARAT,KEPULAUAN_BANGKA_BELITUNG_BANGKA_BARAT_v2.txt,3.9,Resocialisation services,specialised_support_services,0.5545997223493824,-0.25203704833984375,0.22270013882530887,No,Yes,False,false_negative,"The text mentions continuous handling up to the rehabilitation stage as a victim right and references recovery/empowerment in objectives, but it does not identify a service unit or mechanism as responsible for rehabilitation/resocialisation/reintegration services in the retrieved sentences."
RIAU PEKANBARU KOTA,RIAU_PEKANBARU_KOTA.txt,6.6,Women heads of household,intersectional_approach,0.5545997223493824,-0.2518806457519531,0.7772998611746912,Yes,No,False,false_positive,"The policy explicitly mentions “empowerment efforts for Women heads of household,” indicating targeted measures for this group (even if framed as empowerment/guidance rather than a detailed protection package)."
KEPULAUAN BANGKA BELITUNG BANGKA TENGAH,KEPULAUAN_BANGKA_BELITUNG_BANGKA_TENGAH.txt,3.1,Integrated service unit,specialised_support_services,0.5545997223493824,-0.25194549560546875,0.22270013882530884,No,Yes,False,false_negative,"The text states that women victims of violence have a right to receive “integrated services” and lists types of protection services (e.g., legal assistance, medical and psychosocial rehabilitation), and it mentions forming/using task forces or other institutions. However, none of the provided sentences explicitly establishes, names, or assigns responsibility to a specific integrated service unit/one-stop centre (or a recognised equivalent institution) dedicated to VAW victims; it only refers to services and general institutional formation/coordination."
LAMPUNG LAMPUNG UTARA,LAMPUNG_LAMPUNG_UTARA.txt,3.2,Police specialised service unit,specialised_support_services,0.5545997223493824,-0.25194549560546875,0.22270013882530884,No,No,True,match,"While the policy mentions police involvement and notes that special service rooms may exist at police headquarters, it does not explicitly establish or refer to a specialised police unit (e.g., UPPA/RPK) within police offices dedicated to VAW victim services."
JAWA TIMUR BLITAR KOTA,JAWA_TIMUR_BLITAR_KOTA.txt,3.9,Resocialisation services,specialised_support_services,0.5545997223493824,-0.2518424987792969,0.7772998611746912,Yes,Yes,True,match,"The policy links rehabilitation/reintegration to victim handling by stating victims have a right to continuous handling up to rehabilitation and reintegration, and it specifies that continuous handling constitutes handling at the rehabilitation stage carried out by individuals/groups/government and non-government institutions."
SUMATERA BARAT BUKITTINGGI KOTA,SUMATERA_BARAT_BUKITTINGGI_KOTA.txt,3.9,Resocialisation services,specialised_support_services,0.5545997223493824,-0.2519493103027344,0.22270013882530887,No,Yes,False,false_negative,"While the text mentions rehabilitation and postremedial efforts, the retrieved sentences do not clearly identify a specific service unit or institution as responsible for providing rehabilitation/resocialisation/reintegration services (beyond accompaniment by professionals), which is required by the coding rules for this indicator."
SUMATERA BARAT PAYAKUMBUH KOTA,SUMATERA_BARAT_PAYAKUMBUH_KOTA.txt,5.4,Education institutions engagement,stakeholder_engagement,0.5545997223493824,-0.2520103454589844,0.7772998611746912,Yes,No,False,false_positive,"The policy includes educators as recipients/participants in training aimed at preventing violence against women and children, indicating engagement of the education sector in capacity building for prevention."
SULAWESI TENGGARA BUTON,SULAWESI_TENGGARA_BUTON.txt,4.4,Prevention through education,primary_prevention,0.5545997223493824,-0.2518806457519531,0.22270013882530887,No,No,True,match,"While the policy assigns prevention to regional apparatus in the “education” field and mentions “critical education” as a prevention effort, the retrieved sentences do not explicitly identify formal education instruments or institutions (e.g., schools, curricula, teaching/learning materials, education programs) as the prevention mechanism. The references are broad (sectoral responsibility and general ‘critical education’) and fall under the coding-rule exclusion for broad education mentions without explicit formal education instruments/institutions."
JAWA TENGAH KEBUMEN,JAWA_TENGAH_KEBUMEN.txt,4.1,Information and education about VAW,primary_prevention,0.6351489523872872,-0.20136260986328125,0.8175744761936435,Yes,Yes,True,match,"Within the listed prevention measures, the policy includes developing communication media, information, education, and public campaigns as part of efforts to prevent violence, exploitation and discrimination against women, which constitutes awareness/education activities about preventing violence against women."
LAMPUNG LAMPUNG UTARA,LAMPUNG_LAMPUNG_UTARA.txt,7.4,Other legal sources,budget_funding_sources,0.6351489523872873,-0.20148468017578125,0.8175744761936437,Yes,Yes,True,match,"The financing clause lists the Regional Revenue and Expenditure Budget and additionally indicates another source via an 'and/or' reference to other provisions (i.e., other legally permitted sources), which constitutes an additional legal source beyond the local budget."
KALIMANTAN SELATAN HULU SUNGAI SELATAN,KALIMANTAN_SELATAN_HULU_SUNGAI_SELATAN.txt,3.3,Reporting/hotline service,specialised_support_services,0.6351489523872873,-0.20152664184570312,0.8175744761936437,Yes,Yes,True,match,"The policy recognises victims’ right to fast and appropriate complaint handling, which implies an established mechanism/service for receiving and handling complaints related to violence cases (beyond merely allowing the public to report)."
LAMPUNG PESAWARAN,LAMPUNG_PESAWARAN.txt,3.5,Legal assistance,specialised_support_services,0.6351489523872873,-0.20148468017578125,0.18242552380635635,No,Yes,False,false_negative,"While the text mentions legal assistance as a right (especially for children) and mentions legal consultation services, it does not identify a specific service unit responsible for providing legal assistance; the cited integrated service unit description does not explicitly include legal aid functions."
JAWA BARAT SUMEDANG,JAWA_BARAT_SUMEDANG.txt,5.5,International organisations engagement,stakeholder_engagement,0.6351489523872873,-0.20132064819335938,0.8175744761936437,Yes,Yes,True,match,"The policy allows regional cooperation with institutions or regional governments abroad, which constitutes engagement with international/foreign institutions as potential partners supporting implementation."
GORONTALO GORONTALO UTARA,GORONTALO_GORONTALO_UTARA.txt,4.4,Prevention through education,primary_prevention,0.6351489523872873,-0.20143890380859375,0.18242552380635635,No,Yes,False,false_negative,"Although the policy includes “providing education on the dangers of domestic violence” as a prevention activity and notes that prevention must be implemented by educational institutions, the candidate sentences do not identify formal education instruments (e.g., school-based programs, curricula, teaching/learning materials, or education-sector program changes) as the prevention mechanism. The references to educational institutions are about who implements prevention, not an explicit education-system strategy as defined by the coding rules."
JAWA BARAT BEKASI KOTA,JAWA_BARAT_BEKASI_KOTA.txt,5.2,Religious engagement,stakeholder_engagement,0.6351489523872873,-0.20148468017578125,0.8175744761936437,Yes,Yes,True,match,"The policy includes “mental and spiritual guidance” as a form of service within child social welfare protection, which constitutes inclusion of spiritual counselling/guidance as a support service under the coding rules."
SUMATERA BARAT SOLOK KOTA,SUMATERA_BARAT_SOLOK_KOTA.txt,4.3,VAW laws awareness,primary_prevention,0.6351489523872873,-0.20140457153320312,0.18242552380635635,No,Yes,False,false_negative,"The candidate sentences include socialisation/education on laws and regulations related to protection of women and children, but they do not explicitly situate this legal socialisation as a strategy or measure to prevent violence against women (the prevention framing is not attached to the laws/regulations socialisation). Other prevention-referenced items (e.g., socialisation on prevention of VAW; training on prevention/handling) are not specified as being about laws, regulations, or policies on VAW, which is required for this criterion."
SULAWESI TENGGARA MUNA BARAT,SULAWESI_TENGGARA_MUNA_BARAT.txt,6.8,Women in legal process,intersectional_approach,0.6351489523872873,-0.20140457153320312,0.18242552380635635,No,Yes,False,false_negative,"The text provides legal protection for women who become witnesses and victims of violence/discrimination and includes women former inmates of correctional institutions, but it does not explicitly provide protection/services for women in conflict with the law as suspects/defendants/perpetrators, nor does it clearly include such women as a vulnerable group (as required by the coding rules)."
SULAWESI TENGGARA BUTON SELATAN,SULAWESI_TENGGARA_BUTON_SELATAN.txt,1.9,Sexual slavery/exploitation,scope_of_violence,0.6351489523872873,-0.20140457153320312,0.8175744761936437,Yes,Yes,True,match,"The policy states an objective to “eliminate all forms of acts of violence and exploitation against women and children,” which the coding rules treat as sufficient to include sexual exploitation even without specifying it separately."
JAWA TENGAH WONOSOBO,JAWA_TENGAH_WONOSOBO.txt,7.3,International donors,budget_funding_sources,0.6351489523872873,-0.20140457153320312,0.18242552380635635,No,No,True,match,"The candidate sentences mention cooperation with other regional governments and participation by various domestic actors, and reference 'foreign social welfare institutions' as possible community participants, but they do not explicitly indicate international funding, donor support, international organizations/UN agencies, foreign aid, or international assistance for women’s protection/VAW measures."
SUMATERA SELATAN OGAN KOMERING ULU,SUMATERA_SELATAN_OGAN_KOMERING_ULU_v2.txt,6.5,People with disability,intersectional_approach,0.6351489523872873,-0.20139694213867188,0.8175744761936437,Yes,Yes,True,match,"The policy requires the government to provide special services for “women with special needs,” which constitutes an explicit women-targeted special-services provision that can cover women with disabilities as a protected group (beyond child-only disability provisions)."
DI YOGYAKARTA KULON PROGO,DI_YOGYAKARTA_KULON_PROGO.txt,5.6,Media engagement,stakeholder_engagement,0.6351489523872873,-0.201507568359375,0.18242552380635632,No,Yes,False,false_negative,"The text mentions that socialization can be conducted through mass media/electronic media, but it does not assign the media a stakeholder role or describe engagement/collaboration with media actors in implementing prevention, protection, or services."
DI YOGYAKARTA SLEMAN,DI_YOGYAKARTA_SLEMAN.txt,4.2,Gender equality education,primary_prevention,0.6351489523872873,-0.20141983032226562,0.8175744761936437,Yes,No,False,false_positive,"The policy assigns the FPKK a role in prevention and includes an educational activity focused on non-discrimination values toward women (and children), which fits gender equality/non-discrimination education situated within the prevention framework for violence against women and children."
SUMATERA SELATAN MUSI BANYUASIN,SUMATERA_SELATAN_MUSI_BANYUASIN.txt,5.4,Education institutions engagement,stakeholder_engagement,0.6351489523872873,-0.20148468017578125,0.8175744761936437,Yes,No,False,false_positive,"The policy includes educators as a target group for training aimed at preventing violence against women and children, which constitutes engagement of the education sector in capacity building for prevention (even though it does not name specific schools/universities)."
KALIMANTAN TENGAH KOTAWARINGIN TIMUR,KALIMANTAN_TENGAH_KOTAWARINGIN_TIMUR.txt,4.1,Information and education about VAW,primary_prevention,0.6351489523872873,-0.20144271850585938,0.8175744761936437,Yes,No,False,false_positive,"The policy describes prevention efforts that include promotive/preventive efforts to the community and specifies that socialization can be conducted through media and direct counseling. It also states that critical education for women victims aims to prevent repeated victimization, which links an education activity to preventing violence against women."
MALUKU UTARA HALMAHERA TIMUR,MALUKU_UTARA_HALMAHERA_TIMUR.txt,3.10,Economic support,specialised_support_services,0.6351489523872873,-0.20151519775390625,0.18242552380635635,No,No,True,match,"While the policy defines empowerment and separately describes women’s economic empowerment measures, the candidate sentences do not explicitly provide skills training, financial resources, livelihood, or business support specifically for women victims of violence (as opposed to women generally)."
JAWA TIMUR JOMBANG,JAWA_TIMUR_JOMBANG.txt,3.9,Resocialisation services,specialised_support_services,0.6351489523872873,-0.20153045654296875,0.8175744761936437,Yes,Yes,True,match,"The policy states that every victim has the right to receive continuous handling up to the rehabilitation stage as part of victim support, and this is framed as part of the integrated services available to victims, which satisfies inclusion of rehabilitation within the victim service mechanism."
JAWA TIMUR MALANG KOTA,JAWA_TIMUR_MALANG_KOTA.txt,4.4,Prevention through education,primary_prevention,0.6351489523872873,-0.20141983032226562,0.8175744761936437,Yes,Yes,True,match,"The policy explicitly links prevention of violence against women and children with efforts that include increasing the quantity and quality of education (formal, non-formal, and informal). Because this education improvement is presented within the prevention article/efforts, it is identified as part of the prevention strategy."
NUSA TENGGARA TIMUR TIMOR TENGAH UTARA,NUSA_TENGGARA_TIMUR_TIMOR_TENGAH_UTARA.txt,3.6,Health/medical services,specialised_support_services,0.6351489523872873,-0.20153045654296875,0.18242552380635632,No,No,True,match,"While the policy references health-related empowerment efforts and establishes PUG focal points in hospitals and community health centers, it does not specify a service unit providing health/medical services for victims (e.g., medical care as a victim service)."
SUMATERA UTARA PADANGSIDIMPUAN KOTA,SUMATERA_UTARA_PADANGSIDIMPUAN_KOTA.txt,4.1,Information and education about VAW,primary_prevention,0.6351489523872873,-0.20143890380859375,0.8175744761936437,Yes,Yes,True,match,"The policy lists prevention efforts that include building community and family participation and awareness specifically aimed at preventing and protecting women and children from acts of violence, which constitutes awareness-raising/education about violence prevention."
JAWA TIMUR BLITAR,JAWA_TIMUR_BLITAR.txt,2.5,Training and capacity building,institutional_mechanism,0.6351489523872873,-0.20148468017578125,0.8175744761936437,Yes,Yes,True,match,"The policy assigns the local government responsibility to increase the institutional capacity of protection organizers, which constitutes an explicit capacity-building requirement aimed at entities responsible for implementing protection services under the policy."
JAWA BARAT CIMAHI KOTA,JAWA_BARAT_CIMAHI_KOTA.txt,4.2,Gender equality education,primary_prevention,0.6351489523872874,-0.20137786865234375,0.18242552380635635,No,No,True,match,"While the policy mentions socialization related to protection of women’s and children’s rights and includes gender equality as a principle, the retrieved sentences do not explicitly situate education/awareness about gender equality or women’s rights as a prevention strategy for violence against women (and the only explicit prevention socialization is about laws/regulations, which is excluded by the coding rules)."
NUSA TENGGARA TIMUR SIKKA,NUSA_TENGGARA_TIMUR_SIKKA.txt,6.1,Women in conflict/disaster areas,intersectional_approach,0.6351489523872874,-0.20137786865234375,0.8175744761936438,Yes,No,False,false_positive,"The policy’s definition of “Victim” explicitly includes women (and children) experiencing violence “in conflict situations” and “post-conflict,” indicating women affected by conflict are within the protected group."
SUMATERA SELATAN PENUKAL ABAB LEMATANG ILIR,SUMATERA_SELATAN_PENUKAL_ABAB_LEMATANG_ILIR.txt,4.1,Information and education about VAW,primary_prevention,0.6351489523872874,-0.20153427124023438,0.18242552380635635,No,No,True,match,"The retrieved sentences mention prevention efforts including household guidance, networking, and a violence prevention system, plus socialization about laws/regulations and critical education about the rights of women and children. However, none of the candidate sentences describe information/education activities specifically providing education or information about violence against women itself (e.g., dangers/prohibition of VAW, protection from VAW, or anti-violence norms). The only explicit education/socialization items are about laws/regulations and about rights, which are excluded by the coding rules for this indicator."
SULAWESI UTARA MINAHASA TENGGARA,SULAWESI_UTARA_MINAHASA_TENGGARA.txt,4.4,Prevention through education,primary_prevention,0.7039056039366209,-0.16011428833007812,0.8519528019683105,Yes,No,False,false_positive,"The policy explicitly includes educational institutions among the actors that must carry out prevention efforts, indicating involvement of education institutions as part of the prevention strategy."
JAWA BARAT MAJALENGKA,JAWA_BARAT_MAJALENGKA.txt,3.9,Resocialisation services,specialised_support_services,0.7039056039366209,-0.16022491455078125,0.14804719803168948,No,Yes,False,false_negative,"Although rehabilitation/recovery concepts appear (e.g., continuous handling up to rehabilitation; social reintegration in cooperation), the candidate sentences do not identify a specific service unit as responsible for rehabilitation/resocialisation/reintegration services."
JAWA BARAT INDRAMAYU,JAWA_BARAT_INDRAMAYU.txt,3.3,Reporting/hotline service,specialised_support_services,0.7039056039366209,-0.16024398803710938,0.14804719803168948,No,Yes,False,false_negative,"The candidate sentences include (i) administrative reporting by P2TP2A to the Regent and (ii) a general statement that the community may submit reports to authorities, plus referral intake by P2TP2A. However, none of the sentences explicitly establish or mandate a complaint/report-receiving mechanism/channel for victims/public (e.g., complaint center/hotline/procedure for receiving complaints); the community-reporting clause is explicitly excluded by the coding rules, and the P2TP2A referral sentence does not clearly describe a complaint/report intake service or channel."
JAWA TIMUR BLITAR,JAWA_TIMUR_BLITAR.txt,6.1,Women in conflict/disaster areas,intersectional_approach,0.7039056039366209,-0.16024398803710938,0.8519528019683105,Yes,No,False,false_positive,"The policy explicitly includes “women” within a comprehensive protection system that applies “in all situations,” and it specifically mentions “children in emergency situations,” indicating that emergency contexts are within scope while women are a named protected group in that same provision."
NUSA TENGGARA BARAT LOMBOK UTARA,NUSA_TENGGARA_BARAT_LOMBOK_UTARA.txt,3.2,Police specialised service unit,specialised_support_services,0.7039056039366209,-0.16024017333984375,0.8519528019683105,Yes,Yes,True,match,"The policy explicitly requires facilities supporting victim services to include “special service rooms in police lines,” which constitutes a police-based specialised victim service facility/unit under the coding rules."
MALUKU UTARA TERNATE KOTA,MALUKU_UTARA_TERNATE_KOTA.txt,3.3,Reporting/hotline service,specialised_support_services,0.7039056039366209,-0.16011810302734375,0.8519528019683105,Yes,Yes,True,match,"The policy refers to victims obtaining information about the location of complaint centers (and PPT), which implies an established mechanism/channel for receiving complaints/reports of violence cases."
BALI BADUNG,BALI_BADUNG.txt,4.2,Gender equality education,primary_prevention,0.703905603936621,-0.16031646728515625,0.14804719803168945,No,No,True,match,"While the policy includes “conduct independent socialization of the rights of Women and Children,” the coding rules require that such education/awareness about gender equality/women’s rights be explicitly situated as a strategy to prevent violence against women. The cited text frames this as community participation in implementing protection, but does not explicitly link this rights socialization to prevention of violence against women (as opposed to general implementation/participation)."
MALUKU KEPULAUAN TANIMBAR,MALUKU_KEPULAUAN_TANIMBAR.txt,3.9,Resocialisation services,specialised_support_services,0.703905603936621,-0.16022109985351562,0.14804719803168945,No,Yes,False,false_negative,"Although social rehabilitation and social reintegration are mentioned as victim rights and community may play an active role in rehabilitation/reintegration, the provided sentences do not identify a specific service unit or institution responsible for delivering rehabilitation/reintegration services."
LAMPUNG PESISIR BARAT,LAMPUNG_PESISIR_BARAT.txt,3.9,Resocialisation services,specialised_support_services,0.703905603936621,-0.1602020263671875,0.8519528019683105,Yes,Yes,True,match,"The policy defines assistance as integrated efforts to restore and strengthen victims’ condition and specifies continuous handling up to the rehabilitation stage, linking rehabilitation to an organized victim-support mechanism (assistance)."
MALUKU MALUKU TENGAH,MALUKU_MALUKU_TENGAH.txt,4.2,Gender equality education,primary_prevention,0.703905603936621,-0.1602020263671875,0.14804719803168945,No,No,True,match,"While the policy mentions gender equality/justice as a principle and refers to socialization of women and children’s rights, the candidate sentences do not explicitly situate any education/awareness activity about gender equality or women’s rights as a strategy to prevent violence against women (the prevention activities listed focus on anti-violence campaigns, curriculum integration on violence, and socialization of laws/regulations)."
JAWA TENGAH KARANGANYAR,JAWA_TENGAH_KARANGANYAR.txt,2.4,Gender mainstreaming institutionalisation,institutional_mechanism,0.703905603936621,-0.16015243530273438,0.14804719803168945,No,Yes,False,false_negative,"While the policy defines KP2A as functioning to formulate programs using Gender Mainstreaming (PUG) strategies, the provided sentences do not establish or require gender mainstreaming as an institutional mechanism for implementing protection/VAW programs (e.g., no requirement to mainstream gender in planning/budgeting/service delivery, nor a gender mainstreaming working group/focal point arrangement)."
JAWA TENGAH SEMARANG,JAWA_TENGAH_SEMARANG.txt,3.9,Resocialisation services,specialised_support_services,0.703905603936621,-0.16022109985351562,0.14804719803168945,No,Yes,False,false_negative,"Although rehabilitation and social reintegration are mentioned for women victims of violence, the provided sentences do not identify a specific service unit or responsible institution/mechanism that provides these resocialisation services (mentions are framed as components of protection rather than being assigned to a unit)."
KALIMANTAN BARAT MELAWI,KALIMANTAN_BARAT_MELAWI.txt,6.8,Women in legal process,intersectional_approach,0.703905603936621,-0.16016387939453125,0.1480471980316895,No,No,True,match,The provided sentences focus on rights and legal assistance for women victims of violence; they do not explicitly include women in conflict with the law as suspects/defendants/perpetrators/witnesses as a protected/vulnerable group.
JAWA BARAT BANDUNG KOTA,JAWA_BARAT_BANDUNG_KOTA.txt,2.2,Collaboration with NGOs,institutional_mechanism,0.7039056039366212,-0.16027069091796875,0.14804719803168948,No,Yes,False,false_negative,"While the policy defines “Institution” as including NGOs, and mentions community institutions/organizations and general community participation, the provided sentences do not explicitly state a collaboration/cooperation mechanism with NGOs or other non-government service providers (e.g., partnership/coordination with NGOs) as required by the coding rules."
LAMPUNG TANGGAMUS,LAMPUNG_TANGGAMUS.txt,6.5,People with disability,intersectional_approach,0.7039056039366212,-0.16033172607421875,0.8519528019683106,Yes,Yes,True,match,"The policy explicitly lists “Persons with disabilities” among the categories of other violence/victims, indicating that persons with disabilities are included as a beneficiary group within the regulation’s protection framing."
SUMATERA BARAT DHARMASRAYA,SUMATERA_BARAT_DHARMASRAYA.txt,4.4,Prevention through education,primary_prevention,0.7039056039366212,-0.16026687622070312,0.8519528019683106,Yes,No,False,false_positive,"The policy explicitly places prevention of violence against women and children within the responsibilities of regional apparatus including the education sector, indicating education is part of the prevention strategy (i.e., prevention initiatives involving the education field)."
JAWA BARAT CIMAHI KOTA,JAWA_BARAT_CIMAHI_KOTA.txt,4.4,Prevention through education,primary_prevention,0.7039056039366212,-0.16026687622070312,0.8519528019683106,Yes,Yes,True,match,"Within a section explicitly about preventing violence against women and children, the policy includes increasing the quantity and quality of education (formal, non-formal, and informal) as one of the listed efforts, thereby presenting education improvement as part of the prevention strategy."
PAPUA BARAT DAYA TAMBRAUW,PAPUA_BARAT_DAYA_TAMBRAUW.txt,3.4,Safety/protection shelter,specialised_support_services,0.7039056039366212,-0.16026687622070312,0.14804719803168948,No,Yes,False,false_negative,"Although the policy defines a “Safe House,” the provided sentences do not state that any service unit provides or is responsible for shelter/safe accommodation for victims; they only define the term and describe other services and institutional arrangements."
JAWA TENGAH SALATIGA KOTA,JAWA_TENGAH_SALATIGA_KOTA.txt,2.2,Collaboration with NGOs,institutional_mechanism,0.7039056039366212,-0.16026687622070312,0.8519528019683106,Yes,Yes,True,match,"The policy requires cooperation with service provider institutions and specifies that the implementing non-structural institution includes community elements and related stakeholders, which implies involvement of non-government actors/service providers as partners in implementation."
LAMPUNG PESAWARAN,LAMPUNG_PESAWARAN.txt,3.8,Religious/spiritual counselling,specialised_support_services,0.7039056039366212,-0.16013336181640625,0.8519528019683106,Yes,No,False,false_positive,"The policy includes guidance on religious values as part of special protection measures (alongside counseling and rehabilitation), which qualifies as religious/spiritual guidance/support under the coding rules."
NUSA TENGGARA BARAT LOMBOK TENGAH,NUSA_TENGGARA_BARAT_LOMBOK_TENGAH_v2.txt,2.4,Gender mainstreaming institutionalisation,institutional_mechanism,0.7039056039366212,-0.16015625,0.14804719803168948,No,No,True,match,"The only relevant mention is in the elucidation referencing “Institutionalization of PUG” (gender mainstreaming) as an authority area, but the candidate sentences do not establish or require gender mainstreaming as an institutional mechanism for implementing women’s protection/VAW policies and programs within this regulation (no working group, focal point, required integration into planning/budgeting, or implementation mechanism is specified)."
LAMPUNG TANGGAMUS,LAMPUNG_TANGGAMUS.txt,6.1,Women in conflict/disaster areas,intersectional_approach,0.7039056039366212,-0.16015625,0.8519528019683106,Yes,Yes,True,match,"The policy explicitly includes “victims of disaster and conflict” within the listed categories of violence/other violence affecting women and children, indicating that disaster/conflict-affected women and girls are within the protected victim groups under the regulation."
SUMATERA SELATAN MUARA ENIM,SUMATERA_SELATAN_MUARA_ENIM.txt,6.5,People with disability,intersectional_approach,0.7615941559557649,-0.12702560424804688,0.8807970779778824,Yes,No,False,false_positive,"The social welfare provisions explicitly prioritize social welfare for those with social problem criteria including disability and provide that social welfare may take the form of providing services (including health, education, legal aid, assistance, guidance, rehabilitation, reintegration). This constitutes disability-specific identification and support measures for people with disabilities (not limited to children)."
KEPULAUAN BANGKA BELITUNG BANGKA BARAT,KEPULAUAN_BANGKA_BELITUNG_BANGKA_BARAT_v2.txt,2.5,Training and capacity building,institutional_mechanism,0.7615941559557649,-0.12701416015625,0.8807970779778824,Yes,No,False,false_positive,"The policy states that social community organizations participating in protection efforts shall be given guidance by the Regional Government, and specifies that such guidance may include operational technical guidance (as well as social and skills guidance). This constitutes capacity-building/technical guidance for participating implementing organizations involved in service delivery under the policy."
KALIMANTAN UTARA NUNUKAN,KALIMANTAN_UTARA_NUNUKAN.txt,3.10,Economic support,specialised_support_services,0.7615941559557649,-0.12700653076171875,0.8807970779778824,Yes,Yes,True,match,"The policy defines empowerment specifically as strengthening women victims of violence to be able to work and be independent after recovery and rehabilitation, and it states as an aim to empower women victims of violence, which constitutes an explicit linkage between victim support and economic independence/livelihood recovery."
KALIMANTAN TIMUR PENAJAM PASER UTARA,KALIMANTAN_TIMUR_PENAJAM_PASER_UTARA.txt,1.2,Sexual violence,scope_of_violence,0.7615941559557649,-0.12702178955078125,0.8807970779778824,Yes,Yes,True,match,"The definition of “Violence Against Women” explicitly includes harm that is “sexually” inflicted, indicating sexual violence is within scope under the policy’s definition."
KALIMANTAN TENGAH PULANG PISAU,KALIMANTAN_TENGAH_PULANG_PISAU.txt,4.2,Gender equality education,primary_prevention,0.7615941559557649,-0.12682342529296875,0.11920292202211753,No,No,True,match,"While the policy references gender equality as a principle and mentions awareness/counseling/training about the rights of women and children, the retrieved sentences do not explicitly situate education/awareness about gender equality or women’s rights as a strategy to prevent violence against women (and some education mentioned is about anti-violence values or PPA generally, or legal socialization)."
KALIMANTAN TENGAH LAMANDAU,KALIMANTAN_TENGAH_LAMANDAU.txt,4.1,Information and education about VAW,primary_prevention,0.7615941559557649,-0.12680435180664062,0.8807970779778824,Yes,No,False,false_positive,"The policy lists programs for the P2TP2A that include both protection of women and children from violence and trafficking and a specific program line for “communication, information and education,” which constitutes an explicit information/education activity situated within the violence-protection programming context."
KALIMANTAN BARAT KUBU RAYA,KALIMANTAN_BARAT_KUBU_RAYA.txt,6.8,Women in legal process,intersectional_approach,0.7615941559557649,-0.12685394287109375,0.11920292202211755,No,No,True,match,"The candidate sentences focus on services/rights for women victims (including facilitation in the judicial process and legal assistance for victims) and list “former inmates of correctional institutions” as a vulnerable group, but do not explicitly include women in conflict with the law as suspects/defendants/perpetrators/witnesses as a protected group."
MALUKU KEPULAUAN TANIMBAR,MALUKU_KEPULAUAN_TANIMBAR.txt,6.5,People with disability,intersectional_approach,0.7615941559557649,-0.12703323364257812,0.8807970779778824,Yes,Yes,True,match,"The policy explicitly references “women with disabilities” (and children with disabilities) in its prohibitions, indicating disability status is specifically recognized within the policy’s protective framework (beyond generic non-discrimination language)."
LAMPUNG PRINGSEWU,LAMPUNG_PRINGSEWU.txt,4.4,Prevention through education,primary_prevention,0.7615941559557649,-0.12701797485351562,0.11920292202211756,No,Yes,False,false_negative,"Although the policy lists “increasing the quantity and quality of education both formal and non-formal and informal” within a prevention chapter, it does not explicitly identify formal education instruments (e.g., curricula, school-based programs/materials) or involvement of education institutions as the prevention mechanism, beyond a broad reference to improving education. The mention of “universities” is in the context of building cooperation networks, not an explicit education-based prevention program. Under the coding rules, broad education improvements without explicit education-instrument linkage to prevention are insufficient."
KALIMANTAN BARAT KUBU RAYA,KALIMANTAN_BARAT_KUBU_RAYA.txt,6.6,Women heads of household,intersectional_approach,0.7615941559557649,-0.12694168090820312,0.11920292202211755,No,Yes,False,false_negative,"The policy mentions “female heads of households” as part of women categorized as vulnerable groups, but the provided sentences do not describe any special protection measures specifically targeted at women heads of households."
JAWA TIMUR BOJONEGORO,JAWA_TIMUR_BOJONEGORO.txt,3.9,Resocialisation services,specialised_support_services,0.7615941559557649,-0.12701797485351562,0.11920292202211756,No,Yes,False,false_negative,"The policy mentions victims’ right to continuous handling up to the rehabilitation stage, but the provided sentences do not identify a specific service unit responsible for rehabilitation/reintegration services (nor assign rehabilitation explicitly to P3A as a service)."
JAWA TIMUR JEMBER,JAWA_TIMUR_JEMBER.txt,3.3,Reporting/hotline service,specialised_support_services,0.7615941559557649,-0.126800537109375,0.11920292202211755,No,Yes,False,false_negative,"The text notes victims’ right to information about complaint center locations and a community obligation to report violence to authorities, but it does not explicitly establish or mandate a mechanism/service/unit for receiving complaints/reports (e.g., complaint center, hotline, or designated intake channel) within the provided sentences."
KALIMANTAN BARAT SINGKAWANG KOTA,KALIMANTAN_BARAT_SINGKAWANG_KOTA.txt,6.5,People with disability,intersectional_approach,0.7615941559557649,-0.12689208984375,0.8807970779778824,Yes,Yes,True,match,"The policy explicitly recognizes “women with disabilities” and provides for facilities and special treatment in public services, which constitutes disability-specific support for women with disabilities."
JAWA BARAT TASIKMALAYA,JAWA_BARAT_TASIKMALAYA.txt,3.8,Religious/spiritual counselling,specialised_support_services,0.7615941559557649,-0.12701416015625,0.8807970779778824,Yes,Yes,True,match,"The policy links implementation of social rehabilitation to regional apparatus responsible for “mental and spiritual” affairs, which under the coding rules is interpreted as provision of spiritual/faith-based support services."
PAPUA BARAT DAYA TAMBRAUW,PAPUA_BARAT_DAYA_TAMBRAUW.txt,3.8,Religious/spiritual counselling,specialised_support_services,0.7615941559557649,-0.12703704833984375,0.8807970779778824,Yes,Yes,True,match,"Victim services are stated to be carried out by relevant agencies in several fields including “mental and spiritual,” which—per the coding rules—should be interpreted as including spiritual guidance/support as part of services unless clearly indicated otherwise."
SULAWESI SELATAN ENREKANG,SULAWESI_SELATAN_ENREKANG.txt,5.4,Education institutions engagement,stakeholder_engagement,0.7615941559557649,-0.12685012817382812,0.8807970779778824,Yes,No,False,false_positive,"The policy assigns an active role to education organizers (schools/education units) by requiring them to provide gender-responsive facilities, which constitutes engagement of education institutions in implementation measures relevant to protection/prevention context."
JAWA BARAT BEKASI KOTA,JAWA_BARAT_BEKASI_KOTA_v2.txt,6.3,Women workers,intersectional_approach,0.7615941559557649,-0.12696075439453125,0.8807970779778824,Yes,Yes,True,match,"The policy explicitly lists “women workers” as a category of women to whom protection services/facilitation are provided, which is an explicit protection measure targeting women workers as a specific group."
JAWA BARAT INDRAMAYU,JAWA_BARAT_INDRAMAYU.txt,3.8,Religious/spiritual counselling,specialised_support_services,0.7615941559557649,-0.12702178955078125,0.8807970779778824,Yes,Yes,True,match,"The policy states the integrated service center is equipped with companions including religious leaders/clergy, which constitutes explicit provision of faith-based/spiritual support personnel within victim services."
JAWA TENGAH BANYUMAS,JAWA_TENGAH_BANYUMAS.txt,2.5,Training and capacity building,institutional_mechanism,0.7615941559557649,-0.12693405151367188,0.11920292202211756,No,Yes,False,false_negative,"While the policy mentions an authority to “increase the capacity of service provider institutions,” the retrieved sentences do not explicitly mandate training, technical guidance, or capacity-building activities (as actions to be conducted/ensured) for implementing personnel or service providers. The text frames this as a general authority rather than a clear duty to conduct training/capacity-building initiatives, and no explicit training/professional development is specified."
JAWA BARAT CIREBON KOTA,JAWA_BARAT_CIREBON_KOTA.txt,1.3,Physical violence,scope_of_violence,0.7615941559557649,-0.12689208984375,0.8807970779778824,Yes,Yes,True,match,"The definition of women victims includes physical suffering, and the definition of violence against women includes acts resulting in physical suffering, which implicitly covers physical violence within the policy’s scope."
SUMATERA UTARA PAKPAK BHARAT,SUMATERA_UTARA_PAKPAK_BHARAT.txt,3.7,Psychosocial counselling,specialised_support_services,0.7615941559557649,-0.12697982788085938,0.8807970779778824,Yes,Yes,True,match,"The policy defines a companion as a person/institutional representative with expertise in accompanying victims to conduct counseling and therapy for strengthening and recovery, which constitutes psychosocial/psychological counselling support for victims."
JAWA BARAT BANDUNG BARAT,JAWA_BARAT_BANDUNG_BARAT.txt,4.4,Prevention through education,primary_prevention,0.7615941559557649,-0.12693405151367188,0.11920292202211756,No,Yes,False,false_negative,"Although the policy links prevention to “increasing the quantity and quality of education” and also mentions cooperation with universities, it does not explicitly identify formal education instruments (e.g., curricula, school-based programs, teaching/learning materials, or education institutions delivering specific prevention education) as the prevention mechanism; the references are broad improvements/access to education and general awareness/education activities, which are excluded unless tied to explicit formal education instruments or institutions as prevention measures."
GORONTALO POHUWATO,GORONTALO_POHUWATO.txt,3.3,Reporting/hotline service,specialised_support_services,0.7615941559557649,-0.12696075439453125,0.8807970779778824,Yes,Yes,True,match,"The policy recognises victims’ right to complaint handling that is fast and appropriate, which implies an established mechanism/service for receiving and handling complaints related to violence cases (beyond merely encouraging the public to report)."
SUMATERA UTARA PADANGSIDIMPUAN KOTA,SUMATERA_UTARA_PADANGSIDIMPUAN_KOTA.txt,7.3,International donors,budget_funding_sources,0.7615941559557649,-0.12700653076171875,0.11920292202211756,No,No,True,match,"While the policy mentions cooperation including with “institutions or regional governments abroad,” the provided sentences do not explicitly indicate international funding/support/donor assistance for women’s protection/VAW measures, and references to international conventions are part of legal background rather than support arrangements."
JAWA TENGAH BLORA,JAWA_TENGAH_BLORA.txt,3.2,Police specialised service unit,specialised_support_services,0.7615941559557649,-0.12696075439453125,0.8807970779778824,Yes,No,False,false_positive,"The policy explicitly refers to a Women and Child Protection Unit (UPPA) and also lists Women and Children Service Units (UPPA) among relevant service units, which satisfies the criterion of mentioning a recognised specialised police victim service unit (UPPA)."
JAWA TIMUR SAMPANG,JAWA_TIMUR_SAMPANG.txt,2.3,Data collection systems,institutional_mechanism,0.761594155955765,-0.12689590454101562,0.11920292202211756,No,Yes,False,false_negative,"The candidate sentences mention developing “gender and child data systems” and mention “submission of data and information” as a possible form of coordination, but they do not explicitly link data collection/management/exchange to violence against women, victims, or violence cases as required by the coding rules."
JAWA BARAT BEKASI KOTA,JAWA_BARAT_BEKASI_KOTA.txt,6.3,Women workers,intersectional_approach,0.761594155955765,-0.12691497802734375,0.8807970779778825,Yes,Yes,True,match,"The policy explicitly provides a section on “Protection of women workers” and lists specific protections for women workers, indicating women workers are a specific target group for protection measures."
JAWA BARAT BANDUNG,JAWA_BARAT_BANDUNG.txt,4.3,VAW laws awareness,primary_prevention,0.761594155955765,-0.12691497802734375,0.8807970779778825,Yes,Yes,True,match,"The policy explicitly includes “conducting socialization of laws and regulations related to the Protection of Women Victims of Violence and Discrimination Against Women,” which is an information/socialization activity about relevant laws/regulations in the VAW protection domain."
LAMPUNG LAMPUNG TIMUR,LAMPUNG_LAMPUNG_TIMUR.txt,2.4,Gender mainstreaming institutionalisation,institutional_mechanism,0.761594155955765,-0.12689590454101562,0.8807970779778825,Yes,Yes,True,match,"The policy includes institutional strengthening of PUG (gender mainstreaming) as part of the Regent’s implementation efforts, indicating gender mainstreaming is treated as an institutional mechanism within implementation arrangements."
BENGKULU REJANG LEBONG,BENGKULU_REJANG_LEBONG.txt,3.9,Resocialisation services,specialised_support_services,0.809301070201781,-0.10027694702148438,0.9046505351008904,Yes,Yes,True,match,"The policy links rehabilitation and social reintegration to victim services (rights of victims include continuous handling up to rehabilitation and social reintegration), satisfying the criterion that rehabilitation/reintegration services are included within the victim support service framework."
GORONTALO GORONTALO,GORONTALO_GORONTALO.txt,4.1,Information and education about VAW,primary_prevention,0.809301070201781,-0.10016632080078125,0.09534946489910949,No,Yes,False,false_negative,"The candidate sentences mention prevention structures and activities such as socialization about laws/regulations and critical education about the rights of women and children, plus education on non-discrimination values. However, the coding rules for this indicator exclude education about women’s rights and education about laws/regulations related to VAW; and none of the cited sentences explicitly describe awareness/education specifically about violence against women itself (e.g., dangers/prohibition of VAW or anti-violence norms) as the content of the education activity."
SUMATERA SELATAN OGAN KOMERING ULU SELATAN,SUMATERA_SELATAN_OGAN_KOMERING_ULU_SELATAN.txt,6.1,Women in conflict/disaster areas,intersectional_approach,0.809301070201781,-0.10027694702148438,0.09534946489910949,No,No,True,match,"The text mentions protecting women from “conflict” in a general family-responsibility clause, but it does not identify women in conflict/disaster/emergency/displacement/refugee situations as a specific target group nor set out protection measures tailored to such contexts. The only explicit emergency-situation special protection is for children, which does not satisfy the criterion for women."
PAPUA BARAT DAYA SORONG,PAPUA_BARAT_DAYA_SORONG.txt,3.10,Economic support,specialised_support_services,0.809301070201781,-0.10010147094726562,0.9046505351008904,Yes,No,False,false_positive,"The policy includes “independence or empowerment services” as part of the services for women and children victims of violence, which indicates support aimed at victim independence/economic empowerment within the victim service package."
JAWA TENGAH PATI,JAWA_TENGAH_PATI.txt,2.5,Training and capacity building,institutional_mechanism,0.809301070201781,-0.10016632080078125,0.09534946489910949,No,No,True,match,"While the text mentions “increasing capacity building” as part of prevention efforts and states the government has authority to “increase the capacity of service provider institutions,” the coding rules require an explicit mandate/duty to conduct or ensure training/capacity-building for implementing agencies/personnel. The cited provisions are framed as prevention activities or general authority rather than a clear mandated training/capacity-building requirement for implementers/service providers."
MALUKU SERAM BAGIAN BARAT,MALUKU_SERAM_BAGIAN_BARAT.txt,4.4,Prevention through education,primary_prevention,0.809301070201781,-0.10025405883789062,0.09534946489910949,No,Yes,False,false_negative,"Although the policy mentions increasing the quantity and quality of education in the context of broader prevention efforts, the candidate sentences do not explicitly identify formal education instruments (e.g., curricula, school-based programs, teaching materials, or education institutions delivering specific prevention education) as the prevention mechanism; the references are general education improvement/access rather than explicit education-based prevention programming."
KALIMANTAN BARAT SAMBAS,KALIMANTAN_BARAT_SAMBAS.txt,4.2,Gender equality education,primary_prevention,0.809301070201781,-0.10010147094726562,0.9046505351008904,Yes,No,False,false_positive,"Within the prevention section, the policy specifies “critical education” for women victims of violence that includes training on “gender equality and justice,” which constitutes an educational activity about gender equality situated in the violence-prevention framework."
JAWA TIMUR MADIUN,JAWA_TIMUR_MADIUN.txt,2.2,Collaboration with NGOs,institutional_mechanism,0.809301070201781,-0.10023117065429688,0.09534946489910949,No,Yes,False,false_negative,"The text mentions services and protection from non-governmental individuals/groups/institutions and refers to involving “community elements,” but it does not explicitly mention NGOs/civil society organisations as partners nor specify a collaboration/coordination mechanism with non-government service providers as required by the coding rules."
JAWA TIMUR MADIUN,JAWA_TIMUR_MADIUN.txt,5.1,NGO collaboration,stakeholder_engagement,0.809301070201781,-0.10009765625,0.9046505351008904,Yes,Yes,True,match,"The policy provides for establishing and facilitating integrated service institutions by involving “community elements,” and it explicitly recognises service provision/protection by non-government actors and cooperation with PPT by assisting persons/institutions, which together indicate collaboration/engagement with non-governmental stakeholders in service delivery."
JAWA TIMUR PROBOLINGGO KOTA,JAWA_TIMUR_PROBOLINGGO_KOTA.txt,3.10,Economic support,specialised_support_services,0.809301070201781,-0.100189208984375,0.9046505351008904,Yes,No,False,false_positive,"The policy defines ""Empowerment"" specifically as strengthening women victims of violence to be able to work and work independently after recovery and rehabilitation, which constitutes an explicit economic empowerment objective for women victims of violence (livelihood/economic independence support)."
KALIMANTAN BARAT SINGKAWANG KOTA,KALIMANTAN_BARAT_SINGKAWANG_KOTA.txt,1.5,Economic violence,scope_of_violence,0.809301070201781,-0.1002960205078125,0.9046505351008904,Yes,Yes,True,match,"The policy’s definition of violence against women and children explicitly includes “neglect” and preventing women and children from enjoying their rights and freedoms, which constitutes inclusion of neglect-related/economic deprivation concepts within the violence definition."
KALIMANTAN SELATAN TANAH BUMBU,KALIMANTAN_SELATAN_TANAH_BUMBU.txt,6.10,Refugee/forced displacement,intersectional_approach,0.809301070201781,-0.10027694702148438,0.09534946489910949,No,No,True,match,"The only refugee-related reference in the provided sentences is within the definition of “Child in emergency situations” (including a child who is a refugee). The special protection measures shown are for children in emergency/conflict areas, not refugees/forced displacement as a general target group, and there are no explicit measures targeted at refugees/forcibly displaced persons beyond the child context."
ACEH BIREUEN,ACEH_BIREUEN.txt,3.7,Psychosocial counselling,specialised_support_services,0.809301070201781,-0.10023117065429688,0.9046505351008904,Yes,Yes,True,match,"The policy explicitly provides for psychological assistance to victims in the event of violence, which constitutes psychosocial/psychological support services."
SULAWESI TENGGARA BUTON SELATAN,SULAWESI_TENGGARA_BUTON_SELATAN.txt,5.6,Media engagement,stakeholder_engagement,0.809301070201781,-0.10009765625,0.9046505351008904,Yes,No,False,false_positive,"The policy includes “Media” as one of the entities with which the Regional Government carries out cooperation to achieve protection objectives, indicating media is recognized as a stakeholder within cooperation arrangements."
SULAWESI TENGGARA KONAWE KEPULAUAN,SULAWESI_TENGGARA_KONAWE_KEPULAUAN.txt,4.1,Information and education about VAW,primary_prevention,0.809301070201781,-0.1002960205078125,0.9046505351008904,Yes,No,False,false_positive,"The policy describes training for Integrated Service Center members specifically tied to carrying out duties in preventing violence against women and children, which constitutes an education/training activity explicitly situated as prevention of violence against women."
JAWA BARAT BEKASI KOTA,JAWA_BARAT_BEKASI_KOTA_v2.txt,4.2,Gender equality education,primary_prevention,0.809301070201781,-0.100189208984375,0.09534946489910949,No,Yes,False,false_negative,"While the policy mentions education/socialization about women’s rights and other empowerment-related education, the retrieved sentences do not explicitly situate education about gender equality/women’s rights as a strategy to prevent violence against women (the prevention-linked education cited is about preventing VAW generally, not specifically about gender equality/women’s rights as required by this indicator’s rules)."
SULAWESI TENGAH MOROWALI,SULAWESI_TENGAH_MOROWALI.txt,4.1,Information and education about VAW,primary_prevention,0.809301070201781,-0.10010528564453125,0.09534946489910949,No,Yes,False,false_negative,"The retrieved sentences describe prevention efforts including an information system and socialization/critical education, but the explicit education/socialization activities shown are about laws/regulations and about victims’ rights (including gender equality training and understanding laws on domestic violence). Under the coding rules, education about laws/regulations and education about women’s/victims’ rights or gender equality (without being explicitly anti-violence values/information about VAW itself) does not qualify as information/education specifically about violence against women or anti-violence values."
JAWA TENGAH WONOSOBO,JAWA_TENGAH_WONOSOBO.txt,3.10,Economic support,specialised_support_services,0.809301070201781,-0.10021591186523438,0.09534946489910949,No,Yes,False,false_negative,"Although the policy provides education/training and opportunities to work/do business for certain women beneficiaries, the cited provisions do not explicitly specify that these economic measures are available to women victims of violence (VAW) as such; they are framed for women who are unable/neglected/exploited/trafficked/prostitutes rather than explicitly for women victims of violence."
SULAWESI UTARA BITUNG KOTA,SULAWESI_UTARA_BITUNG_KOTA.txt,4.1,Information and education about VAW,primary_prevention,0.809301070201781,-0.10010147094726562,0.9046505351008904,Yes,Yes,True,match,"The policy explicitly frames prevention of violence against women and children as including awareness-raising to families/parents/community through providing information, guidance and/or counseling, which constitutes information/education activities situated as prevention."
SUMATERA UTARA PADANGSIDIMPUAN KOTA,SUMATERA_UTARA_PADANGSIDIMPUAN_KOTA.txt,4.4,Prevention through education,primary_prevention,0.8093010702017811,-0.1002044677734375,0.9046505351008906,Yes,No,False,false_positive,"Within the prevention chapter, the policy explicitly includes building networks and collaboration with educational institutions as part of prevention efforts against violence, which identifies involvement of education institutions as a prevention mechanism."
JAWA TIMUR JEMBER,JAWA_TIMUR_JEMBER.txt,2.2,Collaboration with NGOs,institutional_mechanism,0.8093010702017811,-0.100341796875,0.0953494648991095,No,Yes,False,false_negative,"The candidate sentences mention victims’ rights to protection from “non-governmental institutions” and refer to involving “community elements,” but they do not describe any cooperation/partnership mechanism with NGOs or other non-government service providers (e.g., coordination forum, partnership arrangement, or identified NGO partners)."
JAWA TENGAH WONOSOBO,JAWA_TENGAH_WONOSOBO.txt,3.9,Resocialisation services,specialised_support_services,0.8093010702017811,-0.10012435913085938,0.9046505351008906,Yes,Yes,True,match,"The policy explicitly includes social rehabilitation as a form of social protection/welfare administration for children, and assigns responsibility for these services to SKPD/UKPD, thereby linking rehabilitation/reintegration services to a responsible service-providing institution/unit."
RIAU BENGKALIS,RIAU_BENGKALIS.txt,4.1,Information and education about VAW,primary_prevention,0.8093010702017811,-0.10012054443359375,0.9046505351008906,Yes,Yes,True,match,"The policy lists prevention measures that include providing knowledge about prevention and mechanisms for handling violence against women and children, which constitutes an information/education activity explicitly tied to preventing violence against women."
PAPUA BARAT DAYA SORONG,PAPUA_BARAT_DAYA_SORONG.txt,4.4,Prevention through education,primary_prevention,0.8093010702017811,-0.100341796875,0.9046505351008906,Yes,Yes,True,match,"Within the prevention chapter, the policy explicitly links prevention of violence against women and children to actions that include providing information/guidance/counseling and increasing the quantity and quality of education (formal, non-formal, and informal), thereby presenting education improvement as part of the prevention strategy."
JAWA BARAT BANJAR KOTA,JAWA_BARAT_BANJAR_KOTA.txt,6.5,People with disability,intersectional_approach,0.8093010702017811,-0.10032272338867188,0.09534946489910949,No,No,True,match,"The only disability-related content is a non-discrimination clarification stating protection is not differentiated based on physical or mental condition. The coding rules specify that non-discrimination based on physical/mental condition alone is insufficient, and there are no disability-specific protections, accommodations, or identification of persons with disabilities as a target/vulnerable group."
SUMATERA BARAT KEPULAUAN MENTAWAI,SUMATERA_BARAT_KEPULAUAN_MENTAWAI.txt,3.9,Resocialisation services,specialised_support_services,0.8093010702017811,-0.10012054443359375,0.9046505351008906,Yes,Yes,True,match,"The policy includes “social rehabilitation” and “social reintegration” within the forms of cooperation for victim-related services, indicating provision of rehabilitation/reintegration (resocialisation) services within the support framework."
JAWA TENGAH BOYOLALI,JAWA_TENGAH_BOYOLALI.txt,1.2,Sexual violence,scope_of_violence,0.8093010702017811,-0.1002044677734375,0.9046505351008906,Yes,Yes,True,match,"The definition of violence against women explicitly includes acts that result in sexual suffering, indicating sexual violence is within scope even without listing specific sexual offences."
SUMATERA SELATAN OGAN KOMERING ULU SELATAN,SUMATERA_SELATAN_OGAN_KOMERING_ULU_SELATAN.txt,3.10,Economic support,specialised_support_services,0.8093010702017811,-0.10018539428710938,0.09534946489910949,No,Yes,False,false_negative,"While the policy includes skills training and business capital assistance for women generally and mentions rehabilitation/empowerment of women victims of violence in general terms, the provided sentences do not explicitly link economic empowerment measures (skills training, capital, livelihoods) to women victims of violence as required by the coding rules."
JAWA TIMUR BANYUWANGI,JAWA_TIMUR_BANYUWANGI.txt,2.5,Training and capacity building,institutional_mechanism,0.8093010702017811,-0.100250244140625,0.9046505351008906,Yes,Yes,True,match,"The policy explicitly includes “training” as a form of implementation activity. Although it does not specify the exact target group in the cited sentence, it is presented as part of implementation by the responsible government office/P2TP2A, implying training as an implementation measure rather than victim livelihood training or mere staff qualification language."
JAWA TENGAH WONOSOBO,JAWA_TENGAH_WONOSOBO.txt,6.3,Women workers,intersectional_approach,0.8093010702017811,-0.10032272338867188,0.09534946489910949,No,No,True,match,"The cited provisions address women’s general right to work-related protection and require institutions employing women to provide facilities, but they do not identify women workers as a vulnerable group needing protection from exploitation/violence in the workplace as required by the coding rules."
KALIMANTAN TENGAH GUNUNG MAS,KALIMANTAN_TENGAH_GUNUNG_MAS.txt,5.6,Media engagement,stakeholder_engagement,0.8093010702017811,-0.10031890869140625,0.9046505351008906,Yes,No,False,false_positive,"The policy defines “socialization” as dissemination of information through mass media and electronic media, assigning media a role in prevention-related information dissemination/awareness."
NUSA TENGGARA TIMUR TIMOR TENGAH UTARA,NUSA_TENGGARA_TIMUR_TIMOR_TENGAH_UTARA.txt,5.6,Media engagement,stakeholder_engagement,0.8093010702017811,-0.10031890869140625,0.0953494648991095,No,No,True,match,"The policy includes representatives of the press in the PUG Working Group structure, but the provided sentences do not assign the media/press any explicit role in prevention, protection, services, awareness, or implementation related to violence against women."
JAWA TIMUR BANYUWANGI,JAWA_TIMUR_BANYUWANGI.txt,1.5,Economic violence,scope_of_violence,0.8093010702017811,-0.10020828247070312,0.9046505351008906,Yes,Yes,True,match,"The policy explicitly includes “neglect” and “exploitation” among criminal acts of violence covered by its criminal provisions, which meets the criterion’s inclusion of neglect as a form of violence/abuse relevant to economic violence/domestic neglect."
KEPULAUAN BANGKA BELITUNG PANGKALPINANG KOTA,KEPULAUAN_BANGKA_BELITUNG_PANGKALPINANG_KOTA.txt,2.5,Training and capacity building,institutional_mechanism,0.8482836399575128,-0.07877731323242188,0.07585818002124355,No,No,True,match,"While the policy mentions strengthening institutional capacity for gender mainstreaming, the provided sentences do not explicitly mandate training/technical guidance/professional development for implementing officials or service providers. References to job training and skills development relate to women’s empowerment beneficiaries rather than capacity building for implementers, and “guidance facilities” is not clearly training for implementing personnel."
DI YOGYAKARTA BANTUL,DI_YOGYAKARTA_BANTUL_v2.txt,2.2,Collaboration with NGOs,institutional_mechanism,0.8482836399575129,-0.07890701293945312,0.07585818002124353,No,Yes,False,false_negative,"While the policy defines an ""Institution"" as including NGOs, the retrieved sentences do not describe any explicit cooperation/partnership mechanism with NGOs or non-government service providers, nor do they state that NGOs participate in a forum/network as partners; references are to government-established bodies and general community/family networks."
SULAWESI TENGGARA MUNA BARAT,SULAWESI_TENGGARA_MUNA_BARAT.txt,3.9,Resocialisation services,specialised_support_services,0.8482836399575129,-0.07888412475585938,0.07585818002124356,No,Yes,False,false_negative,"Although the policy mentions facilitating rehabilitation and reintegration services, the provided sentences do not link these services to a specific service unit or integrated service mechanism as the responsible provider; they appear as general forms of guidance by the Regent/OPD rather than a designated victim service unit."
JAWA BARAT BANDUNG,JAWA_BARAT_BANDUNG.txt,2.5,Training and capacity building,institutional_mechanism,0.8482836399575129,-0.07888412475585938,0.07585818002124356,No,Yes,False,false_negative,"Although “training” is listed as a form of implementation activity and there is mention of strengthening capacity of gender institutions, the provided sentences do not explicitly mandate training/capacity building for implementing officials/agencies/service providers as a required duty aimed at operationalizing the policy. The references are too general and do not clearly specify training for implementers as required by the coding rules."
RIAU BENGKALIS,RIAU_BENGKALIS.txt,2.6,Monitoring and evaluation,institutional_mechanism,0.8482836399575129,-0.07895278930664062,0.07585818002124356,No,Yes,False,false_negative,"The retrieved sentences include supervision of services and some monitoring of victims’ interests during legal accompaniment, but they do not establish monitoring and evaluation (M&E) of overall policy implementation and service delivery as an M&E mechanism. Supervision/monitoring in a case-handling context is not clearly M&E of implementation."
SUMATERA BARAT KEPULAUAN MENTAWAI,SUMATERA_BARAT_KEPULAUAN_MENTAWAI.txt,4.1,Information and education about VAW,primary_prevention,0.8482836399575129,-0.07892990112304688,0.07585818002124355,No,Yes,False,false_negative,"The candidate sentences mention prevention of violence against women and children and include “socialization on the rights of women and Children” and general guidance/socialization and dissemination of information, but they do not describe information/education activities specifically providing education or information about violence against women, protection from violence, prohibition/dangers of violence, or anti-violence values/norms. Several references are explicitly about women’s/children’s rights and laws/regulations, which are excluded by the coding rules unless tied to VAW-prevention content."
SULAWESI TENGGARA BUTON SELATAN,SULAWESI_TENGGARA_BUTON_SELATAN.txt,3.3,Reporting/hotline service,specialised_support_services,0.8482836399575129,-0.07888412475585938,0.07585818002124356,No,Yes,False,false_negative,"The text notes that community members may report violence to law enforcement/authorized parties and references a right to complaint handling, but it does not explicitly establish or mandate a specific mechanism/service/channel for receiving complaints or reports (e.g., a designated reporting service, procedure, or unit for intake)."
SUMATERA SELATAN PENUKAL ABAB LEMATANG ILIR,SUMATERA_SELATAN_PENUKAL_ABAB_LEMATANG_ILIR.txt,4.2,Gender equality education,primary_prevention,0.8482836399575129,-0.078887939453125,0.9241418199787564,Yes,Yes,True,match,"The policy explicitly includes a prevention measure described as providing critical education regarding the rights of women and children for the community, and it is situated within the section on prevention of violence against women and children. This meets the criterion’s requirement for an educational activity about women’s rights that is explicitly framed as a violence-prevention strategy."
DI YOGYAKARTA KULON PROGO,DI_YOGYAKARTA_KULON_PROGO.txt,4.1,Information and education about VAW,primary_prevention,0.8482836399575129,-0.07892990112304688,0.9241418199787564,Yes,Yes,True,match,"The policy describes a ""violence prevention system"" that includes preventive/promotive efforts to the community and specifies that socialization can be conducted via mass media, electronic media, and direct counseling to the community. These are explicit information/communication activities situated within prevention of violence (including violence against women and children)."
KALIMANTAN TIMUR KUTAI BARAT,KALIMANTAN_TIMUR_KUTAI_BARAT.txt,6.2,Women victims of trafficking,intersectional_approach,0.8482836399575129,-0.07895278930664062,0.9241418199787564,Yes,No,False,false_positive,"The policy explicitly mentions trafficking (“trafficking”) in the context of victims (child victims of kidnapping, sale, and/or trafficking). Under the coding rules, any explicit mention of trafficking/victims is sufficient to include trafficking within scope (even if not women-specific)."
KALIMANTAN TIMUR PENAJAM PASER UTARA,KALIMANTAN_TIMUR_PENAJAM_PASER_UTARA.txt,3.10,Economic support,specialised_support_services,0.8482836399575129,-0.07882308959960938,0.07585818002124355,No,Yes,False,false_negative,"While the policy mentions empowering women victims of violence and increasing their capacity through regional apparatus, private parties, and the business world, the candidate sentences do not explicitly specify any concrete economic support measures (e.g., skills/vocational training, financial assistance, livelihood/employment programs) provided to women victims of violence."
KALIMANTAN BARAT MELAWI,KALIMANTAN_BARAT_MELAWI.txt,4.1,Information and education about VAW,primary_prevention,0.8482836399575129,-0.0787811279296875,0.9241418199787564,Yes,Yes,True,match,"The policy’s elucidation explicitly describes promotive efforts as promoting/socializing acts of violence to the community to increase vigilance and sensitivity to the dangers of violence threatening women, which constitutes awareness/socialisation about violence against women as a preventive measure."
JAWA TENGAH WONOSOBO,JAWA_TENGAH_WONOSOBO.txt,6.1,Women in conflict/disaster areas,intersectional_approach,0.8482836399575129,-0.07888412475585938,0.9241418199787564,Yes,Yes,True,match,"The policy explicitly includes women (as part of women and children beneficiaries) who are ""victims of social conflict"" among prioritized groups for social protection, which constitutes a conflict-related special protection target group."
JAWA TIMUR TRENGGALEK,JAWA_TIMUR_TRENGGALEK.txt,2.3,Data collection systems,institutional_mechanism,0.8482836399575129,-0.07896041870117188,0.07585818002124355,No,No,True,match,"The candidate sentences mention reporting the existence of violence to authorities and various monitoring/recording activities in child-protection contexts, but they do not explicitly establish or assign responsibility for a system/entity to collect, manage, or maintain data specifically on violence against women, victims, or VAW cases. References to “developing gender-based information systems” are not explicitly linked to violence/VAW case data in the provided sentences."
KALIMANTAN BARAT SAMBAS,KALIMANTAN_BARAT_SAMBAS.txt,3.8,Religious/spiritual counselling,specialised_support_services,0.8482836399575129,-0.07886505126953125,0.9241418199787564,Yes,Yes,True,match,"The policy includes “religious leaders” within the scope of assistance available to victims, which constitutes faith-based support personnel being part of victim assistance."
SUMATERA SELATAN PENUKAL ABAB LEMATANG ILIR,SUMATERA_SELATAN_PENUKAL_ABAB_LEMATANG_ILIR.txt,6.5,People with disability,intersectional_approach,0.8482836399575129,-0.07899856567382812,0.9241418199787564,Yes,No,False,false_positive,"The policy includes a disability-specific measure by providing for “special infrastructure for persons with disabilities in public places,” which constitutes a targeted accommodation/support measure for people with disabilities (even though not specific to women with disabilities)."
JAWA BARAT TASIKMALAYA,JAWA_BARAT_TASIKMALAYA.txt,2.3,Data collection systems,institutional_mechanism,0.8482836399575129,-0.07888412475585938,0.07585818002124356,No,Yes,False,false_negative,"The only explicit data-system reference is to a disaggregated gender and child data system, but the candidate sentences do not explicitly link this system to collecting/recording/reporting data on violence against women, victims, or violence cases as required by the coding rules."
JAWA TENGAH SALATIGA KOTA,JAWA_TENGAH_SALATIGA_KOTA.txt,2.5,Training and capacity building,institutional_mechanism,0.8482836399575129,-0.07892990112304688,0.07585818002124355,No,Yes,False,false_negative,"While the policy mentions increasing the capacity of service provider institutions and providing skills training services, the retrieved sentences do not explicitly mandate training/technical guidance/capacity building for government officials, implementing agencies, or service providers as an implementation measure (and the skills training reference appears oriented to victims’ recovery rather than implementers)."
DI YOGYAKARTA GUNUNGKIDUL,DI_YOGYAKARTA_GUNUNGKIDUL_v2.txt,3.9,Resocialisation services,specialised_support_services,0.8482836399575129,-0.07884979248046875,0.9241418199787564,Yes,Yes,True,match,"The policy includes Social Rehabilitation as a formal victim service and specifies that Social Rehabilitation Services include “resocialization guidance,” linking reintegration/resocialisation to the victim service framework."
KEPULAUAN BANGKA BELITUNG BANGKA SELATAN,KEPULAUAN_BANGKA_BELITUNG_BANGKA_SELATAN.txt,3.9,Resocialisation services,specialised_support_services,0.8482836399575129,-0.07880401611328125,0.9241418199787564,Yes,Yes,True,match,"The policy links rehabilitation to a concrete service mechanism by stating that the Safe House used by P2TP2A is used to carry out rehabilitation (along with protection and training) until the victim is returned home, thereby assigning rehabilitation/reintegration functions to an identified victim-support mechanism."
DI YOGYAKARTA BANTUL,DI_YOGYAKARTA_BANTUL_v2.txt,3.3,Reporting/hotline service,specialised_support_services,0.8482836399575129,-0.07892990112304688,0.9241418199787564,Yes,Yes,True,match,"The policy defines SOPs as covering steps in protecting victims starting from complaints/identification, which implies an established procedure/mechanism for receiving complaints/reports of violence cases (not merely administrative reporting between agencies)."
BALI BANGLI,BALI_BANGLI.txt,1.5,Economic violence,scope_of_violence,0.8482836399575129,-0.07892990112304688,0.07585818002124355,No,Yes,False,false_negative,"The candidate sentences include definitions of violence and violence against women that list physical, sexual, and psychological harm, and mention neglect generally, but they do not explicitly identify economic violence/abuse/exploitation or economic suffering as a form of violence against women, nor do they describe financial control/deprivation behaviors as violence."
KALIMANTAN TENGAH KATINGAN,KALIMANTAN_TENGAH_KATINGAN.txt,1.5,Economic violence,scope_of_violence,0.848283639957513,-0.0788421630859375,0.9241418199787566,Yes,No,False,false_positive,"The definition of violence explicitly includes neglect as part of violence; neglect is one of the listed qualifying concepts for economic violence/domestic neglect under the coding rules, even though the text does not further specify economic/financial deprivation."
JAWA BARAT PANGANDARAN,JAWA_BARAT_PANGANDARAN.txt,4.3,VAW laws awareness,primary_prevention,0.848283639957513,-0.0788421630859375,0.9241418199787566,Yes,Yes,True,match,"The policy explicitly requires socialisation of laws and regulations related to the protection of women victims of violence and discrimination, and this appears within the set of obligations/responsibilities that also includes anticipating violence, satisfying the requirement for prevention-oriented legal awareness about VAW-related laws/regulations."
KALIMANTAN BARAT MELAWI,KALIMANTAN_BARAT_MELAWI.txt,4.2,Gender equality education,primary_prevention,0.848283639957513,-0.0788421630859375,0.07585818002124356,No,No,True,match,"While the text mentions community “socialization of women's rights,” it is not explicitly situated as a strategy or measure to prevent violence against women, as required by the coding rules. Other education/CIE references are framed around violence prevention generally or victims, not specifically about gender equality/women’s rights as a VAW prevention activity."
NUSA TENGGARA BARAT LOMBOK TENGAH,NUSA_TENGGARA_BARAT_LOMBOK_TENGAH_v2.txt,2.5,Training and capacity building,institutional_mechanism,0.848283639957513,-0.0788421630859375,0.07585818002124356,No,Yes,False,false_negative,"The candidate sentences include institutional capacity strengthening aimed at child protection units and increasing knowledge/skills of various actors, but this is framed as child protection-focused and does not explicitly extend to violence against women/GBV implementation. Other mentions of “skills training” relate to community participation/women’s empowerment rather than training for implementing agencies/service providers responsible for implementing the policy’s VAW components."
MALUKU SERAM BAGIAN BARAT,MALUKU_SERAM_BAGIAN_BARAT.txt,2.3,Data collection systems,institutional_mechanism,0.848283639957513,-0.0788421630859375,0.9241418199787566,Yes,Yes,True,match,"The policy explicitly includes “exchange of data and information” as part of cooperation to achieve protection objectives, linking data/information exchange to implementation concerning victims of violence; this satisfies the requirement for an explicit data/information function tied to violence/victims."
KALIMANTAN TENGAH KOTAWARINGIN TIMUR,KALIMANTAN_TENGAH_KOTAWARINGIN_TIMUR.txt,4.2,Gender equality education,primary_prevention,0.848283639957513,-0.0788421630859375,0.9241418199787566,Yes,Yes,True,match,"The policy situates prevention efforts as measures to prevent violence against women and children, and within that prevention framework it includes critical education whose forms include training on gender equality and justice. This meets the requirement of an educational activity about gender equality explicitly situated within violence prevention."
RIAU PEKANBARU KOTA,RIAU_PEKANBARU_KOTA.txt,4.4,Prevention through education,primary_prevention,0.8798266996519847,-0.06204986572265625,0.06008665017400762,No,No,True,match,"Although the policy includes “Communication, Information, and Education (IEC) materials” for prevention/handling of violence and assigns responsibilities to an education-related regional apparatus, the retrieved sentences do not explicitly identify formal education instruments (schools, curricula, teaching/learning materials, education institutions) as a prevention mechanism for violence against women or children. The education references shown are either general access/rights to education or broad IEC/socialization without explicit linkage to formal education institutions/curricula as prevention, which the coding rules require for a Yes."
LAMPUNG BANDAR LAMPUNG KOTA,LAMPUNG_BANDAR_LAMPUNG_KOTA.txt,4.4,Prevention through education,primary_prevention,0.8798266996519847,-0.06204986572265625,0.9399133498259923,Yes,Yes,True,match,"Within the section on establishing and developing strategies and policies for protection of women (a prevention-related strategy), the policy explicitly calls for presenting communication, information, and education materials on the protection of women, which constitutes an education-based prevention strategy under the criterion’s rules."
SUMATERA UTARA BATU BARA,SUMATERA_UTARA_BATU_BARA.txt,1.2,Sexual violence,scope_of_violence,0.8798266996519848,-0.0620269775390625,0.9399133498259924,Yes,Yes,True,match,"The definition of violence against women explicitly includes suffering that is ""sexually"" caused, indicating that sexual violence is within scope even without listing specific acts like rape or harassment."
LAMPUNG METRO KOTA,LAMPUNG_METRO_KOTA.txt,3.3,Reporting/hotline service,specialised_support_services,0.8798266996519848,-0.061870574951171875,0.060086650174007626,No,Yes,False,false_negative,"The retrieved text defines “Complaint” generally and includes administrative reporting obligations (P2TP2A reporting to SKPD, Mayor, Governor) and community participation in reporting, but it does not establish or describe a mechanism/service/channel designated to receive complaints/reports of violence from victims or the public (e.g., intake service, hotline, or procedures for receiving complaints)."
SUMATERA SELATAN PRABUMULIH KOTA,SUMATERA_SELATAN_PRABUMULIH_KOTA.txt,3.2,Police specialised service unit,specialised_support_services,0.8798266996519848,-0.061985015869140625,0.060086650174007626,No,No,True,match,"While the policy mentions police as one of several actors involved in integrated complaint handling and law enforcement, it does not identify or name a specialised police-based victim service unit (e.g., UPPA/RPK/Women and Children Protection Unit) within police offices."
KALIMANTAN SELATAN TABALONG,KALIMANTAN_SELATAN_TABALONG.txt,2.3,Data collection systems,institutional_mechanism,0.8798266996519848,-0.06207275390625,0.9399133498259924,Yes,No,False,false_positive,"The policy explicitly includes “case recording” as part of the handling flow at P2TP2A, which is a required function directly linked to violence cases/victims handled by the integrated service center."
NUSA TENGGARA BARAT DOMPU,NUSA_TENGGARA_BARAT_DOMPU.txt,4.2,Gender equality education,primary_prevention,0.8798266996519848,-0.062076568603515625,0.06008665017400762,No,Yes,False,false_negative,"While the policy mentions critical education on the rights of women and children as victims of violence, the cited prevention education is framed around victim rights and violence prevention rather than education specifically about gender equality/women’s rights as a primary prevention strategy. References to gender equality appear as principles, not as prevention education activities."
KALIMANTAN SELATAN HULU SUNGAI UTARA,KALIMANTAN_SELATAN_HULU_SUNGAI_UTARA.txt,4.4,Prevention through education,primary_prevention,0.8798266996519848,-0.062076568603515625,0.9399133498259924,Yes,Yes,True,match,"The policy explicitly links prevention of violence against women and children to increasing the quantity and quality of education (formal, non-formal, and informal) as part of the prevention measures, thereby identifying education as a prevention strategy."
KALIMANTAN SELATAN BALANGAN,KALIMANTAN_SELATAN_BALANGAN.txt,2.3,Data collection systems,institutional_mechanism,0.8798266996519848,-0.06195831298828125,0.060086650174007626,No,Yes,False,false_negative,"While the policy mentions conducting data collection and assessment and mapping areas prone to violence, the cited sentences do not explicitly link the data collection/assessment to collecting, recording, documenting, monitoring, reporting, managing, or maintaining data on violence cases or victims. The data collection described is about conditions/rights and broader social aspects rather than a VAW case/victim data system or responsibility."
MALUKU UTARA HALMAHERA TIMUR,MALUKU_UTARA_HALMAHERA_TIMUR.txt,6.2,Women victims of trafficking,intersectional_approach,0.8798266996519848,-0.06200408935546875,0.9399133498259924,Yes,No,False,false_positive,"The policy explicitly mentions ""victims of human trafficking"" within the scope of covered children in health services, which is sufficient under the coding rules to count trafficking as included in the policy’s scope (even though it is not specific to women)."
KALIMANTAN SELATAN KOTABARU,KALIMANTAN_SELATAN_KOTABARU.txt,4.1,Information and education about VAW,primary_prevention,0.8798266996519848,-0.061977386474609375,0.9399133498259924,Yes,Yes,True,match,"The policy explicitly lists, as a form of prevention, counseling/socialization aimed at raising community awareness (down to families/parents) to protect women and children, which constitutes an information/education activity linked to preventing/protecting from violence against women/children."
KALIMANTAN BARAT SINTANG,KALIMANTAN_BARAT_SINTANG.txt,2.2,Collaboration with NGOs,institutional_mechanism,0.8798266996519848,-0.0619354248046875,0.06008665017400762,No,Yes,False,false_negative,"The candidate sentences mention victims’ right to protection from non-governmental institutions and refer to involving “community elements,” but they do not specify any cooperation/partnership mechanism with NGOs or other non-government service providers (e.g., coordination forum, partnership arrangement, or identified NGO partners)."
KALIMANTAN SELATAN TANAH BUMBU,KALIMANTAN_SELATAN_TANAH_BUMBU.txt,1.5,Economic violence,scope_of_violence,0.8798266996519848,-0.06207275390625,0.9399133498259924,Yes,Yes,True,match,"The policy explicitly mentions “economic … exploitation of Women and Children,” which is a covered economic-harm concept affecting women and is framed as prohibited conduct, satisfying the criterion’s inclusion of economic exploitation/abuse-related forms."
SULAWESI TENGAH SIGI,SULAWESI_TENGAH_SIGI.txt,4.4,Prevention through education,primary_prevention,0.8798266996519848,-0.062076568603515625,0.9399133498259924,Yes,Yes,True,match,"Within the prevention chapter, the policy explicitly links prevention of violence against women and children to awareness-raising and to increasing the quantity and quality of education (formal, non-formal, and informal), thereby identifying education improvement as part of the prevention strategy."
JAWA TENGAH SURAKARTA KOTA,JAWA_TENGAH_SURAKARTA_KOTA.txt,6.7,Women from minority groups,intersectional_approach,0.8798266996519848,-0.06203460693359375,0.06008665017400762,No,No,True,match,"The candidate sentences include a general non-discrimination principle and a list of vulnerable women groups, but they do not explicitly identify minority/isolated/indigenous/ethnic or religious minority women as a target group for special protection (the closest term, “women in situations of intolerance,” is not explicitly framed as minority/isolated group membership)."
JAWA TENGAH SEMARANG KOTA,JAWA_TENGAH_SEMARANG_KOTA_v2.txt,4.3,VAW laws awareness,primary_prevention,0.8798266996519848,-0.061870574951171875,0.9399133498259924,Yes,Yes,True,match,"Within the listed forms of prevention of violence against women, the policy includes “conducting socialization of laws and regulations,” which constitutes an explicit prevention activity involving dissemination/education about laws/regulations in the context of VAW prevention."
JAWA TENGAH SALATIGA KOTA,JAWA_TENGAH_SALATIGA_KOTA.txt,5.4,Education institutions engagement,stakeholder_engagement,0.8798266996519848,-0.0619354248046875,0.9399133498259924,Yes,No,False,false_positive,"The policy explicitly includes “academics” as a potential source of human resources for implementation, which constitutes engagement of the education sector (academics) in implementation/capacity for services."
SULAWESI TENGGARA BUTON SELATAN,SULAWESI_TENGGARA_BUTON_SELATAN.txt,5.5,International organisations engagement,stakeholder_engagement,0.8798266996519848,-0.061977386474609375,0.06008665017400762,No,Yes,False,false_negative,"The candidate sentences do not mention international organizations as stakeholders/partners for prevention or services; the only relevant reference is to “non-binding foreign assistance” as a possible funding source, which is not explicit engagement/collaboration with international organizations for service delivery."
SULAWESI TENGAH MOROWALI,SULAWESI_TENGAH_MOROWALI.txt,6.5,People with disability,intersectional_approach,0.8798266996519848,-0.062076568603515625,0.06008665017400762,No,Yes,False,false_negative,"Disability appears only in a non-discrimination/equal protection explanation, and there is no explicit identification of women with disabilities or persons with disabilities as beneficiaries of special protection/services, nor any disability-specific accommodations. The coding rules specify that non-discrimination-only references are insufficient."
SULAWESI SELATAN TANA TORAJA,SULAWESI_SELATAN_TANA_TORAJA.txt,3.5,Legal assistance,specialised_support_services,0.8798266996519848,-0.06200408935546875,0.06008665017400762,No,Yes,False,false_negative,"While the text mentions access to legal consultation services in the context of women’s empowerment and notes children’s right to legal assistance, it does not identify a service unit that provides legal assistance (for victims) as a unit/mechanism; the cited integrated service unit description does not explicitly include legal assistance."
SULAWESI SELATAN TANA TORAJA,SULAWESI_SELATAN_TANA_TORAJA.txt,3.8,Religious/spiritual counselling,specialised_support_services,0.8798266996519848,-0.06207275390625,0.9399133498259924,Yes,No,False,false_positive,"The policy provides that protection in the field of religion includes guidance and mentoring in religious teachings for children, which qualifies as religious/spiritual guidance/mentoring as a support service (even though framed for children)."
JAWA TENGAH PEKALONGAN,JAWA_TENGAH_PEKALONGAN.txt,2.5,Training and capacity building,institutional_mechanism,0.8798266996519848,-0.061977386474609375,0.9399133498259924,Yes,Yes,True,match,The policy includes an obligation for the Regional Government to increase the capacity of service provider institutions as part of organizing services for victims. This is an explicit capacity-building requirement aimed at institutions responsible for delivering services under the policy (not victim livelihood training).
JAWA BARAT CIREBON,JAWA_BARAT_CIREBON.txt,4.4,Prevention through education,primary_prevention,0.8798266996519848,-0.0618743896484375,0.9399133498259924,Yes,Yes,True,match,"The policy explicitly situates prevention of violence against women and children within Article 11 and then lists, as part of those prevention efforts, increasing the number and quality of education (formal, non-formal, and informal). This links education improvement to violence prevention, satisfying the criterion’s requirement that education be explicitly presented as a prevention mechanism."
SULAWESI TENGAH BUOL,SULAWESI_TENGAH_BUOL.txt,5.4,Education institutions engagement,stakeholder_engagement,0.8798266996519848,-0.061985015869140625,0.060086650174007626,No,Yes,False,false_negative,"The cited provisions reference education units mainly as duty-bearers to ensure children’s access to education and to coordinate if a child victim drops out, but they do not identify education institutions as stakeholders/partners in prevention, protection, services, coordination, or capacity building for violence against women (or VAW-related implementation)."
JAMBI SAROLANGUN,JAMBI_SAROLANGUN.txt,2.2,Collaboration with NGOs,institutional_mechanism,0.8798266996519848,-0.06191253662109375,0.060086650174007626,No,Yes,False,false_negative,"While the policy mentions community institutions, women’s/children’s organizations, and legal aid organizations (e.g., as award recipients) and refers to strengthening cooperation, the provided sentences do not explicitly establish cooperation/partnership with NGOs or non-government service providers as implementation partners or within a coordination mechanism. References are either general (community participation) or do not specify collaboration arrangements with NGOs."
SULAWESI TENGGARA KONAWE,SULAWESI_TENGGARA_KONAWE.txt,3.9,Resocialisation services,specialised_support_services,0.8798266996519848,-0.062030792236328125,0.9399133498259924,Yes,Yes,True,match,"The policy includes “rehabilitation” and “social reintegration” among the forms of services provided to child and women victims of violence, linking reintegration/rehabilitation to the victim service framework."
SUMATERA UTARA PAKPAK BHARAT,SUMATERA_UTARA_PAKPAK_BHARAT.txt,2.3,Data collection systems,institutional_mechanism,0.8798266996519848,-0.061985015869140625,0.060086650174007626,No,Yes,False,false_negative,"While the text mentions monitoring and annual reporting on SPM implementation, the candidate sentences do not explicitly link these activities to collecting/recording/managing data on violence cases or victims, nor do they establish a VAW data/information system or assign an entity responsibility for such case-data management."
ACEH SUBULUSSALAM KOTA,ACEH_SUBULUSSALAM_KOTA.txt,3.8,Religious/spiritual counselling,specialised_support_services,0.8798266996519848,-0.06200408935546875,0.9399133498259924,Yes,Yes,True,match,"The policy’s definition of assistance explicitly includes “spiritual guidance” as part of actions provided to victims of violence, which qualifies as religious/spiritual counselling/support under the coding rules."
