fullname,filename,indicator_id,indicator_value,dimension,golden_label,pred_label,value,pred_value,error_type,evidence,rationale,discrepancy_root_cause
ACEH BIREUEN,ACEH_BIREUEN.txt,5.4,Education institutions engagement,stakeholder_engagement,No,Yes,0.0,1.0,false_positive,"c. improve coordination, integration, synchronization, and synergy between SKPK with all stakeholders including religious organizations, professional organizations, academics, the private sector and the wider community in efforts to improve the quality of protection of women;","The policy includes “academics” among stakeholders with whom coordination, integration, and synergy should be improved, which constitutes engagement of the education sector in implementation/coordination.",Reference only
ACEH BIREUEN,ACEH_BIREUEN.txt,6.7,Women from minority groups,intersectional_approach,Yes,No,1.0,0.0,false_negative,,"While the policy defines ""Special Protection"" as including women and children from minority and isolated groups, the provided sentences do not set out any specific protection measures targeted at women from minority/isolated groups.",Reference only
ACEH BIREUEN,ACEH_BIREUEN.txt,7.3,International donors,budget_funding_sources,No,Yes,0.0,1.0,false_positive,"f. coordinating the participation of the business sector and other institutions, including international assistance for the protection of women; and","The policy explicitly mentions coordinating participation of institutions including international assistance for the protection of women, indicating international support is contemplated.",Reference only
ACEH SUBULUSSALAM KOTA,ACEH_SUBULUSSALAM_KOTA.txt,1.2,Sexual violence,scope_of_violence,No,Yes,0.0,1.0,false_positive,"13. Violence is any act against a person, especially women, which results in misery or suffering physically, psychologically, sexually and/or domestic neglect including threats to commit acts, coercion, or deprivation of liberty unlawfully, whether within or outside the scope of the household.","The policy’s definition of violence explicitly includes sexual suffering (“sexually”), which constitutes inclusion of sexual violence.",Reference only
ACEH SUBULUSSALAM KOTA,ACEH_SUBULUSSALAM_KOTA.txt,1.10,Technology-facilitated violence,scope_of_violence,No,Yes,0.0,1.0,false_positive,"h. Opening information and access to all forms of protection against actions that harm women, including the use of information technology, social media;","The policy explicitly references protection against harmful actions including the use of information technology and social media, which constitutes inclusion of technology-facilitated violence/abuse.",Reference only
ACEH SUBULUSSALAM KOTA,ACEH_SUBULUSSALAM_KOTA.txt,3.8,Religious/spiritual counselling,specialised_support_services,Yes,No,1.0,0.0,false_negative,,"Although the policy defines assistance as potentially including spiritual guidance, the candidate sentences do not explicitly state that religious/spiritual counselling or guidance is provided as a service available to victims.",Reference only
ACEH SUBULUSSALAM KOTA,ACEH_SUBULUSSALAM_KOTA.txt,4.1,Information and education about VAW,primary_prevention,Yes,No,1.0,0.0,false_negative,,"The cited provisions focus on protection and service delivery for women victims of violence (e.g., complaint handling, legal aid, health and rehabilitation services) and on providing access to information about protection mechanisms. However, none of the candidate sentences describe preventive awareness-raising, communication, socialisation, or education activities specifically aimed at preventing violence against women or promoting anti-violence values.",Reference only
ACEH SUBULUSSALAM KOTA,ACEH_SUBULUSSALAM_KOTA.txt,5.2,Religious engagement,stakeholder_engagement,Yes,No,1.0,0.0,false_negative,,"While the policy references religious sharia and mentions religious funds (Baitul Mal), the provided sentences do not explicitly include religious organizations/leaders/clergy/faith-based actors in delivering services, prevention, coordination, or implementation.",Reference only
ACEH SUBULUSSALAM KOTA,ACEH_SUBULUSSALAM_KOTA.txt,6.3,Women workers,intersectional_approach,No,Yes,0.0,1.0,false_positive,d. Women obtain the right to special protection in carrying out their work or profession in both the public and domestic spheres against matters that threaten their safety and/or health in relation to reproductive functions.,"The policy explicitly recognizes women’s right to special protection in carrying out their work or profession, which constitutes protection measures for women workers/employees as a target group.",Reference only
BALI BADUNG,BALI_BADUNG.txt,2.5,Training and capacity building,institutional_mechanism,No,Yes,0.0,1.0,false_positive,"1. The Regent shall conduct guidance and supervision over the implementation of SPM for Integrated Services for Women and Children Victims of Violence in the Region.
2. Guidance as referred to in paragraph (1) includes providing implementation instructions, guidance, supervision, monitoring and evaluation of service delivery for Women and Children Victims of Violence.","The policy requires the Regent to conduct guidance and supervision over implementation, and specifies that such guidance includes providing implementation instructions and guidance (technical guidance) alongside monitoring and evaluation, which constitutes capacity-building support for service delivery implementation.",Reference only
BALI BADUNG,BALI_BADUNG.txt,4.2,Gender equality education,primary_prevention,No,Yes,0.0,1.0,false_positive,b. conduct independent socialization of the rights of Women and Children;,"The policy explicitly provides for community-led socialization of the rights of women and children, which is an educational/awareness-raising activity about women’s/children’s rights (a core element of gender equality and women’s rights education).",Reference only
BALI BANGLI,BALI_BANGLI.txt,1.5,Economic violence,scope_of_violence,Yes,No,1.0,0.0,false_negative,,"While the definition of violence mentions neglect, the provided sentences do not explicitly connect neglect to economic violence/exploitation or domestic neglect as an economic form of violence against women, nor do they mention economic abuse or exploitation.",Reference only
BALI BULELENG,BALI_BULELENG.txt,3.2,Police specialised service unit,specialised_support_services,Yes,No,1.0,0.0,false_negative,,"The text mentions facilities such as “special service rooms within the police force,” but it does not establish or describe a specialised service unit within police offices dedicated to VAW victims.",Reference only
BALI BULELENG,BALI_BULELENG.txt,6.5,People with disability,intersectional_approach,No,Yes,0.0,1.0,false_positive,l. Children with disabilities;,"The policy explicitly includes a special protection category for children with disabilities, indicating targeted special protection measures for persons with disabilities (at least within the child protection scope).",Reference only
BALI TABANAN,BALI_TABANAN.txt,2.3,Data collection systems,institutional_mechanism,No,Yes,0.0,1.0,false_positive,"1. The Regent is responsible for preparing reports on the implementation of the MSS for Integrated Services for Women and Children Victims of Violence and submitting them to the Governor with copies submitted to the State Minister for Women's Empowerment and Child Protection and the Minister of Home Affairs.
2. Reporting of implementation as referred to in paragraph (1) shall be conducted annually.","The policy assigns responsibility to the Regent to prepare and submit annual reports on implementation of minimum service standards for integrated services, which constitutes a formal reporting requirement related to implementation (and implicitly requires compiling/maintaining relevant information for those reports).",Reference only
BALI TABANAN,BALI_TABANAN.txt,2.5,Training and capacity building,institutional_mechanism,No,Yes,0.0,1.0,false_positive,"c. capacity building of apparatus and other stakeholders.
a. coverage of women and children victims of violence who receive complaint handling by trained officers in integrated service units;
b. coverage of women and children victims of violence who receive health services by trained health personnel at Community Health Centers and Hospitals;
c. coverage of social rehabilitation services provided by trained social rehabilitation officers for women and children victims of violence in integrated service units;
d. coverage of spiritual guidance services provided by trained spiritual guidance officers for women and children victims of violence in integrated service units;","The policy includes capacity building of apparatus and other stakeholders within government authority, and it references service delivery by trained officers/personnel (e.g., trained complaint-handling officers, trained health personnel, trained social rehabilitation officers, trained spiritual guidance officers), indicating a requirement/expectation for training and capacity development for implementers/service providers.",Reference only
BALI TABANAN,BALI_TABANAN.txt,4.1,Information and education about VAW,primary_prevention,No,Yes,0.0,1.0,false_positive,c. conduct independent socialization of women's and children's rights;,"The policy includes a community participation measure to conduct socialization of women's and children's rights, which is an awareness/education activity connected to preventing and responding to violence against women and children.",Reference only
BALI TABANAN,BALI_TABANAN.txt,6.9,Indigenous people/groups,intersectional_approach,No,Yes,0.0,1.0,false_positive,"22. Desa Pakraman is a customary law community unit in Bali Province that has a unity of tradition and etiquette of social life of the Hindu community passed down through generations in the bond of kahyangan tiga or kahyangan desa which has a certain territory and its own assets and has the right to manage its own household.
a. form family partners at the village/sub-district level in coordination with Desa Pakraman;","The policy explicitly defines Desa Pakraman (a customary law community unit) and includes it in community participation mechanisms for providing protection, indicating inclusion of customary/Indigenous community structures within implementation.",Reference only
BENGKULU KEPAHIANG,BENGKULU_KEPAHIANG.txt,6.9,Indigenous people/groups,intersectional_approach,No,Yes,0.0,1.0,false_positive,"a. actively participating in preventing the occurrence of physical violence, psychological violence, sexual violence, neglect, exploitation, and/or other violence against women and children based on customary law provisions;
b. conducting resolution of acts of violence against women and children if violations of customary law norms occur;","The policy assigns obligations and responsibilities to customary village/kelurahan institutions (Kutei) and explicitly links their role to customary law-based prevention and resolution of violence cases, indicating measures involving customary/Indigenous community structures.",Reference only
BENGKULU REJANG LEBONG,BENGKULU_REJANG_LEBONG.txt,4.4,Prevention through education,primary_prevention,No,Yes,0.0,1.0,false_positive,"a. socialization activities of laws and regulations related to the protection of women and children to the wider community in the region;
c. training for members who are able to disseminate norms of prohibitions and sanctions to the community;
g. counseling/socialization in the form of raising awareness of the wider community down to the smallest community groups (families), especially parents to protect women and children.","The policy lists prevention forms that include socialization activities, training to disseminate norms/prohibitions/sanctions, and counseling/socialization to raise awareness to protect women and children—explicitly using education/training/socialization as strategies within prevention.",Reference only
BENGKULU SELUMA,BENGKULU_SELUMA.txt,1.6,Harmful practices,scope_of_violence,No,Yes,0.0,1.0,false_positive,c. preventing marriage at child age;,"The policy explicitly includes prevention of marriage at child age, which is a harmful practice affecting girls.",Reference only
BENGKULU SELUMA,BENGKULU_SELUMA.txt,4.3,VAW laws awareness,primary_prevention,No,Yes,0.0,1.0,false_positive,c. Conducting socialization of laws and regulations related to the implementation of protection of women and children victims of violence;,"The policy includes a prevention-related activity of socializing laws and regulations connected to implementing protection for women and children victims of violence, which constitutes awareness/education about relevant VAW-related laws and policies.",Reference only
DI YOGYAKARTA BANTUL,DI_YOGYAKARTA_BANTUL.txt,2.4,Gender mainstreaming institutionalisation,institutional_mechanism,No,Yes,0.0,1.0,false_positive,"This Presidential Instruction affirms that all Ministries and non-Ministerial government institutions in the National Government, Provinces, and Regencies/Cities must carry out gender mainstreaming in planning, implementation, monitoring, and evaluation of development policies and programs.","The text explicitly states that government institutions (including at regency/city level) must carry out gender mainstreaming in planning, implementation, monitoring, and evaluation of development policies and programs, which constitutes an institutional mechanism requirement relevant to implementing women’s protection/VAW-related programs.",Reference only
DI YOGYAKARTA BANTUL,DI_YOGYAKARTA_BANTUL.txt,4.4,Prevention through education,primary_prevention,No,Yes,0.0,1.0,false_positive,"a. Primary prevention, all people, families, communities and the state in efforts to increase the ability of knowledge, understanding and to ensure that violence against women and children does not occur, including policy socialization, adequate services, supportive workplace policies, as well as life skills training for women and children.","The policy frames prevention as increasing knowledge and understanding to ensure violence against women and children does not occur, including socialization and training, thereby explicitly using education/knowledge-building as a prevention strategy.",Reference only
DI YOGYAKARTA BANTUL,DI_YOGYAKARTA_BANTUL_v2.txt,2.2,Collaboration with NGOs,institutional_mechanism,Yes,No,1.0,0.0,false_negative,,"While the text defines an 'Institution' as including NGOs and mentions networks/referral systems, the provided sentences do not explicitly establish a collaboration/cooperation mechanism with non-government service providers or specify how NGOs/community organisations are engaged.",Reference only
DI YOGYAKARTA BANTUL,DI_YOGYAKARTA_BANTUL_v2.txt,2.3,Data collection systems,institutional_mechanism,No,Yes,0.0,1.0,false_positive,"d. collect, compile and present reports on cases of violence.
1. PPT and FPKK prepare reports on the protection of Children and Women victims of acts of violence to the Regent.","The policy assigns responsibility to FPKK to collect, compile, and present reports on cases of violence, and requires PPT and FPKK to prepare reports to the Regent, indicating an organized reporting/data management function related to violence cases.",Reference only
DI YOGYAKARTA BANTUL,DI_YOGYAKARTA_BANTUL_v2.txt,2.4,Gender mainstreaming institutionalisation,institutional_mechanism,Yes,No,1.0,0.0,false_negative,,"The candidate sentences reference gender equality as a principle and require a gender-responsive budget, but they do not establish or require gender mainstreaming as an institutional mechanism for implementing women’s protection/VAW policies and programs.",Reference only
DI YOGYAKARTA BANTUL,DI_YOGYAKARTA_BANTUL_v2.txt,3.3,Reporting/hotline service,specialised_support_services,Yes,No,1.0,0.0,false_negative,,"The cited provisions concern institutional reporting by PPT/FPKK to the Regent and FPKK’s role in compiling/presenting reports on cases, but they do not specify a mechanism or service for receiving reports/complaints from victims or the public (e.g., complaint intake, hotline, reporting channel).",Reference only
DI YOGYAKARTA BANTUL,DI_YOGYAKARTA_BANTUL_v2.txt,5.2,Religious engagement,stakeholder_engagement,Yes,No,1.0,0.0,false_negative,,"While the text mentions ""practicing religious values"" and defines ""spiritual guidance,"" it does not explicitly include religious organisations/leaders/clergy/faith-based actors as stakeholders in delivering services, prevention, coordination, or implementation.",Reference only
DI YOGYAKARTA BANTUL,DI_YOGYAKARTA_BANTUL_v2.txt,6.8,Women in legal process,intersectional_approach,No,Yes,0.0,1.0,false_positive,"c. to provide services to children and women victims of acts of violence, reporters, and witnesses;","The policy explicitly includes providing services to women (and children) who are reporters and witnesses, which are roles within legal processes. However, it does not explicitly address women as suspects/defendants/perpetrators in the provided text.",Reference only
DI YOGYAKARTA GUNUNGKIDUL,DI_YOGYAKARTA_GUNUNGKIDUL.txt,3.1,Integrated service unit,specialised_support_services,No,Yes,0.0,1.0,false_positive,"2. The Regional Government establishes a Networked P2TP2A as an integrated service center by Regent's Decree.
3. The Networked P2TP2A as referred to in paragraph (2) is a functional work unit that has the duty and function of providing protection to women and children from acts of violence.","The policy establishes a Networked P2TP2A as an integrated service center and defines it as a functional work unit tasked with providing protection to women (and children) from violence, which constitutes an integrated service unit for women victims of violence.",Reference only
DI YOGYAKARTA GUNUNGKIDUL,DI_YOGYAKARTA_GUNUNGKIDUL.txt,3.8,Religious/spiritual counselling,specialised_support_services,Yes,No,1.0,0.0,false_negative,,"Although the policy mentions that assistance may include clergy and notes that service units may be located in religious institutions, it does not explicitly provide religious/spiritual counseling or faith-based guidance as a defined service for victims.",Reference only
DI YOGYAKARTA GUNUNGKIDUL,DI_YOGYAKARTA_GUNUNGKIDUL.txt,4.1,Information and education about VAW,primary_prevention,No,Yes,0.0,1.0,false_positive,b. conducting socialization of women's and children's rights;,"The policy includes a preventive community-participation measure that explicitly mentions conducting socialization of women's (and children's) rights, which is an awareness/education activity relevant to preventing violence against women.",Reference only
DI YOGYAKARTA GUNUNGKIDUL,DI_YOGYAKARTA_GUNUNGKIDUL.txt,4.2,Gender equality education,primary_prevention,No,Yes,0.0,1.0,false_positive,b. conducting socialization of women's and children's rights;,"The policy explicitly includes socialization (awareness/education) of women's rights as a form of community participation, which constitutes primary prevention information/education related to women's rights.",Reference only
DI YOGYAKARTA GUNUNGKIDUL,DI_YOGYAKARTA_GUNUNGKIDUL.txt,5.3,Traditional/cultural engagement,stakeholder_engagement,Yes,No,1.0,0.0,false_negative,,"While the policy discusses community participation and village-level institutions with local community leaders, the provided sentences do not explicitly mention traditional/customary/cultural leaders, customary institutions, or customary dispute-resolution mechanisms.",Reference only
DI YOGYAKARTA GUNUNGKIDUL,DI_YOGYAKARTA_GUNUNGKIDUL_v2.txt,5.3,Traditional/cultural engagement,stakeholder_engagement,Yes,No,1.0,0.0,false_negative,,"While the policy references community participation and includes 'community leaders,' it does not explicitly mention traditional/customary/cultural leaders, customary institutions, or customary dispute-resolution mechanisms in the provided sentences.",Reference only
DI YOGYAKARTA KULON PROGO,DI_YOGYAKARTA_KULON_PROGO.txt,2.5,Training and capacity building,institutional_mechanism,No,Yes,0.0,1.0,false_positive,(1 (2 (1 (2 (3 (1 (2 18 skills training;,"The candidate sentences explicitly mention “skills training,” which indicates provision of training/capacity building activities relevant to implementation/service delivery.",Reference only
DI YOGYAKARTA KULON PROGO,DI_YOGYAKARTA_KULON_PROGO.txt,5.3,Traditional/cultural engagement,stakeholder_engagement,Yes,No,1.0,0.0,false_negative,,"While the policy mentions community participation and community organizations, none of the provided sentences explicitly refer to traditional/customary/cultural leaders, customary institutions, or customary dispute-resolution mechanisms.",Reference only
DI YOGYAKARTA KULON PROGO,DI_YOGYAKARTA_KULON_PROGO.txt,5.8,Private sector engagement,stakeholder_engagement,Yes,No,1.0,0.0,false_negative,,"The provided sentences do not explicitly mention businesses, employers, companies, or the private sector as stakeholders in prevention, protection, or services.",Reference only
DI YOGYAKARTA SLEMAN,DI_YOGYAKARTA_SLEMAN.txt,4.4,Prevention through education,primary_prevention,No,Yes,0.0,1.0,false_positive,b. conducting education on anti-violence values against women and children; and,"The policy explicitly lists conducting education on anti-violence values against women and children as a form of efforts to prevent violence, making education an explicit prevention strategy.",Reference only
DI YOGYAKARTA SLEMAN,DI_YOGYAKARTA_SLEMAN.txt,5.6,Media engagement,stakeholder_engagement,No,Yes,0.0,1.0,false_positive,"Point c What is meant by ""socialization"" is the dissemination of information on laws and regulations carried out through mass media, electronic media, and/or direct counseling to the community.","The policy recognizes mass media and electronic media as channels for disseminating information (socialization) related to laws and regulations, indicating media engagement in prevention-related communication.",Reference only
DI YOGYAKARTA SLEMAN,DI_YOGYAKARTA_SLEMAN.txt,7.1,Local government budget,budget_funding_sources,No,Yes,0.0,1.0,false_positive,"Paragraph (2) What is meant by ""facilitated by the Village Government"" is assistance in the formation of forums at the Village level, including providing financing in the implementation of activities, monitoring, and evaluation of women's empowerment and protection of child victims of violence.","The policy’s elucidation states that facilitation by the Village Government includes providing financing for implementation, monitoring, and evaluation activities, which constitutes a local (village-level) government budget/financing source.",Reference only
GORONTALO GORONTALO,GORONTALO_GORONTALO.txt,1.8,Human trafficking,scope_of_violence,No,Yes,0.0,1.0,false_positive,"7. Law Number 21 of 2007 concerning the Eradication of the Criminal Act of Trafficking in Persons (State Gazette of the Republic of Indonesia of 2007 Number 58, Supplement to the State Gazette of the Republic of Indonesia Number 4720), | 8. Law Number 23 of 2014 concerning | Regional Government (State Gazette of the Republic | of Indonesia of 2014 Number 244, Supplement to the State Gazette | of the Republic of Indonesia Number 5587) as amended several times, most recently by Law Number 9 of 2015 concerning the Second Amendment to Law Number 23 of 2014 concerning Regional Government (State Gazette of the Republic of Indonesia of 2015 Number 58, Supplement to the State Gazette of the Republic of Indonesia Number 5679),","The policy explicitly references the national law concerning the eradication of trafficking in persons, indicating trafficking is included in the policy’s legal basis/scope.",Reference only
GORONTALO GORONTALO KOTA,GORONTALO_GORONTALO_KOTA.txt,1.8,Human trafficking,scope_of_violence,No,Yes,0.0,1.0,false_positive,"7. Law Number 21 of 2007 concerning the Eradication of the Criminal Act of Trafficking in Persons (State Gazette of the Republic of Indonesia of 2007 Number 58, Supplement to the State Gazette of the Republic of Indonesia Number 4720);","The policy explicitly references the law concerning the eradication of trafficking in persons, indicating trafficking is included within the policy’s referenced framework.",Reference only
GORONTALO GORONTALO KOTA,GORONTALO_GORONTALO_KOTA.txt,4.1,Information and education about VAW,primary_prevention,No,Yes,0.0,1.0,false_positive,"d. conducting socialization about laws and regulations related to the protection of women and children victims of violence; and
e. providing critical education about the rights of women and children for the community.","The policy includes prevention measures that explicitly involve socialization about laws/regulations protecting women and child victims of violence and providing critical education on the rights of women and children, which are information/education activities related to preventing violence against women.",Reference only
GORONTALO POHUWATO,GORONTALO_POHUWATO.txt,5.3,Traditional/cultural engagement,stakeholder_engagement,No,Yes,0.0,1.0,false_positive,c. Cultivating local wisdom in handling cases of violence;,"The policy includes community participation through cultivating local wisdom in handling cases of violence, which constitutes use of customary/community mechanisms in implementation/handling.",Reference only
GORONTALO POHUWATO,GORONTALO_POHUWATO.txt,6.8,Women in legal process,intersectional_approach,No,Yes,0.0,1.0,false_positive,"d. Provide services to women and children from acts of violence, reporters, and witnesses;
h. Right of victims and their families to obtain facilities in the judicial process;
c. Providing assistance for victims as witnesses from the investigation process to the verdict;","The policy explicitly includes services for reporters and witnesses and provides for facilities in the judicial process and assistance for victims as witnesses through the investigation to verdict, indicating protection/services for women involved in legal processes at least as witnesses/reporters.",Reference only
JAMBI BUNGO,JAMBI_BUNGO.txt,6.2,Women victims of trafficking,intersectional_approach,No,Yes,0.0,1.0,false_positive,"11. Trafficking in Persons is the act of recruitment, transportation, harboring, sending, transfer, or receipt of a person by threat of violence, use of violence, abduction, confinement, forgery, fraud and abuse of power or vulnerable position, debt bondage or giving payment or benefits, so as to obtain consent from the person holding control over that other person, whether carried out within the country or between countries, for the purpose of exploitation or resulting in a person being exploited.","The policy explicitly defines “Trafficking in Persons,” indicating that trafficking is within the regulation’s conceptual scope and therefore included among issues addressed by the protection framework.",Reference only
JAMBI SAROLANGUN,JAMBI_SAROLANGUN.txt,1.5,Economic violence,scope_of_violence,Yes,No,1.0,0.0,false_negative,,"While the policy discusses “economic protection” as a social protection measure, the provided sentences do not explicitly frame economic violence, economic exploitation (as violence against women), or domestic neglect as a form of violence against women.",Reference only
JAMBI SAROLANGUN,JAMBI_SAROLANGUN.txt,1.10,Technology-facilitated violence,scope_of_violence,No,Yes,0.0,1.0,false_positive,"f. children who are victims of pornography;
g. children who are perpetrators of pornography;","The policy explicitly references children who are victims of pornography and children who are perpetrators of pornography, which directly relates to technology-facilitated sexual harm (e.g., online/cyber pornography contexts).",Reference only
JAMBI SAROLANGUN,JAMBI_SAROLANGUN.txt,3.7,Psychosocial counselling,specialised_support_services,Yes,No,1.0,0.0,false_negative,,The candidate sentences do not explicitly mention psychosocial or psychological counselling services for victims; references to rehabilitation/reintegration or social protection are not clearly counselling/psychological services.,Reference only
JAMBI SAROLANGUN,JAMBI_SAROLANGUN.txt,4.1,Information and education about VAW,primary_prevention,No,Yes,0.0,1.0,false_positive,"a. providing socialization to the community and business world regarding policies on women empowerment and child protection;
b. providing books, leaflets, brochures regarding women empowerment and child protection, and other related issues and disseminating them to the community;","The policy includes community socialization and dissemination of informational materials (books/leaflets/brochures) on women’s empowerment and child protection, which explicitly includes protection from violence and therefore constitutes awareness/education activities relevant to preventing violence against women.",Reference only
JAMBI SAROLANGUN,JAMBI_SAROLANGUN.txt,6.2,Women victims of trafficking,intersectional_approach,Yes,No,1.0,0.0,false_negative,,The provided passages discuss general protection for women and list trafficking only in relation to children; they do not explicitly include women victims of trafficking within the policy’s scope.,Reference only
JAMBI SAROLANGUN,JAMBI_SAROLANGUN.txt,6.8,Women in legal process,intersectional_approach,No,Yes,0.0,1.0,false_positive,4. Legal protection as referred to in paragraph (1) letter c shall be implemented in terms of providing protection to women who become witnesses and victims of violence and discrimination.,"The policy’s legal protection for women includes providing protection to women who become witnesses and victims of violence and discrimination, which explicitly covers women in a legal process role as witnesses.",Reference only
JAMBI SAROLANGUN,JAMBI_SAROLANGUN.txt,7.3,International donors,budget_funding_sources,No,Yes,0.0,1.0,false_positive,"f. coordinating the participation of the business world and other institutions, including international assistance for women empowerment and child protection; and","The policy explicitly references coordinating participation of institutions including international assistance for women empowerment and child protection, indicating international support is contemplated.",Reference only
JAWA BARAT BANDUNG,JAWA_BARAT_BANDUNG.txt,2.4,Gender mainstreaming institutionalisation,institutional_mechanism,Yes,No,1.0,0.0,false_negative,,"While the text mentions strengthening the capacity of gender institutions and integrating women’s protection into development planning, it does not explicitly establish or require gender mainstreaming as an institutional mechanism for implementing women’s protection/VAW policies and programs.",Reference only
JAWA BARAT BANDUNG,JAWA_BARAT_BANDUNG.txt,3.2,Police specialised service unit,specialised_support_services,Yes,No,1.0,0.0,false_negative,,"The text mentions providing special service rooms at police offices, but it does not explicitly establish or describe a specialised service unit within police offices dedicated to VAW victims.",Reference only
JAWA BARAT BANDUNG,JAWA_BARAT_BANDUNG.txt,6.8,Women in legal process,intersectional_approach,No,Yes,0.0,1.0,false_positive,e. provision of testimony during court hearings without facing the suspect;,"The policy includes a protection service related to court proceedings (testimony during court hearings without facing the suspect), which explicitly addresses services for women involved in the legal process as victims/witnesses.",Reference only
JAWA BARAT BANDUNG BARAT,JAWA_BARAT_BANDUNG_BARAT.txt,4.2,Gender equality education,primary_prevention,No,Yes,0.0,1.0,false_positive,"c. to carry out training, socialization, advocacy of Gender Mainstreaming to all officials and staff within the SKPD;","The policy includes training, socialization, and advocacy activities related to gender mainstreaming, which are educational/awareness-raising measures aimed at advancing gender equality in government work units.",Reference only
JAWA BARAT BANDUNG BARAT,JAWA_BARAT_BANDUNG_BARAT.txt,5.3,Traditional/cultural engagement,stakeholder_engagement,No,Yes,0.0,1.0,false_positive,"3. The KLA Task Force shall consist of representatives from the Regional Government, Child Representatives, and may involve related Agencies, the business community, religious/community/customary leaders, and the community.","The policy explicitly mentions involving customary leaders (alongside religious/community leaders) in the KLA Task Force, indicating engagement of traditional/cultural leadership in implementation/coordination.",Reference only
JAWA BARAT BANDUNG KOTA,JAWA_BARAT_BANDUNG_KOTA.txt,1.10,Technology-facilitated violence,scope_of_violence,No,Yes,0.0,1.0,false_positive,b. the right to protection from violence in digital space including cyber harassment;,"The policy explicitly recognizes violence in digital space, including cyber harassment, which is a form of technology-facilitated violence.",Reference only
JAWA BARAT BANDUNG KOTA,JAWA_BARAT_BANDUNG_KOTA.txt,4.4,Prevention through education,primary_prevention,Yes,No,1.0,0.0,false_negative,,"While the policy mentions prevention through socialisation and includes education-related provisions (e.g., access to education services for victims and education about women’s rights), the provided sentences do not explicitly state that education is a strategy to prevent violence against women or children (nor do they mention children in a prevention-through-education context).",Reference only
JAWA BARAT BANDUNG KOTA,JAWA_BARAT_BANDUNG_KOTA.txt,6.3,Women workers,intersectional_approach,No,Yes,0.0,1.0,false_positive,"(2) Protection of Women victims of violence as referred to in paragraph (1) shall be provided to Women who experience violence in the family environment, the Community, the education sector, offices and the business sector.
a. the right to perform work and receive fair wages in accordance with laws and regulations;
b. the right to maternity leave, granted to working Mothers for at least the first 3 (three) months, and the next 3 (three) months if there are special conditions proven by a doctor's certificate;","The policy explicitly includes women experiencing violence in offices and the business sector, and it also specifies work-related welfare rights (e.g., fair wages and maternity leave), indicating explicit measures relevant to women workers/employees.",Reference only
JAWA BARAT BANDUNG KOTA,JAWA_BARAT_BANDUNG_KOTA.txt,6.8,Women in legal process,intersectional_approach,No,Yes,0.0,1.0,false_positive,"Protection as referred to in Article 19 is carried out through efforts to provide services and rapid handling to witnesses and/ or victims, as follows:
a. providing services and rapid handling to witnesses and / or victims;
g. providing protection for Assistants, witnesses, victims and their families.","The policy explicitly provides for rapid handling and services to witnesses and/or victims and includes protection for assistants, witnesses, victims, and their families, which constitutes explicit services/protection for women involved in legal processes as witnesses/victims.",Reference only
JAWA BARAT BANJAR KOTA,JAWA_BARAT_BANJAR_KOTA.txt,5.6,Media engagement,stakeholder_engagement,No,Yes,0.0,1.0,false_positive,"Letter c What is meant by ""socialization"" is the dissemination of information on laws and regulations carried out through mass media, electronic media, and/or direct counseling to the community.","The policy recognizes the use of mass media and electronic media as channels for disseminating information (socialization) related to laws and regulations, indicating media engagement in prevention-related communication.",Reference only
JAWA BARAT BANJAR KOTA,JAWA_BARAT_BANJAR_KOTA.txt,6.7,Women from minority groups,intersectional_approach,Yes,No,1.0,0.0,false_negative,,"The text includes a general non-discrimination principle referencing ethnicity, religion, race, culture, and language, but it does not establish special protection measures specifically targeted at women from minority or isolated groups.",Reference only
JAWA BARAT BEKASI,JAWA_BARAT_BEKASI.txt,3.10,Economic support,specialised_support_services,No,Yes,0.0,1.0,false_positive,"1. Empowerment of women victims of violence shall be carried out in an integrated manner in accordance with the provisions of laws and regulations.
a. provision of skills and job training;","The policy provides for empowerment of women victims of violence (including in the economic domain) and specifies economic empowerment measures such as skills and job training, supporting economic security and independence.",Reference only
JAWA BARAT BEKASI,JAWA_BARAT_BEKASI.txt,4.1,Information and education about VAW,primary_prevention,No,Yes,0.0,1.0,false_positive,"b. conducting socialization regarding laws and regulations related to the protection of the rights of women victims of violence;
e. providing education regarding women's rights for the community;","The policy includes preventive measures that explicitly involve socialisation and education related to violence against women, including socialisation of relevant laws/regulations and community education on women’s rights as part of integrated VAW prevention efforts.",Reference only
JAWA BARAT BEKASI KOTA,JAWA_BARAT_BEKASI_KOTA.txt,3.8,Religious/spiritual counselling,specialised_support_services,No,Yes,0.0,1.0,false_positive,d. mental and spiritual matters.,"The policy includes implementation of victim services by institutions whose duties/functions include “mental and spiritual matters,” indicating availability of spiritual/faith-related support within service provision.",Reference only
JAWA BARAT BEKASI KOTA,JAWA_BARAT_BEKASI_KOTA.txt,6.10,Refugee/forced displacement,intersectional_approach,No,Yes,0.0,1.0,false_positive,"1. Children in emergency situations referred to are children who become refugees, child victims of riots and unrest, child victims of disasters and children in conflict situations.
2. The Government is obligated to provide protection and fulfillment of needs consisting of security protection, fulfillment of children's basic needs during emergency situations.","The policy explicitly recognizes refugees within the category of children in emergency situations and obligates the government to provide protection and fulfill needs during such emergencies, constituting special protection measures for refugee/displacement situations (at least for children).",Reference only
JAWA BARAT BEKASI KOTA,JAWA_BARAT_BEKASI_KOTA_v2.txt,2.5,Training and capacity building,institutional_mechanism,No,Yes,0.0,1.0,false_positive,"e. promoting discussion activities, FGDs, training that raises issues/problems regarding law in local, national and international perspectives; and","The policy includes training-related measures (e.g., promoting discussion activities/FGDs/training on legal issues) as part of empowerment implementation, which constitutes provision for training/capacity-building activities.",Reference only
JAWA BARAT BEKASI KOTA,JAWA_BARAT_BEKASI_KOTA_v2.txt,5.6,Media engagement,stakeholder_engagement,No,Yes,0.0,1.0,false_positive,"e. maintaining the privacy and confidentiality of victims from all interested parties, including coverage by mass media;","The policy explicitly references mass media in the context of maintaining victims’ privacy and confidentiality from coverage, indicating recognition of media as a relevant stakeholder in service handling.",Reference only
JAWA BARAT CIMAHI KOTA,JAWA_BARAT_CIMAHI_KOTA.txt,1.8,Human trafficking,scope_of_violence,No,Yes,0.0,1.0,false_positive,"Concerning The Prohibition And Immediate Action For The Elimination Of The Worst Forms Of Child Labour (ILO Convention No. 182 Concerning The Prohibition And Immediate Action For The Elimination Of The Worst Forms Of Child Labour) (State Gazette of the Republic of Indonesia of 2000 Number 30, Supplement to the State Gazette of the Republic of Indonesia Number 3941); 6. Law Number 9 of 2001 concerning Establishment of Cimahi City (State Gazette of the Republic of Indonesia of 2001 Number 89, Supplement to the State Gazette of the Republic of Indonesia Number 4116); 7. Law Number 13 of 2003 concerning Manpower (State Gazette of the Republic of Indonesia of 2003 Number 39, Supplement to the State Gazette of the Republic of Indonesia Number 4279); 8. Law Number 23 of 2004 concerning Elimination of Domestic Violence (State Gazette of the Republic of Indonesia of 2004 Number 95, Supplement to the State Gazette of the Republic of Indonesia Number 4419); 9. Law Number 13 of 2006 concerning Protection of Witnesses and Victims (State Gazette of the Republic of Indonesia of 2006 Number 64, Supplement to the State Gazette of the Republic of Indonesia Number 4635); 10. Law Number 21 of 2007 concerning Eradication of the Criminal Act of Trafficking in Persons (State Gazette of the Republic of Indonesia of 2007 Number 58, Supplement to the State Gazette of the Republic of Indonesia Number 4720); 11. Law Number 11 of 2009 concerning Social Welfare (State Gazette of the Republic of Indonesia of 2009 Number 12, Supplement to the State Gazette of the Republic of Indonesia Number 4967); 12. Law Number 27 of 2009 concerning People's Consultative Assembly, House of Representatives, Regional Representative Council and Regional House of Representatives (State Gazette of the Republic of Indonesia of 2009 Number 123, Supplement to the State Gazette of the Republic of Indonesia Number 5043); 13. Law Number 12 of 2011 concerning Formation of Legislation (State Gazette of the Republic of Indonesia of 2011 Number 82, Supplement to the State Gazette of the Republic of Indonesia Number 5234); 14. Law Number 11 of 2012 concerning Juvenile Criminal Justice System (State Gazette of the Republic of Indonesia of 2012 Number 153, Supplement to the State Gazette of the Republic of Indonesia Number 5532); 15. Law Number 23 of 2014 concerning Regional Government (State Gazette of the Republic of Indonesia of 2014 Number 244, Supplement to the State Gazette of the Republic of Indonesia Number 5587) as amended several times most recently by Law Number 9 of 2015 concerning Second Amendment to Law Number 23 of 2014 concerning Regional Government (State Gazette of the Republic of Indonesia of 2015 Number 58, Supplement to the State Gazette of the Republic of Indonesia Number 5679); 16. Law Number 23 of 2002 concerning Child Protection (State Gazette of the Republic of Indonesia of 2002 Number 109 Supplement to the State Gazette of the Republic of Indonesia Number 4235) as amended by Law Number 35 of 2014 concerning Amendment to Law Number 23 of 2002 concerning Child Protection (State Gazette of the Republic of Indonesia of 2014 Number 297 Supplement to the State Gazette of the Republic of Indonesia Number 5606); 17. Law Number 8 of 2016 concerning Persons with Disabilities (State Gazette of the Republic of Indonesia of 2016 Number 69, Supplement to the State Gazette of the Republic of Indonesia Number 5871); 18. Government Regulation Number 4 of 2006 concerning Implementation and Cooperation for Recovery of Victims of Domestic Violence (State Gazette of the Republic of Indonesia of 2006 Number 15, Supplement to the State Gazette of the Republic of Indonesia Number 4604); 19. Government Regulation Number 9 of 2008 concerning Procedures and Mechanisms for Integrated Services for Witnesses and/or Victims of the Criminal Act of Trafficking in Persons (State Gazette of the Republic of Indonesia of 2008 Number 22, Supplement to the State Gazette of the Republic of Indonesia Number 4818); 20. Regulation of the State Minister for Women's Empowerment and Child Protection Number 2 of 2008 concerning Guidelines for Implementation of Women's Protection; 21.","The policy text references a law concerning eradication of trafficking in persons, indicating inclusion of trafficking in persons within the policy’s legal framework references.",Reference only
JAWA BARAT CIMAHI KOTA,JAWA_BARAT_CIMAHI_KOTA.txt,6.2,Women victims of trafficking,intersectional_approach,No,Yes,0.0,1.0,false_positive,"Concerning The Prohibition And Immediate Action For The Elimination Of The Worst Forms Of Child Labour (ILO Convention No. 182 Concerning The Prohibition And Immediate Action For The Elimination Of The Worst Forms Of Child Labour) (State Gazette of the Republic of Indonesia of 2000 Number 30, Supplement to the State Gazette of the Republic of Indonesia Number 3941); 6. Law Number 9 of 2001 concerning Establishment of Cimahi City (State Gazette of the Republic of Indonesia of 2001 Number 89, Supplement to the State Gazette of the Republic of Indonesia Number 4116); 7. Law Number 13 of 2003 concerning Manpower (State Gazette of the Republic of Indonesia of 2003 Number 39, Supplement to the State Gazette of the Republic of Indonesia Number 4279); 8. Law Number 23 of 2004 concerning Elimination of Domestic Violence (State Gazette of the Republic of Indonesia of 2004 Number 95, Supplement to the State Gazette of the Republic of Indonesia Number 4419); 9. Law Number 13 of 2006 concerning Protection of Witnesses and Victims (State Gazette of the Republic of Indonesia of 2006 Number 64, Supplement to the State Gazette of the Republic of Indonesia Number 4635); 10. Law Number 21 of 2007 concerning Eradication of the Criminal Act of Trafficking in Persons (State Gazette of the Republic of Indonesia of 2007 Number 58, Supplement to the State Gazette of the Republic of Indonesia Number 4720); 11. Law Number 11 of 2009 concerning Social Welfare (State Gazette of the Republic of Indonesia of 2009 Number 12, Supplement to the State Gazette of the Republic of Indonesia Number 4967); 12. Law Number 27 of 2009 concerning People's Consultative Assembly, House of Representatives, Regional Representative Council and Regional House of Representatives (State Gazette of the Republic of Indonesia of 2009 Number 123, Supplement to the State Gazette of the Republic of Indonesia Number 5043); 13. Law Number 12 of 2011 concerning Formation of Legislation (State Gazette of the Republic of Indonesia of 2011 Number 82, Supplement to the State Gazette of the Republic of Indonesia Number 5234); 14. Law Number 11 of 2012 concerning Juvenile Criminal Justice System (State Gazette of the Republic of Indonesia of 2012 Number 153, Supplement to the State Gazette of the Republic of Indonesia Number 5532); 15. Law Number 23 of 2014 concerning Regional Government (State Gazette of the Republic of Indonesia of 2014 Number 244, Supplement to the State Gazette of the Republic of Indonesia Number 5587) as amended several times most recently by Law Number 9 of 2015 concerning Second Amendment to Law Number 23 of 2014 concerning Regional Government (State Gazette of the Republic of Indonesia of 2015 Number 58, Supplement to the State Gazette of the Republic of Indonesia Number 5679); 16. Law Number 23 of 2002 concerning Child Protection (State Gazette of the Republic of Indonesia of 2002 Number 109 Supplement to the State Gazette of the Republic of Indonesia Number 4235) as amended by Law Number 35 of 2014 concerning Amendment to Law Number 23 of 2002 concerning Child Protection (State Gazette of the Republic of Indonesia of 2014 Number 297 Supplement to the State Gazette of the Republic of Indonesia Number 5606); 17. Law Number 8 of 2016 concerning Persons with Disabilities (State Gazette of the Republic of Indonesia of 2016 Number 69, Supplement to the State Gazette of the Republic of Indonesia Number 5871); 18. Government Regulation Number 4 of 2006 concerning Implementation and Cooperation for Recovery of Victims of Domestic Violence (State Gazette of the Republic of Indonesia of 2006 Number 15, Supplement to the State Gazette of the Republic of Indonesia Number 4604); 19. Government Regulation Number 9 of 2008 concerning Procedures and Mechanisms for Integrated Services for Witnesses and/or Victims of the Criminal Act of Trafficking in Persons (State Gazette of the Republic of Indonesia of 2008 Number 22, Supplement to the State Gazette of the Republic of Indonesia Number 4818); 20. Regulation of the State Minister for Women's Empowerment and Child Protection Number 2 of 2008 concerning Guidelines for Implementation of Women's Protection; 21.
30. Regional Regulation of West Java Province Number 3 of 2008 concerning Prevention and Handling of Victims of Trafficking in Persons in West Java (Regional Gazette of West Java Province of 2008 Number 2 Series E, Supplement to the Regional Gazette of West Java Province Number 39);","The policy’s legal basis explicitly references the national law on trafficking in persons and a provincial regulation on prevention/handling of trafficking victims, indicating trafficking in persons is within the policy’s considered scope.",Reference only
JAWA BARAT CIREBON KOTA,JAWA_BARAT_CIREBON_KOTA.txt,1.10,Technology-facilitated violence,scope_of_violence,No,Yes,0.0,1.0,false_positive,"Various forms of such violence include rape, sexual harassment, human trafficking, domestic violence, sexual exploitation, violence against domestic workers, pornography, bullying, cyber bullying, and cyber porn.","The policy explicitly references technology-facilitated forms of violence, including “cyber bullying” and “cyber porn.”}]}",Reference only
JAWA BARAT GARUT,JAWA_BARAT_GARUT.txt,2.3,Data collection systems,institutional_mechanism,No,Yes,0.0,1.0,false_positive,a. exchange of data and information;,"The policy includes cooperation activities that explicitly cover the exchange of data and information, which implies an assigned/required mechanism for managing and sharing information related to protection and violence cases.",Reference only
JAWA BARAT GARUT,JAWA_BARAT_GARUT.txt,2.5,Training and capacity building,institutional_mechanism,No,Yes,0.0,1.0,false_positive,"a. job skills training;
a. in training as builders, mediators and peace negotiators; and","The policy explicitly includes training activities (e.g., job skills training and training for women as builders/mediators/peace negotiators), demonstrating provision for training/capacity-building measures within implementation-related programming.",Reference only
JAWA BARAT GARUT,JAWA_BARAT_GARUT.txt,4.4,Prevention through education,primary_prevention,No,Yes,0.0,1.0,false_positive,e. providing knowledge about prevention and mechanisms for overcoming violence against women and children.,"The prevention provisions explicitly include providing knowledge about prevention and mechanisms for overcoming violence against women and children, indicating education/knowledge provision as a prevention strategy.",Reference only
JAWA BARAT GARUT,JAWA_BARAT_GARUT.txt,5.6,Media engagement,stakeholder_engagement,No,Yes,0.0,1.0,false_positive,"f. maintaining the privacy and confidentiality of victims from all parties who have no interest, including coverage by mass media;","The policy explicitly references mass media in the context of protecting victims’ privacy and confidentiality from coverage, indicating recognition of media as a relevant stakeholder to be managed within service delivery.",Reference only
JAWA BARAT INDRAMAYU,JAWA_BARAT_INDRAMAYU.txt,1.5,Economic violence,scope_of_violence,Yes,No,1.0,0.0,false_negative,,"While the text mentions 'economic well-being' in a general sense and includes 'economic independence services' for victims, it does not explicitly define or identify economic violence/economic exploitation/domestic neglect as a form of violence against women.",Reference only
JAWA BARAT INDRAMAYU,JAWA_BARAT_INDRAMAYU.txt,3.2,Police specialised service unit,specialised_support_services,Yes,No,1.0,0.0,false_negative,,"The text references being networked with the RPK Unit at the Police, but it does not establish or specify a specialised service unit for VAW within police offices as a policy provision.",Reference only
JAWA BARAT INDRAMAYU,JAWA_BARAT_INDRAMAYU.txt,4.4,Prevention through education,primary_prevention,No,Yes,0.0,1.0,false_positive,"c. conducting socialization about understanding and anti-violence values towards Women and Children through IEC (information, education and communication) both through the community, schools and universities;","The policy explicitly includes prevention via IEC (information, education and communication) socialization on understanding and anti-violence values directed at women and children, including delivery through community and educational institutions.",Reference only
JAWA BARAT INDRAMAYU,JAWA_BARAT_INDRAMAYU.txt,6.2,Women victims of trafficking,intersectional_approach,No,Yes,0.0,1.0,false_positive,"23. P2TP2A is a form of service facility for women and children in an effort to fulfill information and needs in the fields of education, health, economy, law, protection and prevention of acts of violence and trafficking against women and children.","The policy’s scope explicitly includes prevention of trafficking against women and children through the definition of P2TP2A, indicating that trafficking victims (including women) are within the intended coverage.",Reference only
JAWA BARAT KARAWANG,JAWA_BARAT_KARAWANG.txt,4.1,Information and education about VAW,primary_prevention,No,Yes,0.0,1.0,false_positive,"1. The Regent establishes policies, programs and activities for the empowerment and protection of women to eliminate all forms of discrimination and acts of violence against women.
d. socialization;
f. information dissemination;
g. education;","The policy establishes programs and activities aimed at eliminating acts of violence against women, and explicitly lists preventive/awareness modalities such as socialization, public communication, information dissemination, and education as forms of cooperation/implementation for women’s empowerment and protection activities.",Reference only
JAWA BARAT KARAWANG,JAWA_BARAT_KARAWANG.txt,4.2,Gender equality education,primary_prevention,No,Yes,0.0,1.0,false_positive,"9. Gender Mainstreaming is a strategy carried out rationally and systematically to achieve and realize gender equality and justice in a number of aspects of human life (household, community and state), through policies and programs that take into account the experiences, aspirations, needs and problems of women and men in the planning, implementation, monitoring and evaluation of all policies and programs in various fields of life and development.
c. advocacy;
d. socialization;
e. public communication;
f. information dissemination;
g. education;","The regulation defines gender mainstreaming as a strategy to achieve gender equality and justice, and it explicitly includes advocacy, socialization, public communication, information dissemination, and education as forms of cooperation/activities within women’s empowerment and protection programming—covering educational/awareness-raising primary prevention related to gender equality/women’s rights.",Reference only
JAWA BARAT KARAWANG,JAWA_BARAT_KARAWANG.txt,4.4,Prevention through education,primary_prevention,No,Yes,0.0,1.0,false_positive,"1. The Regent establishes policies, programs and activities for the empowerment and protection of women to eliminate all forms of discrimination and acts of violence against women.
g. education;","The policy’s programs are explicitly aimed at eliminating acts of violence against women, and it identifies education as one of the implementation/cooperation strategies for these empowerment and protection activities, thereby including education as a strategy linked to preventing/eliminating VAW (though children are not mentioned in the provided text).",Reference only
JAWA BARAT MAJALENGKA,JAWA_BARAT_MAJALENGKA.txt,2.5,Training and capacity building,institutional_mechanism,No,Yes,0.0,1.0,false_positive,"b. provision of accessibility to obtain education, training, funding, income enhancement and social services;
b. education and training for women and children victims of acts of violence;","The policy references provision of access to education and training and includes education and training for women and child victims through partnerships, indicating that training activities are part of implementation measures.",Reference only
JAWA BARAT PANGANDARAN,JAWA_BARAT_PANGANDARAN.txt,3.10,Economic support,specialised_support_services,Yes,No,1.0,0.0,false_negative,,"The provided sentences discuss economic empowerment and skills training for women generally (e.g., prevention measures and women’s empowerment provisions), but they do not explicitly link economic empowerment/support measures to victims of violence against women specifically.",Reference only
JAWA BARAT PURWAKARTA,JAWA_BARAT_PURWAKARTA.txt,4.2,Gender equality education,primary_prevention,No,Yes,0.0,1.0,false_positive,c. conducting independent socialization of women's rights;,"The policy explicitly mentions community participation through independent socialization of women's rights, which is a primary prevention/education activity focused on women’s rights (and thus aligned with gender equality education).",Reference only
JAWA BARAT PURWAKARTA,JAWA_BARAT_PURWAKARTA.txt,6.8,Women in legal process,intersectional_approach,No,Yes,0.0,1.0,false_positive,"1. Every woman and child who becomes a witness or perpetrator of violence has the right to receive information, protection, rehabilitation, confidential handling, psychological and legal assistance, as well as fulfillment of their rights related to their status as wife, mother, child, family member as well as a community member.","The policy explicitly provides rights and services (information, protection, rehabilitation, confidential handling, psychological and legal assistance) for women who are witnesses or perpetrators of violence, covering women involved in legal processes.",Reference only
JAWA BARAT SUMEDANG,JAWA_BARAT_SUMEDANG.txt,4.3,VAW laws awareness,primary_prevention,Yes,No,1.0,0.0,false_negative,,"While the policy mentions training and socialization/advocacy related to preventing violence against women, the provided sentences do not explicitly indicate education or information specifically about VAW laws or legal/policy provisions.",Reference only
JAWA BARAT SUMEDANG,JAWA_BARAT_SUMEDANG.txt,5.4,Education institutions engagement,stakeholder_engagement,No,Yes,0.0,1.0,false_positive,d. educators and education personnel; and/or,"The policy explicitly includes educators and education personnel among those provided in implementing special protection of children, indicating engagement of the education sector in implementation.",Reference only
JAWA BARAT TASIKMALAYA,JAWA_BARAT_TASIKMALAYA.txt,2.5,Training and capacity building,institutional_mechanism,No,Yes,0.0,1.0,false_positive,"5. Organizing training to increase the capacity of the community in conducting advocacy to law enforcement institutions to make distinctions in handling issues related to ABH;
3. Organizing training to increase capacity for family welfare consultation institutions.
d. availability of trained Human Resources (HR) in the Convention on the Rights of the Child (CRC) and capable of applying children's rights into policies, programs, and activities;","The policy includes provisions for organizing training to increase capacity (including community advocacy capacity and capacity for family welfare consultation institutions) and references the availability of trained human resources, indicating training/capacity-building requirements or support.",Reference only
JAWA BARAT TASIKMALAYA,JAWA_BARAT_TASIKMALAYA.txt,3.8,Religious/spiritual counselling,specialised_support_services,Yes,No,1.0,0.0,false_negative,,"Although the text references a ‘mental and spiritual’ government affairs function and includes religious leaders in some bodies, it does not explicitly provide religious/spiritual counseling or faith-based mentoring as a service for victims.",Reference only
JAWA BARAT TASIKMALAYA,JAWA_BARAT_TASIKMALAYA.txt,3.10,Economic support,specialised_support_services,No,Yes,0.0,1.0,false_positive,The implementation of women's empowerment in the economic field as referred to in Article 3 letter a is carried out through:,"The policy sets out women’s economic empowerment measures, including skills/job training, support for productive economic groups, and capital assistance, which constitute economic support mechanisms relevant to promoting economic security and independence.",Reference only
JAWA BARAT TASIKMALAYA,JAWA_BARAT_TASIKMALAYA.txt,5.6,Media engagement,stakeholder_engagement,No,Yes,0.0,1.0,false_positive,"2) Providing socialization and raising awareness of parents and/or society, the press, educators, government, law enforcement officials regarding the protection of the identity of ABH to avoid negative stigma towards children;","The policy explicitly references the press as a target/participant in socialization and awareness-raising activities, recognizing media as a stakeholder in prevention-related efforts.",Reference only
JAWA BARAT TASIKMALAYA,JAWA_BARAT_TASIKMALAYA.txt,6.10,Refugee/forced displacement,intersectional_approach,No,Yes,0.0,1.0,false_positive,"a. children who become refugees;
2. Making policies on fulfillment of basic needs consisting of food, clothing, housing, education, health, learning and recreation, security guarantees, and equal treatment for children who become refugees, victims of violence, victims of natural disasters and children in armed conflict situations; and
5. Providing a sense of security and protection for children who become refugees, victims of violence, victims of natural disasters and children in armed conflict situations; and",The policy explicitly includes refugees within children in emergency situations and specifies policies for fulfilling basic needs and providing security/protection for children who become refugees.,Reference only
JAWA TENGAH BANYUMAS,JAWA_TENGAH_BANYUMAS.txt,2.3,Data collection systems,institutional_mechanism,No,Yes,0.0,1.0,false_positive,"includes monitoring, documentation and reporting of cases of gender-based violence and violence against children.
b. document and report every case of gender-based violence and violence against children handled to PPT PKBGA.","The policy requires monitoring, documentation, and reporting of cases and assigns LPPTK an obligation to document and report every handled case to PPT PKBGA, establishing responsibilities for case data recording and reporting.",Reference only
JAWA TENGAH BANYUMAS,JAWA_TENGAH_BANYUMAS.txt,4.4,Prevention through education,primary_prevention,No,Yes,0.0,1.0,false_positive,"a. conducting communication, information, and education about gender-based and child violence;","Education is explicitly listed as part of prevention efforts through communication, information, and education about gender-based and child violence, indicating education as a prevention strategy.",Reference only
JAWA TENGAH BANYUMAS,JAWA_TENGAH_BANYUMAS.txt,5.3,Traditional/cultural engagement,stakeholder_engagement,No,Yes,0.0,1.0,false_positive,"d. community leaders;
c. fostering local wisdom in handling gender-based and child violence;","The policy includes community leaders in the membership of LPPTK and also references fostering local wisdom in handling gender-based and child violence, indicating inclusion of community/customary mechanisms and culturally grounded approaches in implementation.",Reference only
JAWA TENGAH BANYUMAS,JAWA_TENGAH_BANYUMAS.txt,6.5,People with disability,intersectional_approach,Yes,No,1.0,0.0,false_negative,,"While the principles include non-discrimination without distinguishing physical or mental condition, the cited text does not establish special/targeted protection measures for women with disabilities or persons with disabilities; it only states a general non-discrimination principle.",Reference only
JAWA TENGAH BANYUMAS,JAWA_TENGAH_BANYUMAS.txt,6.7,Women from minority groups,intersectional_approach,Yes,No,1.0,0.0,false_negative,,"The policy includes a general non-discrimination principle referencing ethnicity, religion, race, culture, and language, but it does not set out special protection measures specifically targeted at minority or isolated women.",Reference only
JAWA TENGAH BLORA,JAWA_TENGAH_BLORA.txt,2.3,Data collection systems,institutional_mechanism,No,Yes,0.0,1.0,false_positive,"a. initial identification or recording of Victims;
d. conducting monitoring and reporting.","The policy includes victim identification/recording as part of complaint services and assigns PPT duties that include monitoring and reporting, which together establish responsibilities for documenting and reporting information related to cases/victims.",Reference only
JAWA TENGAH BLORA,JAWA_TENGAH_BLORA.txt,5.3,Traditional/cultural engagement,stakeholder_engagement,No,Yes,0.0,1.0,false_positive,"2. UPPA at the sub-district level as referred to in paragraph (1) is established by the Sub-district Head by involving community institutions, the Family Welfare Development Mobilization Team at the sub-district level, community leaders and Child representatives.
3. UPPA at the Village/Sub-district level as referred to in paragraph (1) is established by the Village Head/Sub-district Head by involving Village/Sub-district officials, community institutions in the Village/Sub-district, the Family Welfare Development Mobilization Team, community leaders and Child representatives.","The policy requires involvement of community leaders and community institutions in establishing local protection units (UPPA), which constitutes engagement of customary/community leadership and mechanisms in implementation at sub-district and village levels.",Reference only
JAWA TENGAH BLORA,JAWA_TENGAH_BLORA.txt,5.6,Media engagement,stakeholder_engagement,No,Yes,0.0,1.0,false_positive,"Letter d Socialization can be carried out through mass media, electronic media, and direct counseling to the community.","The policy explicitly mentions that socialization/outreach for prevention can be carried out through mass media and electronic media, indicating recognition of media as a channel/stakeholder in prevention efforts.",Reference only
JAWA TENGAH BOYOLALI,JAWA_TENGAH_BOYOLALI.txt,4.2,Gender equality education,primary_prevention,No,Yes,0.0,1.0,false_positive,"a. providing socialization to the Community and business sector regarding policies on the protection and Empowerment of Women;
b. providing books, leaflets, brochures regarding the protection and Empowerment of Women, and other related issues and disseminating them to the Community;","The policy includes primary-prevention-type activities such as socialization to the community and business sector regarding policies on protection and empowerment of women and dissemination of books/leaflets/brochures on protection and empowerment of women, which are educational/awareness-raising activities about women’s rights and related issues.",Reference only
JAWA TENGAH BOYOLALI,JAWA_TENGAH_BOYOLALI.txt,4.3,VAW laws awareness,primary_prevention,Yes,No,1.0,0.0,false_negative,,"While the text mentions providing information and education media regarding prevention of violence against women and socialization about policies on protection and empowerment of women, none of the provided sentences explicitly indicate education/awareness activities specifically about VAW laws and policies (i.e., legal provisions related to VAW).",Reference only
JAWA TENGAH BOYOLALI,JAWA_TENGAH_BOYOLALI.txt,4.4,Prevention through education,primary_prevention,No,Yes,0.0,1.0,false_positive,"b. provision of communication, information, and education media regarding empowerment and prevention of Violence Against Women within the Family, Community, educational institutions, and public spaces.","The policy explicitly links education/communication media to the prevention of violence against women, including within educational institutions and public spaces, indicating education as a strategy for prevention.",Reference only
JAWA TENGAH DEMAK,JAWA_TENGAH_DEMAK.txt,2.3,Data collection systems,institutional_mechanism,No,Yes,0.0,1.0,false_positive,"Monitoring and evaluation as referred to in Article 8 letter f include monitoring, documentation and evaluation of cases of gender-based violence and violence against children.","The policy explicitly includes documentation of cases as part of monitoring and evaluation, which constitutes a requirement to collect/record information on cases of gender-based violence and violence against children.",Reference only
JAWA TENGAH DEMAK,JAWA_TENGAH_DEMAK.txt,2.5,Training and capacity building,institutional_mechanism,No,Yes,0.0,1.0,false_positive,d. increase the capacity of service provider institutions;,"The policy provides authority to the regional government to increase the capacity of service provider institutions, which constitutes an institutional capacity-building provision relevant to implementers/service providers.",Reference only
JAWA TENGAH DEMAK,JAWA_TENGAH_DEMAK.txt,3.3,Reporting/hotline service,specialised_support_services,No,Yes,0.0,1.0,false_positive,e. conveying information to the competent authorities related to cases of gender-based violence and violence against children;,"The policy includes a mechanism for conveying information about cases to competent authorities, which functions as a reporting/complaints pathway, even though no hotline is specified.",Reference only
JAWA TENGAH DEMAK,JAWA_TENGAH_DEMAK.txt,4.4,Prevention through education,primary_prevention,No,Yes,0.0,1.0,false_positive,"a. organizing communication, information, and education about gender-based violence and violence against children; and","Education is explicitly listed as part of the policy’s prevention efforts for gender-based violence and violence against children, indicating education as a strategy to prevent such violence.",Reference only
JAWA TENGAH DEMAK,JAWA_TENGAH_DEMAK.txt,5.3,Traditional/cultural engagement,stakeholder_engagement,No,Yes,0.0,1.0,false_positive,f. cultivating local wisdom in handling gender-based violence and violence against children;,"The policy explicitly references cultivating local wisdom in handling cases, indicating use of customary/community cultural mechanisms within community participation for implementation.",Reference only
JAWA TENGAH DEMAK,JAWA_TENGAH_DEMAK.txt,6.7,Women from minority groups,intersectional_approach,No,Yes,0.0,1.0,false_positive,"In the National Action Plan for the Elimination of Violence Against Women Year 1999 it is stated that Women as mothers of the nation and children as successors of the nation are creatures created by Almighty God, so they must be protected and their honor, dignity, and self-esteem must be safeguarded in a fair and proportional manner, both legally, economically, politically, socially and culturally, without distinguishing ethnicity, religion, race and class in community, national and state life.
letter a What is meant by ""non-discrimination"" is protection for all victims of gender-based violence and children without distinguishing ethnicity, religion, race, class, gender, ethnicity, culture, and language, legal status and physical or mental condition.","The policy frames protection for women without distinguishing ethnicity, religion, race, or class and defines non-discrimination to include ethnicity, religion, race, class, culture, and language, which implicitly covers minority or isolated groups, though it does not create special targeted measures beyond non-discrimination.",Reference only
JAWA TENGAH KARANGANYAR,JAWA_TENGAH_KARANGANYAR.txt,2.5,Training and capacity building,institutional_mechanism,No,Yes,0.0,1.0,false_positive,"1. Social community institutions that participate in the organization of protection for victims of violence as referred to in Article 13 paragraph (2)' shall be given guidance by the Regional Government through Regional Apparatus in accordance with their Main Duties and Functions, (Z) guidance as referred to in paragraph (1), may be in the form of social guidance, skills guidance and operational technical guidance'","The policy provides for guidance by the Regional Government to participating social community institutions, including operational technical guidance and skills guidance, which constitutes capacity building/training-type support for implementing actors.",Reference only
JAWA TENGAH KARANGANYAR,JAWA_TENGAH_KARANGANYAR_v2.txt,2.5,Training and capacity building,institutional_mechanism,No,Yes,0.0,1.0,false_positive,"c. strengthen institutional capacity for Gender mainstreaming for the implementation of policies, programs and activities for women's Protection;","The policy includes a requirement to strengthen institutional capacity (for gender mainstreaming) for implementing women’s protection policies and programs, which constitutes capacity building for implementing institutions/personnel.",Reference only
JAWA TENGAH KARANGANYAR,JAWA_TENGAH_KARANGANYAR_v2.txt,5.8,Private sector engagement,stakeholder_engagement,Yes,No,1.0,0.0,false_negative,,"The text includes sanctions for “entities” and mentions funding from “environmental social responsibility,” but it does not explicitly engage or recognize the business/private sector as a stakeholder in prevention, protection, or service delivery.",Reference only
JAWA TENGAH KARANGANYAR,JAWA_TENGAH_KARANGANYAR_v2.txt,6.1,Women in conflict/disaster areas,intersectional_approach,Yes,No,1.0,0.0,false_negative,,"Although the policy defines discrimination as including a territorial dimension such as disaster and conflict areas, the provided passages do not specify any special protection measures targeted at women in conflict, disaster, emergency, or displacement situations.",Reference only
JAWA TENGAH KEBUMEN,JAWA_TENGAH_KEBUMEN.txt,1.1,Domestic violence,scope_of_violence,Yes,No,1.0,0.0,false_negative,,"The provided passages define violence against women and related forms (physical, psychological, sexual, economic) and discuss services and prevention, but they do not explicitly mention domestic violence or violence within the household/domestic sphere as a specific category.",Reference only
JAWA TENGAH KEBUMEN,JAWA_TENGAH_KEBUMEN.txt,1.10,Technology-facilitated violence,scope_of_violence,No,Yes,0.0,1.0,false_positive,"g. the right to deletion of sexual content for cases of sexual violence using electronic media.
17. Sexual Violence is any act in the form of rape, indecent acts, forced contraception, forced sterilization, sexual torture, sexual exploitation, sexual slavery, electronic-based sexual violence, acts violating decency that are contrary to the victim's will, forced prostitution, criminal acts of trafficking in persons intended for sexual exploitation and other forms of sexual violence that are expressly stated as criminal acts of sexual violence as regulated in the provisions of laws and regulations.",The policy explicitly addresses sexual violence using electronic media (including deletion of sexual content) and includes electronic-based sexual violence within the definition of sexual violence.,Reference only
JAWA TENGAH KEBUMEN,JAWA_TENGAH_KEBUMEN.txt,4.3,VAW laws awareness,primary_prevention,Yes,No,1.0,0.0,false_negative,,"While the policy mentions socialization regarding laws and regulations related to the protection of women's rights, the provided sentences do not explicitly state education or information activities about laws and policies specifically on violence against women (VAW) (as distinct from women's rights generally).",Reference only
JAWA TENGAH KEBUMEN,JAWA_TENGAH_KEBUMEN.txt,5.3,Traditional/cultural engagement,stakeholder_engagement,Yes,No,1.0,0.0,false_negative,,"The candidate sentences mention community leaders and arts/culture-related agencies, but they do not explicitly reference traditional/customary leaders, customary institutions, or customary dispute-resolution mechanisms in implementation, services, coordination, or dispute resolution.",Reference only
JAWA TENGAH KEBUMEN,JAWA_TENGAH_KEBUMEN.txt,6.7,Women from minority groups,intersectional_approach,No,Yes,0.0,1.0,false_positive,k. women in situations of intolerance; and,"The policy explicitly includes “women in situations of intolerance” as a vulnerable women group, which functions as a targeted category for women facing minority-related or intolerance-based vulnerability.",Reference only
JAWA TENGAH KLATEN,JAWA_TENGAH_KLATEN.txt,1.2,Sexual violence,scope_of_violence,Yes,No,1.0,0.0,false_negative,,"The candidate sentences refer generally to being free from coercion and/or violence in sexual life and to preventing acts of violence against women, but they do not explicitly mention sexual violence or clearly define violence in a way that specifically includes sexual violence.",Reference only
JAWA TENGAH KLATEN,JAWA_TENGAH_KLATEN.txt,3.9,Resocialisation services,specialised_support_services,Yes,No,1.0,0.0,false_negative,,"Although the text defines a rehabilitative approach in the health context, it does not establish a specific service unit providing resocialisation/rehabilitation/reintegration services for victims of violence.",Reference only
JAWA TENGAH KLATEN,JAWA_TENGAH_KLATEN.txt,4.2,Gender equality education,primary_prevention,No,Yes,0.0,1.0,false_positive,"2. Women's empowerment as referred to in paragraph (1) is directed to obtain opportunities and their rights as human beings so that they are able to play a role and participate in educational, health, employment, economic, social security and political and governmental activities in order to enjoy the results of development.
3. The Regional Government and/or Political Parties are responsible for providing political education for women.","The policy frames women’s empowerment as ensuring women obtain opportunities and their rights as human beings, and it explicitly assigns responsibility for providing political education for women—both of which constitute educational/awareness activities related to women’s rights and equal participation.",Reference only
JAWA TENGAH KLATEN,JAWA_TENGAH_KLATEN.txt,4.4,Prevention through education,primary_prevention,No,Yes,0.0,1.0,false_positive,"The Regional Government is responsible for preventing acts of violence against women by:
c. Providing education on the dangers of domestic violence;","The policy explicitly links prevention of violence against women to educational action by requiring the Regional Government to prevent such violence through, among other steps, providing education on the dangers of domestic violence.",Reference only
JAWA TENGAH KUDUS,JAWA_TENGAH_KUDUS.txt,2.3,Data collection systems,institutional_mechanism,No,Yes,0.0,1.0,false_positive,"Monitoring and reporting as referred to in Article 7 paragraph (3) letter f shall be conducted on all aspects of integrated service activities in the form of supervision, documentation and evaluation of cases of gender-based violence and violence against children.","The policy requires monitoring and reporting that includes documentation and evaluation of cases of gender-based violence and violence against children, which constitutes a mandated system for recording/maintaining case information.",Reference only
JAWA TENGAH KUDUS,JAWA_TENGAH_KUDUS.txt,3.3,Reporting/hotline service,specialised_support_services,No,Yes,0.0,1.0,false_positive,conveying information to the competent authorities related to cases of gender-based violence and violence against children.,The policy provides a mechanism for reporting by enabling community participation through conveying information to competent authorities regarding cases of gender-based violence and violence against children.,Reference only
JAWA TENGAH KUDUS,JAWA_TENGAH_KUDUS.txt,4.4,Prevention through education,primary_prevention,No,Yes,0.0,1.0,false_positive,"conducting communication, information, and education about gender-based violence and violence against children; andb.","Education is explicitly identified as part of prevention efforts through communication, information, and education about gender-based violence and violence against children.",Reference only
JAWA TENGAH KUDUS,JAWA_TENGAH_KUDUS.txt,5.4,Education institutions engagement,stakeholder_engagement,No,Yes,0.0,1.0,false_positive,"preparing families and communities, economic empowerment, and return to school and/or other educational institutions.","The policy includes support for victims’ return to school and/or other educational institutions as part of recovery and social reintegration, indicating engagement with the education sector in implementation.",Reference only
JAWA TENGAH KUDUS,JAWA_TENGAH_KUDUS.txt,6.5,People with disability,intersectional_approach,Yes,No,1.0,0.0,false_negative,,"While the non-discrimination principle mentions not distinguishing based on physical or mental condition, the excerpts do not establish special protection measures targeted at women with disabilities or persons with disabilities; they only state a general non-discrimination approach.",Reference only
JAWA TENGAH KUDUS,JAWA_TENGAH_KUDUS.txt,6.7,Women from minority groups,intersectional_approach,Yes,No,1.0,0.0,false_negative,,"The policy includes a general non-discrimination principle referencing ethnicity, religion, race, culture, and language, but it does not set out special protection measures specifically targeted at minority or isolated women.",Reference only
JAWA TENGAH MAGELANG,JAWA_TENGAH_MAGELANG.txt,1.5,Economic violence,scope_of_violence,Yes,No,1.0,0.0,false_negative,,"While the text mentions exploitation and notes that victims may experience economic loss, it does not explicitly define or identify economic violence/economic exploitation/domestic neglect as a form of violence against women (as a violence category), nor does it clearly frame economic abuse/neglect as violence against women.",Reference only
JAWA TENGAH MAGELANG KOTA,JAWA_TENGAH_MAGELANG_KOTA.txt,2.3,Data collection systems,institutional_mechanism,No,Yes,0.0,1.0,false_positive,"Monitoring and reporting as referred to in Article 12 letter f, includes monitoring, documentation, and reporting of cases of violence against women and children.","The policy explicitly includes monitoring, documentation, and reporting of cases of violence against women and children as part of monitoring and reporting, which constitutes a required system/function for recording and reporting case data.",Reference only
JAWA TENGAH MAGELANG KOTA,JAWA_TENGAH_MAGELANG_KOTA.txt,5.3,Traditional/cultural engagement,stakeholder_engagement,No,Yes,0.0,1.0,false_positive,c. fostering local wisdom in handling women and children victims of violence;,"The policy references fostering local wisdom in handling women and children victims of violence as part of increasing community participation, which indicates incorporation of cultural/customary mechanisms in implementation even if specific traditional leaders are not named.",Reference only
JAWA TENGAH PATI,JAWA_TENGAH_PATI.txt,2.5,Training and capacity building,institutional_mechanism,No,Yes,0.0,1.0,false_positive,"a. conducting communication, information, education and increasing capacity building on gender-based violence and violence against children; and
d. increase the capacity of service provider institutions;","The policy includes prevention efforts that involve capacity building and gives the Regional Government authority to increase the capacity of service provider institutions, which constitutes training/capacity-building provisions for implementation actors.",Reference only
JAWA TENGAH PATI,JAWA_TENGAH_PATI.txt,3.3,Reporting/hotline service,specialised_support_services,No,Yes,0.0,1.0,false_positive,d. conveying information to the competent authorities related to cases of gender-based violence and violence against children.,"The policy includes a mechanism for conveying information to competent authorities related to cases of gender-based violence and violence against children, which constitutes a reporting/complaint channel (even if not specified as a hotline).",Reference only
JAWA TENGAH PATI,JAWA_TENGAH_PATI.txt,4.4,Prevention through education,primary_prevention,No,Yes,0.0,1.0,false_positive,"a. conducting communication, information, education and increasing capacity building on gender-based violence and violence against children; and","Education is explicitly listed as part of prevention efforts, through communication, information, and education activities on gender-based violence and violence against children.",Reference only
JAWA TENGAH PATI,JAWA_TENGAH_PATI.txt,6.5,People with disability,intersectional_approach,Yes,No,1.0,0.0,false_negative,,"The cited text references children with disabilities in a list of children needing special protection, but does not provide special protection measures targeted at women with disabilities or people with disabilities as a group within this regulation’s operative provisions.",Reference only
JAWA TENGAH PEKALONGAN,JAWA_TENGAH_PEKALONGAN.txt,5.4,Education institutions engagement,stakeholder_engagement,No,Yes,0.0,1.0,false_positive,"b. facilitating the reintegration process of victims of violence to family, guardians, substitute families, community, educational institutions or social institutions;","The policy explicitly references educational institutions as part of reintegration, requiring facilitation of victims’ reintegration to family/community/educational institutions, which indicates engagement of the education sector in service-related reintegration processes.",Reference only
JAWA TENGAH PEKALONGAN,JAWA_TENGAH_PEKALONGAN.txt,6.5,People with disability,intersectional_approach,Yes,No,1.0,0.0,false_negative,,"The text includes a general non-discrimination principle referencing physical or mental condition, but it does not set out special protection measures targeted at women with disabilities or persons with disabilities.",Reference only
JAWA TENGAH PEKALONGAN,JAWA_TENGAH_PEKALONGAN.txt,6.7,Women from minority groups,intersectional_approach,Yes,No,1.0,0.0,false_negative,,"The non-discrimination clause lists protected characteristics (e.g., ethnicity, religion, race, culture, language), but there are no special protection measures specifically targeted at women from minority or isolated groups.",Reference only
JAWA TENGAH PEKALONGAN KOTA,JAWA_TENGAH_PEKALONGAN_KOTA.txt,3.2,Police specialised service unit,specialised_support_services,Yes,No,1.0,0.0,false_negative,,"The text mentions coordination/networking with an RPK Unit at the Police, but it does not explicitly establish or confirm a specialised service unit for VAW within police offices as part of this policy.",Reference only
JAWA TENGAH PEKALONGAN KOTA,JAWA_TENGAH_PEKALONGAN_KOTA.txt,5.3,Traditional/cultural engagement,stakeholder_engagement,No,Yes,0.0,1.0,false_positive,f. fostering local wisdom with the principles of non-discrimination and the best interests of victims in handling gender-based violence and children;,"The policy includes community participation through fostering local wisdom in handling cases, which constitutes engagement with customary/community cultural mechanisms in implementation.",Reference only
JAWA TENGAH PEKALONGAN KOTA,JAWA_TENGAH_PEKALONGAN_KOTA.txt,6.8,Women in legal process,intersectional_approach,No,Yes,0.0,1.0,false_positive,"The forms of services and assistance organized by LP-PAR are also provided to women in conflict with the law.
In addition, in the context of empowerment and protection of women, there needs to be legal, psychological, social and economic assistance when women are faced with legal processes.","The policy explicitly states that LP-PAR services and assistance are also provided to women in conflict with the law and notes the need for legal, psychological, social, and economic assistance when women face legal processes.",Reference only
JAWA TENGAH PURBALINGGA,JAWA_TENGAH_PURBALINGGA.txt,2.3,Data collection systems,institutional_mechanism,No,Yes,0.0,1.0,false_positive,"Monitoring and Reporting as referred to in Article 9 letter i constitute activities that include monitoring, documenting and reporting cases of gender-based violence and children.
document and report every case of gender-based violence and children that it handles to PPT PKBGA.","The policy defines monitoring and reporting to include documenting and reporting cases, and assigns UPPTK an obligation to document and report every case it handles to the integrated service center, establishing responsibilities for case data documentation/reporting.",Reference only
JAWA TENGAH PURBALINGGA,JAWA_TENGAH_PURBALINGGA.txt,4.4,Prevention through education,primary_prevention,No,Yes,0.0,1.0,false_positive,"Prevention Efforts as referred to in Article 9 letter a include: organizing communication, information, and education about gender-based violence and children;","Education is explicitly listed as part of prevention efforts through organizing communication, information, and education about gender-based violence and children, indicating education as a strategy to prevent such violence.",Reference only
JAWA TENGAH PURBALINGGA,JAWA_TENGAH_PURBALINGGA.txt,6.5,People with disability,intersectional_approach,Yes,No,1.0,0.0,false_negative,,"The policy includes a non-discrimination principle that references physical or mental condition, but the criterion asks for special protection measures targeted at women with disabilities/people with disabilities; no cited sentence specifies disability-targeted measures or services.",Reference only
JAWA TENGAH PURBALINGGA,JAWA_TENGAH_PURBALINGGA.txt,6.7,Women from minority groups,intersectional_approach,Yes,No,1.0,0.0,false_negative,,"The policy states a general non-discrimination principle across ethnicity, religion, race, culture, language, etc., but does not set out special protection measures specifically targeted at minority or isolated women.",Reference only
JAWA TENGAH PURWOREJO,JAWA_TENGAH_PURWOREJO.txt,1.5,Economic violence,scope_of_violence,Yes,No,1.0,0.0,false_negative,,"While the policy mentions women suffering economic losses and defines exploitation broadly, it does not explicitly frame economic violence/economic exploitation/domestic neglect as a form of violence against women (the violence clause lists physical, psychological, and sexual violence). References to property protection and living needs do not explicitly establish economic violence as a violence type.",Reference only
JAWA TENGAH SALATIGA KOTA,JAWA_TENGAH_SALATIGA_KOTA.txt,2.3,Data collection systems,institutional_mechanism,No,Yes,0.0,1.0,false_positive,"Monitoring and reporting as referred to in Article 10 letter f includes monitoring, documentation, and reporting on the handling and resolution of cases of Gender-Based Violence and Children.","The policy explicitly includes monitoring, documentation, and reporting on the handling and resolution of cases, which constitutes a requirement for collecting/recording and reporting case information.",Reference only
JAWA TENGAH SALATIGA KOTA,JAWA_TENGAH_SALATIGA_KOTA.txt,5.3,Traditional/cultural engagement,stakeholder_engagement,No,Yes,0.0,1.0,false_positive,c. fostering local wisdom in handling Victims of Gender-Based Violence and Children;,"The policy references fostering local wisdom in handling victims, indicating inclusion of customary/cultural mechanisms within community participation and implementation.",Reference only
JAWA TENGAH SALATIGA KOTA,JAWA_TENGAH_SALATIGA_KOTA.txt,5.4,Education institutions engagement,stakeholder_engagement,No,Yes,0.0,1.0,false_positive,"Human resources as referred to in Article 18 letter a may come from civil servants, academics, practitioners, and professionals.","The policy explicitly allows human resources for implementation to come from academics, which directly involves the education sector in implementation/capacity.",Reference only
JAWA TENGAH SALATIGA KOTA,JAWA_TENGAH_SALATIGA_KOTA.txt,6.5,People with disability,intersectional_approach,Yes,No,1.0,0.0,false_negative,,"While the non-discrimination definition references “physical and mental condition,” the cited sentences do not establish special protection measures targeted at people with disabilities or women with disabilities; they only state non-discrimination and general victim services.",Reference only
JAWA TENGAH SALATIGA KOTA,JAWA_TENGAH_SALATIGA_KOTA.txt,6.7,Women from minority groups,intersectional_approach,Yes,No,1.0,0.0,false_negative,,"The non-discrimination clause lists protected characteristics (e.g., ethnicity, religion, race, culture, language), but there are no special protection measures specifically targeted at women from minority or isolated groups—only general non-discrimination and general services.",Reference only
JAWA TENGAH SEMARANG,JAWA_TENGAH_SEMARANG.txt,1.2,Sexual violence,scope_of_violence,Yes,No,1.0,0.0,false_negative,,"The provided sentences discuss violence against women in general and related services, but do not explicitly mention sexual violence or clearly define violence to include sexual violence.",Reference only
JAWA TENGAH SEMARANG,JAWA_TENGAH_SEMARANG.txt,1.3,Physical violence,scope_of_violence,Yes,No,1.0,0.0,false_negative,,"The candidate sentences refer to ""violence"" broadly and to services for victims, but do not explicitly mention physical violence or specify physical harm as a category.",Reference only
JAWA TENGAH SEMARANG,JAWA_TENGAH_SEMARANG.txt,1.9,Sexual slavery/exploitation,scope_of_violence,Yes,No,1.0,0.0,false_negative,,"While the text discusses commercial sex workers and trafficking prevention, it does not explicitly mention sexual exploitation or sexual slavery as such.",Reference only
JAWA TENGAH SEMARANG,JAWA_TENGAH_SEMARANG.txt,3.3,Reporting/hotline service,specialised_support_services,Yes,No,1.0,0.0,false_negative,,"The candidate sentences describe protection measures (legal aid, assistance, rehabilitation, health services) and integrated service facilities, but do not specify any mechanism/service for receiving reports or complaints (e.g., hotline, complaint desk, reporting channel).",Reference only
JAWA TENGAH SEMARANG,JAWA_TENGAH_SEMARANG.txt,3.10,Economic support,specialised_support_services,Yes,No,1.0,0.0,false_negative,,"The provided sentences discuss economic empowerment generally (e.g., skills/job training, capital assistance) and economic protection for certain groups, but they do not explicitly link economic empowerment/support measures to women victims of violence specifically.",Reference only
JAWA TENGAH SEMARANG,JAWA_TENGAH_SEMARANG.txt,4.2,Gender equality education,primary_prevention,No,Yes,0.0,1.0,false_positive,"providing outreach/dissemination to the community and business sector regarding women's empowerment and protection policies;
b. providing books, leaflets, brochures regarding women's empowerment and protection, and other related issues and disseminating them to the community;","The policy provides for outreach/dissemination and informational materials (books/leaflets/brochures) to the community on women’s empowerment and protection policies, which are directly tied to women’s rights and gender equality objectives.",Reference only
JAWA TENGAH SEMARANG,JAWA_TENGAH_SEMARANG.txt,4.3,VAW laws awareness,primary_prevention,Yes,No,1.0,0.0,false_negative,,"While the policy mentions increasing legal awareness through communication/information/education and disseminating materials about women’s empowerment and protection policies, the provided sentences do not explicitly indicate education or information activities specifically about VAW laws and policies (as distinct from general legal empowerment or protection services).",Reference only
JAWA TENGAH SEMARANG,JAWA_TENGAH_SEMARANG.txt,6.2,Women victims of trafficking,intersectional_approach,Yes,No,1.0,0.0,false_negative,,"The candidate sentences mention preventing human trafficking and services to prevent trafficking, but they do not explicitly include women victims of trafficking/trafficking in persons as a protected target group within the policy’s scope.",Reference only
JAWA TENGAH SEMARANG,JAWA_TENGAH_SEMARANG.txt,6.8,Women in legal process,intersectional_approach,No,Yes,0.0,1.0,false_positive,"4. Legal protection as referred to in paragraph (1) letter c shall be implemented in terms of providing protection to women who are witnesses and victims of violence and discrimination.
Witnesses and victims will receive legal protection.","The policy provides legal protection for women who are witnesses and victims, including in the context of criminal justice processes (investigation, prosecution, and court examination).",Reference only
JAWA TENGAH SEMARANG,JAWA_TENGAH_SEMARANG.txt,7.3,International donors,budget_funding_sources,No,Yes,0.0,1.0,false_positive,"f. coordinating the participation of the business sector and other institutions, including international assistance for women's empowerment and protection; dang.","The policy explicitly mentions coordinating participation of institutions including international assistance for women's empowerment and protection, indicating international support is contemplated.",Reference only
JAWA TENGAH SEMARANG KOTA,JAWA_TENGAH_SEMARANG_KOTA.txt,4.3,VAW laws awareness,primary_prevention,No,Yes,0.0,1.0,false_positive,"e. Disseminating information about laws and regulations related to acts of violence against women and children.
3) conducting socialization of laws and regulations related to the implementation of protection of women and children victims of violence;","The policy includes primary-prevention-oriented dissemination/socialization of laws and regulations related to violence against women and children, indicating activities to raise awareness of relevant legal frameworks.",Reference only
JAWA TENGAH SEMARANG KOTA,JAWA_TENGAH_SEMARANG_KOTA.txt,5.3,Traditional/cultural engagement,stakeholder_engagement,No,Yes,0.0,1.0,false_positive,c. Fostering local wisdom in handling cases of violence;,"The policy explicitly references fostering local wisdom in handling cases of violence, which indicates use of customary/community mechanisms in implementation/handling.",Reference only
JAWA TENGAH SEMARANG KOTA,JAWA_TENGAH_SEMARANG_KOTA.txt,5.5,International organisations engagement,stakeholder_engagement,Yes,No,1.0,0.0,false_negative,,"The candidate sentences mention international community concern and allow non-binding foreign assistance as a financing source, but they do not explicitly describe engagement/collaboration with international organizations for service delivery or prevention activities.",Reference only
JAWA TENGAH SEMARANG KOTA,JAWA_TENGAH_SEMARANG_KOTA.txt,6.8,Women in legal process,intersectional_approach,No,Yes,0.0,1.0,false_positive,"b. Providing legal information to victims;
c. Providing assistance for victims as witnesses from the investigation process to the verdict;
h. Right of victims and their families to obtain facilities in the judicial process;","The policy explicitly provides legal-process-related services for victims, including legal information and assistance for victims as witnesses from investigation through verdict, and recognizes victims’ right to obtain facilities in the judicial process.",Reference only
JAWA TENGAH SEMARANG KOTA,JAWA_TENGAH_SEMARANG_KOTA_v2.txt,1.1,Domestic violence,scope_of_violence,Yes,No,1.0,0.0,false_negative,,"The provided sentences define and address “Violence Against Women” generally (including private and public spheres) and outline prevention and services, but they do not explicitly mention domestic violence or violence within the household as a distinct category.",Reference only
JAWA TENGAH SEMARANG KOTA,JAWA_TENGAH_SEMARANG_KOTA_v2.txt,4.2,Gender equality education,primary_prevention,No,Yes,0.0,1.0,false_positive,"c. development of communication, information, and education strategies on the protection of women's rights at the Regional level;
i. conducting socialization in order to increase awareness of women's rights and women's participation in politics; and","The text includes educational/communication strategies specifically tied to protection of women's rights and also calls for socialization to increase awareness of women's rights and participation, which constitutes primary prevention education/awareness raising about women's rights.",Reference only
JAWA TENGAH SEMARANG KOTA,JAWA_TENGAH_SEMARANG_KOTA_v2.txt,5.5,International organisations engagement,stakeholder_engagement,No,Yes,0.0,1.0,false_positive,"e. coordinating the participation of the business sector and other institutions, and international assistance for Women's Empowerment and Protection; and","The policy explicitly mentions coordinating international assistance for Women's Empowerment and Protection, indicating engagement with international support in implementation.",Reference only
JAWA TENGAH SEMARANG KOTA,JAWA_TENGAH_SEMARANG_KOTA_v2.txt,6.7,Women from minority groups,intersectional_approach,No,Yes,0.0,1.0,false_positive,"f. indigenous women;
j. women in situations of intolerance;","The policy includes indigenous women and women in situations of intolerance as vulnerable groups eligible for women’s protection, which constitutes targeted attention to minority/isolated or marginalized groups.",Reference only
JAWA TENGAH SEMARANG KOTA,JAWA_TENGAH_SEMARANG_KOTA_v2.txt,6.8,Women in legal process,intersectional_approach,No,Yes,0.0,1.0,false_positive,"monitoring the fulfillment of the rights of victims of violence by law enforcement officials during the judicial process.
h. the right of victims and their families to obtain facilities in the judicial process;","The policy provides for monitoring fulfillment of victims’ rights by law enforcement during the judicial process and recognizes rights related to obtaining facilities in the judicial process, indicating services/protection connected to legal proceedings (at least for victims/witnesses).",Reference only
JAWA TENGAH SEMARANG KOTA,JAWA_TENGAH_SEMARANG_KOTA_v2.txt,7.3,International donors,budget_funding_sources,No,Yes,0.0,1.0,false_positive,"e. coordinating the participation of the business sector and other institutions, and international assistance for Women's Empowerment and Protection; and","The policy explicitly references coordinating international assistance for Women's Empowerment and Protection, indicating international support as part of implementation.",Reference only
JAWA TENGAH SUKOHARJO,JAWA_TENGAH_SUKOHARJO.txt,1.8,Human trafficking,scope_of_violence,No,Yes,0.0,1.0,false_positive,"14. Law Number 21 of 2007 concerning the Eradication of the Criminal Act of Trafficking in Persons (State Gazette of the Republic of Indonesia of 2007 Number 58, Supplement to the State Gazette of the Republic of Indonesia Number 4720);","The policy text references the law on eradication of trafficking in persons, indicating trafficking is included/recognized within the policy context.",Reference only
JAWA TENGAH SUKOHARJO,JAWA_TENGAH_SUKOHARJO.txt,1.9,Sexual slavery/exploitation,scope_of_violence,Yes,No,1.0,0.0,false_negative,,"The provided sentences define sexual violence and other forms of violence but do not explicitly mention sexual exploitation or sexual slavery, nor do they clearly cover these concepts as distinct categories.",Reference only
JAWA TENGAH SUKOHARJO,JAWA_TENGAH_SUKOHARJO.txt,2.3,Data collection systems,institutional_mechanism,No,Yes,0.0,1.0,false_positive,"Monitoring and reporting as referred to in Article 8 letter f includes monitoring, documentation and evaluation of cases of gender-based violence and violence against children.","The policy provides for monitoring and reporting that includes monitoring, documentation, and evaluation of cases of gender-based violence and violence against children, which constitutes a requirement to document and manage case information.",Reference only
JAWA TENGAH SUKOHARJO,JAWA_TENGAH_SUKOHARJO.txt,2.5,Training and capacity building,institutional_mechanism,No,Yes,0.0,1.0,false_positive,d. increase the capacity of service provider institutions;,"The policy grants the Regional Government authority to increase the capacity of service provider institutions, which constitutes an institutional capacity-building provision for entities involved in implementation.",Reference only
JAWA TENGAH SUKOHARJO,JAWA_TENGAH_SUKOHARJO.txt,3.3,Reporting/hotline service,specialised_support_services,Yes,No,1.0,0.0,false_negative,,"The excerpts mention monitoring and reporting (as functions of integrated services and intergovernmental cooperation) and community conveying information to authorized officials, but they do not explicitly establish a mechanism/service for receiving reports or complaints from victims (e.g., complaint desk, hotline, intake mechanism).",Reference only
JAWA TENGAH SUKOHARJO,JAWA_TENGAH_SUKOHARJO.txt,4.4,Prevention through education,primary_prevention,No,Yes,0.0,1.0,false_positive,"a. organizing communication, information, and education about gender-based violence and violence against children; and","The policy explicitly frames education (alongside communication and information) about gender-based violence and violence against children as part of prevention efforts, indicating education as a prevention strategy.",Reference only
JAWA TENGAH SUKOHARJO,JAWA_TENGAH_SUKOHARJO.txt,5.3,Traditional/cultural engagement,stakeholder_engagement,No,Yes,0.0,1.0,false_positive,f. cultivating local wisdom in handling gender-based violence and violence against children;,"The policy references cultivating local wisdom in handling cases, which indicates incorporation of customary/cultural mechanisms within community participation for addressing gender-based violence and violence against children.",Reference only
JAWA TENGAH SUKOHARJO,JAWA_TENGAH_SUKOHARJO.txt,5.4,Education institutions engagement,stakeholder_engagement,No,Yes,0.0,1.0,false_positive,"g. preparing families and communities, economic empowerment, and return to school and/or other educational institutions.","The policy includes returning victims to school and/or other educational institutions as part of recovery and social reintegration, indicating engagement of the education sector in implementation.",Reference only
JAWA TENGAH SURAKARTA KOTA,JAWA_TENGAH_SURAKARTA_KOTA.txt,1.1,Domestic violence,scope_of_violence,Yes,No,1.0,0.0,false_negative,,"The provided sentences define and list forms of violence against women (physical, psychological, sexual, economic, exploitation, and online gender-based violence) and include definitions of family/household, but they do not explicitly mention domestic violence or violence within the household/domestic sphere as a distinct category.",Reference only
JAWA TENGAH SURAKARTA KOTA,JAWA_TENGAH_SURAKARTA_KOTA.txt,2.3,Data collection systems,institutional_mechanism,Yes,No,1.0,0.0,false_negative,,"While the text mentions monitoring and reporting generally, none of the provided sentences explicitly establish or assign responsibility for a data system/entity to collect, document, manage, compile, exchange, or maintain data on violence against women, victims, or cases.",Reference only
JAWA TENGAH SURAKARTA KOTA,JAWA_TENGAH_SURAKARTA_KOTA.txt,3.8,Religious/spiritual counselling,specialised_support_services,Yes,No,1.0,0.0,false_negative,,"The candidate sentences mention coordination/cooperation with religious institutions or ministries of religion, but do not specify religious/spiritual counselling or faith-based guidance as a service for victims.",Reference only
JAWA TENGAH SURAKARTA KOTA,JAWA_TENGAH_SURAKARTA_KOTA.txt,4.2,Gender equality education,primary_prevention,No,Yes,0.0,1.0,false_positive,b. conducting socialization regarding laws and regulations related to the protection of women's rights;,"The policy specifies primary prevention via socialization about laws and regulations related to the protection of women's rights, which constitutes education/awareness activities focused on women's rights.",Reference only
JAWA TENGAH SURAKARTA KOTA,JAWA_TENGAH_SURAKARTA_KOTA.txt,5.3,Traditional/cultural engagement,stakeholder_engagement,Yes,No,1.0,0.0,false_negative,,"While the text mentions “community leaders” and the culture sector, it does not explicitly reference traditional/customary/cultural leaders or customary institutions/mechanisms for prevention, services, coordination, or dispute resolution.",Reference only
JAWA TENGAH TEMANGGUNG,JAWA_TENGAH_TEMANGGUNG.txt,1.9,Sexual slavery/exploitation,scope_of_violence,Yes,No,1.0,0.0,false_negative,,"While sexual violence is defined (including forced intercourse for commercial purposes), the provided sentences do not explicitly refer to sexual exploitation or sexual slavery as such.",Reference only
JAWA TENGAH TEMANGGUNG,JAWA_TENGAH_TEMANGGUNG.txt,4.2,Gender equality education,primary_prevention,No,Yes,0.0,1.0,false_positive,b. conducting socialization of women's rights;,"The policy includes primary prevention through socialization specifically on women’s rights, which is an educational/awareness-raising activity aligned with gender equality and women’s rights.",Reference only
JAWA TENGAH TEMANGGUNG,JAWA_TENGAH_TEMANGGUNG.txt,7.1,Local government budget,budget_funding_sources,Yes,No,1.0,0.0,false_negative,,"The retrieved sentences mention that the regulation’s scope includes “funding” and refer generally to integrating gender-responsive budgets, but they do not explicitly identify the local/regional government budget (e.g., APBD) as a funding source.",Reference only
JAWA TENGAH TEMANGGUNG,JAWA_TENGAH_TEMANGGUNG.txt,7.2,National government budget,budget_funding_sources,Yes,No,1.0,0.0,false_negative,,"None of the candidate sentences explicitly mention the national government budget (e.g., APBN) or identify it as a funding source; most entries are definitions or “sufficiently clear” placeholders without budget-source detail.",Reference only
JAWA TENGAH TEMANGGUNG,JAWA_TENGAH_TEMANGGUNG.txt,7.4,Other legal sources,budget_funding_sources,Yes,No,1.0,0.0,false_negative,,"Although the text lists many laws/regulations and notes cooperation with community institutions, it does not specify any “other legal sources” as concrete funding/budget sources (e.g., grants, private/CSR, earmarked funds) for implementation.",Reference only
JAWA TENGAH WONOGIRI,JAWA_TENGAH_WONOGIRI.txt,2.3,Data collection systems,institutional_mechanism,No,Yes,0.0,1.0,false_positive,"Monitoring and Reporting as referred to in Article 10, includes monitoring, documentation and reporting of cases of gender-based violence and violence against children.","The policy explicitly provides for monitoring, documentation, and reporting of cases of gender-based violence and violence against children, which constitutes a requirement for collecting/recording and reporting case information.",Reference only
JAWA TENGAH WONOGIRI,JAWA_TENGAH_WONOGIRI.txt,2.5,Training and capacity building,institutional_mechanism,No,Yes,0.0,1.0,false_positive,"5. Guidance as referred to in paragraph (4) may be in the form of counseling guidance, skills guidance, paralegal training and operational technical guidance.
d. increase the capacity of service provider institutions;","The policy provides for guidance that may include paralegal training and operational technical guidance, and it also authorizes the Regional Government to increase the capacity of service provider institutions—both indicating training/capacity-building provisions.",Reference only
JAWA TENGAH WONOGIRI,JAWA_TENGAH_WONOGIRI.txt,4.4,Prevention through education,primary_prevention,No,Yes,0.0,1.0,false_positive,"a. organizing communication, information, and education about gender-based violence and violence against children;","Education is explicitly listed as part of prevention efforts through organizing communication, information, and education about gender-based violence and violence against children.",Reference only
JAWA TENGAH WONOGIRI,JAWA_TENGAH_WONOGIRI.txt,5.3,Traditional/cultural engagement,stakeholder_engagement,No,Yes,0.0,1.0,false_positive,c. fostering local wisdom in handling gender-based violence and violence against children;,"The policy explicitly references fostering local wisdom in handling gender-based violence and violence against children, indicating engagement with customary/community cultural mechanisms in implementation.",Reference only
JAWA TENGAH WONOGIRI,JAWA_TENGAH_WONOGIRI.txt,5.4,Education institutions engagement,stakeholder_engagement,No,Yes,0.0,1.0,false_positive,"f. preparing families and communities, economic empowerment, and returning to school and/or other educational institutions.","The policy explicitly mentions returning victims to school and/or other educational institutions as part of recovery and social reintegration, indicating engagement with the education sector in service pathways.",Reference only
JAWA TENGAH WONOGIRI,JAWA_TENGAH_WONOGIRI.txt,5.6,Media engagement,stakeholder_engagement,No,Yes,0.0,1.0,false_positive,"These factors include, among others, legal instruments that have not been able to provide protection to victims, the concept that women and children are family property (assets), media that do not adequately support reporting on violence against women and children, suboptimal public services, customs that sometimes legalize violence, poverty issues, erroneous interpretation of religious teachings, all of which are wrapped in a patriarchal culture.","The policy text explicitly references the media in discussing factors affecting reporting/support related to violence, indicating recognition of media as a relevant stakeholder (even if framed as currently inadequate).",Reference only
JAWA TENGAH WONOGIRI,JAWA_TENGAH_WONOGIRI.txt,6.2,Women victims of trafficking,intersectional_approach,Yes,No,1.0,0.0,false_negative,,"While the text references trafficking in the general background section and cites national trafficking-related laws, the operative scope and protection provisions shown focus on gender-based violence within household/community contexts and do not explicitly include women victims of trafficking in persons as a covered target group within the policy’s scope.",Reference only
JAWA TENGAH WONOSOBO,JAWA_TENGAH_WONOSOBO.txt,2.5,Training and capacity building,institutional_mechanism,No,Yes,0.0,1.0,false_positive,"e. development of institutional capacity and social resources in accordance with the development of science and technology;
The Regional Government shall provide guidance for social protection and social welfare administration for women and children, including:","The policy includes development of institutional capacity and social resources as part of the Regional Government’s responsibilities and mandates government guidance functions, which together indicate provision for capacity building/technical guidance for implementation actors.",Reference only
JAWA TENGAH WONOSOBO,JAWA_TENGAH_WONOSOBO.txt,3.3,Reporting/hotline service,specialised_support_services,No,Yes,0.0,1.0,false_positive,"a. receive, seek, collect and examine information or reports concerning criminal acts;","The text explicitly authorizes investigators to receive reports concerning criminal acts, which constitutes a mechanism for receiving reports/complaints (even though it is not framed as a hotline).",Reference only
JAWA TENGAH WONOSOBO,JAWA_TENGAH_WONOSOBO.txt,5.4,Education institutions engagement,stakeholder_engagement,No,Yes,0.0,1.0,false_positive,b. social work educational institutions; and,"The policy explicitly references educational institutions (social work educational institutions) as included within professional organizations involved in social protection and social welfare administration, indicating engagement of the education sector.",Reference only
JAWA TENGAH WONOSOBO,JAWA_TENGAH_WONOSOBO.txt,6.3,Women workers,intersectional_approach,No,Yes,0.0,1.0,false_positive,"Every Woman has the right to obtain social protection in the form of equal treatment and opportunity in education and training, employment, and protection of safety and/or health relating to women's reproductive function in accordance with norms of decent living and livelihood.
Every institution, both government and private, that organizes public services or employs women must provide adequate facilities for the interests of women.",The policy explicitly addresses women in employment by recognizing women’s rights to protection related to employment and requiring institutions that employ women to provide adequate facilities for women’s interests.,Reference only
JAWA TENGAH WONOSOBO,JAWA_TENGAH_WONOSOBO.txt,7.1,Local government budget,budget_funding_sources,No,Yes,0.0,1.0,false_positive,What is meant by facilities and infrastructure in this regulation is all facilities funded and obtained from the Regional Budget and/or State Budget to support social welfare functions.,"The policy defines facilities and infrastructure as those funded and obtained from the Regional Budget (a local government budget) and/or the State Budget, explicitly indicating the Regional Budget as a funding source.",Reference only
JAWA TENGAH WONOSOBO,JAWA_TENGAH_WONOSOBO.txt,7.2,National government budget,budget_funding_sources,No,Yes,0.0,1.0,false_positive,What is meant by facilities and infrastructure in this regulation is all facilities funded and obtained from the Regional Budget and/or State Budget to support social welfare functions.,"The policy explicitly references the State Budget as a source of funding for facilities and infrastructure, which corresponds to the national government budget.",Reference only
JAWA TIMUR BANGKALAN,JAWA_TIMUR_BANGKALAN.txt,1.9,Sexual slavery/exploitation,scope_of_violence,Yes,No,1.0,0.0,false_negative,,"While sexual violence is defined, the provided sentences do not explicitly address sexual exploitation or sexual slavery as distinct concepts or forms of violence.",Reference only
JAWA TIMUR BANGKALAN,JAWA_TIMUR_BANGKALAN.txt,4.4,Prevention through education,primary_prevention,No,Yes,0.0,1.0,false_positive,b. conducting education on anti-violence values against women and children;,"Education is explicitly listed as a form of effort to prevent the occurrence of violence, through conducting education on anti-violence values against women and children.",Reference only
JAWA TIMUR BANYUWANGI,JAWA_TIMUR_BANYUWANGI.txt,4.1,Information and education about VAW,primary_prevention,No,Yes,0.0,1.0,false_positive,"1. The Regent implements policies, programs, and activities to eliminate all forms of discrimination and acts of violence against women and children victims of violence and trafficking in persons.
4. The implementation as referred to in paragraph (3) shall be in the form of: policy analysis, coordination, advocacy, socialization, communication, information and education (KIE), training, service facilitation, service provision, development of women and child protection models and other forms.","The policy states that the Regent implements activities to eliminate acts of violence against women and includes implementation forms such as socialization, communication, and information and education (KIE), which constitute awareness/education measures related to violence against women.",Reference only
JAWA TIMUR BANYUWANGI,JAWA_TIMUR_BANYUWANGI.txt,4.3,VAW laws awareness,primary_prevention,Yes,No,1.0,0.0,false_negative,,"The candidate sentences mention information and education activities generally and note victims’ right to obtain information about laws and regulations that protect victims, but they do not describe a primary prevention activity aimed at educating the public about VAW laws and policies.",Reference only
JAWA TIMUR BANYUWANGI,JAWA_TIMUR_BANYUWANGI.txt,4.4,Prevention through education,primary_prevention,No,Yes,0.0,1.0,false_positive,"4. The implementation as referred to in paragraph (3) shall be in the form of: policy analysis, coordination, advocacy, socialization, communication, information and education (KIE), training, service facilitation, service provision, development of women and child protection models and other forms.
2. The preventive or prevention method is carried out through various forms of protection, both by the community and the government, which are intended to prevent the occurrence of criminal acts of trafficking in persons and violence or victims of violence against women and children.","The policy includes information and education (KIE) among implementation forms and describes a preventive method intended to prevent trafficking and violence against women and children, indicating education is part of prevention strategy.",Reference only
JAWA TIMUR BANYUWANGI,JAWA_TIMUR_BANYUWANGI.txt,7.3,International donors,budget_funding_sources,No,Yes,0.0,1.0,false_positive,"1. In implementing policies, programs, and activities for the protection of women and children victims of violence and trafficking in persons, the district government may cooperate with international institutions.","The policy explicitly allows the district government to cooperate with international institutions in implementing protection policies/programs/activities, which constitutes an explicit form of international support/engagement (even if not framed as a specific donor budget line).",Reference only
JAWA TIMUR BLITAR,JAWA_TIMUR_BLITAR.txt,4.4,Prevention through education,primary_prevention,No,Yes,0.0,1.0,false_positive,"1. Prevention services are all forms of services provided to the general public, especially women and children, in legal, social, cultural, and economic aspects, which have an impact on increasing knowledge, skills, and awareness so that they do not become victims or perpetrators of violence.","The policy defines prevention services as including services to the public that increase knowledge, skills, and awareness to avoid becoming victims or perpetrators of violence, indicating education/knowledge-building as a prevention strategy.",Reference only
JAWA TIMUR BLITAR,JAWA_TIMUR_BLITAR.txt,6.1,Women in conflict/disaster areas,intersectional_approach,No,Yes,0.0,1.0,false_positive,"1. The implementation of protection of women, children and families who are victims of violence is a comprehensive prevention system, covering protection against all forms of violence, trafficking of women and children, economic exploitation, sexual exploitation, abuse, neglect and or abandonment in all situations including women and children with disabilities, children of migrant worker families, children in conflict with the law, children in emergency situations and those vulnerable to becoming victims of violence.","The policy’s protection system explicitly includes coverage for women and children in emergency situations, indicating special attention to emergency/disaster contexts.",Reference only
JAWA TIMUR BOJONEGORO,JAWA_TIMUR_BOJONEGORO.txt,1.8,Human trafficking,scope_of_violence,Yes,No,1.0,0.0,false_negative,,The provided sentences do not include trafficking in persons as a form of violence or as a policy focus; a referenced national action plan title is not an inclusion of trafficking within the regulation’s substantive provisions.,Reference only
JAWA TIMUR BOJONEGORO,JAWA_TIMUR_BOJONEGORO.txt,4.4,Prevention through education,primary_prevention,No,Yes,0.0,1.0,false_positive,b. conducting education on anti-violence values towards women and children;,"Education is explicitly listed as part of the government’s prevention efforts against the occurrence of violence, indicating education is a stated strategy to prevent violence against women and children.",Reference only
JAWA TIMUR JEMBER,JAWA_TIMUR_JEMBER.txt,2.1,Institutional network,institutional_mechanism,No,Yes,0.0,1.0,false_positive,"a. establishing and ensuring the operation of integrated service institutions for victims by involving community elements;
1. The implementation of protection for victims is carried out in an integrated manner within the PPT framework.","The policy assigns the regency government responsibility to establish and ensure operation of integrated service institutions involving community elements, and states that victim protection is implemented in an integrated manner within the Integrated Service Center (PPT) framework—together indicating an institutional coordination mechanism/network for implementation.",Reference only
JAWA TIMUR JEMBER,JAWA_TIMUR_JEMBER.txt,2.5,Training and capacity building,institutional_mechanism,No,Yes,0.0,1.0,false_positive,"1. Guidance on the implementation of Women and Children protection is carried out by related Agencies in accordance with their respective main duties and functions.
2. Guidance as referred to in paragraph (1) is in the form of providing guidelines that include technical implementation of Women and Children protection.","The policy provides for guidance on implementation by relevant agencies and specifies that such guidance includes providing guidelines covering technical implementation, which constitutes technical guidance/capacity support for implementers.",Reference only
JAWA TIMUR JEMBER,JAWA_TIMUR_JEMBER.txt,4.4,Prevention through education,primary_prevention,No,Yes,0.0,1.0,false_positive,b. conducting education on anti-violence values towards women and children;,"Education is explicitly listed as part of the Regency Government’s efforts to prevent the occurrence of violence, through conducting education on anti-violence values toward women and children.",Reference only
JAWA TIMUR JEMBER,JAWA_TIMUR_JEMBER.txt,5.5,International organisations engagement,stakeholder_engagement,No,Yes,0.0,1.0,false_positive,"1. Obtain protection from the community and government as well as non-governmental institutions at local, national and international levels.","The policy recognises protection from non-governmental institutions at local, national, and international levels, which indicates engagement/recognition of international non-governmental/international actors as part of the protection ecosystem.",Reference only
JAWA TIMUR JEMBER,JAWA_TIMUR_JEMBER.txt,5.6,Media engagement,stakeholder_engagement,No,Yes,0.0,1.0,false_positive,"11. Obtain protection from identity disclosure through mass media.
g. maintaining the privacy and confidentiality of victims from all parties who have no interest, including coverage by the mass media.","The policy explicitly references the mass media in relation to protecting victims’ identities and requiring confidentiality from parties including media coverage, thereby recognising media as a relevant stakeholder in protection/services.",Reference only
JAWA TIMUR JEMBER,JAWA_TIMUR_JEMBER.txt,7.5,Provincial government budget,budget_funding_sources,No,Yes,0.0,1.0,false_positive,"3. Sources of funds in the implementation of protection for women and children are sourced from the APBN, Provincial APBD, Regency APBD as well as other legal and non-binding sources.",The policy explicitly lists the Provincial APBD as one of the sources of funds for implementing protection for women and children victims of violence.,Reference only
JAWA TIMUR JOMBANG,JAWA_TIMUR_JOMBANG.txt,1.8,Human trafficking,scope_of_violence,No,Yes,0.0,1.0,false_positive,13. Presidential Decree of the Republic of Indonesia Number 88 of 2002 concerning National Action Plan (RAN) for the Elimination of Trafficking in Women and Children;,"The policy text references a national action plan for the elimination of trafficking in women and children, indicating trafficking is included/recognized in the policy context.",Reference only
JAWA TIMUR JOMBANG,JAWA_TIMUR_JOMBANG.txt,1.9,Sexual slavery/exploitation,scope_of_violence,Yes,No,1.0,0.0,false_negative,,"While sexual violence is defined, none of the provided sentences explicitly mention sexual exploitation or sexual slavery.",Reference only
JAWA TIMUR JOMBANG,JAWA_TIMUR_JOMBANG.txt,2.1,Institutional network,institutional_mechanism,No,Yes,0.0,1.0,false_positive,"The Implementation of Protection for victims is carried out in an integrated manner within the Integrated Service Center for the Protection of Women and Children (P2T-P2A).
(3) The implementation of obligations as referred to in paragraph (1) and paragraph (2), is technically carried out in an integrated manner by the relevant Regional Work Units.
16. Integrated Service Center for the Protection of Women and Children hereinafter referred to as P2T-P2A is a service provider institution based in a Hospital for victims of violence, especially women and children, which is managed jointly by the regional government and the community incorporated in a Team conducted in a cross-functional and cross-sectoral manner in the form of medical services (including medico-legal), psycho-social and legal services;","The policy establishes an integrated institutional mechanism for protection implementation through the Integrated Service Center for the Protection of Women and Children (P2T-P2A) and specifies that implementation is carried out in an integrated manner by relevant Regional Work Units, indicating a coordination network across units/sectors.",Reference only
JAWA TIMUR JOMBANG,JAWA_TIMUR_JOMBANG.txt,3.2,Police specialised service unit,specialised_support_services,No,Yes,0.0,1.0,false_positive,"Paragraph (1) What is meant by fast, safe, empathetic, non-discriminatory, easily accessible and with guaranteed confidentiality in the handling/examination of women and children victims of violence is that victims are examined at the P2T-P2A Secretariat or the Women and Children Protection Unit (UPPA) Room, which is a special closed and comfortable room in a police unit, where women and children victims of domestic violence and violence or sexual harassment can report their cases safely to female police officers who are empathetic, understanding and professional.","The policy describes examinations/reporting taking place at the UPPA Room (Women and Children Protection Unit) within a police unit, indicating a specialized police-based service space/unit for handling cases involving women victims of violence.",Reference only
JAWA TIMUR JOMBANG,JAWA_TIMUR_JOMBANG.txt,4.4,Prevention through education,primary_prevention,No,Yes,0.0,1.0,false_positive,a. conducting socialization regarding laws and regulations related to the implementation of protection for women and children victims of violence as well as anti-violence values against women and children;,"The policy explicitly frames prevention efforts as including “socialization” on relevant laws/regulations and anti-violence values for women and children, which is an educational/awareness strategy used to prevent violence.",Reference only
JAWA TIMUR LUMAJANG,JAWA_TIMUR_LUMAJANG.txt,1.8,Human trafficking,scope_of_violence,No,Yes,0.0,1.0,false_positive,18. Presidential Decree Number 88 of 2002 concerning National Action Plan (RAN) for the Elimination of Trafficking in Women and Children;,"The policy references a national action plan for the elimination of trafficking in women and children, indicating trafficking is included within the policy context.",Reference only
JAWA TIMUR LUMAJANG,JAWA_TIMUR_LUMAJANG.txt,2.1,Institutional network,institutional_mechanism,No,Yes,0.0,1.0,false_positive,"1. The organization of protection for victims is carried out in an integrated manner within the PPT framework.
11. Integrated Service Center, hereinafter abbreviated as PPT is an institution providing services to victims of violence, based in hospitals, managed jointly in the form of medical services (including medico-legal), psycho-social and legal services;","The policy establishes an Integrated Service Center (PPT) as an institution providing multi-sector services and specifies that protection for victims is organized in an integrated manner within the PPT framework, indicating an institutional mechanism to coordinate implementation and response.",Reference only
JAWA TIMUR LUMAJANG,JAWA_TIMUR_LUMAJANG.txt,4.4,Prevention through education,primary_prevention,No,Yes,0.0,1.0,false_positive,"1. The Regency Government is obliged and responsible to carry out efforts to prevent the occurrence of violence, in the form of:a.
b. conducting education on anti-violence values towards women and children;","The policy explicitly frames prevention efforts as including education, specifically listing education on anti-violence values toward women and children as part of measures to prevent violence.",Reference only
JAWA TIMUR MADIUN,JAWA_TIMUR_MADIUN.txt,4.4,Prevention through education,primary_prevention,No,Yes,0.0,1.0,false_positive,b. conducting education on anti-violence values towards women and children;,"Education is explicitly identified as a prevention strategy, with the Regional Government obliged to prevent violence by conducting education on anti-violence values toward women and children.",Reference only
JAWA TIMUR MADIUN KOTA,JAWA_TIMUR_MADIUN_KOTA.txt,1.9,Sexual slavery/exploitation,scope_of_violence,Yes,No,1.0,0.0,false_negative,,"While sexual violence is defined (including forced intercourse for commercial purposes), the candidate sentences do not explicitly address sexual exploitation or sexual slavery as such.",Reference only
JAWA TIMUR MADIUN KOTA,JAWA_TIMUR_MADIUN_KOTA.txt,2.5,Training and capacity building,institutional_mechanism,No,Yes,0.0,1.0,false_positive,"letter a Handling of reports/complaints of women and children victims of violence, with the main indicator being the coverage of women and children victims of violence who receive complaint handling by trained officers in integrated service units.
The health services referred to are services that include promotive, preventive, curative and rehabilitative aspects carried out by trained health workers, namely specialist doctors, doctors, dentists, nurses/midwives who have received training on medical management of violence against women and children victims of violence.","The policy references service delivery by trained officers/health workers and specifies that trained health workers are those who have received training on medical management of violence cases, indicating a training/capacity-building requirement for personnel involved in implementation.",Reference only
JAWA TIMUR MADIUN KOTA,JAWA_TIMUR_MADIUN_KOTA.txt,3.2,Police specialised service unit,specialised_support_services,No,Yes,0.0,1.0,false_positive,b. coverage of availability of women and children service units (UPPA) at regional police and district/city police;,"The policy includes an indicator on the availability of women and children service units (UPPA) at regional and district/city police, which constitutes a specialised service unit within police offices for handling such cases (including VAW).",Reference only
JAWA TIMUR MADIUN KOTA,JAWA_TIMUR_MADIUN_KOTA.txt,4.2,Gender equality education,primary_prevention,No,Yes,0.0,1.0,false_positive,b. conduct socialization of women's and children's rights independently;,"The policy includes community-led socialisation of women’s (and children’s) rights, which is an educational/awareness activity specifically about women’s rights and thus fits primary prevention related to gender equality/women’s rights.",Reference only
JAWA TIMUR MADIUN KOTA,JAWA_TIMUR_MADIUN_KOTA.txt,4.4,Prevention through education,primary_prevention,No,Yes,0.0,1.0,false_positive,"1. The Regional Government implements efforts to prevent the occurrence of violence against women and children, by:
b. conducting education on anti-violence values against women and children;","The policy explicitly frames education as part of the regional government’s efforts to prevent violence against women and children, including conducting education on anti-violence values as a prevention measure.",Reference only
JAWA TIMUR MAGETAN,JAWA_TIMUR_MAGETAN.txt,1.8,Human trafficking,scope_of_violence,No,Yes,0.0,1.0,false_positive,10. Law Number 21 of 2007 concerning the Eradication of the Criminal Act of Trafficking in Persons (State Gazette of the Republic of Indonesia of 2007 Number 58 Supplement to the State Gazette of the Republic of Indonesia Number 4720);,"The policy text explicitly references the law on the eradication of trafficking in persons, indicating trafficking is included in the policy context.",Reference only
JAWA TIMUR MAGETAN,JAWA_TIMUR_MAGETAN.txt,4.2,Gender equality education,primary_prevention,No,Yes,0.0,1.0,false_positive,"Forms of critical education for women victims of violence consist of: training on gender equality and justice, education on reproductive health for women, and providing understanding of laws and regulations in the field of protection of women and children.
f. providing critical education regarding the rights of women and children for the community.","The policy provides for educational activities focused on women’s/children’s rights and explicitly includes training on gender equality and justice as part of critical education, which meets the criterion for gender equality and women’s rights education.",Reference only
JAWA TIMUR MAGETAN,JAWA_TIMUR_MAGETAN.txt,4.4,Prevention through education,primary_prevention,No,Yes,0.0,1.0,false_positive,"b. conducting education on anti-violence values; and
f. providing critical education regarding the rights of women and children for the community.","Education is explicitly included as part of prevention efforts, including education on anti-violence values and critical education regarding the rights of women and children for the community, indicating education as a strategy to prevent violence.",Reference only
JAWA TIMUR MAGETAN,JAWA_TIMUR_MAGETAN.txt,5.2,Religious engagement,stakeholder_engagement,Yes,No,1.0,0.0,false_negative,,"The candidate sentences reference religious values and spiritual guidance as content of family resilience or victim support, but they do not identify or include religious organisations, religious leaders/clergy, or other faith-based actors as stakeholders involved in delivery, coordination, or implementation.",Reference only
JAWA TIMUR MAGETAN,JAWA_TIMUR_MAGETAN.txt,5.6,Media engagement,stakeholder_engagement,No,Yes,0.0,1.0,false_positive,"Letter e Socialization can be carried out through mass media, electronic media, and direct outreach to the community.
e. maintaining the privacy and confidentiality of victims from all parties who have no interest, including coverage by mass media;","The policy explicitly references mass media and electronic media as channels for socialization (prevention-related outreach) and also addresses mass media coverage in the context of protecting victim privacy, indicating recognition of media as a relevant stakeholder.",Reference only
JAWA TIMUR MAGETAN,JAWA_TIMUR_MAGETAN.txt,6.2,Women victims of trafficking,intersectional_approach,No,Yes,0.0,1.0,false_positive,10. Law Number 21 of 2007 concerning the Eradication of the Criminal Act of Trafficking in Persons (State Gazette of the Republic of Indonesia of 2007 Number 58 Supplement to the State Gazette of the Republic of Indonesia Number 4720);,"The policy text explicitly references the national law on trafficking in persons, indicating trafficking is within the legal framework considered by the regulation.",Reference only
JAWA TIMUR MALANG KOTA,JAWA_TIMUR_MALANG_KOTA.txt,4.2,Gender equality education,primary_prevention,No,Yes,0.0,1.0,false_positive,"a. Socialization activities of laws and regulations to the community related to the protection of women's and children's rights; and
c. conducting independent socialization of women's and children's rights;","The policy includes educational/socialisation activities specifically tied to women’s rights (and women’s and children’s rights), including community socialization of laws/regulations related to protection of those rights and independent socialization of women’s and children’s rights. While it does not explicitly mention ‘gender equality education’ as a topic, it does include primary-prevention-type awareness/socialization on women’s rights.",Reference only
JAWA TIMUR PASURUAN,JAWA_TIMUR_PASURUAN.txt,1.5,Economic violence,scope_of_violence,Yes,No,1.0,0.0,false_negative,,"The candidate sentences define violence as physical/sexual/psychological and mention exploitation/neglect generally (primarily in relation to children), but they do not explicitly identify economic violence, economic exploitation, or domestic neglect as a form of violence against women.",Reference only
JAWA TIMUR PASURUAN,JAWA_TIMUR_PASURUAN.txt,1.8,Human trafficking,scope_of_violence,No,Yes,0.0,1.0,false_positive,"; 5. Law Number 13 of 2003 concerning Manpower (State Gazette of the Republic of Indonesia of 2003 Number 39, Supplement to the State Gazette of the Republic of Indonesia Number 4279); 6. Law Number 23 of 2004 concerning the Elimination of Domestic Violence (State Gazette of the Republic of Indonesia of 2004 Number 95, Supplement to the State Gazette of the Republic of Indonesia Number 4844); 7. Law Number 13 of 2006 concerning Protection of Witnesses and Victims (State Gazette of the Republic of Indonesia of 2006 Number 64, Supplement to the State Gazette of the Republic of Indonesia Number 4635) as amended by Law Number 35 of 2014 (State Gazette of the Republic of Indonesia of 2014 Number 293, Supplement to the State Gazette of the Republic of Indonesia Number 5602); 8. Law Number 21 of 2007 concerning the Eradication of the Criminal Act of Trafficking in Persons (State Gazette of the Republic of Indonesia of 2007 Number 58, Supplement to the State Gazette of the Republic of Indonesia Number 4720); 9. Law Number 12 of 2011 concerning the Formation of Laws and Regulations (State Gazette of 2011 Number 82, Supplement to the State Gazette of the Republic of Indonesia Number 5234); 10. Law Number 23 of 2014 concerning Regional Government (State Gazette of the Republic of Indonesia of 2014 Number 244, Supplement to the State Gazette of the Republic of Indonesia Number 5587) as amended several times most recently by Law Number 9 of 2015 concerning the Second Amendment to Law Number 23 of 2014 concerning Regional Government (State Gazette of the Republic of Indonesia of 2015 Number 58, Supplement to the State Gazette of the Republic of Indonesia Number 5679); 11. Government Regulation Number 4 of 2006 concerning the Implementation and Cooperation of Recovery of Victims of Domestic Violence (State Gazette of the Republic of Indonesia of 2006 Number 15, Supplement to the State Gazette of the Republic of Indonesia Number 64); 12. Government Regulation Number 12 of 2017 concerning Guidance and Supervision of the Implementation of Regional Government (State Gazette of the Republic of Indonesia of 2017 Number 73, Supplement to the State Gazette of the Republic of Indonesia Number 6041); 13. Presidential Regulation of the Republic of Indonesia Number 87 of 2014 concerning Implementing Regulations of Law Number 12 of 2011 concerning the Formation of Laws and Regulations (State Gazette of the Republic of Indonesia of 2014 Number 199); 14. Presidential Regulation Number 61 of 2016 concerning the Indonesian Child Protection Commission (State Gazette of the Republic of Indonesia of 2016 Number 135); 15. Regulation of the State Minister for Women's Empowerment of the Republic of Indonesia Number 2 of 2008 concerning Guidelines for the Implementation of Women's Protection; 16. Regulation of the State Minister for Women's Empowerment of the Republic of Indonesia Number 3 of 2008 concerning Guidelines for the Implementation of Child Protection; 17. Regulation of the Minister of Home Affairs Number 15 of 2008 concerning General Guidelines for the Implementation of Gender Mainstreaming in the Regions as amended by Regulation of the Minister of Home Affairs Number 67 of 2011 (State Gazette of the Republic of Indonesia of 2011 Number 927); 18. Regulation of the State Minister for Women's Empowerment of the Republic of Indonesia Number 1 of 2010 concerning Minimum Service Standards in the Field of Integrated Services for Women and Child Victims of Violence; 19. Regulation of the State Minister for Women's Empowerment and Child Protection Number 5 of 2010 concerning Guidelines for the Establishment and Development of Integrated Service Centers (State Gazette of the Republic of Indonesia of 2010 Number 446); 20. Regulation of the State Minister for Women's Empowerment and Child Protection of the Republic of Indonesia Number 2 of 2011 concerning Guidelines for Handling Child Victims of Violence (State Gazette of the Republic of Indonesia of 2011 Number 42); 21.","The policy explicitly references the national law on the Eradication of the Criminal Act of Trafficking in Persons, indicating trafficking is included in scope.",Reference only
JAWA TIMUR PASURUAN,JAWA_TIMUR_PASURUAN.txt,3.10,Economic support,specialised_support_services,No,Yes,0.0,1.0,false_positive,"4. PPTPPA is one form of integrated service unit, which functions as:
c. an empowerment center for women and children.
d. encouraging programs that can increase women's independence in the economic, political, legal, social, cultural and other strategic fields.","The policy states that PPTPPA functions as an empowerment center for women and children and also includes encouraging programs to increase women’s economic independence, which together indicate economic empowerment/support measures relevant to victims.",Reference only
JAWA TIMUR PASURUAN,JAWA_TIMUR_PASURUAN.txt,4.3,VAW laws awareness,primary_prevention,Yes,No,1.0,0.0,false_negative,,"The policy mentions conducting legal awareness counseling and providing IEC materials related to prevention/handling of violence, but the retrieved sentences do not explicitly link these educational activities to laws and policies specifically on violence against women (VAW).",Reference only
JAWA TIMUR PASURUAN,JAWA_TIMUR_PASURUAN.txt,4.4,Prevention through education,primary_prevention,No,Yes,0.0,1.0,false_positive,"3. PUSPAGA as referred to in paragraph (1) is a form of violence prevention service for children that has specific programs including:
a. education/parenting;","The policy explicitly frames PUSPAGA as a violence prevention service and lists education/parenting among its specific programs, indicating education is used as a strategy to prevent violence (at least for children).",Reference only
JAWA TIMUR PASURUAN,JAWA_TIMUR_PASURUAN.txt,5.4,Education institutions engagement,stakeholder_engagement,No,Yes,0.0,1.0,false_positive,"2. The management of PPTPPA may come from elements of the Regional Government, professional organizations, academics, community leaders and other elements as needed.","The policy explicitly includes “academics” as potential elements in the management of PPTPPA, indicating engagement of the education sector (e.g., universities/academics) in implementation/capacity/management of services.",Reference only
JAWA TIMUR PROBOLINGGO,JAWA_TIMUR_PROBOLINGGO.txt,2.5,Training and capacity building,institutional_mechanism,No,Yes,0.0,1.0,false_positive,"1. The Regent shall conduct guidance and supervision of the provision of protection for women and children, both carried out by PPT and non-governmental organizations.","The policy mandates that the Regent conduct guidance (which functions as technical guidance/capacity support) and supervision of protection provision by PPT and NGOs, implying institutional capacity-building support for implementers.",Reference only
JAWA TIMUR PROBOLINGGO,JAWA_TIMUR_PROBOLINGGO.txt,4.2,Gender equality education,primary_prevention,No,Yes,0.0,1.0,false_positive,"c. conducting independent socialization of women's rights;
a. socialization to employees within the company regarding the rights of women and children;","The policy includes awareness/socialization activities specifically about women’s rights (community socialization of women’s rights and business-sector socialization regarding the rights of women and children), which constitutes primary prevention education related to women’s rights.",Reference only
JAWA TIMUR PROBOLINGGO,JAWA_TIMUR_PROBOLINGGO.txt,4.4,Prevention through education,primary_prevention,No,Yes,0.0,1.0,false_positive,c. providing education about the dangers of domestic violence;,"Education is explicitly listed as a prevention measure, specifically providing education about the dangers of domestic violence as part of the Regional Government’s prevention activities.",Reference only
JAWA TIMUR PROBOLINGGO,JAWA_TIMUR_PROBOLINGGO.txt,6.5,People with disability,intersectional_approach,No,Yes,0.0,1.0,false_positive,b. treating women and children with disabilities in a discriminatory manner;,"The policy explicitly addresses disability by prohibiting discriminatory treatment of women and children with disabilities, indicating specific attention to persons with disabilities (including women with disabilities).",Reference only
JAWA TIMUR PROBOLINGGO,JAWA_TIMUR_PROBOLINGGO.txt,6.8,Women in legal process,intersectional_approach,No,Yes,0.0,1.0,false_positive,"1. Every woman and child who becomes a witness or perpetrator of violence has the right to receive information, protection, rehabilitation, confidential handling, psychological and legal assistance, as well as fulfillment of their rights related to their status as wife, mother, child, family member or as a community member.","The policy explicitly provides rights and services (information, protection, rehabilitation, confidential handling, psychological and legal assistance) for women who are witnesses or perpetrators of violence, covering women involved in legal processes in those roles.",Reference only
JAWA TIMUR PROBOLINGGO KOTA,JAWA_TIMUR_PROBOLINGGO_KOTA.txt,1.6,Harmful practices,scope_of_violence,No,Yes,0.0,1.0,false_positive,"In the framework of efforts to prevent family psychosocial problems, recovery and create harmonious families as well as prevention of child marriage, the Regional Government needs to establish a Family Learning Center that functions as:
b. provider of family consultation services and socialization on child marriage prevention; and",The policy explicitly addresses a harmful practice by including prevention of child marriage and establishing a Family Learning Center with a function to socialize child marriage prevention.,Reference only
JAWA TIMUR PROBOLINGGO KOTA,JAWA_TIMUR_PROBOLINGGO_KOTA.txt,4.4,Prevention through education,primary_prevention,No,Yes,0.0,1.0,false_positive,b. conducting education on anti-violence values; and,"Education is explicitly listed as a form of prevention of the occurrence of violence through conducting education on anti-violence values, making education an explicit prevention strategy.",Reference only
JAWA TIMUR PROBOLINGGO KOTA,JAWA_TIMUR_PROBOLINGGO_KOTA.txt,6.11,Domestic workers,intersectional_approach,No,Yes,0.0,1.0,false_positive,a. domestic workers;,"The policy explicitly mentions ""domestic workers"" as part of child workers in the informal sector whose rights must be protected, which constitutes a targeted protection measure for domestic workers (in this case, child domestic workers).",Reference only
JAWA TIMUR SAMPANG,JAWA_TIMUR_SAMPANG.txt,1.1,Domestic violence,scope_of_violence,Yes,No,1.0,0.0,false_negative,,"The provided sentences define and address violence against women and children in general (including physical, psychological, sexual violence and neglect), but none explicitly mention domestic violence or violence within the household/intimate partner context as a distinct category.",Reference only
JAWA TIMUR SAMPANG,JAWA_TIMUR_SAMPANG.txt,1.5,Economic violence,scope_of_violence,Yes,No,1.0,0.0,false_negative,,"While the text mentions 'neglect' as part of the definition of violence against a child, the candidate sentences do not explicitly include economic violence, economic exploitation, or domestic neglect as a form of violence against women.",Reference only
JAWA TIMUR SAMPANG,JAWA_TIMUR_SAMPANG.txt,1.9,Sexual slavery/exploitation,scope_of_violence,Yes,No,1.0,0.0,false_negative,,"Although sexual violence is defined (including forced intercourse and forced intercourse for commercial purposes), the candidate sentences do not explicitly mention sexual exploitation or sexual slavery as such.",Reference only
JAWA TIMUR SAMPANG,JAWA_TIMUR_SAMPANG.txt,4.3,VAW laws awareness,primary_prevention,Yes,No,1.0,0.0,false_negative,,"The policy mentions legal awareness counseling and provides general communication/information/education related to violence prevention and handling, but none of the candidate sentences explicitly indicate education or information specifically about laws and policies on violence against women.",Reference only
JAWA TIMUR SAMPANG,JAWA_TIMUR_SAMPANG.txt,4.4,Prevention through education,primary_prevention,No,Yes,0.0,1.0,false_positive,"b. providing Communication, Information, and Education (KIE) materials related to the prevention and handling of violence;","The policy explicitly includes providing Communication, Information, and Education (KIE) materials related to the prevention and handling of violence, which is an education-based strategy used for prevention.",Reference only
JAWA TIMUR SAMPANG,JAWA_TIMUR_SAMPANG.txt,5.3,Traditional/cultural engagement,stakeholder_engagement,Yes,No,1.0,0.0,false_negative,,"While the policy mentions “community leaders” as potential members of P2TP2A, it does not explicitly reference traditional/customary/cultural leaders, customary institutions, or customary dispute-resolution mechanisms.",Reference only
JAWA TIMUR SAMPANG,JAWA_TIMUR_SAMPANG.txt,6.3,Women workers,intersectional_approach,No,Yes,0.0,1.0,false_positive,17. Victim is a woman including Female Workers who work abroad and children who experience misery and/or suffering either directly or indirectly as a result of such violence.,"The policy explicitly includes “Female Workers who work abroad” within the definition of “Victim,” indicating women workers are a specifically recognized target group for protection/services when they experience violence.",Reference only
JAWA TIMUR SITUBONDO,JAWA_TIMUR_SITUBONDO.txt,4.4,Prevention through education,primary_prevention,No,Yes,0.0,1.0,false_positive,b. conducting education on anti-violence values; and,"Education is explicitly listed as a form of prevention, through conducting education on anti-violence values as part of efforts to prevent the occurrence of violence.",Reference only
JAWA TIMUR SITUBONDO,JAWA_TIMUR_SITUBONDO.txt,6.2,Women victims of trafficking,intersectional_approach,Yes,No,1.0,0.0,false_negative,,"The excerpts focus on violence against women and children and list general legal references (including a trafficking law and SOPs for trafficking victims), but they do not explicitly include trafficking victims within the regulation’s scope or define trafficking as a covered form of violence/services in the operative provisions shown.",Reference only
JAWA TIMUR SITUBONDO,JAWA_TIMUR_SITUBONDO.txt,6.11,Domestic workers,intersectional_approach,Yes,No,1.0,0.0,false_negative,,"The text references violence against domestic workers as a phenomenon needing attention, but it does not set out specific protection measures targeted at domestic workers within the operative provisions shown.",Reference only
JAWA TIMUR SUMENEP,JAWA_TIMUR_SUMENEP.txt,1.9,Sexual slavery/exploitation,scope_of_violence,Yes,No,1.0,0.0,false_negative,,"While sexual violence is defined and includes forced sexual intercourse (including for commercial purposes), the provided sentences do not explicitly include sexual slavery or sexual exploitation as such.",Reference only
JAWA TIMUR SUMENEP,JAWA_TIMUR_SUMENEP.txt,3.3,Reporting/hotline service,specialised_support_services,Yes,No,1.0,0.0,false_negative,,"The candidate sentences describe protection forms and an integrated handling framework (P2TP2A) but do not explicitly mention a reporting mechanism, complaint intake service, hotline, or procedures for receiving reports/complaints.",Reference only
JAWA TIMUR TRENGGALEK,JAWA_TIMUR_TRENGGALEK.txt,1.6,Harmful practices,scope_of_violence,No,Yes,0.0,1.0,false_positive,c. prevent marriage at child age.,The policy explicitly addresses a harmful practice by requiring parents to prevent marriage at child age (child/early marriage).,Reference only
JAWA TIMUR TRENGGALEK,JAWA_TIMUR_TRENGGALEK.txt,1.9,Sexual slavery/exploitation,scope_of_violence,No,Yes,0.0,1.0,false_positive,1. Special protection for children who are exploited economically and/or sexually as referred to in Article 44 constitutes an obligation and responsibility of the Regional Government and the community.,The policy explicitly includes sexual exploitation by providing special protection for children who are exploited economically and/or sexually.,Reference only
JAWA TIMUR TRENGGALEK,JAWA_TIMUR_TRENGGALEK.txt,2.3,Data collection systems,institutional_mechanism,No,Yes,0.0,1.0,false_positive,l. developing a gender-based information system; and,"The policy assigns responsibility to develop a gender-based information system, which constitutes establishing/requiring an information/data system relevant to women’s protection and related issues.",Reference only
JAWA TIMUR TRENGGALEK,JAWA_TIMUR_TRENGGALEK.txt,4.4,Prevention through education,primary_prevention,No,Yes,0.0,1.0,false_positive,"c. conducts communication, information, education, socialization, and advocacy on violence against women and children as well as the criminal act of trafficking in persons against women and children;
To prevent domestic violence, the Regional Government is obliged to carry out tasks in the field of women's empowerment to carry out preventive actions, among others, organizing communication, information, and education on the prevention of violence against women and children.","Education is explicitly included as part of prevention efforts through mandated communication, information, and education activities aimed at preventing violence against women and children.",Reference only
JAWA TIMUR TRENGGALEK,JAWA_TIMUR_TRENGGALEK.txt,5.4,Education institutions engagement,stakeholder_engagement,No,Yes,0.0,1.0,false_positive,"2. The role of the community as referred to in paragraph (1) shall be carried out by individuals, child protection institutions, community social institutions, educational institutions, religious institutions, business entities, and mass media.
Children in and around schools must be protected from acts of violence committed by teachers, school administrators or their friends in the school concerned, or other educational institutions.",The policy explicitly identifies educational institutions as part of the community role in child protection and includes provisions addressing protection of children in and around schools/other educational institutions.,Reference only
JAWA TIMUR TRENGGALEK,JAWA_TIMUR_TRENGGALEK.txt,5.6,Media engagement,stakeholder_engagement,No,Yes,0.0,1.0,false_positive,"2. The role of the community as referred to in paragraph (1) shall be carried out by individuals, child protection institutions, community social institutions, educational institutions, religious institutions, business entities, and mass media.","The policy explicitly recognizes mass media as part of the community role in child protection, indicating media as a stakeholder.",Reference only
JAWA TIMUR TRENGGALEK,JAWA_TIMUR_TRENGGALEK.txt,6.10,Refugee/forced displacement,intersectional_approach,No,Yes,0.0,1.0,false_positive,Special protection for children who become refugees as referred to in Article 45 letter a is implemented in accordance with the provisions of Laws and Regulations.,"The policy explicitly provides for special protection for children who become refugees, indicating the policy includes special protection measures for refugee/forced displacement (at least for children).",Reference only
KALIMANTAN BARAT BENGKAYANG,KALIMANTAN_BARAT_BENGKAYANG.txt,1.9,Sexual slavery/exploitation,scope_of_violence,No,Yes,0.0,1.0,false_positive,"10. Special protection is protection given to children in emergency situations, children in conflict with the law, children from minority and isolated groups, children who are exploited economically and/or sexually, children who are trafficked, children who are victims of narcotics, alcohol, psychotropic and other addictive substances (drugs) abuse, children victims of kidnapping, sale, trafficking, children victims of violence both physical and/or mental, children with disabilities, and children victims of maltreatment and neglect.","The policy explicitly mentions children who are exploited sexually, which constitutes sexual exploitation under the criterion.",Reference only
KALIMANTAN BARAT BENGKAYANG,KALIMANTAN_BARAT_BENGKAYANG.txt,2.5,Training and capacity building,institutional_mechanism,No,Yes,0.0,1.0,false_positive,e. increase the capacity of service provider institutions;,"The policy provides for increasing the capacity of service provider institutions, which constitutes an institutional capacity-building measure for entities responsible for implementing protection and services.",Reference only
KALIMANTAN BARAT BENGKAYANG,KALIMANTAN_BARAT_BENGKAYANG.txt,4.4,Prevention through education,primary_prevention,No,Yes,0.0,1.0,false_positive,"c. conducting communication, information, and education about violence against women and children; and","The policy explicitly lists education (as part of communication, information, and education) about violence against women and children as a prevention effort.",Reference only
KALIMANTAN BARAT BENGKAYANG,KALIMANTAN_BARAT_BENGKAYANG.txt,5.3,Traditional/cultural engagement,stakeholder_engagement,No,Yes,0.0,1.0,false_positive,c. fostering local wisdom in handling women and children victims of violence;,"The policy references fostering local wisdom in handling women and children victims of violence, which implies use of cultural/community mechanisms within implementation.",Reference only
KALIMANTAN BARAT KUBU RAYA,KALIMANTAN_BARAT_KUBU_RAYA.txt,1.10,Technology-facilitated violence,scope_of_violence,No,Yes,0.0,1.0,false_positive,Letter a Threat of violence is any act unlawfully either directly or indirectly including among others through social media networks and communication devices.,"The policy explicitly recognizes threats of violence occurring through social media networks and communication devices, which constitutes technology-facilitated violence.",Reference only
KALIMANTAN BARAT KUBU RAYA,KALIMANTAN_BARAT_KUBU_RAYA.txt,2.3,Data collection systems,institutional_mechanism,No,Yes,0.0,1.0,false_positive,"1. SKPD in charge of Women's Empowerment implements the information system and submits reports on the implementation of women's protection to the Regent.
collect, compile, and present reports on violence.","The policy assigns responsibility to the SKPD in charge of Women’s Empowerment to implement an information system and submit reports to the Regent, and it also specifies that the service network will collect, compile, and present reports on violence—together constituting a data/information and reporting system.",Reference only
KALIMANTAN BARAT KUBU RAYA,KALIMANTAN_BARAT_KUBU_RAYA.txt,4.2,Gender equality education,primary_prevention,No,Yes,0.0,1.0,false_positive,c. conducting socialization of women's rights independently;,"The policy explicitly mentions community participation through independent socialization of women's rights, which constitutes awareness-raising/education about women's rights (and implicitly gender equality) as a primary prevention activity.",Reference only
KALIMANTAN BARAT KUBU RAYA,KALIMANTAN_BARAT_KUBU_RAYA.txt,4.4,Prevention through education,primary_prevention,No,Yes,0.0,1.0,false_positive,e. providing education for women victims of violence including access to employment opportunities; and,"Within the listed prevention implementation methods, the policy explicitly includes providing education for women victims of violence, indicating education is used as a strategy connected to preventing/responding to violence against women.",Reference only
KALIMANTAN BARAT KUBU RAYA,KALIMANTAN_BARAT_KUBU_RAYA.txt,6.2,Women victims of trafficking,intersectional_approach,No,Yes,0.0,1.0,false_positive,"b. acts with or without the victim's consent which include but are not limited to prostitution, forced labor or services, slavery or similar practices, oppression, extortion, utilization of physical, sexual, reproductive organs, or unlawfully transferring or transplanting organs and/or body tissues or utilizing the labor or ability of a person by another party to obtain material or immaterial benefits.","The policy includes exploitation acts such as prostitution, forced labor/services, and slavery-like practices, which are core elements commonly associated with trafficking in persons, thereby covering women victims of trafficking within its scope.",Reference only
KALIMANTAN BARAT KUBU RAYA,KALIMANTAN_BARAT_KUBU_RAYA.txt,6.8,Women in legal process,intersectional_approach,No,Yes,0.0,1.0,false_positive,J. obtain facilitation in the judicial process;,"The policy provides a right for women victims of violence to obtain facilitation in the judicial process, which constitutes explicit services/protection related to women’s involvement in legal proceedings.",Reference only
KALIMANTAN BARAT MELAWI,KALIMANTAN_BARAT_MELAWI.txt,1.8,Human trafficking,scope_of_violence,No,Yes,0.0,1.0,false_positive,"7. Law Number 21 of 2007 concerning the Eradication of the Criminal Act of Trafficking in Persons (State Gazette of the Republic of Indonesia Number 58, Supplement to the State Gazette of the Republic of Indonesia Number 4720);","The policy explicitly references the law on eradication of trafficking in persons, indicating inclusion of human trafficking within the policy’s legal framework and scope.",Reference only
KALIMANTAN BARAT MELAWI,KALIMANTAN_BARAT_MELAWI.txt,1.10,Technology-facilitated violence,scope_of_violence,No,Yes,0.0,1.0,false_positive,Sufficiently clear Sufficiently clear Sufficiently clear Sufficiently clear Sufficiently clear Sufficiently clear Sufficiently clear Sufficiently clear Sufficiently clear Sufficiently clear Sufficiently clear Sufficiently clear Sufficiently clear Sufficiently clear Sufficiently clear Sufficiently clear Letter a Threat of violence is any act unlawfully directly or indirectly including through social media networks and communication devices.,"The policy explicitly notes that threats of violence can occur through social media networks and communication devices, which constitutes technology-facilitated violence.",Reference only
KALIMANTAN BARAT MELAWI,KALIMANTAN_BARAT_MELAWI.txt,4.2,Gender equality education,primary_prevention,No,Yes,0.0,1.0,false_positive,c. independently conducting socialization of women's rights;,"The policy explicitly mentions community participation through independently conducting socialization of women's rights, which is an education/awareness activity specifically about women's rights (a core element of gender equality).",Reference only
KALIMANTAN BARAT MELAWI,KALIMANTAN_BARAT_MELAWI.txt,4.4,Prevention through education,primary_prevention,No,Yes,0.0,1.0,false_positive,"e. providing education for women victims of violence;
f. through Communication, Information and Education (KIE) media.","Within the section on prevention efforts, the policy explicitly lists providing education for women victims of violence and using Communication, Information and Education (KIE) media, indicating education is an explicit strategy connected to preventing violence against women.",Reference only
KALIMANTAN BARAT MELAWI,KALIMANTAN_BARAT_MELAWI.txt,6.1,Women in conflict/disaster areas,intersectional_approach,Yes,No,1.0,0.0,false_negative,,"The text mentions “victims of disasters/conflicts” as part of a list of vulnerable groups, but it does not specify any special protection measures targeted at women in conflict, disaster, emergency, or displacement situations.",Reference only
KALIMANTAN BARAT MELAWI,KALIMANTAN_BARAT_MELAWI.txt,6.3,Women workers,intersectional_approach,Yes,No,1.0,0.0,false_negative,,"The text lists some worker categories (e.g., home-based workers, domestic workers, Indonesian migrant workers) among vulnerable groups, but it does not set out explicit protection measures for women workers/employees as a specific target group.",Reference only
KALIMANTAN BARAT MELAWI,KALIMANTAN_BARAT_MELAWI.txt,6.4,Elderly women,intersectional_approach,Yes,No,1.0,0.0,false_negative,,"The policy defines “Elderly Women” and mentions “the elderly” in a vulnerable-group list, but it does not describe any special protection measures specifically targeted at elderly women.",Reference only
KALIMANTAN BARAT MELAWI,KALIMANTAN_BARAT_MELAWI.txt,6.5,People with disability,intersectional_approach,Yes,No,1.0,0.0,false_negative,,"The policy defines “Women with Disabilities” and mentions “persons with disabilities” in a vulnerable-group list, but it does not provide disability-specific protection measures or accommodations targeted at women with disabilities/people with disabilities.",Reference only
KALIMANTAN BARAT MELAWI,KALIMANTAN_BARAT_MELAWI.txt,6.6,Women heads of household,intersectional_approach,Yes,No,1.0,0.0,false_negative,,"The text mentions “female heads of households” in a list of vulnerable groups, but it does not specify any special protection measures targeted to women heads of households/families.",Reference only
KALIMANTAN BARAT MELAWI,KALIMANTAN_BARAT_MELAWI.txt,6.8,Women in legal process,intersectional_approach,No,Yes,0.0,1.0,false_positive,f. accompaniment by social workers and legal assistance at every level of the examination process in accordance with the provisions of legislation;,"The policy provides for accompaniment and legal assistance for women victims of violence “at every level of the examination process,” which is an explicit service related to legal proceedings (e.g., investigation/examination stages).",Reference only
KALIMANTAN BARAT MELAWI,KALIMANTAN_BARAT_MELAWI.txt,6.11,Domestic workers,intersectional_approach,Yes,No,1.0,0.0,false_negative,,"The text mentions “domestic workers” in a list of vulnerable groups and defines household to include domestic workers, but it does not provide special protection measures specifically targeted at domestic workers.",Reference only
KALIMANTAN BARAT MELAWI,KALIMANTAN_BARAT_MELAWI.txt,6.12,Women experiencing homelessness,intersectional_approach,Yes,No,1.0,0.0,false_negative,,"The text mentions “homeless persons” in a list of vulnerable groups, but it does not provide any special protection measures specifically targeted at women experiencing homelessness.",Reference only
KALIMANTAN BARAT MELAWI,KALIMANTAN_BARAT_MELAWI.txt,6.13,Formerly incarcerated women,intersectional_approach,Yes,No,1.0,0.0,false_negative,,"The text mentions “former inmates of correctional institutions” in a list of vulnerable groups, but it does not specify any special protection measures targeted at formerly incarcerated women.",Reference only
KALIMANTAN BARAT SAMBAS,KALIMANTAN_BARAT_SAMBAS.txt,1.8,Human trafficking,scope_of_violence,No,Yes,0.0,1.0,false_positive,"14. Government Regulation Number 9 of 2008 Concerning Procedures and Mechanisms for Integrated Services for Witnesses and/or Victims of the Criminal Act of Trafficking in Persons (State Gazette of the Republic of Indonesia Year 2008 Number 22, Supplement to the State Gazette of the Republic of Indonesia Number 4818);","The policy explicitly references integrated services for witnesses/victims of the criminal act of trafficking in persons, indicating inclusion of trafficking in persons.",Reference only
KALIMANTAN BARAT SAMBAS,KALIMANTAN_BARAT_SAMBAS.txt,4.2,Gender equality education,primary_prevention,No,Yes,0.0,1.0,false_positive,"Forms of critical education for women victims of violence consist of: training on gender equality and justice, education on reproductive health for women, and providing understanding of laws and regulations on the Elimination of Domestic Violence.","The policy explicitly includes educational content on gender equality and justice as part of critical education for women victims of violence, which constitutes an education/training activity related to gender equality and women’s rights.",Reference only
KALIMANTAN BARAT SAMBAS,KALIMANTAN_BARAT_SAMBAS.txt,4.4,Prevention through education,primary_prevention,No,Yes,0.0,1.0,false_positive,e. providing critical education on the rights of Women and Children from acts of violence; andf.,"The policy explicitly identifies providing critical education on the rights of women and children from acts of violence as part of prevention efforts, making education a stated strategy for preventing violence.",Reference only
KALIMANTAN BARAT SAMBAS,KALIMANTAN_BARAT_SAMBAS.txt,5.6,Media engagement,stakeholder_engagement,No,Yes,0.0,1.0,false_positive,"Letter d Socialization can be carried out through mass media, electronic media, and direct outreach to the community.","The policy explicitly references socialization being carried out through mass media and electronic media, indicating recognition/engagement of media channels in prevention-related outreach.",Reference only
KALIMANTAN BARAT SAMBAS,KALIMANTAN_BARAT_SAMBAS.txt,6.2,Women victims of trafficking,intersectional_approach,No,Yes,0.0,1.0,false_positive,"a. acts that exploit women and children economically or sexually with the intention of benefiting oneself or others;
b. acts with or without the victim's consent which include but are not limited to prostitution, forced labor or services, slavery or similar practices, oppression, extortion, exploitation of physical, sexual, reproductive organs, or unlawfully removing or transplanting organs and/or body tissues or exploiting the labor or ability of a person by another party to obtain benefits both material and immaterial;","The policy’s scope includes exploitation of women and children, explicitly listing practices commonly associated with trafficking in persons (e.g., prostitution, forced labor/services, slavery-like practices), thereby encompassing women victims of trafficking within its addressed forms of violence/exploitation.",Reference only
KALIMANTAN BARAT SANGGAU,KALIMANTAN_BARAT_SANGGAU.txt,1.10,Technology-facilitated violence,scope_of_violence,No,Yes,0.0,1.0,false_positive,Letter a Threat of violence namely any act unlawfully directly or indirectly including through social media networks and communication tools.,"The policy explicitly includes threats of violence carried out directly or indirectly through social media networks and communication tools, which constitutes technology-facilitated violence.",Reference only
KALIMANTAN BARAT SANGGAU,KALIMANTAN_BARAT_SANGGAU.txt,4.2,Gender equality education,primary_prevention,No,Yes,0.0,1.0,false_positive,c. conducting independent socialization of women's rights;,"The policy includes a primary-prevention-oriented educational activity focused on women’s rights through community socialization, which constitutes education/awareness raising about women’s rights (a core component of gender equality-related education).",Reference only
KALIMANTAN BARAT SANGGAU,KALIMANTAN_BARAT_SANGGAU.txt,4.4,Prevention through education,primary_prevention,No,Yes,0.0,1.0,false_positive,"e. providing information regarding the Protection of Women from acts of Violence through communication, information and education (KIE) media.","The policy explicitly includes providing information through communication, information and education (KIE) media as part of prevention efforts for violence against women, making education an explicit prevention strategy.",Reference only
KALIMANTAN BARAT SANGGAU,KALIMANTAN_BARAT_SANGGAU.txt,6.2,Women victims of trafficking,intersectional_approach,No,Yes,0.0,1.0,false_positive,"b. acts with or without the consent of the Victim which include but are not limited to prostitution, forced labor or services, slavery or similar practices, oppression, extortion, exploitation of physical, sexual, reproductive organs, or unlawfully removing or transplanting organs and/or body tissues or exploiting the labor or ability of a person by another party to obtain material or immaterial benefits; and/or
5. Law Number 21 of 2017 concerning Eradication of the Crime of Trafficking in Persons (State Gazette of the Republic of Indonesia of 2007 Number 58, Supplement to the State Gazette of the Republic of Indonesia Number 4720);","The policy’s scope includes exploitation that explicitly covers forced labor/services, slavery-like practices, and related exploitation commonly associated with trafficking, and it also references the national law on trafficking in persons, indicating inclusion of trafficking-related victimization within its scope.",Reference only
KALIMANTAN BARAT SANGGAU,KALIMANTAN_BARAT_SANGGAU.txt,6.8,Women in legal process,intersectional_approach,No,Yes,0.0,1.0,false_positive,i. obtain facilitation in the judicial process; and,"The policy explicitly provides a right for women victims of violence to obtain facilitation in the judicial process, which constitutes protection/service related to involvement in legal proceedings (at least as victims).",Reference only
KALIMANTAN BARAT SINGKAWANG KOTA,KALIMANTAN_BARAT_SINGKAWANG_KOTA.txt,1.5,Economic violence,scope_of_violence,Yes,No,1.0,0.0,false_negative,,"While the policy mentions neglect and economic exploitation (primarily in relation to children) and provides economic support as a prevention measure, the provided sentences do not explicitly frame economic violence/economic exploitation/domestic neglect as a form of violence against women specifically.",Reference only
KALIMANTAN BARAT SINGKAWANG KOTA,KALIMANTAN_BARAT_SINGKAWANG_KOTA.txt,4.4,Prevention through education,primary_prevention,No,Yes,0.0,1.0,false_positive,"e. providing education for victims of violence and vulnerable groups;
f. organizing family support in the form of family parenting education, child parenting education, family mediation, and economic support;","The policy lists education-related actions within its prevention and protection efforts, including providing education for victims and vulnerable groups and organizing parenting education as part of prevention/protection measures against violence affecting women and children.",Reference only
KALIMANTAN BARAT SINGKAWANG KOTA,KALIMANTAN_BARAT_SINGKAWANG_KOTA.txt,5.3,Traditional/cultural engagement,stakeholder_engagement,Yes,No,1.0,0.0,false_negative,,"While the text mentions “community leaders” and “community institutions,” it does not explicitly reference traditional/customary/cultural leaders or customary mechanisms for implementation, coordination, services, or dispute resolution.",Reference only
KALIMANTAN BARAT SINGKAWANG KOTA,KALIMANTAN_BARAT_SINGKAWANG_KOTA.txt,6.10,Refugee/forced displacement,intersectional_approach,No,Yes,0.0,1.0,false_positive,Special protection for children who become refugees as referred to in Article 43 letter a is implemented in accordance with the provisions of Laws and Regulations.,The policy explicitly provides special protection for children who become refugees.,Reference only
KALIMANTAN BARAT SINTANG,KALIMANTAN_BARAT_SINTANG.txt,1.9,Sexual slavery/exploitation,scope_of_violence,Yes,No,1.0,0.0,false_negative,,"While sexual violence is defined and includes forced sexual intercourse for commercial purposes, the candidate sentences do not explicitly include sexual exploitation or sexual slavery as such.",Reference only
KALIMANTAN BARAT SINTANG,KALIMANTAN_BARAT_SINTANG.txt,2.5,Training and capacity building,institutional_mechanism,No,Yes,0.0,1.0,false_positive,"1. Guidance on the implementation of protection for women and children is carried out by relevant Agencies in accordance with their respective main duties and functions.
2. Guidance as referred to in paragraph (1) is in the form of providing guidelines that include technical implementation of protection for women and children.","The policy provides for guidance on implementation by relevant agencies and specifies that such guidance includes providing guidelines covering technical implementation, which constitutes technical guidance/capacity support for implementers.",Reference only
KALIMANTAN BARAT SINTANG,KALIMANTAN_BARAT_SINTANG.txt,4.4,Prevention through education,primary_prevention,No,Yes,0.0,1.0,false_positive,b. implementing education on anti-violence values against women and children;,"Education is explicitly identified as part of the regional government’s efforts to prevent the occurrence of violence, through implementing education on anti-violence values against women and children.",Reference only
KALIMANTAN BARAT SINTANG,KALIMANTAN_BARAT_SINTANG.txt,5.5,International organisations engagement,stakeholder_engagement,No,Yes,0.0,1.0,false_positive,"a. obtain protection from the community and government as well as non-governmental institutions at the local, national and international levels;","The policy states that victims have the right to protection from non-governmental institutions at local, national, and international levels, which implies engagement/availability of international non-governmental/international actors in protection.",Reference only
KALIMANTAN BARAT SINTANG,KALIMANTAN_BARAT_SINTANG.txt,5.6,Media engagement,stakeholder_engagement,No,Yes,0.0,1.0,false_positive,"k. obtain protection from the disclosure of identity through mass media.
g. maintain the privacy and confidentiality of victims from all parties who have no interest, including reporting by mass media;","The policy explicitly references mass media in relation to protecting victims’ identity and confidentiality, indicating recognition of media as a relevant stakeholder/actor that must be managed within protection and service delivery.",Reference only
KALIMANTAN SELATAN BALANGAN,KALIMANTAN_SELATAN_BALANGAN.txt,2.5,Training and capacity building,institutional_mechanism,No,Yes,0.0,1.0,false_positive,d. education and training division.,"The policy includes an 'education and training division' within the P2TP2A membership structure, indicating provision for training/capacity-building functions as part of implementation arrangements.",Reference only
KALIMANTAN SELATAN BALANGAN,KALIMANTAN_SELATAN_BALANGAN.txt,3.7,Psychosocial counselling,specialised_support_services,Yes,No,1.0,0.0,false_negative,,"The candidate sentences mention social rehabilitation and define service broadly (including counseling/therapy), but they do not explicitly state that psychosocial or psychological counselling services are provided to victims as a specific service.",Reference only
KALIMANTAN SELATAN BALANGAN,KALIMANTAN_SELATAN_BALANGAN.txt,3.8,Religious/spiritual counselling,specialised_support_services,No,Yes,0.0,1.0,false_positive,(2) Increasing resilience as referred to in paragraph (1) by providing guidance and accompaniment for mental spiritual strengthening in the form of religious knowledge.,The policy specifies guidance and accompaniment for mental-spiritual strengthening in the form of religious knowledge as part of empowerment for victims.,Reference only
KALIMANTAN SELATAN BALANGAN,KALIMANTAN_SELATAN_BALANGAN.txt,4.1,Information and education about VAW,primary_prevention,No,Yes,0.0,1.0,false_positive,"d. increasing the role of mass media in providing dissemination and information on the protection of women and children;
e. regular counseling or socialization of laws and regulations related to the protection of women and children;
e. independently socializing the rights of women and children;","The policy includes preventive activities involving dissemination of information via mass media and regular counseling/socialization of relevant laws and regulations for protection of women and children, and it also mentions community participation through independently socializing women’s and children’s rights—these constitute awareness/education measures related to preventing violence against women (and children).",Reference only
KALIMANTAN SELATAN BALANGAN,KALIMANTAN_SELATAN_BALANGAN.txt,4.4,Prevention through education,primary_prevention,No,Yes,0.0,1.0,false_positive,e. regular counseling or socialization of laws and regulations related to the protection of women and children;,"Education is included as part of early prevention efforts through regular counseling/socialization of laws and regulations related to protection of women and children, indicating education is used as a strategy to prevent violence.",Reference only
KALIMANTAN SELATAN BALANGAN,KALIMANTAN_SELATAN_BALANGAN.txt,5.4,Education institutions engagement,stakeholder_engagement,No,Yes,0.0,1.0,false_positive,"The membership of the Integrated Service Center for the Empowerment of Women and Children (P2TP2A) consists of elements of relevant agencies, vertical agencies, law enforcement, community organizations, non-governmental organizations, researchers, academics and religious, customary, community leaders and activists for the protection of women and children in the region.","The policy includes academics among the membership elements of the integrated service center, which constitutes engagement of the education sector in implementation/coordination of protection activities.",Reference only
KALIMANTAN SELATAN BARITO KUALA,KALIMANTAN_SELATAN_BARITO_KUALA.txt,3.8,Religious/spiritual counselling,specialised_support_services,Yes,No,1.0,0.0,false_negative,,"Although implementation involves an SKPD field described as 'mental and spiritual', the provided sentences do not explicitly state that religious/spiritual counselling or faith-based mentoring is offered as a service to victims.",Reference only
KALIMANTAN SELATAN HULU SUNGAI SELATAN,KALIMANTAN_SELATAN_HULU_SUNGAI_SELATAN.txt,4.3,VAW laws awareness,primary_prevention,No,Yes,0.0,1.0,false_positive,e. disseminating information about laws and regulations related to acts of violence against women and children.,The policy includes a primary prevention activity that disseminates information about laws and regulations related to acts of violence against women and children.,Reference only
KALIMANTAN SELATAN HULU SUNGAI SELATAN,KALIMANTAN_SELATAN_HULU_SUNGAI_SELATAN.txt,5.3,Traditional/cultural engagement,stakeholder_engagement,No,Yes,0.0,1.0,false_positive,c. fostering local wisdom in handling cases of acts of violence;,"The policy explicitly references the use of local wisdom in handling cases of violence, indicating engagement with customary/cultural mechanisms in implementation.",Reference only
KALIMANTAN SELATAN HULU SUNGAI UTARA,KALIMANTAN_SELATAN_HULU_SUNGAI_UTARA.txt,1.8,Human trafficking,scope_of_violence,No,Yes,0.0,1.0,false_positive,"13. Law Number 21 of 2007 concerning the Eradication of the Criminal Act of Trafficking in Persons (PTPPO) (State Gazette of the Republic of Indonesia of 2007 Number 58, Supplement to the State Gazette of the Republic of Indonesia Number 4720);","The policy explicitly references the law on eradication of trafficking in persons, indicating trafficking is included in the policy context.",Reference only
KALIMANTAN SELATAN HULU SUNGAI UTARA,KALIMANTAN_SELATAN_HULU_SUNGAI_UTARA.txt,3.8,Religious/spiritual counselling,specialised_support_services,Yes,No,1.0,0.0,false_negative,,"While the policy references an SKPD field of 'mental and spiritual' in service implementation, the provided sentences do not explicitly describe religious/spiritual counselling, guidance, or faith-based mentoring as a service available to victims.",Reference only
KALIMANTAN SELATAN HULU SUNGAI UTARA,KALIMANTAN_SELATAN_HULU_SUNGAI_UTARA.txt,6.2,Women victims of trafficking,intersectional_approach,No,Yes,0.0,1.0,false_positive,"13. Law Number 21 of 2007 concerning the Eradication of the Criminal Act of Trafficking in Persons (PTPPO) (State Gazette of the Republic of Indonesia of 2007 Number 58, Supplement to the State Gazette of the Republic of Indonesia Number 4720);
Government Regulation Number 9 of 2008 concerning Procedures and Mechanisms for Integrated Services for Witnesses and/or Victims of the Criminal Act of Trafficking in Persons (State Gazette of the Republic of Indonesia of 2008 Number 22, Supplement to the State Gazette of the Republic of Indonesia Number 4818);","The policy’s legal basis explicitly references trafficking in persons, including the national anti-trafficking law and an implementing regulation on integrated services for witnesses/victims of trafficking, indicating trafficking victims are within the policy’s scope.",Reference only
KALIMANTAN SELATAN KOTABARU,KALIMANTAN_SELATAN_KOTABARU.txt,4.2,Gender equality education,primary_prevention,No,Yes,0.0,1.0,false_positive,"c. conduct socialization of women's and children's rights independently;
b. justice and gender equality;","The policy includes community-led socialization of women’s and children’s rights and explicitly adopts “justice and gender equality” as a guiding principle, indicating educational/socialization activity related to women’s rights and gender equality.",Reference only
KALIMANTAN SELATAN KOTABARU,KALIMANTAN_SELATAN_KOTABARU.txt,4.4,Prevention through education,primary_prevention,No,Yes,0.0,1.0,false_positive,"a. socialization activities of laws and regulations related to the protection of Children and Women to the wider community in the region;
g. counseling/socialization in the form of raising awareness of the wider community down to the smallest community groups (families), especially parents to protect women and children.","The policy frames prevention as including socialization of relevant laws/regulations and counseling/socialization to raise awareness in the community (including families/parents) to protect women and children, making education/socialization an explicit prevention strategy.",Reference only
KALIMANTAN SELATAN TABALONG,KALIMANTAN_SELATAN_TABALONG.txt,1.5,Economic violence,scope_of_violence,Yes,No,1.0,0.0,false_negative,,"None of the provided sentences explicitly mention economic violence, economic exploitation, or domestic neglect as a form of violence; the text only refers generally to violence (physical/sexual/psychological) and protection measures.",Reference only
KALIMANTAN SELATAN TABALONG,KALIMANTAN_SELATAN_TABALONG.txt,2.3,Data collection systems,institutional_mechanism,No,Yes,0.0,1.0,false_positive,"g. case recording; and
1. The Regent is responsible for making reports on the implementation of P2TP2A for Protection of Women and Children in the Region.","The policy includes case recording within the P2TP2A handling flow and assigns the Regent responsibility for reporting on implementation of P2TP2A, which together constitute requirements for documenting and reporting information related to cases/implementation.",Reference only
KALIMANTAN SELATAN TABALONG,KALIMANTAN_SELATAN_TABALONG.txt,4.1,Information and education about VAW,primary_prevention,No,Yes,0.0,1.0,false_positive,b. conduct socialization of the rights of Women and Children independently;,"The policy includes a community participation provision that explicitly mentions conducting socialization of the rights of women and children, which is an awareness/education activity linked to preventing violence against women and children.",Reference only
KALIMANTAN SELATAN TANAH BUMBU,KALIMANTAN_SELATAN_TANAH_BUMBU.txt,1.6,Harmful practices,scope_of_violence,No,Yes,0.0,1.0,false_positive,"1. Children's Rights, Child Protection, prevention of child marriage and Child rearing; and","The policy explicitly mentions prevention of child marriage as part of community awareness and education, which is a harmful practice affecting girls.",Reference only
KALIMANTAN SELATAN TANAH BUMBU,KALIMANTAN_SELATAN_TANAH_BUMBU.txt,2.3,Data collection systems,institutional_mechanism,No,Yes,0.0,1.0,false_positive,"c. enhance institutional capacity for Women Empowerment and Child Protection in the Region, including the development of gender and Child data systems; and
1. prevention, supervision, complaints/reporting, and development of Child data information systems;","The text references development of gender and child data systems and explicitly includes development of child data information systems within child protection mechanisms, which constitutes establishing/requiring data systems relevant to protection and violence-related handling.",Reference only
KALIMANTAN SELATAN TANAH BUMBU,KALIMANTAN_SELATAN_TANAH_BUMBU.txt,2.5,Training and capacity building,institutional_mechanism,No,Yes,0.0,1.0,false_positive,"c. enhancing the capacity of Child Protection services which includes the development of institutional capacity and service provider personnel.
i. training;","The policy calls for enhancing the capacity of child protection services including development of institutional capacity and service provider personnel, and it explicitly lists training as a form of community participation strengthening, reflecting capacity-building provisions.",Reference only
KALIMANTAN SELATAN TANAH BUMBU,KALIMANTAN_SELATAN_TANAH_BUMBU.txt,4.3,VAW laws awareness,primary_prevention,Yes,No,1.0,0.0,false_negative,,"The retrieved sentences include dissemination/socialization of laws and regulations, but only in relation to protection of children exploited economically/sexually, not laws/policies specifically about violence against women. Other passages refer to preventing VAW generally but do not mention educating the public about VAW laws or policies.",Reference only
KALIMANTAN SELATAN TANAH BUMBU,KALIMANTAN_SELATAN_TANAH_BUMBU.txt,4.4,Prevention through education,primary_prevention,No,Yes,0.0,1.0,false_positive,"b. raising awareness and attitudes of the Community through socialization, education, and information regarding:","The policy explicitly links prevention to education by stating that child protection implementation includes raising community awareness and attitudes through socialization, education, and information about children’s rights/child protection and the impacts of violence, exploitation, maltreatment, and neglect—an explicit education-based prevention strategy for violence against children.",Reference only
KALIMANTAN SELATAN TANAH BUMBU,KALIMANTAN_SELATAN_TANAH_BUMBU.txt,5.4,Education institutions engagement,stakeholder_engagement,No,Yes,0.0,1.0,false_positive,"2. education;
a. receiving attention and guidance from teachers and/or mentors without discrimination;","The policy includes the education sector in implementation by requiring involvement of regional apparatus responsible for education, and it references schools/teachers in protection measures for school-age children.",Reference only
KALIMANTAN SELATAN TANAH BUMBU,KALIMANTAN_SELATAN_TANAH_BUMBU.txt,5.6,Media engagement,stakeholder_engagement,No,Yes,0.0,1.0,false_positive,"The implementation of governmental affairs in the field of Women's Empowerment and Child Protection aims to increase efforts to Protect the rights of Women, fulfill Children's Rights and Special Protection of Children and increase the role of Regional Government and the business world, media and the Community in efforts to Empower Women and Protect Children.","The policy explicitly recognizes the media as having a role alongside government, business, and the community in efforts to empower women and protect children.",Reference only
KALIMANTAN SELATAN TANAH BUMBU,KALIMANTAN_SELATAN_TANAH_BUMBU.txt,6.9,Indigenous people/groups,intersectional_approach,No,Yes,0.0,1.0,false_positive,"1. Special Protection for Children from isolated indigenous communities as referred to in Article 36 letter c shall be carried out through the provision of facilities and infrastructure to be able to enjoy their own culture, acknowledge and practice their own religion, and use their own language.","The policy includes special protection measures for members of isolated indigenous communities (explicitly for children), demonstrating that indigenous groups are covered by special protection measures in the policy text provided.",Reference only
KALIMANTAN SELATAN TANAH BUMBU,KALIMANTAN_SELATAN_TANAH_BUMBU.txt,6.10,Refugee/forced displacement,intersectional_approach,No,Yes,0.0,1.0,false_positive,"21. Child in emergency situation is a Child who is in a situation and condition that endangers them such as a Child victim of riots, a Child who becomes a refugee, a Child victim of natural disasters and a Child in armed conflict.
Special Protection for Children in emergency situations and conflict Areas as referred to in Article 36 letter a shall be in the form of fulfillment of basic needs consisting of:","The policy defines emergency situations to include becoming a refugee and provides special protection in emergency situations/conflict areas through fulfillment of basic needs, indicating special protection measures for refugee/displacement contexts (as framed for children).",Reference only
KALIMANTAN SELATAN TAPIN,KALIMANTAN_SELATAN_TAPIN.txt,1.5,Economic violence,scope_of_violence,Yes,No,1.0,0.0,false_negative,,"The provided sentences define gender-based violence in physical/sexual/psychological terms and discuss protection/empowerment generally, but they do not explicitly mention economic violence, economic exploitation, or domestic neglect as a form of violence.",Reference only
KALIMANTAN SELATAN TAPIN,KALIMANTAN_SELATAN_TAPIN.txt,2.5,Training and capacity building,institutional_mechanism,No,Yes,0.0,1.0,false_positive,"(4) The implementation as referred to in paragraph (3) is in the form of: policy analysis, coordination, advocacy, socialization, communication, information, and education (KIE), training, service facilitation, service provision, model development, and other forms.","The policy includes training as a form of implementation activity, indicating provision for capacity-building measures within implementation of women’s protection policies and programs.",Reference only
KALIMANTAN SELATAN TAPIN,KALIMANTAN_SELATAN_TAPIN.txt,4.1,Information and education about VAW,primary_prevention,No,Yes,0.0,1.0,false_positive,"(1) The Regent implements policies, programs and activities for the protection of women, to eliminate all forms of discrimination and violence against women in the region.
(4) The implementation as referred to in paragraph (3) is in the form of: policy analysis, coordination, advocacy, socialization, communication, information, and education (KIE), training, service facilitation, service provision, model development, and other forms.","The policy mandates implementation of programs to eliminate violence against women and specifies that implementation can include socialization, communication, information, and education (KIE), which constitutes awareness/education activities related to VAW prevention.",Reference only
KALIMANTAN SELATAN TAPIN,KALIMANTAN_SELATAN_TAPIN.txt,4.2,Gender equality education,primary_prevention,No,Yes,0.0,1.0,false_positive,"(1) In order to improve the position, role, and quality of women, as well as efforts to realize gender equality and justice in family life, society, nation, and state, women must be empowered.
(4) The implementation as referred to in paragraph (3) is in the form of: policy analysis, coordination, advocacy, socialization, communication, information, and education (KIE), training, service facilitation, service provision, model development, and other forms.","The policy explicitly aims to realize gender equality and justice and provides for implementation modalities including advocacy, socialization, communication, information, education (KIE), and training, which are educational/awareness-raising activities that can address gender equality and women’s rights.",Reference only
KALIMANTAN SELATAN TAPIN,KALIMANTAN_SELATAN_TAPIN.txt,4.4,Prevention through education,primary_prevention,No,Yes,0.0,1.0,false_positive,"(1) The Regent implements policies, programs and activities for the protection of women, to eliminate all forms of discrimination and violence against women in the region.
(4) The implementation as referred to in paragraph (3) is in the form of: policy analysis, coordination, advocacy, socialization, communication, information, and education (KIE), training, service facilitation, service provision, model development, and other forms.","The policy’s objective includes eliminating violence against women, and it explicitly lists education/information/communication (KIE) among implementation forms, indicating education as a strategy within efforts aimed at preventing/eliminating VAW.",Reference only
KALIMANTAN SELATAN TAPIN,KALIMANTAN_SELATAN_TAPIN.txt,5.8,Private sector engagement,stakeholder_engagement,Yes,No,1.0,0.0,false_negative,,"The candidate sentences do not reference businesses, employers, private companies, or the private sector as stakeholders; mentions of “workers” relate to beneficiary categories rather than private-sector engagement in implementation or services.",Reference only
KALIMANTAN SELATAN TAPIN,KALIMANTAN_SELATAN_TAPIN.txt,7.2,National government budget,budget_funding_sources,No,Yes,0.0,1.0,false_positive,"(2) In the event that the region receives funding assistance for the implementation of policies, programs and activities for the protection of women from the Government, it shall be implemented in accordance with the provisions of laws and regulations.","The policy explicitly mentions the possibility of receiving funding assistance from “the Government,” indicating national-level government funding support.",Reference only
KALIMANTAN TENGAH BARITO TIMUR,KALIMANTAN_TENGAH_BARITO_TIMUR.txt,4.2,Gender equality education,primary_prevention,No,Yes,0.0,1.0,false_positive,c. conduct independent socialization of the rights of women and children;,"The policy explicitly mentions community participation through independent socialization of the rights of women and children, which constitutes awareness-raising/education about women’s rights (a core component of gender equality education).",Reference only
KALIMANTAN TENGAH BARITO TIMUR,KALIMANTAN_TENGAH_BARITO_TIMUR.txt,4.4,Prevention through education,primary_prevention,No,Yes,0.0,1.0,false_positive,"a. socialization activities of laws and regulations related to the protection of children and women to the wider community in the region;
b. activities to disseminate information on the protection of women and children so that it is known by all people in the region through the distribution of brochures, leaflets, pamphlets, or notice boards so that incidents of violence, exploitation, and neglect can be reported as soon as possible and can be handled before reaching the worst condition;
g. counseling/socialization in the form of raising awareness of the wider community down to the smallest community groups (families), especially parents, to protect women and children.","The policy frames prevention as including educational/communication strategies—socialization of relevant laws, dissemination of information, and counseling/socialization to raise awareness—explicitly as forms of prevention of violence, exploitation, trafficking, and neglect affecting women and children.",Reference only
KALIMANTAN TENGAH GUNUNG MAS,KALIMANTAN_TENGAH_GUNUNG_MAS.txt,1.5,Economic violence,scope_of_violence,Yes,No,1.0,0.0,false_negative,,"While the policy discusses economic responsibilities and women's economic empowerment, the provided sentences do not explicitly or implicitly define economic violence, economic exploitation of women, or domestic neglect as a form of violence against women.",Reference only
KALIMANTAN TENGAH GUNUNG MAS,KALIMANTAN_TENGAH_GUNUNG_MAS.txt,1.9,Sexual slavery/exploitation,scope_of_violence,No,Yes,0.0,1.0,false_positive,d. children who are exploited economically and/ or sexually;,The policy explicitly includes sexual exploitation by listing children who are exploited sexually as a category receiving special protection.,Reference only
KALIMANTAN TENGAH GUNUNG MAS,KALIMANTAN_TENGAH_GUNUNG_MAS.txt,4.2,Gender equality education,primary_prevention,No,Yes,0.0,1.0,false_positive,"providing communication and information through socialization and education regarding the rights of Women and Children;
Point c What is meant by the responsibility for the protection of the rights of Women in the field of Politics is that the Regional Government is responsible for facilitating the improvement of Women's knowledge - 26 - in the field of politics through socialization to increase awareness of Women's rights and Women's participation in the field of politics, encouraging increased involvement of Women in community organizations and decision-making activities within the Regional Government, encouraging the establishment of Women's organizations/forums.","The policy includes socialization/education activities aimed at increasing awareness of women’s rights, including community-provided socialization and government-facilitated socialization to increase awareness of women’s rights and participation, which fits primary prevention education/awareness on women’s rights.",Reference only
KALIMANTAN TENGAH GUNUNG MAS,KALIMANTAN_TENGAH_GUNUNG_MAS.txt,4.4,Prevention through education,primary_prevention,No,Yes,0.0,1.0,false_positive,b. conducting education on anti-Violence values against Women and Children; and,"The policy explicitly lists education on anti-violence values as a form of prevention efforts against violence against women and children, making education an explicit prevention strategy.",Reference only
KALIMANTAN TENGAH GUNUNG MAS,KALIMANTAN_TENGAH_GUNUNG_MAS.txt,5.6,Media engagement,stakeholder_engagement,No,Yes,0.0,1.0,false_positive,"Letter c What is meant by ""socialization"" is the dissemination of information on laws and regulations carried out through mass media, electronic media, and/or direct counseling to the Community.","The policy explicitly references dissemination of information through mass media and electronic media as part of socialization, indicating recognition/engagement of media channels in prevention-related communication.",Reference only
KALIMANTAN TENGAH GUNUNG MAS,KALIMANTAN_TENGAH_GUNUNG_MAS.txt,6.5,People with disability,intersectional_approach,No,Yes,0.0,1.0,false_positive,l. children with disabilities;,"The policy explicitly includes “children with disabilities” as a group receiving special protection, indicating disability-targeted special protection measures exist (though framed for children rather than women).",Reference only
KALIMANTAN TENGAH GUNUNG MAS,KALIMANTAN_TENGAH_GUNUNG_MAS.txt,6.10,Refugee/forced displacement,intersectional_approach,No,Yes,0.0,1.0,false_positive,"Letter e What is meant by ""special protection"" is that Children who need special protection are children in emergency situations such as children who become refugees, victims of riots, victims of natural disasters and children in situations of armed conflict; children in conflict with the law; children from minority and isolated groups; children who are exploited economically and/or sexually; children who are trafficked; children who are victims of narcotics, alcohol, psychotropic, and other addictive substance abuse; children who are victims of pornography; children with HIV/AIDS; children who are victims of kidnapping and trafficking; children who are victims of Violence both physical and/or mental and sexual; children who are victims of terrorism networks; children with disabilities; children who are victims of abuse and neglect; children with deviant social behavior; children who are victims of stigmatization from labeling related to their parents' condition.","The policy’s explanation of “special protection” explicitly includes children who become refugees as part of emergency situations, indicating special protection measures for refugee/forced displacement contexts (again framed for children).",Reference only
KALIMANTAN TENGAH KATINGAN,KALIMANTAN_TENGAH_KATINGAN.txt,2.1,Institutional network,institutional_mechanism,No,Yes,0.0,1.0,false_positive,"1. The established UPTD PPA may accommodate institutions/work units that provide services for victims of violence such as safe houses, social protection houses for Children, trauma center protection houses, women's social protection houses, shelters and other service activities in accordance with applicable Laws and Regulations.
3. The responsibility of the Regional Government in efforts to protect women and children as referred to in Article 7 paragraph (1) shall be carried out by Regional Apparatus in accordance with their duties and functions.","The policy establishes UPTD PPA as an integrated service organizer that can accommodate multiple service institutions/work units, indicating an institutional coordination mechanism. It also assigns implementation responsibility to Regional Apparatus according to their duties and functions, supporting coordinated implementation across government units.",Reference only
KALIMANTAN TENGAH KATINGAN,KALIMANTAN_TENGAH_KATINGAN.txt,2.2,Collaboration with NGOs,institutional_mechanism,No,Yes,0.0,1.0,false_positive,"h. cooperating with the community and/or community organizations in the implementation of protection of women in accordance with laws and regulations;
2. Community participation as referred to in paragraph (1) shall be carried out by individuals, family partners, community social institutions, non-governmental organizations, educational institutions, religious institutions, the private sector, and mass media.
3. For the implementation of services as referred to in paragraph (2), the Regional Government may utilize social protection houses and/or Safe Houses owned by the community or other social service institutions.","The policy explicitly provides for cooperation with the community and/or community organizations, and identifies non-governmental organizations among participating actors. It also allows the government to utilize safe houses/social protection houses owned by the community or other social service institutions, indicating collaboration with non-government service providers.",Reference only
KALIMANTAN TENGAH KATINGAN,KALIMANTAN_TENGAH_KATINGAN.txt,2.3,Data collection systems,institutional_mechanism,No,Yes,0.0,1.0,false_positive,"1. The Regent is responsible for making reports on the implementation of SPM through UPTD PPA, submitted to the Governor with copies submitted to the State Minister for Women's Empowerment and Child Protection and the Minister of Home Affairs.
2. Reporting of implementation as referred to in paragraph (1) shall be conducted annually.","The policy assigns responsibility to the Regent to make reports on implementation of minimum service standards through UPTD PPA and specifies annual reporting, which constitutes an institutionalized reporting/monitoring information function related to implementation.",Reference only
KALIMANTAN TENGAH KATINGAN,KALIMANTAN_TENGAH_KATINGAN.txt,4.1,Information and education about VAW,primary_prevention,No,Yes,0.0,1.0,false_positive,c. conduct socialization of the rights of Women and Children independently;,The policy includes an explicit community-based prevention activity—conducting socialization of the rights of women and children—which constitutes awareness/education related to preventing violence against women and children.,Reference only
KALIMANTAN TENGAH KATINGAN,KALIMANTAN_TENGAH_KATINGAN.txt,4.2,Gender equality education,primary_prevention,No,Yes,0.0,1.0,false_positive,c. conduct socialization of the rights of Women and Children independently;,"The policy explicitly mentions conducting socialization of the rights of women and children, which is an educational/awareness activity about women’s/children’s rights and thus aligns with primary prevention through rights-based education.",Reference only
KALIMANTAN TENGAH KOTAWARINGIN TIMUR,KALIMANTAN_TENGAH_KOTAWARINGIN_TIMUR.txt,3.2,Police specialised service unit,specialised_support_services,No,Yes,0.0,1.0,false_positive,"This service unit can be located at the Integrated Service Center (PPT) and Integrated Crisis Center (PKT) based in Hospitals, Community Health Centers (Puskesmas), Integrated Service Center for Women and Child Empowerment (P2TP2A), Women and Children Service Unit (UPPA), Trauma Center Shelter (RPTC), Children's Social Shelter (RPSA), BP4, and other faith-based/community religious institutions, prosecutor's office, court, Women Crisis Center (WCC), and other similar institutions.","The policy explicitly mentions that the unified integrated service unit can be located at the Women and Children Service Unit (UPPA), which is a specialized unit within the policing context, indicating the existence of a specialized service unit in/at police offices.",Reference only
KALIMANTAN TENGAH KOTAWARINGIN TIMUR,KALIMANTAN_TENGAH_KOTAWARINGIN_TIMUR.txt,4.1,Information and education about VAW,primary_prevention,No,Yes,0.0,1.0,false_positive,"d. Conducting socialization regarding laws and regulations related to the protection of women and children victims of violence; and
e. Providing critical education on the rights of women and children to the community.","The policy includes preventive activities involving communication/education, including socialization about laws and regulations related to protection of women and children victims of violence and providing critical education on the rights of women and children to the community.",Reference only
KALIMANTAN TENGAH KOTAWARINGIN TIMUR,KALIMANTAN_TENGAH_KOTAWARINGIN_TIMUR.txt,4.4,Prevention through education,primary_prevention,No,Yes,0.0,1.0,false_positive,"e. Providing critical education on the rights of women and children to the community.
The purpose of implementing critical education is to assist decision-making and prevent becoming a victim of repeated violence.","The policy explicitly uses education as a prevention strategy by requiring critical education on the rights of women and children, and stating that the purpose of critical education is to prevent becoming a victim of repeated violence.",Reference only
KALIMANTAN TENGAH LAMANDAU,KALIMANTAN_TENGAH_LAMANDAU.txt,2.4,Gender mainstreaming institutionalisation,institutional_mechanism,Yes,No,1.0,0.0,false_negative,,"While the policy references principles such as justice and gender equality, none of the provided sentences establish or require gender mainstreaming as an institutional mechanism for implementing women’s protection/VAW policies and programs.",Reference only
KALIMANTAN TENGAH LAMANDAU,KALIMANTAN_TENGAH_LAMANDAU.txt,3.9,Resocialisation services,specialised_support_services,Yes,No,1.0,0.0,false_negative,,"While the policy mentions victim recovery and rehabilitation of health, the cited text does not explicitly establish resocialisation/reintegration services or a unit providing such reintegration-focused support.",Reference only
KALIMANTAN TENGAH LAMANDAU,KALIMANTAN_TENGAH_LAMANDAU.txt,4.1,Information and education about VAW,primary_prevention,No,Yes,0.0,1.0,false_positive,"b. Protection of women and children from violence and human trafficking.
c. Communication, information and education.","The policy lists P2TP2A programs that include protection of women and children from violence and human trafficking and explicitly includes ""communication, information and education"" as a program area, indicating awareness/education activities linked to violence prevention.",Reference only
KALIMANTAN TENGAH LAMANDAU,KALIMANTAN_TENGAH_LAMANDAU.txt,5.4,Education institutions engagement,stakeholder_engagement,No,Yes,0.0,1.0,false_positive,"c. academic elements.
5. Children in and around schools must be protected from acts of violence committed by teachers, school administrators or their friends in the school concerned or other educational institutions.","The policy includes 'academic elements' in the membership of the service center (P2TP2A), and it also addresses protection of children in and around schools and other educational institutions, indicating engagement of the education sector in protection implementation.",Reference only
KALIMANTAN TENGAH LAMANDAU,KALIMANTAN_TENGAH_LAMANDAU.txt,6.5,People with disability,intersectional_approach,No,Yes,0.0,1.0,false_positive,"The Government and other state institutions are obligated and responsible to provide special protection to children in emergency situations, children in conflict with the law, children from minority and isolated groups, children exploited economically and/or sexually, children who are trafficked, children who are victims of narcotics, alcohol, psychotropic and other addictive substance abuse (napza), children victims of kidnapping, sale and trafficking, children victims of violence both physical and/or mental, children with disabilities, and children victims of maltreatment and neglect.","The policy includes special protection for children with disabilities, indicating disability-targeted special protection measures are within scope (though framed for children rather than women specifically).",Reference only
KALIMANTAN TENGAH PALANGKA RAYA KOTA,KALIMANTAN_TENGAH_PALANGKA_RAYA_KOTA.txt,1.9,Sexual slavery/exploitation,scope_of_violence,No,Yes,0.0,1.0,false_positive,d. children who are exploited economically and/or sexually;,"The policy explicitly includes children who are exploited sexually as a category requiring special protection, which covers sexual exploitation.",Reference only
KALIMANTAN TENGAH PALANGKA RAYA KOTA,KALIMANTAN_TENGAH_PALANGKA_RAYA_KOTA.txt,4.2,Gender equality education,primary_prevention,No,Yes,0.0,1.0,false_positive,a. providing communication and information through socialization and education regarding the rights of Women  and Children;,"The policy includes community-led socialization and education activities regarding the rights of women (and children), which qualifies as primary prevention education/awareness raising about women’s rights.",Reference only
KALIMANTAN TENGAH PALANGKA RAYA KOTA,KALIMANTAN_TENGAH_PALANGKA_RAYA_KOTA.txt,4.4,Prevention through education,primary_prevention,No,Yes,0.0,1.0,false_positive,b. conducting education on anti-violence values against Women and Children; and,"The policy explicitly frames education on anti-violence values against women and children as a form of prevention, making education an explicit prevention strategy.",Reference only
KALIMANTAN TENGAH PALANGKA RAYA KOTA,KALIMANTAN_TENGAH_PALANGKA_RAYA_KOTA.txt,6.5,People with disability,intersectional_approach,No,Yes,0.0,1.0,false_positive,l. children with disabilities;,"The policy explicitly includes “children with disabilities” as a category receiving special protection, indicating that people with disabilities (at least in the child category) are covered by special protection measures.",Reference only
KALIMANTAN TENGAH PULANG PISAU,KALIMANTAN_TENGAH_PULANG_PISAU.txt,4.2,Gender equality education,primary_prevention,No,Yes,0.0,1.0,false_positive,"c. ensuring gender equality and children's rights are respected, without discrimination based on gender or age;
d. responsible for raising awareness among customary communities regarding the rights of women and children, including awareness of the importance of protection and respect for their rights;
e. organizing counseling and training programs for members of customary communities, especially customary leaders, on the rights of women and children and effective protection methods;","The policy includes awareness-raising, counseling, and training activities focused on women’s/children’s rights and explicitly references ensuring gender equality, which together constitute primary prevention education about gender equality and women’s rights.",Reference only
KALIMANTAN TENGAH PULANG PISAU,KALIMANTAN_TENGAH_PULANG_PISAU.txt,6.3,Women workers,intersectional_approach,No,Yes,0.0,1.0,false_positive,c. providing shelters for female workers at the workplace;,"The policy includes a specific measure for female workers by requiring business entities to provide shelters for female workers at the workplace, which constitutes a targeted protection measure for women workers.",Reference only
KALIMANTAN TENGAH PULANG PISAU,KALIMANTAN_TENGAH_PULANG_PISAU.txt,6.9,Indigenous people/groups,intersectional_approach,No,Yes,0.0,1.0,false_positive,"1. The obligations and responsibilities of Customary Institutions in the implementation of protection for women and children as referred to in Article 6 letter e, include:","The policy explicitly addresses customary institutions (linked to customary communities/masyarakat adat) by setting out their obligations and responsibilities in implementing protection, indicating inclusion of Indigenous/customary community structures within the protection framework.",Reference only
KALIMANTAN TENGAH SUKAMARA,KALIMANTAN_TENGAH_SUKAMARA.txt,1.9,Sexual slavery/exploitation,scope_of_violence,No,Yes,0.0,1.0,false_positive,"b. all work that exploits, provides or offers children for prostitution, pornography production, pornographic performances, or gambling;",The policy explicitly includes sexual exploitation by prohibiting work that exploits/provides/offers children for prostitution and pornography-related activities.,Reference only
KALIMANTAN TENGAH SUKAMARA,KALIMANTAN_TENGAH_SUKAMARA.txt,4.2,Gender equality education,primary_prevention,No,Yes,0.0,1.0,false_positive,"c. conducting counseling on improving gender equality in family and community life;
c. conducting training, socialization, advocacy of gender mainstreaming to all officials and staff within the Regional Apparatus (PD);
b. increases awareness of women's rights;","The policy contains educational/awareness-raising measures specifically related to gender equality and women's rights, including counseling on improving gender equality, training/socialization/advocacy on gender mainstreaming for officials/staff, and community actions to increase awareness of women's rights.",Reference only
KALIMANTAN TENGAH SUKAMARA,KALIMANTAN_TENGAH_SUKAMARA.txt,4.3,VAW laws awareness,primary_prevention,Yes,No,1.0,0.0,false_negative,,"While the policy mentions socialization on preventing violence against women and developing guidelines for handling cases, the provided sentences do not explicitly indicate primary prevention activities that educate the public about specific VAW laws or legal policies (i.e., legal rights/obligations under VAW-related laws).",Reference only
KALIMANTAN TENGAH SUKAMARA,KALIMANTAN_TENGAH_SUKAMARA.txt,4.4,Prevention through education,primary_prevention,No,Yes,0.0,1.0,false_positive,"b. conducts socialization, seminars and counseling regarding child protection and rights;
b. providing training for religious leaders, community leaders, customary leaders, educators, journalists and media managers in order to prevent violence against women and children;","The policy explicitly uses educational approaches (e.g., socialization, seminars, counseling, and training) as strategies connected to preventing violence against children and preventing violence against women and children.",Reference only
KALIMANTAN TENGAH SUKAMARA,KALIMANTAN_TENGAH_SUKAMARA.txt,5.4,Education institutions engagement,stakeholder_engagement,No,Yes,0.0,1.0,false_positive,"1. Every education unit organizer is obligated to provide opportunities for children to obtain services without discrimination.
3. In the event that child victims of violence experience dropping out of school, education unit organizers are obligated to coordinate with related agencies.","The policy assigns obligations to education unit organizers to provide non-discriminatory services and to coordinate with related agencies when child victims of violence drop out, indicating the education sector’s role in protection/service continuity and coordination.",Reference only
KALIMANTAN TENGAH SUKAMARA,KALIMANTAN_TENGAH_SUKAMARA.txt,6.4,Elderly women,intersectional_approach,Yes,No,1.0,0.0,false_negative,,"None of the cited sentences mention elderly women or provide measures specifically targeted to older/elderly women; the provisions are general to women victims of violence, trafficking, or women workers.",Reference only
KALIMANTAN TIMUR BONTANG KOTA,KALIMANTAN_TIMUR_BONTANG_KOTA.txt,1.9,Sexual slavery/exploitation,scope_of_violence,Yes,No,1.0,0.0,false_negative,,"While the policy mentions sexual violence (including forced intercourse for commercial purposes) and human trafficking, none of the provided sentences explicitly mention sexual exploitation or sexual slavery as such.",Reference only
KALIMANTAN TIMUR BONTANG KOTA,KALIMANTAN_TIMUR_BONTANG_KOTA.txt,5.2,Religious engagement,stakeholder_engagement,Yes,No,1.0,0.0,false_negative,,"The candidate sentences mention spiritual guidance/services and a 'mental and spiritual' sector, but they do not explicitly include or reference religious organisations, religious leaders, clergy, or other faith-based actors as stakeholders in delivery, coordination, or implementation.",Reference only
KALIMANTAN TIMUR BONTANG KOTA,KALIMANTAN_TIMUR_BONTANG_KOTA.txt,6.1,Women in conflict/disaster areas,intersectional_approach,Yes,No,1.0,0.0,false_negative,,"The text mentions that the scope of violence includes ""violence in conflict areas,"" but it does not specify any special protection measures tailored to women in conflict, disaster, emergency, or displacement situations; the protection measures described are general for women and children victims of violence.",Reference only
KALIMANTAN TIMUR BONTANG KOTA,KALIMANTAN_TIMUR_BONTANG_KOTA.txt,6.3,Women workers,intersectional_approach,Yes,No,1.0,0.0,false_negative,,"While the policy references workplace violence/discrimination and includes measures like opening employment opportunities and partnerships for women victims of violence, it does not explicitly identify women workers/employees as a specific target group for protection or special measures as workers.",Reference only
KALIMANTAN TIMUR KUTAI BARAT,KALIMANTAN_TIMUR_KUTAI_BARAT.txt,1.8,Human trafficking,scope_of_violence,No,Yes,0.0,1.0,false_positive,"h. Child Victims of kidnapping, sale, and/or trafficking;","The policy explicitly includes trafficking by listing child victims of kidnapping, sale, and/or trafficking as a category eligible for special protection.",Reference only
KALIMANTAN TIMUR KUTAI BARAT,KALIMANTAN_TIMUR_KUTAI_BARAT.txt,3.2,Police specialised service unit,specialised_support_services,Yes,No,1.0,0.0,false_negative,,"The text mentions the need for “special Service rooms within the police force,” but it does not explicitly establish or describe a specialised police service unit for VAW within police offices.",Reference only
KALIMANTAN TIMUR KUTAI BARAT,KALIMANTAN_TIMUR_KUTAI_BARAT.txt,4.4,Prevention through education,primary_prevention,No,Yes,0.0,1.0,false_positive,"b. conducting education on anti-Violence Against Women and Children values; and
c. providing education on the dangers of domestic Violence;","Education is explicitly included as a prevention strategy, including education on anti-violence values and education on the dangers of domestic violence as part of prevention measures.",Reference only
KALIMANTAN TIMUR KUTAI BARAT,KALIMANTAN_TIMUR_KUTAI_BARAT.txt,6.5,People with disability,intersectional_approach,No,Yes,0.0,1.0,false_positive,l. Children with Disabilities;,"The policy explicitly includes a special protection category for 'Children with Disabilities,' indicating targeted special protection measures for persons with disabilities (at least within the child-protection component).",Reference only
KALIMANTAN TIMUR KUTAI TIMUR,KALIMANTAN_TIMUR_KUTAI_TIMUR.txt,2.5,Training and capacity building,institutional_mechanism,No,Yes,0.0,1.0,false_positive,"b. coverage of Women Victims of violence who receive services by trained personnel at community health centers and hospitals;
a. coverage of women victims of violence who receive complaint handling by trained officers in integrated Service units;","The policy’s minimum service standards/performance indicators explicitly refer to services being delivered by trained personnel/officers within integrated service units and health facilities, implying a requirement for trained staff as part of implementation capacity.",Reference only
KALIMANTAN TIMUR PASER,KALIMANTAN_TIMUR_PASER.txt,4.4,Prevention through education,primary_prevention,No,Yes,0.0,1.0,false_positive,conducting education on anti-violence values against women;,"Education is explicitly listed as part of prevention, specifically through conducting education on anti-violence values against women, indicating education as a strategy to prevent violence against women.",Reference only
KALIMANTAN TIMUR PENAJAM PASER UTARA,KALIMANTAN_TIMUR_PENAJAM_PASER_UTARA.txt,1.5,Economic violence,scope_of_violence,Yes,No,1.0,0.0,false_negative,,"The candidate sentences mention economy/employment as a prevention field, but do not define or identify economic violence, economic exploitation, or domestic neglect as forms of violence against women.",Reference only
KALIMANTAN TIMUR PENAJAM PASER UTARA,KALIMANTAN_TIMUR_PENAJAM_PASER_UTARA.txt,4.1,Information and education about VAW,primary_prevention,No,Yes,0.0,1.0,false_positive,"(1) The Regional Government is obliged to organize Prevention of Violence against Women quickly, in an integrated and coordinated manner.
2. The organization of Prevention of acts of Violence against Women as referred to in paragraph (1) is carried out through the fields of:
c. conduct socialization of Women's rights independently;","The policy mandates the regional government to organize prevention of violence against women and specifies that prevention is carried out through multiple fields including education. It also allows community participation through independent socialization of women’s rights, which constitutes awareness/education activity relevant to preventing violence against women.",Reference only
KALIMANTAN TIMUR PENAJAM PASER UTARA,KALIMANTAN_TIMUR_PENAJAM_PASER_UTARA.txt,4.2,Gender equality education,primary_prevention,No,Yes,0.0,1.0,false_positive,c. conduct socialization of Women's rights independently;,"The policy explicitly mentions that the community may conduct socialization of women’s rights independently, which is an educational/awareness-raising activity focused on women’s rights (a core element of gender equality education).",Reference only
KALIMANTAN TIMUR PENAJAM PASER UTARA,KALIMANTAN_TIMUR_PENAJAM_PASER_UTARA.txt,4.4,Prevention through education,primary_prevention,No,Yes,0.0,1.0,false_positive,"(1) The Regional Government is obliged to organize Prevention of Violence against Women quickly, in an integrated and coordinated manner.
2. The organization of Prevention of acts of Violence against Women as referred to in paragraph (1) is carried out through the fields of:
a. Education;","The policy explicitly frames prevention of violence against women as an obligation of the regional government and states that prevention is carried out through several fields, explicitly including education, thereby identifying education as a prevention strategy.",Reference only
KALIMANTAN TIMUR PENAJAM PASER UTARA,KALIMANTAN_TIMUR_PENAJAM_PASER_UTARA.txt,6.8,Women in legal process,intersectional_approach,No,Yes,0.0,1.0,false_positive,17. Legal Aid is legal services provided by legal assistants and advocates to carry out the process of accompanying witnesses and/or Victims of Violence against Women and children that are gender sensitive.,"The policy defines legal aid as legal services for accompanying witnesses and/or victims (gender sensitive), explicitly covering women as witnesses in legal processes (even though it does not address suspects/defendants/perpetrators).",Reference only
KALIMANTAN UTARA NUNUKAN,KALIMANTAN_UTARA_NUNUKAN.txt,4.1,Information and education about VAW,primary_prevention,No,Yes,0.0,1.0,false_positive,"1. Efforts to prevent violence against women and children shall be carried out in an integrated manner by the Regional Government and coordinated by the technical SKPD.
e. conducting dissemination regarding laws and regulations related to the protection of women and children victims of violence; and
f. providing critical education regarding the rights of women and children for the community.","The policy explicitly frames prevention of violence against women and children as an integrated effort and lists prevention methods that include dissemination of relevant laws/regulations and critical education on women’s and children’s rights for the community, which are information/education activities aimed at preventing VAW.",Reference only
KALIMANTAN UTARA NUNUKAN,KALIMANTAN_UTARA_NUNUKAN.txt,4.4,Prevention through education,primary_prevention,No,Yes,0.0,1.0,false_positive,"1. Efforts to prevent violence against women and children shall be carried out in an integrated manner by the Regional Government and coordinated by the technical SKPD.
f. providing critical education regarding the rights of women and children for the community.","Within the section on preventing violence against women and children, the policy explicitly includes providing critical education regarding the rights of women and children as one of the stated prevention methods, making education an explicit prevention strategy.",Reference only
KEPULAUAN BANGKA BELITUNG BANGKA,KEPULAUAN_BANGKA_BELITUNG_BANGKA.txt,1.2,Sexual violence,scope_of_violence,Yes,No,1.0,0.0,false_negative,,"The provided sentences refer generally to “violence” and services for women victims of violence, but do not explicitly mention sexual violence or any sexual-violence-specific acts.",Reference only
KEPULAUAN BANGKA BELITUNG BANGKA,KEPULAUAN_BANGKA_BELITUNG_BANGKA.txt,1.3,Physical violence,scope_of_violence,Yes,No,1.0,0.0,false_negative,,"The candidate sentences define women victims of violence broadly and describe protection measures, but they do not explicitly mention physical violence as a category or specify physical acts.",Reference only
KEPULAUAN BANGKA BELITUNG BANGKA,KEPULAUAN_BANGKA_BELITUNG_BANGKA.txt,1.9,Sexual slavery/exploitation,scope_of_violence,Yes,No,1.0,0.0,false_negative,,"While the policy addresses commercial sex workers and trafficking prevention, the provided sentences do not explicitly mention sexual exploitation or sexual slavery as such.",Reference only
KEPULAUAN BANGKA BELITUNG BANGKA,KEPULAUAN_BANGKA_BELITUNG_BANGKA.txt,3.3,Reporting/hotline service,specialised_support_services,Yes,No,1.0,0.0,false_negative,,"The candidate sentences describe legal aid, assistance after violence, rehabilitation, and health/trauma services, but do not specify any mechanism/service for receiving reports or complaints (e.g., hotline, complaint desk, reporting channel).",Reference only
KEPULAUAN BANGKA BELITUNG BANGKA,KEPULAUAN_BANGKA_BELITUNG_BANGKA.txt,4.2,Gender equality education,primary_prevention,No,Yes,0.0,1.0,false_positive,"a. providing socialization to the community and business world regarding women empowerment and protection policies;
b. providing books, leaflets, brochures regarding women empowerment and protection, and other related issues and disseminating them to the community;","The policy provides for socialization to the community and dissemination of educational materials regarding women’s empowerment and protection policies, which are framed around achieving gender equality and women’s rights within the regulation’s scope.",Reference only
KEPULAUAN BANGKA BELITUNG BANGKA,KEPULAUAN_BANGKA_BELITUNG_BANGKA.txt,7.3,International donors,budget_funding_sources,No,Yes,0.0,1.0,false_positive,"f. coordinating the participation of the business world and other institutions, including international assistance for women empowerment and protection; and","The policy explicitly mentions coordinating participation of institutions including international assistance for women empowerment and protection, indicating international support is contemplated.",Reference only
KEPULAUAN BANGKA BELITUNG BANGKA BARAT,KEPULAUAN_BANGKA_BELITUNG_BANGKA_BARAT.txt,1.9,Sexual slavery/exploitation,scope_of_violence,Yes,No,1.0,0.0,false_negative,,The candidate sentences define sexual violence (including forced intercourse and commercial purposes) but do not explicitly address sexual exploitation or sexual slavery as distinct concepts.,Reference only
KEPULAUAN BANGKA BELITUNG BANGKA BARAT,KEPULAUAN_BANGKA_BELITUNG_BANGKA_BARAT.txt,3.2,Police specialised service unit,specialised_support_services,Yes,No,1.0,0.0,false_negative,,"The text mentions facilities such as special service rooms within the police force, but it does not explicitly establish a specialised police service unit for VAW victims within police offices.",Reference only
KEPULAUAN BANGKA BELITUNG BANGKA BARAT,KEPULAUAN_BANGKA_BELITUNG_BANGKA_BARAT_v2.txt,1.9,Sexual slavery/exploitation,scope_of_violence,Yes,No,1.0,0.0,false_negative,,"The provided sentences define sexual violence and mention forced intercourse for commercial purposes, but they do not explicitly include or define sexual exploitation or sexual slavery as such.",Reference only
KEPULAUAN BANGKA BELITUNG BANGKA BARAT,KEPULAUAN_BANGKA_BELITUNG_BANGKA_BARAT_v2.txt,2.1,Institutional network,institutional_mechanism,No,Yes,0.0,1.0,false_positive,"1. The Regional Government establishes an Integrated Service Center (PPT) as the Organizing, Prevention and Protection Institution for Women and Children Victims of Violence.
2. The PPT as referred to in paragraph (1) consists of elements of:
a. health;
b. law enforcement;
c. social and empowerment;
d. education and religion;
e. Non-Governmental Organizations; and
f. private sector.","The policy establishes an Integrated Service Center (PPT) as an organizing, prevention, and protection institution for women and children victims of violence, and specifies that it consists of multiple sectoral elements (health, law enforcement, social/empowerment, education/religion, NGOs, private sector), which constitutes an institutional coordination mechanism/network for implementation.",Reference only
KEPULAUAN BANGKA BELITUNG BANGKA BARAT,KEPULAUAN_BANGKA_BELITUNG_BANGKA_BARAT_v2.txt,2.5,Training and capacity building,institutional_mechanism,No,Yes,0.0,1.0,false_positive,"1. Social community organizations that participate in organizing protection for victims as referred to in Article 6 paragraph (2), shall be given guidance by the Regional Government.
2. Guidance as referred to in paragraph (1) may be in the form of social guidance, skills guidance and operational technical guidance.","The policy requires that participating social community organizations be given guidance by the Regional Government, and specifies that such guidance may include social guidance, skills guidance, and operational technical guidance, which constitutes capacity building/technical guidance for involved actors.",Reference only
KEPULAUAN BANGKA BELITUNG BANGKA BARAT,KEPULAUAN_BANGKA_BELITUNG_BANGKA_BARAT_v2.txt,3.3,Reporting/hotline service,specialised_support_services,No,Yes,0.0,1.0,false_positive,b. submitting reports to the authorities if acts of violence against Women and Children occur; and,The policy includes a mechanism for reporting violence by specifying that community participation may include submitting reports to the authorities when violence against women and children occurs.,Reference only
KEPULAUAN BANGKA BELITUNG BANGKA BARAT,KEPULAUAN_BANGKA_BELITUNG_BANGKA_BARAT_v2.txt,4.4,Prevention through education,primary_prevention,No,Yes,0.0,1.0,false_positive,c. conducting education on anti-violence values against children and women; and,"Education is explicitly listed as part of the regional government’s prevention efforts, specifically through conducting education on anti-violence values against women and children.",Reference only
KEPULAUAN BANGKA BELITUNG BANGKA SELATAN,KEPULAUAN_BANGKA_BELITUNG_BANGKA_SELATAN.txt,1.9,Sexual slavery/exploitation,scope_of_violence,No,Yes,0.0,1.0,false_positive,"14. Sexual violence is any act in the form of sexual harassment, forced sexual intercourse, forced sexual intercourse in an unnatural or unwanted manner, forced sexual intercourse with others for commercial purposes and/or certain purposes.","The definition of sexual violence includes forced sexual intercourse with others for commercial purposes and/or certain purposes, which constitutes an explicit inclusion of sexual exploitation within the policy’s framing.",Reference only
KEPULAUAN BANGKA BELITUNG BANGKA SELATAN,KEPULAUAN_BANGKA_BELITUNG_BANGKA_SELATAN.txt,2.5,Training and capacity building,institutional_mechanism,No,Yes,0.0,1.0,false_positive,"1. Social community organizations that participate in the implementation of protection for victims as referred to in Article 11 paragraph (2), shall be given guidance by the Regional Government.
2. The guidance as referred to in paragraph (1) may be in the form of social guidance, skills guidance and operational technical guidance.
(3) The guidance as referred to in paragraph (2) shall be carried out by the Institution for the Protection of Women and Children established by the Regional Government.","The policy provides for guidance to participating social/community organizations, including skills guidance and operational technical guidance, to be carried out by the institution established by the Regional Government—this constitutes capacity building/technical guidance for actors involved in implementation.",Reference only
KEPULAUAN BANGKA BELITUNG BANGKA SELATAN,KEPULAUAN_BANGKA_BELITUNG_BANGKA_SELATAN.txt,5.2,Religious engagement,stakeholder_engagement,Yes,No,1.0,0.0,false_negative,,"While the policy references 'education and religion' as an element within P2TP2A and requires taking religious norms into account, it does not explicitly include or assign roles to religious organizations, religious leaders, clergy, or other faith-based actors in service delivery, prevention, coordination, or implementation.",Reference only
KEPULAUAN BANGKA BELITUNG BANGKA SELATAN,KEPULAUAN_BANGKA_BELITUNG_BANGKA_SELATAN_v2.txt,1.5,Economic violence,scope_of_violence,No,Yes,0.0,1.0,false_positive,"1. Implementation of protection for female workers/laborers to provide protection from acts of economic exploitation www.jdih.bangkaselatankab.go.id and cruel, inhumane treatment and to seek proper appreciation for work.","The policy explicitly mentions protection from acts of economic exploitation, which is a form of economic violence.",Reference only
KEPULAUAN BANGKA BELITUNG BANGKA SELATAN,KEPULAUAN_BANGKA_BELITUNG_BANGKA_SELATAN_v2.txt,1.9,Sexual slavery/exploitation,scope_of_violence,Yes,No,1.0,0.0,false_negative,,"While the policy references commercial sex workers and human trafficking prevention, it does not explicitly mention sexual exploitation or sexual slavery as such in the provided sentences.",Reference only
KEPULAUAN BANGKA BELITUNG BANGKA SELATAN,KEPULAUAN_BANGKA_BELITUNG_BANGKA_SELATAN_v2.txt,2.1,Institutional network,institutional_mechanism,No,Yes,0.0,1.0,false_positive,"2. In women's empowerment and protection, a Working Group and Integrated Services shall be established as determined by Regent's Decree.
3. Women's empowerment and protection shall be coordinated by the Agency handling Women's Empowerment.","The policy establishes an institutional coordination arrangement by creating a Working Group and Integrated Services via a Regent’s Decree and assigning coordination to the agency responsible for women’s empowerment, which functions as an implementation network/mechanism.",Reference only
KEPULAUAN BANGKA BELITUNG BANGKA SELATAN,KEPULAUAN_BANGKA_BELITUNG_BANGKA_SELATAN_v2.txt,2.3,Data collection systems,institutional_mechanism,No,Yes,0.0,1.0,false_positive,"a. mapping, collection, processing and presentation of data;","The policy includes mapping and the collection, processing, and presentation of data as part of program/activity planning, which constitutes an explicit requirement for data-related functions relevant to implementation (including for violence-related programming).",Reference only
KEPULAUAN BANGKA BELITUNG BANGKA SELATAN,KEPULAUAN_BANGKA_BELITUNG_BANGKA_SELATAN_v2.txt,2.4,Gender mainstreaming institutionalisation,institutional_mechanism,No,Yes,0.0,1.0,false_positive,1. Women's empowerment and protection shall be implemented by integrating gender mainstreaming and gender-disaggregated data in an integrated manner based on applicable laws and regulations.,"The policy explicitly requires that women’s empowerment and protection be implemented by integrating gender mainstreaming (and gender-disaggregated data), establishing it as an institutional approach for implementation.",Reference only
KEPULAUAN BANGKA BELITUNG BANGKA SELATAN,KEPULAUAN_BANGKA_BELITUNG_BANGKA_SELATAN_v2.txt,2.5,Training and capacity building,institutional_mechanism,No,Yes,0.0,1.0,false_positive,c. facilitation of capacity building for institutions implementing women's empowerment and protection;,"The policy explicitly provides for facilitation of capacity building for institutions implementing women’s empowerment and protection, which covers training/technical guidance and institutional strengthening for implementers.",Reference only
KEPULAUAN BANGKA BELITUNG BANGKA SELATAN,KEPULAUAN_BANGKA_BELITUNG_BANGKA_SELATAN_v2.txt,3.3,Reporting/hotline service,specialised_support_services,No,Yes,0.0,1.0,false_positive,"a. actions to provide information and/or report violence against women to law enforcement or authorized parties, or participate in handling acts of violence against women.",The policy includes a mechanism for reporting violence against women by enabling community actions to report to law enforcement or authorized parties.,Reference only
KEPULAUAN BANGKA BELITUNG BANGKA SELATAN,KEPULAUAN_BANGKA_BELITUNG_BANGKA_SELATAN_v2.txt,4.3,VAW laws awareness,primary_prevention,Yes,No,1.0,0.0,false_negative,,"While the policy mentions providing communication/information/education about prevention of violence against women and enhancing legal awareness generally, none of the candidate sentences explicitly indicate education or information activities specifically about VAW laws and policies (as distinct from general prevention messaging or legal aid/services).",Reference only
KEPULAUAN BANGKA BELITUNG BANGKA SELATAN,KEPULAUAN_BANGKA_BELITUNG_BANGKA_SELATAN_v2.txt,4.4,Prevention through education,primary_prevention,No,Yes,0.0,1.0,false_positive,"b. provision of communication, information and education media about empowerment and prevention of violence against women in families, communities, educational institutions and public spaces.","The policy explicitly links education (via communication, information and education media) to the prevention of violence against women, indicating education as a strategy for prevention.",Reference only
KEPULAUAN BANGKA BELITUNG BANGKA SELATAN,KEPULAUAN_BANGKA_BELITUNG_BANGKA_SELATAN_v2.txt,5.4,Education institutions engagement,stakeholder_engagement,No,Yes,0.0,1.0,false_positive,"b. provision of communication, information and education media about empowerment and prevention of violence against women in families, communities, educational institutions and public spaces.","The policy explicitly references prevention-related communication, information and education media being provided in “educational institutions,” indicating engagement of the education setting/sector in prevention implementation.",Reference only
KEPULAUAN BANGKA BELITUNG BANGKA SELATAN,KEPULAUAN_BANGKA_BELITUNG_BANGKA_SELATAN_v2.txt,5.6,Media engagement,stakeholder_engagement,No,Yes,0.0,1.0,false_positive,"b. provision of communication, information and education media about empowerment and prevention of violence against women in families, communities, educational institutions and public spaces.","The policy explicitly refers to the provision of “communication, information and education media” for empowerment and prevention of violence against women, recognizing media as part of prevention efforts.",Reference only
KEPULAUAN BANGKA BELITUNG BANGKA SELATAN,KEPULAUAN_BANGKA_BELITUNG_BANGKA_SELATAN_v2.txt,6.2,Women victims of trafficking,intersectional_approach,Yes,No,1.0,0.0,false_negative,,"The text mentions preventing human trafficking in the context of protecting women commercial sex workers, but it does not explicitly include women victims of trafficking as a protected target group within the scope.",Reference only
KEPULAUAN BANGKA BELITUNG BANGKA SELATAN,KEPULAUAN_BANGKA_BELITUNG_BANGKA_SELATAN_v2.txt,7.3,International donors,budget_funding_sources,No,Yes,0.0,1.0,false_positive,"f. coordinating the participation of the business sector and other institutions, including international assistance for women's empowerment and protection;dang.","The policy explicitly references coordination that includes international assistance for women's empowerment and protection, indicating international support as a potential resource.",Reference only
KEPULAUAN BANGKA BELITUNG BANGKA TENGAH,KEPULAUAN_BANGKA_BELITUNG_BANGKA_TENGAH.txt,1.5,Economic violence,scope_of_violence,Yes,No,1.0,0.0,false_negative,,"The candidate sentences discuss general violence against women, protection services, and women’s rights (including employment and wages), but do not explicitly or implicitly identify economic violence, economic exploitation, or domestic neglect as a form of violence.",Reference only
KEPULAUAN BANGKA BELITUNG BANGKA TENGAH,KEPULAUAN_BANGKA_BELITUNG_BANGKA_TENGAH.txt,5.3,Traditional/cultural engagement,stakeholder_engagement,Yes,No,1.0,0.0,false_negative,,"While the policy mentions “community leaders” and community participation generally, the provided sentences do not explicitly reference traditional/customary/cultural leaders, customary institutions, or customary dispute-resolution mechanisms.",Reference only
KEPULAUAN BANGKA BELITUNG BANGKA TENGAH,KEPULAUAN_BANGKA_BELITUNG_BANGKA_TENGAH.txt,7.2,National government budget,budget_funding_sources,No,Yes,0.0,1.0,false_positive,"2. In the event that the Region receives funding assistance for the implementation of policies, programs and activities for the empowerment and protection of women from the Government, it must be implemented in accordance with the laws and regulations.","The policy provides for the possibility of receiving funding assistance from “the Government,” indicating national-level government funding support may be used for implementation.",Reference only
KEPULAUAN BANGKA BELITUNG BANGKA TENGAH,KEPULAUAN_BANGKA_BELITUNG_BANGKA_TENGAH.txt,7.4,Other legal sources,budget_funding_sources,Yes,No,1.0,0.0,false_negative,,"The funding provision specifies the local budget and potential assistance from the Government, but does not explicitly identify any other legal funding sources (e.g., earmarked funds, fees, grants, or other lawful sources) as budget sources in the provided sentences.",Reference only
KEPULAUAN BANGKA BELITUNG BELITUNG,KEPULAUAN_BANGKA_BELITUNG_BELITUNG.txt,1.9,Sexual slavery/exploitation,scope_of_violence,No,Yes,0.0,1.0,false_positive,"Point… D:\PERDA PDF\2-PERDA PERLINDUNGAN HAK PEREMPUAN DAN ANAK.doc 23 Point b What is meant by exploitation is an act with or without the consent of the victim which includes prostitution, forced labor or service, slavery or practices similar to slavery, oppression, extortion, utilization of physical sexual reproductive organs or unlawfully transferring/utilizing labor or transplanting organs and or body tissues or utilizing the labor or ability of a person by another party to obtain material or immaterial benefits.",The policy explicitly includes sexual exploitation and slavery-like practices within its definition of exploitation (including prostitution and slavery or practices similar to slavery).,Reference only
KEPULAUAN BANGKA BELITUNG BELITUNG,KEPULAUAN_BANGKA_BELITUNG_BELITUNG.txt,3.8,Religious/spiritual counselling,specialised_support_services,Yes,No,1.0,0.0,false_negative,,"Although implementation references OPDs in the field of 'mental and spiritual', the provided sentences do not explicitly state that victims are offered religious/spiritual counselling or faith-based mentoring as a service.",Reference only
KEPULAUAN BANGKA BELITUNG BELITUNG,KEPULAUAN_BANGKA_BELITUNG_BELITUNG.txt,6.2,Women victims of trafficking,intersectional_approach,No,Yes,0.0,1.0,false_positive,a. to prevent acts of violence and discrimination against women and children including trafficking in persons;,"The policy’s objectives explicitly include preventing violence and discrimination against women and children, including trafficking in persons, thereby including women victims of trafficking within scope.",Reference only
KEPULAUAN BANGKA BELITUNG BELITUNG,KEPULAUAN_BANGKA_BELITUNG_BELITUNG.txt,7.5,Provincial government budget,budget_funding_sources,No,Yes,0.0,1.0,false_positive,b. the Provincial Regional Revenue and Expenditure Budget;,"The policy explicitly lists the Provincial Regional Revenue and Expenditure Budget as a financing source, which is the provincial government budget.",Reference only
KEPULAUAN BANGKA BELITUNG PANGKALPINANG KOTA,KEPULAUAN_BANGKA_BELITUNG_PANGKALPINANG_KOTA.txt,1.9,Sexual slavery/exploitation,scope_of_violence,No,Yes,0.0,1.0,false_positive,"3. The form of sexual violence as referred to in paragraph (1) letter b is sexual harassment, forced sexual intercourse, forced sexual intercourse in an unnatural or unwanted manner, forced intercourse with others for commercial purposes and/or certain purposes.","The definition of sexual violence explicitly includes forced intercourse with others for commercial purposes and/or certain purposes, which constitutes sexual exploitation.",Reference only
KEPULAUAN BANGKA BELITUNG PANGKALPINANG KOTA,KEPULAUAN_BANGKA_BELITUNG_PANGKALPINANG_KOTA.txt,2.5,Training and capacity building,institutional_mechanism,No,Yes,0.0,1.0,false_positive,"c. strengthen institutional capacity for gender mainstreaming for the implementation of policies, programs and activities for the protection of women;","The policy calls for strengthening institutional capacity (in the context of gender mainstreaming) for implementing protection policies and programs, which constitutes capacity building for implementation actors.",Reference only
KEPULAUAN BANGKA BELITUNG PANGKALPINANG KOTA,KEPULAUAN_BANGKA_BELITUNG_PANGKALPINANG_KOTA.txt,3.8,Religious/spiritual counselling,specialised_support_services,No,Yes,0.0,1.0,false_positive,"f. provision of apparatus, health workers, social workers, and spiritual counselors;","The policy provides for the provision of spiritual counselors among the personnel made available for victim protection services, indicating faith-based/spiritual counselling support.",Reference only
KEPULAUAN BANGKA BELITUNG PANGKALPINANG KOTA,KEPULAUAN_BANGKA_BELITUNG_PANGKALPINANG_KOTA.txt,4.4,Prevention through education,primary_prevention,No,Yes,0.0,1.0,false_positive,"1. The City Government is obliged and responsible to carry out efforts to prevent violence against women in the form of:
b. conducting education on anti-violence values against women;","The policy explicitly identifies education as part of the City Government’s efforts to prevent violence against women, specifically through education on anti-violence values against women within the listed prevention measures.",Reference only
KEPULAUAN BANGKA BELITUNG PANGKALPINANG KOTA,KEPULAUAN_BANGKA_BELITUNG_PANGKALPINANG_KOTA.txt,5.4,Education institutions engagement,stakeholder_engagement,Yes,No,1.0,0.0,false_negative,,"The provided sentences discuss education activities and women’s empowerment in the education field, but they do not explicitly include or assign a role to education institutions (schools, universities, academics, or the education sector) as stakeholders in implementation, coordination, or service delivery.",Reference only
KEPULAUAN BANGKA BELITUNG PANGKALPINANG KOTA,KEPULAUAN_BANGKA_BELITUNG_PANGKALPINANG_KOTA.txt,5.8,Private sector engagement,stakeholder_engagement,Yes,No,1.0,0.0,false_negative,,"The candidate sentences do not explicitly reference businesses, employers, private sector entities, or business associations as stakeholders in prevention, protection, or service delivery.",Reference only
KEPULAUAN BANGKA BELITUNG PANGKALPINANG KOTA,KEPULAUAN_BANGKA_BELITUNG_PANGKALPINANG_KOTA.txt,6.2,Women victims of trafficking,intersectional_approach,No,Yes,0.0,1.0,false_positive,"c. provide protection and security for women victims of violence and discrimination, as well as criminal acts of trafficking in persons;","The policy’s stated objectives explicitly include providing protection and security for women in relation to criminal acts of trafficking in persons, bringing trafficking victims within scope.",Reference only
KEPULAUAN RIAU KARIMUN,KEPULAUAN_RIAU_KARIMUN.txt,1.2,Sexual violence,scope_of_violence,Yes,No,1.0,0.0,false_negative,,"The provided sentences refer generally to violence against women and children and list several laws, but none explicitly mention sexual violence or clearly include it as a distinct category.",Reference only
KEPULAUAN RIAU KARIMUN,KEPULAUAN_RIAU_KARIMUN.txt,1.3,Physical violence,scope_of_violence,Yes,No,1.0,0.0,false_negative,,The candidate sentences only mention violence in general terms and do not explicitly reference physical violence or an equivalent term/category.,Reference only
KEPULAUAN RIAU KARIMUN,KEPULAUAN_RIAU_KARIMUN.txt,1.4,Psychological violence,scope_of_violence,Yes,No,1.0,0.0,false_negative,,The retrieved sentences contain only general references to violence and do not explicitly mention psychological violence or mental/emotional abuse.,Reference only
KEPULAUAN RIAU KARIMUN,KEPULAUAN_RIAU_KARIMUN.txt,1.5,Economic violence,scope_of_violence,Yes,No,1.0,0.0,false_negative,,"The candidate sentences do not mention economic violence, economic exploitation, or domestic neglect as a form of violence.",Reference only
KEPULAUAN RIAU KARIMUN,KEPULAUAN_RIAU_KARIMUN.txt,1.9,Sexual slavery/exploitation,scope_of_violence,Yes,No,1.0,0.0,false_negative,,"While trafficking in women is referenced, the provided sentences do not explicitly mention sexual exploitation or sexual slavery.",Reference only
KEPULAUAN RIAU KARIMUN,KEPULAUAN_RIAU_KARIMUN.txt,2.1,Institutional network,institutional_mechanism,Yes,No,1.0,0.0,false_negative,,"The provided sentences are limited to the regulation title/preamble and legal bases and do not describe any institutional coordination mechanism, network, or assigned coordinating body for implementation.",Reference only
KEPULAUAN RIAU KARIMUN,KEPULAUAN_RIAU_KARIMUN.txt,2.2,Collaboration with NGOs,institutional_mechanism,Yes,No,1.0,0.0,false_negative,,"None of the candidate sentences mention cooperation or collaboration with NGOs, civil society, community organizations, or other non-government service providers.",Reference only
KEPULAUAN RIAU KARIMUN,KEPULAUAN_RIAU_KARIMUN.txt,2.3,Data collection systems,institutional_mechanism,Yes,No,1.0,0.0,false_negative,,"The excerpts do not establish or assign responsibility for collecting, recording, monitoring, reporting, or managing data related to violence against women/children or protection cases.",Reference only
KEPULAUAN RIAU KARIMUN,KEPULAUAN_RIAU_KARIMUN.txt,2.5,Training and capacity building,institutional_mechanism,Yes,No,1.0,0.0,false_negative,,"The candidate sentences do not include any provisions on training, technical guidance, capacity building, or professional development for implementers or service providers.",Reference only
KEPULAUAN RIAU KARIMUN,KEPULAUAN_RIAU_KARIMUN.txt,2.6,Monitoring and evaluation,institutional_mechanism,Yes,No,1.0,0.0,false_negative,,"The provided text does not mention monitoring, evaluation, supervision, reporting on implementation, or assessment of service delivery outcomes.",Reference only
KEPULAUAN RIAU KARIMUN,KEPULAUAN_RIAU_KARIMUN.txt,3.1,Integrated service unit,specialised_support_services,Yes,No,1.0,0.0,false_negative,,The provided sentences are only the regulation header and general legal considerations/references; they do not mention establishing or operating an integrated service unit for women victims of violence.,Reference only
KEPULAUAN RIAU KARIMUN,KEPULAUAN_RIAU_KARIMUN.txt,3.3,Reporting/hotline service,specialised_support_services,Yes,No,1.0,0.0,false_negative,,"No sentence describes a reporting mechanism, hotline, complaint intake service, or procedures for receiving reports of violence.",Reference only
KEPULAUAN RIAU KARIMUN,KEPULAUAN_RIAU_KARIMUN.txt,3.5,Legal assistance,specialised_support_services,Yes,No,1.0,0.0,false_negative,,The text shown does not describe any legal aid/legal assistance service unit or provision of legal representation/support for victims.,Reference only
KEPULAUAN RIAU KARIMUN,KEPULAUAN_RIAU_KARIMUN.txt,3.6,Health/medical services,specialised_support_services,Yes,No,1.0,0.0,false_negative,,"The candidate sentences do not mention medical care, health services, hospitals/clinics, or any health service unit for victims.",Reference only
KEPULAUAN RIAU KARIMUN,KEPULAUAN_RIAU_KARIMUN.txt,3.7,Psychosocial counselling,specialised_support_services,Yes,No,1.0,0.0,false_negative,,"There is no reference to psychological or psychosocial counselling, trauma services, or counselling providers in the provided sentences.",Reference only
KEPULAUAN RIAU KARIMUN,KEPULAUAN_RIAU_KARIMUN.txt,3.9,Resocialisation services,specialised_support_services,Yes,No,1.0,0.0,false_negative,,"No sentence refers to rehabilitation, reintegration, resocialisation programs, or a unit responsible for such services.",Reference only
KEPULAUAN RIAU KARIMUN,KEPULAUAN_RIAU_KARIMUN.txt,3.10,Economic support,specialised_support_services,Yes,No,1.0,0.0,false_negative,,"The provided sentences do not include any economic empowerment measures such as skills training, livelihood support, or access to financial resources for victims.",Reference only
KEPULAUAN RIAU KARIMUN,KEPULAUAN_RIAU_KARIMUN.txt,4.1,Information and education about VAW,primary_prevention,Yes,No,1.0,0.0,false_negative,,"The candidate sentences provide the regulation title and legal/constitutional considerations, including a general statement that violence against women and children violates human rights and that protection efforts are needed, but they do not describe any information, awareness, communication, socialisation, or education activities as preventive measures.",Reference only
KEPULAUAN RIAU KARIMUN,KEPULAUAN_RIAU_KARIMUN.txt,4.3,VAW laws awareness,primary_prevention,Yes,No,1.0,0.0,false_negative,,"Although the text lists relevant laws (e.g., domestic violence and trafficking laws) as legal bases, it does not indicate any activity to educate or inform the public about VAW laws or policies.",Reference only
KEPULAUAN RIAU KARIMUN,KEPULAUAN_RIAU_KARIMUN.txt,4.4,Prevention through education,primary_prevention,Yes,No,1.0,0.0,false_negative,,The candidate sentences do not mention education as a strategy or intervention to prevent violence against women or children; they only provide background considerations and legal references for establishing the regulation.,Reference only
KEPULAUAN RIAU KARIMUN,KEPULAUAN_RIAU_KARIMUN.txt,5.1,NGO collaboration,stakeholder_engagement,Yes,No,1.0,0.0,false_negative,,The provided sentences are limited to the regulation title/preamble and legal bases and do not mention civil society organisations/NGOs or any collaboration/engagement mechanisms.,Reference only
KEPULAUAN RIAU KARIMUN,KEPULAUAN_RIAU_KARIMUN.txt,5.4,Education institutions engagement,stakeholder_engagement,Yes,No,1.0,0.0,false_negative,,"There is no reference in the provided sentences to schools, universities, academics, or the education sector participating in prevention, protection, services, coordination, or capacity building.",Reference only
KEPULAUAN RIAU KARIMUN,KEPULAUAN_RIAU_KARIMUN.txt,5.7,Community engagement,stakeholder_engagement,Yes,No,1.0,0.0,false_negative,,The excerpts do not explicitly or implicitly describe engagement/collaboration with the community/society; they only state general considerations and legal bases.,Reference only
KEPULAUAN RIAU KARIMUN,KEPULAUAN_RIAU_KARIMUN.txt,5.8,Private sector engagement,stakeholder_engagement,Yes,No,1.0,0.0,false_negative,,"No candidate sentence references the business/private sector or any engagement/recognition of it as a stakeholder in prevention, protection, or services.",Reference only
KEPULAUAN RIAU KARIMUN,KEPULAUAN_RIAU_KARIMUN.txt,6.2,Women victims of trafficking,intersectional_approach,No,Yes,0.0,1.0,false_positive,"5. Law Number 21 of 2007 concerning the Eradication of the Criminal Act of Trafficking in Women (State Gazette of the Republic of Indonesia of 2007 Number 58, Supplement to the State Gazette of the Republic of Indonesia Number 4720);","The candidate sentences explicitly reference a law on trafficking in women, indicating that trafficking in women is within the policy’s referenced scope/framework.",Reference only
LAMPUNG BANDAR LAMPUNG KOTA,LAMPUNG_BANDAR_LAMPUNG_KOTA.txt,1.6,Harmful practices,scope_of_violence,No,Yes,0.0,1.0,false_positive,6. forced marriage;,"The policy includes “forced marriage” under sexual violence, which is a harmful practice affecting women and girls.",Reference only
LAMPUNG BANDAR LAMPUNG KOTA,LAMPUNG_BANDAR_LAMPUNG_KOTA.txt,5.2,Religious engagement,stakeholder_engagement,Yes,No,1.0,0.0,false_negative,,"While the policy mentions victims’ right to receive “spiritual guidance services,” it does not explicitly include or reference religious organisations, religious leaders, clergy, spiritual counsellors, or other faith-based actors in delivery, coordination, or implementation.",Reference only
LAMPUNG BANDAR LAMPUNG KOTA,LAMPUNG_BANDAR_LAMPUNG_KOTA.txt,6.1,Women in conflict/disaster areas,intersectional_approach,No,Yes,0.0,1.0,false_positive,l. special protection in emergency conditions/situations.,"The policy explicitly recognizes a right to “special protection in emergency conditions/situations,” which covers emergency/disaster contexts and constitutes a special protection measure for women in such situations.",Reference only
LAMPUNG BANDAR LAMPUNG KOTA,LAMPUNG_BANDAR_LAMPUNG_KOTA.txt,6.2,Women victims of trafficking,intersectional_approach,No,Yes,0.0,1.0,false_positive,"2. Protection of women aims to guarantee the fulfillment of rights to be able to live, grow, develop and participate optimally in accordance with human dignity and to receive protection from violence, discrimination, exploitation and trafficking in persons for the realization of quality and prosperous women.","The policy’s stated objective includes providing protection from “trafficking in persons,” explicitly bringing women affected by trafficking within the policy’s scope.",Reference only
LAMPUNG BANDAR LAMPUNG KOTA,LAMPUNG_BANDAR_LAMPUNG_KOTA.txt,6.8,Women in legal process,intersectional_approach,No,Yes,0.0,1.0,false_positive,1. Legal aid is legal services provided by legal assistants and advocates to provide assistance to witnesses and/or victims of violence against women.,"The policy explicitly provides legal aid services to assist “witnesses and/or victims of violence against women,” which are categories within legal processes and therefore constitutes protection/services for women involved as witnesses (and victims) in legal proceedings.",Reference only
LAMPUNG BANDAR LAMPUNG KOTA,LAMPUNG_BANDAR_LAMPUNG_KOTA.txt,7.2,National government budget,budget_funding_sources,No,Yes,0.0,1.0,false_positive,"Funding for the protection of women may be sourced from the State Revenue and Expenditure Budget, the Regional Revenue and Expenditure Budget of both the Province and the City and/or other lawful sources that are non-binding in accordance with the provisions of laws and regulations.","The policy explicitly lists the State Revenue and Expenditure Budget as a possible funding source, which is the national government budget.",Reference only
LAMPUNG BANDAR LAMPUNG KOTA,LAMPUNG_BANDAR_LAMPUNG_KOTA.txt,7.5,Provincial government budget,budget_funding_sources,No,Yes,0.0,1.0,false_positive,"Funding for the protection of women may be sourced from the State Revenue and Expenditure Budget, the Regional Revenue and Expenditure Budget of both the Province and the City and/or other lawful sources that are non-binding in accordance with the provisions of laws and regulations.","The policy explicitly includes the Regional Revenue and Expenditure Budget of the Province as a funding source, which is the provincial government budget.",Reference only
LAMPUNG LAMPUNG TIMUR,LAMPUNG_LAMPUNG_TIMUR.txt,3.10,Economic support,specialised_support_services,No,Yes,0.0,1.0,false_positive,,"The policy states protection services aim to improve women’s and children’s quality particularly in the economic field, and P2TP2A functions include training and business consultation centers, which are forms of economic empowerment/support. [unresolved evidence citation removed]",Reference only
LAMPUNG LAMPUNG TIMUR,LAMPUNG_LAMPUNG_TIMUR.txt,4.1,Information and education about VAW,primary_prevention,No,Yes,0.0,1.0,false_positive,"The implementation as referred to in paragraph (1) shall be in the form of: policy analysis, coordination, advocacy, socialization, communication, information, and education (KIE), training, service facilitation, service provision, development of models for the protection of women and children, and other forms.
The Regent is obligated to implement policies, programs, and activities for the protection of women and children, to eliminate all forms of discrimination and acts of violence against women and children in his/her region.","The policy includes socialization, communication, information, and education (KIE) as implementation forms for protection of women and children, and it explicitly aims to eliminate acts of violence against women and children, indicating preventive information/education activities related to VAW.",Reference only
LAMPUNG LAMPUNG TIMUR,LAMPUNG_LAMPUNG_TIMUR.txt,4.4,Prevention through education,primary_prevention,No,Yes,0.0,1.0,false_positive,"The implementation as referred to in paragraph (1) shall be in the form of: policy analysis, coordination, advocacy, socialization, communication, information, and education (KIE), training, service facilitation, service provision, development of models for the protection of women and children, and other forms.
The Regent is obligated to implement policies, programs, and activities for the protection of women and children, to eliminate all forms of discrimination and acts of violence against women and children in his/her region.","The policy frames implementation of protection efforts (including eliminating violence against women and children) as including education/KIE and related activities, indicating education is an explicit strategy within the broader effort to address and prevent violence.",Reference only
LAMPUNG LAMPUNG TIMUR,LAMPUNG_LAMPUNG_TIMUR.txt,5.6,Media engagement,stakeholder_engagement,No,Yes,0.0,1.0,false_positive,"Community institution is an institution formed by members of the Indonesian citizen community voluntarily on the basis of shared vision, mission, profession, function and activities to participate in development in order to achieve national goals within the framework of the Unitary State of the Republic of Indonesia based on Pancasila, consisting of religious organizations, non-governmental organizations, professional organizations, private organizations, social organizations, political organizations, mass media, and other forms of organizations.","The policy’s definition of “community institution” explicitly includes mass media, thereby recognizing media as a stakeholder category within participating institutions.",Reference only
LAMPUNG LAMPUNG TIMUR,LAMPUNG_LAMPUNG_TIMUR.txt,6.2,Women victims of trafficking,intersectional_approach,No,Yes,0.0,1.0,false_positive,"For women and children who are victims of violence and trafficking in persons, services shall include: complaint services/victim identification, legal aid, health rehabilitation, psychosocial rehabilitation, social reintegration, repatriation assistance or other forms according to the needs and best interests of the victim.",The policy explicitly includes women who are victims of trafficking in persons within the group eligible for protection services and specifies service types for them.,Reference only
LAMPUNG LAMPUNG TIMUR,LAMPUNG_LAMPUNG_TIMUR.txt,7.3,International donors,budget_funding_sources,No,Yes,0.0,1.0,false_positive,"In implementing policies, programs, and activities for the protection of women and children, the Regional Government of East Lampung Regency may cooperate with international institutions.","The policy explicitly allows cooperation with international institutions in implementing protection policies, which constitutes explicit international support/assistance (even if not framed as a specific donor budget line).",Reference only
LAMPUNG LAMPUNG UTARA,LAMPUNG_LAMPUNG_UTARA.txt,1.9,Sexual slavery/exploitation,scope_of_violence,No,Yes,0.0,1.0,false_positive,b. eliminate all forms of violence and exploitation against women and children;,"The policy explicitly includes the goal to eliminate all forms of violence and exploitation against women and children, which encompasses sexual exploitation even if not separately defined as sexual slavery.",Reference only
LAMPUNG LAMPUNG UTARA,LAMPUNG_LAMPUNG_UTARA.txt,4.4,Prevention through education,primary_prevention,No,Yes,0.0,1.0,false_positive,c. providing education on the dangers of domestic violence;,"Education is explicitly listed as a prevention activity, specifically through providing education on the dangers of domestic violence as part of violence prevention efforts.",Reference only
LAMPUNG LAMPUNG UTARA,LAMPUNG_LAMPUNG_UTARA.txt,6.2,Women victims of trafficking,intersectional_approach,No,Yes,0.0,1.0,false_positive,a. prevent violence against women and children including trafficking in persons;,"The policy’s objectives explicitly include preventing violence against women and children, including trafficking in persons, which brings trafficking within the policy’s scope for women.",Reference only
LAMPUNG LAMPUNG UTARA,LAMPUNG_LAMPUNG_UTARA.txt,6.5,People with disability,intersectional_approach,No,Yes,0.0,1.0,false_positive,k. Child victims of terrorism networks; 1. Children with Disabilities;,"The policy explicitly lists “Children with Disabilities” as a group entitled to special protection, indicating disability-targeted special protection measures (though framed for children rather than women).",Reference only
LAMPUNG METRO KOTA,LAMPUNG_METRO_KOTA.txt,1.9,Sexual slavery/exploitation,scope_of_violence,No,Yes,0.0,1.0,false_positive,"This is to provide understanding that every Citizen has the right to obtain a sense of security and freedom from all forms of violence, especially in the Household and those who potentially become victims are generally women, as well as acts of violence and exploitation against children.","The policy text explicitly references “acts of violence and exploitation against children,” which includes sexual exploitation within the policy’s addressed issues.",Reference only
LAMPUNG METRO KOTA,LAMPUNG_METRO_KOTA.txt,2.4,Gender mainstreaming institutionalisation,institutional_mechanism,Yes,No,1.0,0.0,false_negative,,"While the policy references principles such as justice and gender equality, none of the provided sentences establish or require gender mainstreaming as an institutional mechanism for implementing women’s protection or VAW programs.",Reference only
LAMPUNG METRO KOTA,LAMPUNG_METRO_KOTA.txt,4.4,Prevention through education,primary_prevention,No,Yes,0.0,1.0,false_positive,"c. conduct communication, information, and education about violence against women and children;","Education is explicitly listed as part of prevention efforts through communication, information, and education about violence against women and children.",Reference only
LAMPUNG METRO KOTA,LAMPUNG_METRO_KOTA.txt,5.3,Traditional/cultural engagement,stakeholder_engagement,No,Yes,0.0,1.0,false_positive,c. fostering local wisdom in handling women and children victims of violence;,"The policy references fostering local wisdom in handling women and children victims of violence, which indicates engagement with customary/community cultural mechanisms in implementation.",Reference only
LAMPUNG METRO KOTA,LAMPUNG_METRO_KOTA.txt,7.5,Provincial government budget,budget_funding_sources,No,Yes,0.0,1.0,false_positive,b. Provincial Regional Revenue and Expenditure Budget;,"The policy explicitly includes the Provincial Regional Revenue and Expenditure Budget as a financing source, which is a provincial government budget source.",Reference only
LAMPUNG PESAWARAN,LAMPUNG_PESAWARAN.txt,1.5,Economic violence,scope_of_violence,Yes,No,1.0,0.0,false_negative,,"While the text mentions economic exploitation and neglect in relation to children, the candidate sentences do not explicitly frame economic violence/economic exploitation/domestic neglect as a form of violence against women.",Reference only
LAMPUNG PESAWARAN,LAMPUNG_PESAWARAN.txt,1.6,Harmful practices,scope_of_violence,No,Yes,0.0,1.0,false_positive,c. prevent marriage at child age; and,The policy explicitly addresses a harmful practice by requiring parents to prevent marriage at child age (child/early marriage).,Reference only
LAMPUNG PESAWARAN,LAMPUNG_PESAWARAN.txt,2.3,Data collection systems,institutional_mechanism,Yes,No,1.0,0.0,false_negative,,"None of the provided sentences establish or assign responsibility for a system/entity to collect, record, manage, compile, exchange, or maintain data on violence against women or women’s protection cases. References to reporting violations or general monitoring/supervision do not specify a data collection/management system for VAW.",Reference only
LAMPUNG PESAWARAN,LAMPUNG_PESAWARAN.txt,2.5,Training and capacity building,institutional_mechanism,No,Yes,0.0,1.0,false_positive,"c. providing training related to child care/education, counseling principles, basic psychology to communities participating in efforts to organize early childhood education, development of Toddler Family Development Groups (BKB), organizing integrated child protection services and other similar activities related to meeting children's needs;
c. facilitating institutional strengthening and development of gender mainstreaming mechanisms in government institutions, women's study centers, research and development institutions, non-governmental institutions;","The policy includes provision of training (e.g., training related to child care/education, counseling principles, basic psychology) as part of guidance, and it also provides for facilitating institutional strengthening and development of gender mainstreaming mechanisms, which constitutes capacity building for implementation-related actors.",Reference only
LAMPUNG PESAWARAN,LAMPUNG_PESAWARAN.txt,3.8,Religious/spiritual counselling,specialised_support_services,No,Yes,0.0,1.0,false_positive,"Special Protection for Children with deviant social behavior as referred to in Article 49 letter m is carried out through guidance on religious values and social values, counseling, social rehabilitation, and social accompaniment.","The policy includes guidance on religious values (alongside counseling and rehabilitation) as part of special protection measures, indicating availability of faith-based guidance/counselling support.",Reference only
LAMPUNG PESAWARAN,LAMPUNG_PESAWARAN.txt,3.10,Economic support,specialised_support_services,No,Yes,0.0,1.0,false_positive,"a. provision of skills and job training;
d. facilitation of capital assistance; and","The policy provides for women’s economic empowerment measures including skills/job training and facilitation of capital assistance, which are forms of economic support that can promote economic security and independence (including for women victims of violence).",Reference only
LAMPUNG PESAWARAN,LAMPUNG_PESAWARAN.txt,4.2,Gender equality education,primary_prevention,Yes,No,1.0,0.0,false_negative,,"While the policy references gender equality/justice as a principle and includes general empowerment and awareness-raising activities, none of the provided sentences explicitly describe education/campaigns/training specifically about gender equality and/or women’s rights as primary prevention.",Reference only
LAMPUNG PESAWARAN,LAMPUNG_PESAWARAN.txt,4.4,Prevention through education,primary_prevention,No,Yes,0.0,1.0,false_positive,"e. awareness campaigns, outreach, and education to the community concerning the protection and empowerment of women.
d. incorporating local content material on children's rights and the elimination of violence against children as teaching material in teaching and learning activities in early childhood education institutions up to Senior High School level;","The policy explicitly uses education as part of prevention strategies: it includes awareness campaigns/outreach/education to prevent violence against women, and it also mandates incorporating teaching material on eliminating violence against children in educational institutions.",Reference only
LAMPUNG PESAWARAN,LAMPUNG_PESAWARAN.txt,5.2,Religious engagement,stakeholder_engagement,No,Yes,0.0,1.0,false_positive,"1. In order to ensure the effectiveness of implementing the Child-Friendly Regency policy in the region, a Child-Friendly Regency Task Force is established whose membership includes Regional Apparatus Organizations, child representatives, and may involve legislative, judicial institutions, business sector, religious/community/customary leaders and the community.","The policy explicitly allows involvement of religious leaders as part of the Child-Friendly Regency Task Force, which is responsible for coordinating implementation and related activities.",Reference only
LAMPUNG PESAWARAN,LAMPUNG_PESAWARAN.txt,5.3,Traditional/cultural engagement,stakeholder_engagement,No,Yes,0.0,1.0,false_positive,"1. In order to ensure the effectiveness of implementing the Child-Friendly Regency policy in the region, a Child-Friendly Regency Task Force is established whose membership includes Regional Apparatus Organizations, child representatives, and may involve legislative, judicial institutions, business sector, religious/community/customary leaders and the community.","The policy explicitly mentions that customary (traditional) leaders may be involved in the Child-Friendly Regency Task Force, linking customary leadership to implementation/coordination structures.",Reference only
LAMPUNG PESAWARAN,LAMPUNG_PESAWARAN.txt,6.8,Women in legal process,intersectional_approach,No,Yes,0.0,1.0,false_positive,"a. protection of the personal security of victims or witnesses;
d. provision of testimony during the ongoing legal process, which is regulated through a protection mechanism.","The policy explicitly includes protection for victims or witnesses, including personal security and provision of testimony during the legal process, which constitutes protection/services for women involved in legal proceedings as witnesses/victims.",Reference only
LAMPUNG PESAWARAN,LAMPUNG_PESAWARAN.txt,6.10,Refugee/forced displacement,intersectional_approach,No,Yes,0.0,1.0,false_positive,"a. children who become refugees;
2. Special protection for children in emergency situations as referred to in paragraph (1), is implemented in accordance with the provisions of laws and regulations.","The policy explicitly includes children who become refugees as part of emergency situations and states that special protection for children in such emergency situations is implemented, indicating special protection measures targeted at refugees/forced displacement (at least for children).",Reference only
LAMPUNG PESISIR BARAT,LAMPUNG_PESISIR_BARAT.txt,2.3,Data collection systems,institutional_mechanism,No,Yes,0.0,1.0,false_positive,"2. Cooperation as referred to in paragraph (1) includes:
a. exchange of data and information;","The policy includes cooperation activities that explicitly cover the exchange of data and information, which constitutes an established mechanism for managing and sharing information related to violence cases and victim recovery within the cooperation framework.",Reference only
LAMPUNG PESISIR BARAT,LAMPUNG_PESISIR_BARAT.txt,3.2,Police specialised service unit,specialised_support_services,Yes,No,1.0,0.0,false_negative,,"While police are mentioned as part of broader assistance efforts, the provided sentences do not establish or describe a specialised service unit within police offices dedicated to VAW victims.",Reference only
LAMPUNG PESISIR BARAT,LAMPUNG_PESISIR_BARAT.txt,5.2,Religious engagement,stakeholder_engagement,No,Yes,0.0,1.0,false_positive,"1. Assistance includes all integrated efforts to restore and strengthen the condition of victims, carried out by health workers, education, police, prosecutors, courts, advocates, social workers, volunteer assistants and spiritual counselors.","The policy includes spiritual counselors among the actors who carry out integrated assistance to restore and strengthen victims’ conditions, indicating engagement of faith-based/spiritual actors in service delivery.",Reference only
LAMPUNG PRINGSEWU,LAMPUNG_PRINGSEWU.txt,3.9,Resocialisation services,specialised_support_services,Yes,No,1.0,0.0,false_negative,,"Although the policy defines social reintegration and mentions rehabilitation in victims' rights, none of the provided sentences identify a specific service unit that provides resocialisation/rehabilitation/reintegration services.",Reference only
LAMPUNG PRINGSEWU,LAMPUNG_PRINGSEWU.txt,4.3,VAW laws awareness,primary_prevention,No,Yes,0.0,1.0,false_positive,b. conducting socialization of laws and regulations related to the protection of Women and Children Victims of Violence;,"The policy explicitly includes socialization (public dissemination/awareness) of laws and regulations related to the protection of women and children victims of violence, which constitutes education/awareness about VAW-related laws/policies as a prevention activity.",Reference only
LAMPUNG PRINGSEWU,LAMPUNG_PRINGSEWU.txt,6.2,Women victims of trafficking,intersectional_approach,No,Yes,0.0,1.0,false_positive,a. prevent all forms of acts of violence including trafficking in persons;,"The policy’s objectives explicitly include preventing violence “including trafficking in persons,” which brings trafficking within the policy’s scope for protection efforts.",Reference only
LAMPUNG PRINGSEWU,LAMPUNG_PRINGSEWU.txt,7.4,Other legal sources,budget_funding_sources,Yes,No,1.0,0.0,false_negative,,"The candidate sentences specify regional government budget allocation and reference implementation under applicable laws and regulations, but they do not identify any additional/other legal funding sources (e.g., private contributions, grants, earmarked funds) as budget sources.",Reference only
LAMPUNG TANGGAMUS,LAMPUNG_TANGGAMUS.txt,3.9,Resocialisation services,specialised_support_services,Yes,No,1.0,0.0,false_negative,,"Although the text references social rehabilitation and social reintegration as rights and mentions cooperation for repatriation and reintegration, it does not explicitly identify a specific service unit that provides resocialisation (rehabilitation/reintegration) services.",Reference only
LAMPUNG TANGGAMUS,LAMPUNG_TANGGAMUS.txt,6.1,Women in conflict/disaster areas,intersectional_approach,Yes,No,1.0,0.0,false_negative,,"The text lists “Victims of disaster and conflict” as a category under forms of violence, but it does not specify any special protection measures targeted at women in conflict/disaster/emergency/displacement situations.",Reference only
LAMPUNG TANGGAMUS,LAMPUNG_TANGGAMUS.txt,6.5,People with disability,intersectional_approach,Yes,No,1.0,0.0,false_negative,,"The text mentions “Persons with disabilities” in a list of other violence categories, but it does not set out special protection measures targeted at women with disabilities or people with disabilities.",Reference only
MALUKU KEPULAUAN TANIMBAR,MALUKU_KEPULAUAN_TANIMBAR.txt,1.6,Harmful practices,scope_of_violence,No,Yes,0.0,1.0,false_positive,c. preventing marriage at child age;,"The policy explicitly mentions preventing marriage at child age, which is a harmful practice affecting girls.",Reference only
MALUKU KEPULAUAN TANIMBAR,MALUKU_KEPULAUAN_TANIMBAR.txt,4.4,Prevention through education,primary_prevention,No,Yes,0.0,1.0,false_positive,b. Providing education about anti-violence values toward women and children;,"The policy explicitly includes providing education about anti-violence values toward women and children as part of protection activities, indicating education is used as a strategy to prevent violence.",Reference only
MALUKU KEPULAUAN TANIMBAR,MALUKU_KEPULAUAN_TANIMBAR.txt,5.2,Religious engagement,stakeholder_engagement,No,Yes,0.0,1.0,false_positive,d. spiritual services;,"The policy explicitly includes “spiritual services” among victims’ rights, which implies involvement of faith-based/spiritual actors in service provision even if specific religious organizations or leaders are not named.",Reference only
MALUKU MALUKU TENGAH,MALUKU_MALUKU_TENGAH.txt,2.5,Training and capacity building,institutional_mechanism,No,Yes,0.0,1.0,false_positive,1. The Regional Government is obligated to conduct guidance on the organization of protection for women and children victims of violence including technical guidance and training.,"The policy explicitly obligates the Regional Government to provide guidance on organizing protection, including technical guidance and training, which constitutes required training/capacity building for implementation.",Reference only
MALUKU MALUKU TENGAH,MALUKU_MALUKU_TENGAH.txt,3.4,Safety/protection shelter,specialised_support_services,No,Yes,0.0,1.0,false_positive,Special handling is carried out through Safe House services and in cooperation with the police and the Witness and Victim Protection Agency (LPSK).,"The policy explicitly references Safe House services as part of special handling for victims requiring security protection, indicating availability of shelter/protection services for victims.",Reference only
MALUKU MALUKU TENGAH,MALUKU_MALUKU_TENGAH.txt,4.2,Gender equality education,primary_prevention,No,Yes,0.0,1.0,false_positive,b. independently conducting dissemination/outreach on the rights of women and children;,"The policy includes outreach/dissemination activities specifically on the rights of women and children, which constitutes educational/awareness-raising on women’s rights (a core element of gender equality and rights-based primary prevention).",Reference only
MALUKU MALUKU TENGAH,MALUKU_MALUKU_TENGAH.txt,6.5,People with disability,intersectional_approach,No,Yes,0.0,1.0,false_positive,"2. In addition to the minimum service standards as referred to in paragraph (1), the Regent shall establish special Minimum Service Standards for victims with Disabilities.","The policy explicitly provides for special minimum service standards for victims with disabilities, indicating a targeted measure for people with disabilities within the victim population.",Reference only
MALUKU SERAM BAGIAN BARAT,MALUKU_SERAM_BAGIAN_BARAT.txt,1.9,Sexual slavery/exploitation,scope_of_violence,Yes,No,1.0,0.0,false_negative,,"While the text defines sexual violence and mentions economic/social exploitation in general definitions, it does not explicitly include sexual exploitation or sexual slavery as distinct concepts in the provided sentences.",Reference only
MALUKU SERAM BAGIAN BARAT,MALUKU_SERAM_BAGIAN_BARAT.txt,6.5,People with disability,intersectional_approach,Yes,No,1.0,0.0,false_negative,,"Although persons with disabilities are mentioned as part of 'vulnerable groups' within the definition of victims, the excerpts do not set out special protection measures specifically targeted at women with disabilities or people with disabilities.",Reference only
MALUKU SERAM BAGIAN BARAT,MALUKU_SERAM_BAGIAN_BARAT.txt,7.2,National government budget,budget_funding_sources,No,Yes,0.0,1.0,false_positive,"Point b referred to as other lawful sources are assistance, financial assistance from the Central Government, Provincial Government, or assistance from domestic or foreign NGOs.","The policy explicitly includes financial assistance from the Central Government as part of the funding sources, which constitutes national government budget support.",Reference only
MALUKU SERAM BAGIAN BARAT,MALUKU_SERAM_BAGIAN_BARAT.txt,7.3,International donors,budget_funding_sources,Yes,No,1.0,0.0,false_negative,,"While the policy mentions funding from “other lawful sources” and refers to NGOs, the candidate sentences do not explicitly identify international organizations, foreign governments, UN agencies, bilateral/multilateral donors, or other international assistance as funding sources.",Reference only
MALUKU SERAM BAGIAN BARAT,MALUKU_SERAM_BAGIAN_BARAT.txt,7.5,Provincial government budget,budget_funding_sources,No,Yes,0.0,1.0,false_positive,"Point b referred to as other lawful sources are assistance, financial assistance from the Central Government, Provincial Government, or assistance from domestic or foreign NGOs.","The policy explicitly includes financial assistance from the Provincial Government as a funding source, which corresponds to provincial government budget support.",Reference only
MALUKU TUAL KOTA,MALUKU_TUAL_KOTA.txt,1.8,Human trafficking,scope_of_violence,No,Yes,0.0,1.0,false_positive,"8. Law Number 21 of 2007 concerning Eradication of the Criminal Act of Trafficking in Persons (State Gazette of the Republic of Indonesia of 2007 Number 58, Supplement to the State Gazette of the Republic of Indonesia Number 4928);","The policy explicitly references a law on eradication of trafficking in persons, indicating trafficking is included in the policy context.",Reference only
MALUKU TUAL KOTA,MALUKU_TUAL_KOTA.txt,2.3,Data collection systems,institutional_mechanism,No,Yes,0.0,1.0,false_positive,4. PPT is obligated to report the implementation of protection for women and children victims of violence periodically to the Mayor of Tual in accordance with applicable regulations.,"The policy assigns a reporting obligation to the PPT to periodically report implementation to the Mayor, which constitutes an explicit requirement for documenting/reporting information related to implementation of protection services (and implicitly cases handled through the integrated service center).",Reference only
MALUKU TUAL KOTA,MALUKU_TUAL_KOTA.txt,4.4,Prevention through education,primary_prevention,No,Yes,0.0,1.0,false_positive,"The activities for preventing the occurrence of violence as referred to in Article 2 include:
a. Socialization;
b. Dissemination;
c. Training;","The policy explicitly includes socialization, dissemination, and training as activities to prevent the occurrence of violence, which are educational/communication strategies used for prevention.",Reference only
MALUKU TUAL KOTA,MALUKU_TUAL_KOTA.txt,5.2,Religious engagement,stakeholder_engagement,No,Yes,0.0,1.0,false_positive,"2. P2TP2A as referred to in paragraph (1), consists of elements of the Police, Prosecutor's Office, Court, Health Office, Social Office, Ministry of Religious Affairs, Office of Women's Empowerment and Child Protection, NGOs, Child Observers.","The policy includes the Ministry of Religious Affairs as an element of the P2TP2A, indicating involvement of a faith-related actor in the integrated service structure.",Reference only
MALUKU TUAL KOTA,MALUKU_TUAL_KOTA.txt,6.2,Women victims of trafficking,intersectional_approach,No,Yes,0.0,1.0,false_positive,"6. Forms of violence of exploitation are forms of violence including acts of exploiting children economically or sexually to benefit oneself or others, acts with or without the victim's consent but not limited to prostitution, forced labor or services, slavery or similar practices, oppression, extortion, exploitation of physical, sexual, reproductive organs, or unlawfully, transferring or transplanting organs and or body tissues or exploiting a person's abilities to obtain benefits.","The policy’s definition of exploitation includes practices commonly associated with trafficking (e.g., forced labor/services, slavery-like practices, prostitution), thereby bringing trafficking-related victimization within the scope of violence addressed.",Reference only
MALUKU UTARA HALMAHERA TIMUR,MALUKU_UTARA_HALMAHERA_TIMUR.txt,2.5,Training and capacity building,institutional_mechanism,No,Yes,0.0,1.0,false_positive,"2. Guidance and supervision as referred to in paragraph (1) includes providing implementation instructions, guidance, supervision, monitoring and evaluation of the Implementation of Protection of Women and Children.
c facilitating institutional strengthening and development of gender mainstreaming mechanisms in government institutions, women's study centers, research and development institutions, non-governmental institutions;","The policy provides for guidance (including implementation instructions) and supervision over implementation, and also includes facilitating institutional strengthening and development of mechanisms, which together constitute capacity-building/technical guidance provisions for implementation actors.",Reference only
MALUKU UTARA HALMAHERA TIMUR,MALUKU_UTARA_HALMAHERA_TIMUR.txt,3.4,Safety/protection shelter,specialised_support_services,No,Yes,0.0,1.0,false_positive,"d. networking with government or private hospitals for treatment and health recovery of victims and cooperating with witness and victim protection institutions, social shelters, or trauma centers owned by the government, community, or other institutions for health recovery of victims;","The policy provides for networking/cooperation with social shelters or trauma centers for victims’ recovery, indicating access to shelter-type protection services through service arrangements.",Reference only
MALUKU UTARA HALMAHERA TIMUR,MALUKU_UTARA_HALMAHERA_TIMUR.txt,3.10,Economic support,specialised_support_services,No,Yes,0.0,1.0,false_positive,"The implementation of women's empowerment in the economic field as referred to in Article 5 paragraph (2) is carried out through:
d. facilitation and capital assistance; and","The policy provides women’s economic empowerment measures including skills/job training and facilitation/capital assistance, which constitute economic support mechanisms relevant to promoting economic security and independence.",Reference only
MALUKU UTARA HALMAHERA TIMUR,MALUKU_UTARA_HALMAHERA_TIMUR.txt,4.1,Information and education about VAW,primary_prevention,No,Yes,0.0,1.0,false_positive,"e. conducting socialization regarding laws and regulations related to the protection of women and children victims of violence; and
f. providing critical education regarding the rights of women and children for the community.","The policy explicitly includes prevention measures that involve socialization about laws/regulations protecting women and children victims of violence and providing critical education on women’s and children’s rights to the community, which are information/education activities aimed at preventing violence against women and children.",Reference only
MALUKU UTARA HALMAHERA TIMUR,MALUKU_UTARA_HALMAHERA_TIMUR.txt,4.4,Prevention through education,primary_prevention,No,Yes,0.0,1.0,false_positive,f. providing critical education regarding the rights of women and children for the community.,"Education is explicitly listed as part of the prevention efforts for violence against women and children, through providing critical education on women’s and children’s rights to the community.",Reference only
MALUKU UTARA HALMAHERA TIMUR,MALUKU_UTARA_HALMAHERA_TIMUR.txt,6.1,Women in conflict/disaster areas,intersectional_approach,No,Yes,0.0,1.0,false_positive,"h organizing the protection of women especially protection for victims of violence, female workers, elderly women, and women with disabilities, in conflict areas and disaster-affected areas;","The policy explicitly mandates organizing protection for women (including specific sub-groups) in conflict areas and disaster-affected areas, which constitutes special protection measures for women in such emergency contexts.",Reference only
MALUKU UTARA HALMAHERA TIMUR,MALUKU_UTARA_HALMAHERA_TIMUR.txt,6.3,Women workers,intersectional_approach,No,Yes,0.0,1.0,false_positive,"h organizing the protection of women especially protection for victims of violence, female workers, elderly women, and women with disabilities, in conflict areas and disaster-affected areas;","The policy explicitly identifies female workers as a group for whom protection is to be organized (alongside other groups), indicating special measures for women workers.",Reference only
MALUKU UTARA HALMAHERA TIMUR,MALUKU_UTARA_HALMAHERA_TIMUR.txt,6.4,Elderly women,intersectional_approach,No,Yes,0.0,1.0,false_positive,"h organizing the protection of women especially protection for victims of violence, female workers, elderly women, and women with disabilities, in conflict areas and disaster-affected areas;","The policy explicitly lists elderly women as a group for whom protection is to be organized, indicating special protection measures targeted at elderly women.",Reference only
MALUKU UTARA HALMAHERA TIMUR,MALUKU_UTARA_HALMAHERA_TIMUR.txt,6.5,People with disability,intersectional_approach,No,Yes,0.0,1.0,false_positive,"h organizing the protection of women especially protection for victims of violence, female workers, elderly women, and women with disabilities, in conflict areas and disaster-affected areas;","The policy explicitly includes women with disabilities as a group for whom protection is to be organized, which is a special protection measure targeted at women with disabilities.",Reference only
MALUKU UTARA TERNATE KOTA,MALUKU_UTARA_TERNATE_KOTA.txt,1.9,Sexual slavery/exploitation,scope_of_violence,Yes,No,1.0,0.0,false_negative,,"Although sexual violence is defined, the provided sentences do not explicitly mention sexual exploitation or sexual slavery, nor do they clearly address these concepts.",Reference only
MALUKU UTARA TERNATE KOTA,MALUKU_UTARA_TERNATE_KOTA.txt,2.1,Institutional network,institutional_mechanism,No,Yes,0.0,1.0,false_positive,"1. The provision of protection to victims is carried out in an integrated manner within the Integrated Service Center for Women and Children Empowerment (P2TP2A).
a. establishing and facilitating the implementation of an integrated service center for victims involving community elements;","The policy establishes an integrated institutional mechanism for protection services through P2TP2A and also mandates establishing/facilitating an integrated service center involving community elements, indicating a coordination network for implementation.",Reference only
MALUKU UTARA TERNATE KOTA,MALUKU_UTARA_TERNATE_KOTA.txt,2.2,Collaboration with NGOs,institutional_mechanism,No,Yes,0.0,1.0,false_positive,"Assistance is carried out by persons or institutions that have the expertise to conduct counseling, therapy and advocacy for the strengthening and recovery of victims of violence and cooperate with P2TP2A.
a. establishing and facilitating the implementation of an integrated service center for victims involving community elements;","The text provides for cooperation with P2TP2A by persons or institutions with relevant expertise and requires an integrated service center involving community elements, which constitutes a collaboration mechanism with non-government/community actors.",Reference only
MALUKU UTARA TERNATE KOTA,MALUKU_UTARA_TERNATE_KOTA.txt,2.5,Training and capacity building,institutional_mechanism,No,Yes,0.0,1.0,false_positive,b. implementing education and guidance on anti-violence and protection for women and children victims of violence;,"The policy requires the Regional Government to implement education and guidance on anti-violence and protection for women and children victims, which constitutes a training/guidance-type capacity-building measure.",Reference only
MALUKU UTARA TERNATE KOTA,MALUKU_UTARA_TERNATE_KOTA.txt,4.4,Prevention through education,primary_prevention,No,Yes,0.0,1.0,false_positive,b. implementing education and guidance on anti-violence and protection for women and children victims of violence;,"Education is explicitly listed as part of the regional government’s efforts to prevent the occurrence of violence, indicating education as a prevention strategy.",Reference only
NUSA TENGGARA BARAT BIMA,NUSA_TENGGARA_BARAT_BIMA.txt,1.1,Domestic violence,scope_of_violence,Yes,No,1.0,0.0,false_negative,,"The provided sentences discuss prevention and services for ""violence against women"" and ""violence against women and children"" generally, but do not explicitly mention domestic violence or violence occurring within the household/family context.",Reference only
NUSA TENGGARA BARAT BIMA,NUSA_TENGGARA_BARAT_BIMA.txt,1.5,Economic violence,scope_of_violence,Yes,No,1.0,0.0,false_negative,,"While the definition of violence includes ""neglect"" in general, the candidate sentences do not explicitly connect neglect to economic violence/economic exploitation/domestic neglect specifically as a form of violence against women.",Reference only
NUSA TENGGARA BARAT BIMA,NUSA_TENGGARA_BARAT_BIMA.txt,1.6,Harmful practices,scope_of_violence,No,Yes,0.0,1.0,false_positive,"f. conducting socialization and education on laws and regulations related to women's empowerment, protection of women and Children, such as prevention of unregistered marriages and the dangers of child marriage;","The community participation provisions explicitly reference education/socialization on preventing child marriage, which is a harmful practice affecting girls.",Reference only
NUSA TENGGARA BARAT BIMA,NUSA_TENGGARA_BARAT_BIMA.txt,1.9,Sexual slavery/exploitation,scope_of_violence,Yes,No,1.0,0.0,false_negative,,"The text mentions ""exploitation"" generally but does not explicitly specify sexual exploitation or sexual slavery in the provided sentences.",Reference only
NUSA TENGGARA BARAT BIMA,NUSA_TENGGARA_BARAT_BIMA.txt,3.5,Legal assistance,specialised_support_services,Yes,No,1.0,0.0,false_negative,,"While the policy lists various service functions (e.g., complaints, case management, mediation, assistance), none of the cited sentences explicitly mention legal aid/legal assistance services.",Reference only
NUSA TENGGARA BARAT BIMA,NUSA_TENGGARA_BARAT_BIMA.txt,4.2,Gender equality education,primary_prevention,No,Yes,0.0,1.0,false_positive,"b. development of materials and implementation of Communication, Information, and Education on gender equality and child protection for families in the region.","The policy includes primary prevention-oriented Communication, Information, and Education activities specifically on gender equality (and child protection) for families, which constitutes education/awareness-raising on gender equality.",Reference only
NUSA TENGGARA BARAT BIMA,NUSA_TENGGARA_BARAT_BIMA.txt,4.4,Prevention through education,primary_prevention,No,Yes,0.0,1.0,false_positive,"b. provision of education on the prevention of violence against women in the region;
b. provision of education on the prevention of violence against children who require special protection in the region;","The policy explicitly identifies education as a strategy for prevention, including provision of education on prevention of violence against women and provision of education on prevention of violence against children who require special protection.",Reference only
NUSA TENGGARA BARAT BIMA,NUSA_TENGGARA_BARAT_BIMA.txt,5.4,Education institutions engagement,stakeholder_engagement,No,Yes,0.0,1.0,false_positive,"Paragraph (2) What is meant by ""Working Group"" is a discussion forum consisting of stakeholders in the region (regional apparatus, NGOs, Business World, and Universities) in formulating agreements and/or policies that will be proposed to the regent in the form of recommendations for decision-making.
1. Facilitation of child care by child care institutions shall be implemented by regional apparatus in charge of women and children, social affairs, manpower, education, health, planning, and other regional apparatus as needed.","The policy includes universities as stakeholders in a working group forum and also explicitly includes the education sector/regional apparatus in facilitating child care by child care institutions, indicating education institutions/sector engagement in implementation.",Reference only
NUSA TENGGARA BARAT BIMA,NUSA_TENGGARA_BARAT_BIMA.txt,6.4,Elderly women,intersectional_approach,Yes,No,1.0,0.0,false_negative,,"Although the principles mention “the elderly” as a group whose needs/aspirations should be considered, the passages do not set out any special protection measures specifically targeted at elderly women.",Reference only
NUSA TENGGARA BARAT BIMA,NUSA_TENGGARA_BARAT_BIMA.txt,6.5,People with disability,intersectional_approach,Yes,No,1.0,0.0,false_negative,,"The text references “disability groups” within a general principle of gender equality, but it does not specify any special protection measures targeted at women with disabilities or people with disabilities.",Reference only
NUSA TENGGARA BARAT BIMA,NUSA_TENGGARA_BARAT_BIMA.txt,6.7,Women from minority groups,intersectional_approach,Yes,No,1.0,0.0,false_negative,,The candidate sentences provide general protections and principles (including non-discrimination) but do not specify special protection measures targeted at women from minority or isolated groups.,Reference only
NUSA TENGGARA BARAT BIMA KOTA,NUSA_TENGGARA_BARAT_BIMA_KOTA.txt,4.2,Gender equality education,primary_prevention,No,Yes,0.0,1.0,false_positive,"Forms of prevention of violence against women carried out by PPT, can be implemented through: Socialization activities of Laws and Regulations to the community related to the protection of women's rights; and Training of PPT members related to the implementation of their duties in preventing violence against women.
the implementation of independent socialization of women's rights;","The policy includes primary prevention activities that involve socialization to the community related to the protection of women's rights and also references independent socialization of women's rights as a form of community participation, which constitutes education/awareness raising on women’s rights.",Reference only
NUSA TENGGARA BARAT DOMPU,NUSA_TENGGARA_BARAT_DOMPU.txt,2.4,Gender mainstreaming institutionalisation,institutional_mechanism,Yes,No,1.0,0.0,false_negative,,"While the policy references principles such as gender equality, none of the provided sentences establish or require gender mainstreaming as an institutional mechanism for implementing women’s protection/VAW policies and programs.",Reference only
NUSA TENGGARA BARAT DOMPU,NUSA_TENGGARA_BARAT_DOMPU.txt,4.2,Gender equality education,primary_prevention,Yes,No,1.0,0.0,false_negative,,"While the policy mentions education and awareness activities related to preventing violence and educating about the rights of women and children as victims of violence, the provided sentences do not explicitly include primary prevention education specifically about gender equality and/or women’s rights in general (beyond victim rights in the context of violence).",Reference only
NUSA TENGGARA BARAT DOMPU,NUSA_TENGGARA_BARAT_DOMPU.txt,6.5,People with disability,intersectional_approach,No,Yes,0.0,1.0,false_positive,"fulfillment of special needs for children with disabilities and children experiencing psychosocial problems;
provision of accessibility, especially for children with disabilities;","The policy includes disability-specific measures within special protection for children (e.g., fulfilling special needs for children with disabilities and providing accessibility, especially for children with disabilities), indicating targeted disability-related protection measures.",Reference only
NUSA TENGGARA BARAT DOMPU,NUSA_TENGGARA_BARAT_DOMPU.txt,6.10,Refugee/forced displacement,intersectional_approach,No,Yes,0.0,1.0,false_positive,a. Children who are refugees;,"The policy explicitly includes “Children who are refugees” as a group receiving special protection in emergency situations, which constitutes a special protection measure targeted at refugees (within the child-focused scope shown).",Reference only
NUSA TENGGARA BARAT LOMBOK TENGAH,NUSA_TENGGARA_BARAT_LOMBOK_TENGAH.txt,1.1,Domestic violence,scope_of_violence,Yes,No,1.0,0.0,false_negative,,"The provided sentences define and address violence against women and children generally (including in private life), but they do not explicitly mention domestic violence or violence within the household/family as a distinct category.",Reference only
NUSA TENGGARA BARAT LOMBOK TENGAH,NUSA_TENGGARA_BARAT_LOMBOK_TENGAH.txt,1.6,Harmful practices,scope_of_violence,No,Yes,0.0,1.0,false_positive,"d. avoiding children from child marriage,","The policy explicitly addresses child marriage by stating an objective of avoiding children from child marriage, which is a harmful practice affecting girls.",Reference only
NUSA TENGGARA BARAT LOMBOK TENGAH,NUSA_TENGGARA_BARAT_LOMBOK_TENGAH.txt,2.4,Gender mainstreaming institutionalisation,institutional_mechanism,No,Yes,0.0,1.0,false_positive,"Quality of Life of Women includes, Institutionalization of Gender Mainstreaming at government institutions at the regency/city Region level.","The policy text explicitly references “Institutionalization of Gender Mainstreaming at government institutions” as part of the women’s field authorities, indicating gender mainstreaming as an institutional mechanism.",Reference only
NUSA TENGGARA BARAT LOMBOK TENGAH,NUSA_TENGGARA_BARAT_LOMBOK_TENGAH.txt,3.8,Religious/spiritual counselling,specialised_support_services,Yes,No,1.0,0.0,false_negative,,"The candidate sentences mention psychological and psychosocial services but do not reference religious/spiritual counselling, faith-based guidance, or similar services for victims.",Reference only
NUSA TENGGARA BARAT LOMBOK TENGAH,NUSA_TENGGARA_BARAT_LOMBOK_TENGAH.txt,4.1,Information and education about VAW,primary_prevention,Yes,No,1.0,0.0,false_negative,,"The excerpts define violence against women and describe protection/prevention efforts, but they do not specify information/awareness/communication/education activities explicitly focused on violence against women or anti-violence values as a preventive measure. The explicit education/socialization provisions shown relate to women's basic rights/equality generally or to child protection, not VAW-specific education.",Reference only
NUSA TENGGARA BARAT LOMBOK TENGAH,NUSA_TENGGARA_BARAT_LOMBOK_TENGAH.txt,4.2,Gender equality education,primary_prevention,No,Yes,0.0,1.0,false_positive,"a. understanding and awareness of women's basic rights,
C. fostering awareness in women about equality and their position.
(3) Guidance as referred to in paragraph (2), is carried out in the form of education, socialization, and advocacy.","The policy includes awareness-raising on women's basic rights and equality/position, and states that such guidance is implemented through education, socialization, and advocacy—constituting primary prevention educational activities on women's rights and gender equality.",Reference only
NUSA TENGGARA BARAT LOMBOK TENGAH,NUSA_TENGGARA_BARAT_LOMBOK_TENGAH.txt,5.3,Traditional/cultural engagement,stakeholder_engagement,No,Yes,0.0,1.0,false_positive,"c. conducting evaluations of village regulations, school regulations and/or customary rules that encourage violence and child vulnerability, and
Strengthening institutional capacity for child Protection and empowerment and education units as referred to in paragraph (1) letter a shall be carried out through regional government policy intervention towards improving the knowledge and skills of law enforcement officers, village apparatus, KUA officers, customary stakeholders, extension workers and teachers.","The policy addresses customary mechanisms by calling for evaluation of customary rules and by including customary stakeholders among those whose knowledge and skills should be improved, indicating involvement of traditional/customary actors in implementation and prevention.",Reference only
NUSA TENGGARA BARAT LOMBOK TENGAH,NUSA_TENGGARA_BARAT_LOMBOK_TENGAH.txt,6.1,Women in conflict/disaster areas,intersectional_approach,No,Yes,0.0,1.0,false_positive,"d. efforts to Protect Women in disaster situations.
Efforts to Protect Women in disaster situations as referred to in Article 9 letter d, are implemented through:
b. provision of women-friendly facilities at disaster evacuation sites.","The policy explicitly includes protection of women in disaster situations and specifies implementation measures, including women-friendly facilities at evacuation sites.",Reference only
NUSA TENGGARA BARAT LOMBOK TENGAH,NUSA_TENGGARA_BARAT_LOMBOK_TENGAH.txt,6.3,Women workers,intersectional_approach,No,Yes,0.0,1.0,false_positive,b. fulfillment of the right to obtain paid leave including maternity leave; and,"The policy includes a specific measure relevant to women as workers/employees by addressing paid leave, including maternity leave.",Reference only
NUSA TENGGARA BARAT LOMBOK TENGAH,NUSA_TENGGARA_BARAT_LOMBOK_TENGAH.txt,6.5,People with disability,intersectional_approach,No,Yes,0.0,1.0,false_positive,"i. facilitate the needs of Victims with Disabilities,","The policy includes a specific service function to facilitate the needs of victims with disabilities, which covers people with disabilities (including women with disabilities when they are victims).",Reference only
NUSA TENGGARA BARAT LOMBOK TENGAH,NUSA_TENGGARA_BARAT_LOMBOK_TENGAH.txt,6.6,Women heads of household,intersectional_approach,No,Yes,0.0,1.0,false_positive,"g. developing innovative ways through assistance and/or more effective facilitation for pre-prosperous families, and developing programs and activities in efforts to reduce poverty rates for pre-prosperous families and women who serve as heads of families.","The policy explicitly references programs/activities aimed at reducing poverty for women who serve as heads of families, indicating targeted support for women heads of household.",Reference only
NUSA TENGGARA BARAT LOMBOK TENGAH,NUSA_TENGGARA_BARAT_LOMBOK_TENGAH_v2.txt,1.1,Domestic violence,scope_of_violence,Yes,No,1.0,0.0,false_negative,,"The provided sentences define violence against women/children generally and describe protection objectives and services, but they do not explicitly mention domestic violence or violence within the household/intimate partner context.",Reference only
NUSA TENGGARA BARAT LOMBOK TENGAH,NUSA_TENGGARA_BARAT_LOMBOK_TENGAH_v2.txt,1.8,Human trafficking,scope_of_violence,No,Yes,0.0,1.0,false_positive,"i. ii Children victims of kidnapping, sale, and/or trafficking,","The policy explicitly includes children who are victims of kidnapping, sale, and/or trafficking under special protection, which covers trafficking in persons.",Reference only
NUSA TENGGARA BARAT LOMBOK TENGAH,NUSA_TENGGARA_BARAT_LOMBOK_TENGAH_v2.txt,2.4,Gender mainstreaming institutionalisation,institutional_mechanism,No,Yes,0.0,1.0,false_positive,"Quality of Life of Women includes, Institutionalization of PUG in government institutions at the regency/city Region level.","The elucidation explicitly references “Institutionalization of PUG in government institutions,” indicating gender mainstreaming is to be institutionalized as a mechanism within government institutions.",Reference only
NUSA TENGGARA BARAT LOMBOK TENGAH,NUSA_TENGGARA_BARAT_LOMBOK_TENGAH_v2.txt,4.1,Information and education about VAW,primary_prevention,Yes,No,1.0,0.0,false_negative,,"The retrieved sentences define violence against women and describe protection/prevention efforts generally, but they do not specify information/awareness/communication/education activities explicitly focused on violence against women or anti-violence values as a preventive measure. The only explicit education/socialization provisions shown relate to women’s empowerment broadly or to child protection, not VAW-specific prevention education.",Reference only
NUSA TENGGARA BARAT LOMBOK TENGAH,NUSA_TENGGARA_BARAT_LOMBOK_TENGAH_v2.txt,4.3,VAW laws awareness,primary_prevention,Yes,No,1.0,0.0,false_negative,,"While the text references laws/policies in the elucidation and mentions prevention of sexual violence and education/training obligations for certain personnel, none of the candidate sentences describe a primary prevention activity that provides information or education to the public (or a target population) specifically about VAW laws and policies.",Reference only
NUSA TENGGARA BARAT LOMBOK TENGAH,NUSA_TENGGARA_BARAT_LOMBOK_TENGAH_v2.txt,4.4,Prevention through education,primary_prevention,No,Yes,0.0,1.0,false_positive,"a. socialization and education about the importance of child Protection,","The policy explicitly links prevention-related strategies to “socialization and education” (in the context of strengthening roles of parents/schools/communities for child protection), which constitutes education as an explicit strategy to prevent violence against children.",Reference only
NUSA TENGGARA BARAT LOMBOK TENGAH,NUSA_TENGGARA_BARAT_LOMBOK_TENGAH_v2.txt,5.2,Religious engagement,stakeholder_engagement,No,Yes,0.0,1.0,false_positive,"a. strengthening understanding and the role of parents, families, social/community organizations, schools, Islamic boarding schools and other stakeholders in child Protection efforts,","The policy explicitly references Islamic boarding schools as stakeholders in child protection efforts, indicating engagement of faith-based actors in prevention/implementation activities.",Reference only
NUSA TENGGARA BARAT LOMBOK TENGAH,NUSA_TENGGARA_BARAT_LOMBOK_TENGAH_v2.txt,5.3,Traditional/cultural engagement,stakeholder_engagement,No,Yes,0.0,1.0,false_positive,"c. conducting evaluations of village regulations, school regulations and/or customary rules that encourage violence and vulnerability of children, and Strengthening institutional capacity for child Protection and empowerment and education units as referred to in paragraph (1) letter a shall be carried out through regional government policy intervention towards increasing the knowledge and skills of law enforcement officers, village apparatus, KUA officers, customary stakeholders, extension workers and teachers.","The policy explicitly mentions evaluating customary rules and building capacity of customary stakeholders, demonstrating inclusion of traditional/customary mechanisms and actors in implementation and prevention.",Reference only
NUSA TENGGARA BARAT LOMBOK TENGAH,NUSA_TENGGARA_BARAT_LOMBOK_TENGAH_v2.txt,6.3,Women workers,intersectional_approach,No,Yes,0.0,1.0,false_positive,b. fulfillment of the right to obtain paid leave including maternity leave; and,"The policy includes a specific measure relevant to women employees by providing for fulfillment of the right to paid leave including maternity leave, which constitutes a protection/special measure for women workers.",Reference only
NUSA TENGGARA BARAT LOMBOK TENGAH,NUSA_TENGGARA_BARAT_LOMBOK_TENGAH_v2.txt,6.6,Women heads of household,intersectional_approach,No,Yes,0.0,1.0,false_positive,"g. development of innovative ways through assistance and/or more effective facilitation for pre-prosperous families, and development of programs and activities in efforts to reduce poverty rates for pre-prosperous families and women who serve as heads of families.","The policy explicitly references programs/activities aimed at women who serve as heads of families, indicating targeted measures for women-headed households.",Reference only
NUSA TENGGARA BARAT LOMBOK TENGAH,NUSA_TENGGARA_BARAT_LOMBOK_TENGAH_v2.txt,6.10,Refugee/forced displacement,intersectional_approach,No,Yes,0.0,1.0,false_positive,a. Children who become refugees:,"The policy explicitly includes refugees within the definition of children in emergency situations, indicating that special protection measures cover refugee/forced displacement situations (at least for children).",Reference only
NUSA TENGGARA BARAT LOMBOK UTARA,NUSA_TENGGARA_BARAT_LOMBOK_UTARA.txt,1.6,Harmful practices,scope_of_violence,No,Yes,0.0,1.0,false_positive,"preventing marriage at an early age;
k. raising awareness about safe sex, the dangers of cigarettes, alcoholic beverages, narcotics and psychotropic abuse, Child marriage, pornography, pornographic acts and HIV/AIDS to families, the Community and Children;","The policy includes harmful practices affecting women and girls by explicitly addressing prevention of early/child marriage, including through family/parent responsibilities and awareness-raising that mentions child marriage.",Reference only
NUSA TENGGARA BARAT LOMBOK UTARA,NUSA_TENGGARA_BARAT_LOMBOK_UTARA.txt,2.4,Gender mainstreaming institutionalisation,institutional_mechanism,No,Yes,0.0,1.0,false_positive,2. The provisions referred to in paragraph (1) shall be implemented in the form of gender mainstreaming in every policy and Community life.,"The policy explicitly requires that provisions for cultivating a gender-just social system be implemented in the form of gender mainstreaming in every policy and community life, establishing gender mainstreaming as an institutional mechanism.",Reference only
NUSA TENGGARA BARAT LOMBOK UTARA,NUSA_TENGGARA_BARAT_LOMBOK_UTARA.txt,4.4,Prevention through education,primary_prevention,No,Yes,0.0,1.0,false_positive,"c. providing education on the dangers of domestic Violence;
c. organizing education on the prevention of Violence against Women and Children;","The policy explicitly includes education as part of prevention strategies, including education on the dangers of domestic violence and education on preventing violence against women and children.",Reference only
NUSA TENGGARA BARAT LOMBOK UTARA,NUSA_TENGGARA_BARAT_LOMBOK_UTARA.txt,5.3,Traditional/cultural engagement,stakeholder_engagement,No,Yes,0.0,1.0,false_positive,"Protection of Women and Children shall be carried out with due regard to religion, customs, and the socio-cultural conditions of the Community by prioritizing the basic principles of Women’s rights and Children’s rights.
facilitating deliberation for consensus to create restorative justice for Children in conflict with the law through informal channels and carried out at the village/sub-district government level and institutional authorities;","The policy states protection must consider customs and socio-cultural conditions (including local wisdom) and references community-based informal restorative justice mechanisms at village/sub-district level, which reflects engagement with customary/community mechanisms in implementation and dispute resolution.",Reference only
NUSA TENGGARA BARAT MATARAM KOTA,NUSA_TENGGARA_BARAT_MATARAM_KOTA.txt,3.8,Religious/spiritual counselling,specialised_support_services,Yes,No,1.0,0.0,false_negative,,"The candidate sentences do not explicitly provide religious or spiritual counselling/guidance as a service for victims; references to 'mental and spiritual matters' appear only as an administrative field area, not as a defined counselling service.",Reference only
NUSA TENGGARA TIMUR MANGGARAI,NUSA_TENGGARA_TIMUR_MANGGARAI.txt,1.9,Sexual slavery/exploitation,scope_of_violence,Yes,No,1.0,0.0,false_negative,,"While the policy mentions sexual violence and exploitation generally, the candidate sentences do not explicitly refer to sexual exploitation (as such) or sexual slavery.",Reference only
NUSA TENGGARA TIMUR MANGGARAI,NUSA_TENGGARA_TIMUR_MANGGARAI.txt,4.4,Prevention through education,primary_prevention,No,Yes,0.0,1.0,false_positive,"1. The Regional Government is tasked with carrying out prevention, handling and recovery efforts for Women and Children victims of violence, by:
b. providing education on anti-violence values towards women and children;","Education is explicitly included within the Regional Government’s prevention efforts, specifically through providing education on anti-violence values toward women and children as part of prevention, handling, and recovery responsibilities.",Reference only
NUSA TENGGARA TIMUR MANGGARAI,NUSA_TENGGARA_TIMUR_MANGGARAI.txt,5.6,Media engagement,stakeholder_engagement,No,Yes,0.0,1.0,false_positive,Paragraph (1) Letter a socialization is carried out among others through radio advertisements and newspapers as well as installation of pamphlets/billboards/stickers,"The policy explicitly mentions socialization through radio advertisements and newspapers (and related materials), indicating engagement/recognition of media channels in prevention/awareness activities.",Reference only
NUSA TENGGARA TIMUR MANGGARAI BARAT,NUSA_TENGGARA_TIMUR_MANGGARAI_BARAT.txt,1.9,Sexual slavery/exploitation,scope_of_violence,Yes,No,1.0,0.0,false_negative,,"While sexual violence is defined, the provided sentences do not explicitly include sexual exploitation or sexual slavery as distinct concepts.",Reference only
NUSA TENGGARA TIMUR MANGGARAI BARAT,NUSA_TENGGARA_TIMUR_MANGGARAI_BARAT.txt,4.4,Prevention through education,primary_prevention,No,Yes,0.0,1.0,false_positive,"1. The Regional Government is responsible for implementing efforts to prevent the occurrence of violence in the form of:a.
b. Conducting education on anti-violence values against women and children;","Education is explicitly listed as part of the regional government’s responsibilities to prevent the occurrence of violence, including conducting education on anti-violence values against women and children.",Reference only
NUSA TENGGARA TIMUR SIKKA,NUSA_TENGGARA_TIMUR_SIKKA.txt,4.3,VAW laws awareness,primary_prevention,No,Yes,0.0,1.0,false_positive,c. Conducting socialization of laws and regulations related to the implementation of protection for women and children victims of violence;,"The policy explicitly includes socialization (public dissemination/awareness) of laws and regulations related to implementing protection for women and children victims of violence, which constitutes education/awareness about relevant VAW-related laws/policies as a prevention activity.",Reference only
NUSA TENGGARA TIMUR TIMOR TENGAH UTARA,NUSA_TENGGARA_TIMUR_TIMOR_TENGAH_UTARA.txt,1.1,Domestic violence,scope_of_violence,No,Yes,0.0,1.0,false_positive,1. The Office is responsible for implementing efforts to prevent the occurrence of Violence against Women.,"The policy includes provisions on preventing ""Violence against Women,"" assigning responsibility to the Office to implement prevention efforts, which encompasses domestic violence as a form of violence against women, even though the term ""domestic violence"" is not explicitly used.",Reference only
NUSA TENGGARA TIMUR TIMOR TENGAH UTARA,NUSA_TENGGARA_TIMUR_TIMOR_TENGAH_UTARA.txt,2.3,Data collection systems,institutional_mechanism,Yes,No,1.0,0.0,false_negative,,"While the text references reporting of gender data and monitoring of protection policies, the provided sentences do not explicitly establish or assign responsibility for a system/entity to collect, document, record, manage, compile, exchange, or maintain data specifically on violence against women, victims, or cases.",Reference only
NUSA TENGGARA TIMUR TIMOR TENGAH UTARA,NUSA_TENGGARA_TIMUR_TIMOR_TENGAH_UTARA.txt,3.3,Reporting/hotline service,specialised_support_services,No,Yes,0.0,1.0,false_positive,d. providing counseling to immediately report to local authorities if Violence against women occurs;,The policy includes a mechanism encouraging reporting by providing counseling to immediately report to local authorities when violence against women occurs.,Reference only
NUSA TENGGARA TIMUR TIMOR TENGAH UTARA,NUSA_TENGGARA_TIMUR_TIMOR_TENGAH_UTARA.txt,3.5,Legal assistance,specialised_support_services,No,Yes,0.0,1.0,false_positive,b. facilitation of access and legal consultation services.,"The policy includes facilitation of access and legal consultation services, indicating availability of legal assistance as a service.",Reference only
NUSA TENGGARA TIMUR TIMOR TENGAH UTARA,NUSA_TENGGARA_TIMUR_TIMOR_TENGAH_UTARA.txt,3.6,Health/medical services,specialised_support_services,No,Yes,0.0,1.0,false_positive,"b. increasing awareness, willingness and ability to overcome health problems through quality promotive, preventive, curative, and rehabilitative efforts especially in the field of reproductive health;","The policy includes efforts to overcome health problems through promotive, preventive, curative, and rehabilitative efforts, including access to consultation services, which constitutes provision for health/medical services.",Reference only
NUSA TENGGARA TIMUR TIMOR TENGAH UTARA,NUSA_TENGGARA_TIMUR_TIMOR_TENGAH_UTARA.txt,3.7,Psychosocial counselling,specialised_support_services,No,Yes,0.0,1.0,false_positive,a. as a service institution in prevention and counseling;,"The policy establishes a family learning center that functions as a service institution in prevention and counseling, which covers psychosocial/psychological counseling services.",Reference only
NUSA TENGGARA TIMUR TIMOR TENGAH UTARA,NUSA_TENGGARA_TIMUR_TIMOR_TENGAH_UTARA.txt,4.3,VAW laws awareness,primary_prevention,Yes,No,1.0,0.0,false_negative,,"While the policy mentions counseling/socialization related to violence against women and general legal-field awareness activities, none of the provided sentences explicitly indicate information or education specifically about violence-against-women laws or policies.",Reference only
NUSA TENGGARA TIMUR TIMOR TENGAH UTARA,NUSA_TENGGARA_TIMUR_TIMOR_TENGAH_UTARA.txt,5.3,Traditional/cultural engagement,stakeholder_engagement,No,Yes,0.0,1.0,false_positive,"d. facilitation and efforts to preserve customs and the development of science, technology, arts and culture for the advancement of women.","The policy references facilitation and efforts to preserve customs and cultural development as part of women’s empowerment, which indicates engagement with customary/cultural dimensions in implementation.",Reference only
NUSA TENGGARA TIMUR TIMOR TENGAH UTARA,NUSA_TENGGARA_TIMUR_TIMOR_TENGAH_UTARA.txt,5.4,Education institutions engagement,stakeholder_engagement,No,Yes,0.0,1.0,false_positive,,"The policy explicitly allows cooperation with higher education institutions for gender analysis implementation and includes university representatives as part of the technical team, demonstrating engagement of education institutions. [unresolved evidence citation removed]",Reference only
NUSA TENGGARA TIMUR TIMOR TENGAH UTARA,NUSA_TENGGARA_TIMUR_TIMOR_TENGAH_UTARA.txt,5.6,Media engagement,stakeholder_engagement,No,Yes,0.0,1.0,false_positive,c. press representatives of at most 5 (five) persons; and,"The policy explicitly includes press representatives within the PUG Working Group technical team, indicating recognition/engagement of media stakeholders.",Reference only
PAPUA BARAT DAYA SORONG,PAPUA_BARAT_DAYA_SORONG.txt,1.9,Sexual slavery/exploitation,scope_of_violence,Yes,No,1.0,0.0,false_negative,,"Although trafficking is defined as being for the purpose of “exploitation,” the provided sentences do not explicitly specify sexual exploitation or sexual slavery, nor do they define or name these as covered forms.",Reference only
PAPUA BARAT DAYA SORONG,PAPUA_BARAT_DAYA_SORONG.txt,3.4,Safety/protection shelter,specialised_support_services,Yes,No,1.0,0.0,false_negative,,"Although a 'Safe House' is defined, the candidate sentences do not state that any service unit provides or operates shelters/safe houses for victims.",Reference only
PAPUA BARAT DAYA SORONG,PAPUA_BARAT_DAYA_SORONG.txt,3.8,Religious/spiritual counselling,specialised_support_services,No,Yes,0.0,1.0,false_positive,d. mental and spiritual;,"The services framework specifies that services are carried out by relevant agencies including those in the 'mental and spiritual' field, indicating inclusion of spiritual/faith-related support within service provision.",Reference only
PAPUA BARAT DAYA SORONG,PAPUA_BARAT_DAYA_SORONG.txt,3.10,Economic support,specialised_support_services,No,Yes,0.0,1.0,false_positive,a. independence or empowerment services; and,"The policy includes 'independence or empowerment services' under services for victims, which indicates economic empowerment/support aimed at promoting independence.",Reference only
PAPUA BARAT DAYA SORONG,PAPUA_BARAT_DAYA_SORONG.txt,5.2,Religious engagement,stakeholder_engagement,Yes,No,1.0,0.0,false_negative,,"The candidate sentences reference religion only as a potential ground of discrimination and mention a 'mental and spiritual' sector, but they do not explicitly include or assign roles to religious organizations, leaders, clergy, or other faith-based actors in services, prevention, coordination, or implementation.",Reference only
PAPUA BARAT DAYA SORONG,PAPUA_BARAT_DAYA_SORONG.txt,7.4,Other legal sources,budget_funding_sources,Yes,No,1.0,0.0,false_negative,,"The text refers to allocating budget according to regional financial capacity and using existing SKPD budgets, but it does not specify any other distinct legal funding sources (beyond regional budgeting) as a source of funds.",Reference only
PAPUA BARAT DAYA TAMBRAUW,PAPUA_BARAT_DAYA_TAMBRAUW.txt,1.9,Sexual slavery/exploitation,scope_of_violence,Yes,No,1.0,0.0,false_negative,,"Although the policy mentions trafficking in persons and 'exploitation' in general terms, the candidate sentences do not explicitly reference sexual exploitation or sexual slavery as specific forms.",Reference only
PAPUA BARAT DAYA TAMBRAUW,PAPUA_BARAT_DAYA_TAMBRAUW.txt,3.4,Safety/protection shelter,specialised_support_services,Yes,No,1.0,0.0,false_negative,,"Although a 'Safe House' is defined, the provided sentences do not state that any service unit provides or operates a shelter/safe house for victims, nor do they establish shelter services as an available service.",Reference only
PAPUA BARAT DAYA TAMBRAUW,PAPUA_BARAT_DAYA_TAMBRAUW.txt,3.8,Religious/spiritual counselling,specialised_support_services,Yes,No,1.0,0.0,false_negative,,"The text references a 'mental and spiritual' field for implementation by relevant agencies, but it does not explicitly describe religious/spiritual counselling, guidance, mentoring, or faith-based psychosocial support as a service available to victims.",Reference only
RIAU BENGKALIS,RIAU_BENGKALIS.txt,2.3,Data collection systems,institutional_mechanism,No,Yes,0.0,1.0,false_positive,"a. initial identification or recording of victims; and
a. exchange of data and information;","The policy includes victim recording as part of complaint/consultation services and also specifies cooperation can include exchange of data and information, indicating establishment/requirement of data-related activities for cases/victims.",Reference only
RIAU BENGKALIS,RIAU_BENGKALIS.txt,3.8,Religious/spiritual counselling,specialised_support_services,Yes,No,1.0,0.0,false_negative,,"Although the text mentions 'mental and spiritual' as a field of regional apparatus functions, it does not explicitly describe religious or spiritual counseling/guidance as a service available to victims.",Reference only
RIAU BENGKALIS,RIAU_BENGKALIS.txt,4.4,Prevention through education,primary_prevention,No,Yes,0.0,1.0,false_positive,e. providing knowledge about prevention and mechanisms for overcoming violence against women and children; and,"The policy explicitly frames prevention as including providing knowledge about prevention and mechanisms for overcoming violence against women and children, which is an education/information-based strategy used for prevention.",Reference only
RIAU BENGKALIS,RIAU_BENGKALIS.txt,5.6,Media engagement,stakeholder_engagement,No,Yes,0.0,1.0,false_positive,"d. maintaining the privacy and confidentiality of victims from all parties who have no interest, including reporting by mass media;","The policy explicitly references mass media in the context of maintaining victim privacy and confidentiality, indicating recognition of media as a relevant stakeholder in service delivery/handling.",Reference only
RIAU BENGKALIS,RIAU_BENGKALIS.txt,6.3,Women workers,intersectional_approach,No,Yes,0.0,1.0,false_positive,"receive special protection in the implementation of
g. their work or profession against matters that may threaten safety and/or health in connection with women's reproductive function; and ownership and management of joint assets in marriage in accordance with laws and regulations.","The policy explicitly provides special protection related to women’s work/profession, including protection against threats to safety/health connected to women’s reproductive function, which constitutes a specific measure for women workers/employees.",Reference only
RIAU PEKANBARU KOTA,RIAU_PEKANBARU_KOTA.txt,1.1,Domestic violence,scope_of_violence,No,Yes,0.0,1.0,false_positive,"strengthening the function of community organizations engaged in the field of Women's empowerment; conducting various socializations regarding prevention and anticipation of acts of violence against Women to various community components in the Region; and optimizing the role of religious institutions, customary institutions, culture, as well as exploring local wisdom in order to prevent and minimize violence against Women both occurring at home or outside the home.","The policy explicitly references violence against women occurring ""at home or outside the home,"" which covers domestic (home-based) violence.",Reference only
RIAU PEKANBARU KOTA,RIAU_PEKANBARU_KOTA.txt,1.6,Harmful practices,scope_of_violence,No,Yes,0.0,1.0,false_positive,preventing a female family member from entering into early marriage below the age limit determined by Law; and not forcing a female family member to marry a man/male whom she does not desire.,The policy explicitly addresses early marriage by stating a role for parents in preventing female family members from entering into early marriage below the legal age limit.,Reference only
RIAU PEKANBARU KOTA,RIAU_PEKANBARU_KOTA.txt,4.2,Gender equality education,primary_prevention,No,Yes,0.0,1.0,false_positive,"implementation of policies, programs and activities for family quality improvement to realize gender equality and Child protection in the region; and development of materials and implementation of communication, information and education on gender equality and Child protection for families in the region.
2. increasing gender equality in family and community life; and","The policy explicitly provides for communication, information, and education on gender equality (and child protection) for families, and also includes counseling for women that covers increasing gender equality in family and community life.",Reference only
RIAU PEKANBARU KOTA,RIAU_PEKANBARU_KOTA.txt,4.4,Prevention through education,primary_prevention,No,Yes,0.0,1.0,false_positive,"19- providing Communication, Information, and Education (IEC) materials related to prevention and handling of violence; and conducting socialization, advocacy and social campaigns in the context of prevention and handling of violence.","The policy explicitly uses education-related measures (IEC materials and socialization/advocacy/campaigns) as part of promotive/preventive efforts aimed at prevention and handling of violence, indicating education as a strategy to prevent violence.",Reference only
RIAU PEKANBARU KOTA,RIAU_PEKANBARU_KOTA.txt,6.4,Elderly women,intersectional_approach,Yes,No,1.0,0.0,false_negative,,None of the cited sentences mention elderly women or provide measures specifically targeted to older/elderly women; the passages provide general women’s rights and general protection measures.,Reference only
RIAU PEKANBARU KOTA,RIAU_PEKANBARU_KOTA.txt,6.6,Women heads of household,intersectional_approach,No,Yes,0.0,1.0,false_positive,b. improving access and opportunities to receive information and economic resources through efforts to increase prosperous family income and increase women's economic productivity; and carrying out empowerment efforts for Women heads of household.,"The policy explicitly mentions empowerment efforts for women heads of household within guidance measures, indicating targeted support for this group.",Reference only
RIAU PEKANBARU KOTA,RIAU_PEKANBARU_KOTA.txt,6.9,Indigenous people/groups,intersectional_approach,No,Yes,0.0,1.0,false_positive,b. customary institutions;,"The policy explicitly references involvement of customary institutions in organizing protection of women, which constitutes inclusion of customary communities/Indigenous-related structures within the protection framework.",Reference only
RIAU PEKANBARU KOTA,RIAU_PEKANBARU_KOTA.txt,6.10,Refugee/forced displacement,intersectional_approach,No,Yes,0.0,1.0,false_positive,Special Protection for Children in emergency situations who become refugees as referred to in Article 169 letter is carried out with the following provisions:,"The policy explicitly provides special protection for refugees in the context of children in emergency situations who become refugees, indicating special protection measures for refugee/forced displacement situations (at least for children).",Reference only
SULAWESI BARAT MAMUJU,SULAWESI_BARAT_MAMUJU.txt,1.9,Sexual slavery/exploitation,scope_of_violence,Yes,No,1.0,0.0,false_negative,,"While the text refers generally to exploitation and to being free from slavery or servitude, it does not explicitly mention sexual exploitation or sexual slavery.",Reference only
SULAWESI BARAT MAMUJU,SULAWESI_BARAT_MAMUJU.txt,1.10,Technology-facilitated violence,scope_of_violence,No,Yes,0.0,1.0,false_positive,"i. conducting education and advocacy to owners, managers, and/or users of social media;","The policy includes prevention actions specifically involving social media (education and advocacy to owners/managers/users), which indicates attention to violence facilitated through digital/online platforms.",Reference only
SULAWESI BARAT MAMUJU,SULAWESI_BARAT_MAMUJU.txt,2.3,Data collection systems,institutional_mechanism,No,Yes,0.0,1.0,false_positive,c. conducting data collection on case services;,"The policy assigns P2TP2A the duty of conducting data collection on case services, which establishes an entity responsible for collecting and documenting case-related information.",Reference only
SULAWESI BARAT MAMUJU,SULAWESI_BARAT_MAMUJU.txt,4.2,Gender equality education,primary_prevention,No,Yes,0.0,1.0,false_positive,"a. providing education regarding women's rights;
c. conducting outreach on improving gender equality in community family life;","The policy includes educational/outreach activities specifically about women’s rights and improving gender equality in family/community life, which constitutes primary prevention through information/education on gender equality and women’s rights.",Reference only
SULAWESI BARAT MAMUJU,SULAWESI_BARAT_MAMUJU.txt,6.7,Women from minority groups,intersectional_approach,No,Yes,0.0,1.0,false_positive,k. women in situations of intolerance; and,"The policy explicitly includes “women in situations of intolerance” as a vulnerable group, which constitutes a specific subgroup potentially corresponding to minority/isolated groups facing intolerance, indicating targeted consideration.",Reference only
SULAWESI BARAT PASANGKAYU,SULAWESI_BARAT_PASANGKAYU.txt,1.1,Domestic violence,scope_of_violence,Yes,No,1.0,0.0,false_negative,,The provided sentences discuss violence against women and children generally (including violence occurring in public or private life) but do not explicitly mention domestic violence or violence within intimate/family relationships as a distinct category.,Reference only
SULAWESI BARAT PASANGKAYU,SULAWESI_BARAT_PASANGKAYU.txt,3.1,Integrated service unit,specialised_support_services,Yes,No,1.0,0.0,false_negative,,"The cited provisions describe multiple separate services (medical personnel at health centers/hospitals, safe houses, special rooms at police offices, advocates, social workers, and coordination), but they do not explicitly establish or name an integrated service unit/one-stop unit for women victims of violence.",Reference only
SULAWESI BARAT PASANGKAYU,SULAWESI_BARAT_PASANGKAYU.txt,3.9,Resocialisation services,specialised_support_services,Yes,No,1.0,0.0,false_negative,,"The cited sentences cover accompaniment, counseling/guidance, shelters, health services, and general 'guidance' activities, but they do not explicitly describe resocialisation/rehabilitation/reintegration services for victims as a distinct service unit or program.",Reference only
SULAWESI BARAT PASANGKAYU,SULAWESI_BARAT_PASANGKAYU.txt,4.1,Information and education about VAW,primary_prevention,Yes,No,1.0,0.0,false_negative,,"The retrieved sentences mention prevention of violence against women via a regional action plan, information systems, and cooperation, and separately mention socialization/seminars/workshops for preventing violence against children. However, none of the candidate sentences explicitly link information/education/socialization activities to violence against women specifically (VAW-focused awareness/education).",Reference only
SULAWESI BARAT PASANGKAYU,SULAWESI_BARAT_PASANGKAYU.txt,4.4,Prevention through education,primary_prevention,No,Yes,0.0,1.0,false_positive,"b. socialization, seminars or workshops;","The policy explicitly includes socialization, seminars, or workshops as part of prevention efforts for violence against children, which constitutes education-oriented prevention.",Reference only
SULAWESI BARAT PASANGKAYU,SULAWESI_BARAT_PASANGKAYU.txt,5.4,Education institutions engagement,stakeholder_engagement,No,Yes,0.0,1.0,false_positive,"Seminar or workshop activities may be carried out by Universities, NGOs or other institutions handling Child protection.","The policy explicitly states that seminar or workshop activities may be carried out by universities, indicating engagement of education institutions in prevention/capacity-building activities.",Reference only
SULAWESI BARAT PASANGKAYU,SULAWESI_BARAT_PASANGKAYU.txt,6.5,People with disability,intersectional_approach,No,Yes,0.0,1.0,false_positive,b. special needs for Children with disabilities and Children who experience psychosocial disorders.,"The policy includes a special-protection provision addressing disability (special needs for children with disabilities), indicating that disability-targeted special protection measures are included in scope, even though it is framed for children rather than women specifically.",Reference only
SULAWESI SELATAN BULUKUMBA,SULAWESI_SELATAN_BULUKUMBA.txt,4.3,VAW laws awareness,primary_prevention,Yes,No,1.0,0.0,false_negative,,"The retrieved sentences mention education and socialization/advocacy about protection generally, and list relevant laws in the preamble, but they do not describe any primary prevention activity that provides information or education specifically about laws and policies on violence against women.",Reference only
SULAWESI SELATAN BULUKUMBA,SULAWESI_SELATAN_BULUKUMBA.txt,6.3,Women workers,intersectional_approach,Yes,No,1.0,0.0,false_negative,,"While the policy mentions creating a friendly and safe work environment atmosphere for women and includes manpower in task force membership, it does not explicitly provide protection or special measures for women workers/employees as a distinct target group.",Reference only
SULAWESI SELATAN BULUKUMBA,SULAWESI_SELATAN_BULUKUMBA.txt,6.4,Elderly women,intersectional_approach,Yes,No,1.0,0.0,false_negative,,"The policy references the elderly as part of vulnerable groups in general principles/definitions, but it does not provide special protection measures specifically targeted at elderly women.",Reference only
SULAWESI SELATAN BULUKUMBA,SULAWESI_SELATAN_BULUKUMBA.txt,6.7,Women from minority groups,intersectional_approach,Yes,No,1.0,0.0,false_negative,,Minority/isolated groups are mentioned only in relation to children (children from minority and isolated groups). There are no special protection measures specifically targeted at women from minority or isolated groups.,Reference only
SULAWESI SELATAN BULUKUMBA,SULAWESI_SELATAN_BULUKUMBA.txt,6.8,Women in legal process,intersectional_approach,Yes,No,1.0,0.0,false_negative,,"The policy mentions women victims, reporters, and witnesses, and defines vulnerable groups to include women and children in conflict with the law, but it does not explicitly provide protection/services for women in conflict with the law as suspects/defendants/perpetrators/witnesses (the explicit legal-process special protection list applies to children).",Reference only
SULAWESI SELATAN BULUKUMBA,SULAWESI_SELATAN_BULUKUMBA.txt,6.9,Indigenous people/groups,intersectional_approach,Yes,No,1.0,0.0,false_negative,,"Indigenous peoples (Ammatoa Kajang) are listed as part of vulnerable groups, but the cited text does not set out any special protection measures specifically targeted at Indigenous peoples/communities or Indigenous women.",Reference only
SULAWESI SELATAN ENREKANG,SULAWESI_SELATAN_ENREKANG.txt,5.4,Education institutions engagement,stakeholder_engagement,No,Yes,0.0,1.0,false_positive,"c. developing child-friendly schools;
1. Education organizers equip the schools they lead with gender-responsive facilities.",The policy involves the education sector by mandating development of child-friendly schools as part of prevention and assigning responsibilities to education organizers to provide gender-responsive facilities in schools.,Reference only
SULAWESI SELATAN ENREKANG,SULAWESI_SELATAN_ENREKANG.txt,6.3,Women workers,intersectional_approach,No,Yes,0.0,1.0,false_positive,1. Protection for women workers includes:,"The policy explicitly provides protection measures for women workers, listing specific workplace-related protections.",Reference only
SULAWESI SELATAN ENREKANG,SULAWESI_SELATAN_ENREKANG.txt,6.6,Women heads of household,intersectional_approach,No,Yes,0.0,1.0,false_positive,"b. obtaining economic empowerment facilities, especially for women heads of households.",The policy explicitly targets women heads of households by providing economic empowerment facilities especially for them under women’s micro-economy protection.,Reference only
SULAWESI SELATAN ENREKANG,SULAWESI_SELATAN_ENREKANG.txt,6.8,Women in legal process,intersectional_approach,Yes,No,1.0,0.0,false_negative,,"The text provides legal aid for women victims of violence and defines special protection for women/children in conflict with the law, but it does not explicitly provide protection or services for women as suspects, defendants, perpetrators, or witnesses in conflict with the law.",Reference only
SULAWESI SELATAN LUWU,SULAWESI_SELATAN_LUWU.txt,1.2,Sexual violence,scope_of_violence,Yes,No,1.0,0.0,false_negative,,"The provided sentences refer generally to ""violence against women"" and to ""sexual exploitation,"" but they do not explicitly mention sexual violence (e.g., rape/sexual assault) as a category of violence.",Reference only
SULAWESI SELATAN LUWU,SULAWESI_SELATAN_LUWU.txt,1.5,Economic violence,scope_of_violence,Yes,No,1.0,0.0,false_negative,,"While the policy mentions ""economic independence services"" for victims, the candidate sentences do not identify economic violence, economic exploitation, or domestic neglect as forms of violence.",Reference only
SULAWESI SELATAN LUWU,SULAWESI_SELATAN_LUWU.txt,4.2,Gender equality education,primary_prevention,No,Yes,0.0,1.0,false_positive,b. conducting education on values regarding women;,"Within the prevention measures, the policy explicitly includes conducting education on values regarding women, which constitutes an educational primary prevention activity related to women’s status/rights and gender-related values.",Reference only
SULAWESI SELATAN LUWU,SULAWESI_SELATAN_LUWU.txt,4.4,Prevention through education,primary_prevention,No,Yes,0.0,1.0,false_positive,"b. conducting education on values regarding women;
anti violence","The policy explicitly lists education (education on values regarding women and anti-violence) as part of its prevention measures, indicating education is used as a strategy to prevent violence against women.",Reference only
SULAWESI SELATAN LUWU,SULAWESI_SELATAN_LUWU.txt,7.2,National government budget,budget_funding_sources,No,Yes,0.0,1.0,false_positive,"12- (2) In the event that the Region receives funding assistance for the implementation of policies, programs and activities for Empowerment and Protection of women from the Government, it must be implemented in accordance with laws and regulations.","The policy explicitly mentions the possibility of receiving funding assistance from the Government (defined as the Central Government), indicating national-level budget support as a funding source.",Reference only
SULAWESI SELATAN LUWU TIMUR,SULAWESI_SELATAN_LUWU_TIMUR.txt,1.9,Sexual slavery/exploitation,scope_of_violence,Yes,No,1.0,0.0,false_negative,,"While the policy mentions ""economic exploitation"" and sexual/physical/psychological suffering, none of the provided sentences explicitly include sexual exploitation or sexual slavery.",Reference only
SULAWESI SELATAN LUWU TIMUR,SULAWESI_SELATAN_LUWU_TIMUR.txt,4.4,Prevention through education,primary_prevention,No,Yes,0.0,1.0,false_positive,b. providing education on the dangers of violence against women;,Education is explicitly listed as a prevention measure through providing education on the dangers of violence against women as part of violence prevention activities.,Reference only
SULAWESI SELATAN PALOPO KOTA,SULAWESI_SELATAN_PALOPO_KOTA.txt,1.6,Harmful practices,scope_of_violence,No,Yes,0.0,1.0,false_positive,c. preventing marriage at child age;,"The policy explicitly mentions preventing marriage at child age, which is a harmful practice affecting girls.",Reference only
SULAWESI SELATAN PALOPO KOTA,SULAWESI_SELATAN_PALOPO_KOTA.txt,5.3,Traditional/cultural engagement,stakeholder_engagement,No,Yes,0.0,1.0,false_positive,"What is meant by non-governmental institutions includes; customary institutions, religious institutions, social institutions, NGOs, National Commission on Human Rights, National Commission on Violence Against Women, Child Protection Commission, Witness and Victim Protection Agency, including community leaders, customary leaders, religious leaders and other parties desired by the victim.","The policy explicitly includes customary institutions and customary/community leaders within the scope of non-governmental institutions, indicating that traditional/cultural actors are included as potential stakeholders in cooperation/implementation.",Reference only
SULAWESI SELATAN PALOPO KOTA,SULAWESI_SELATAN_PALOPO_KOTA.txt,5.4,Education institutions engagement,stakeholder_engagement,No,Yes,0.0,1.0,false_positive,"f. building networks and cooperation with law enforcement apparatus, government apparatus, universities and various non-governmental organizations that work and/or care for women and children victims of violence.","The policy explicitly mentions building networks and cooperation with universities, which are education institutions, as part of prevention-related networking and cooperation.",Reference only
SULAWESI SELATAN PALOPO KOTA,SULAWESI_SELATAN_PALOPO_KOTA.txt,6.1,Women in conflict/disaster areas,intersectional_approach,Yes,No,1.0,0.0,false_negative,,"The text defines “victim” as including women and children in conflict and post-conflict situations, but the only explicit “special protection” described is for children (including children in emergency situations and children who are victims of conflict). No candidate sentence specifies special protection measures targeted specifically at women in conflict, disaster, emergency, or displacement situations.",Reference only
SULAWESI SELATAN TANA TORAJA,SULAWESI_SELATAN_TANA_TORAJA.txt,1.6,Harmful practices,scope_of_violence,No,Yes,0.0,1.0,false_positive,c. prevent marriage at child age; and provide character education and instillation of moral values in children.,"The policy explicitly addresses early/child marriage by requiring parents to prevent marriage at child age, which is a harmful practice affecting girls.",Reference only
SULAWESI SELATAN TANA TORAJA,SULAWESI_SELATAN_TANA_TORAJA.txt,1.10,Technology-facilitated violence,scope_of_violence,No,Yes,0.0,1.0,false_positive,"Every operator of an internet service business, play station and other types of children's games based on information and communication technology is required to manage and design a child-friendly place.
locally block sites containing elements of pornography and pornographic acts; and limit visiting hours and supervise the use of existing facilities.","The policy explicitly regulates ICT-based children’s game/internet service venues and requires blocking pornography-related sites, addressing online/digital sexual harms and thus technology-facilitated violence.",Reference only
SULAWESI SELATAN TANA TORAJA,SULAWESI_SELATAN_TANA_TORAJA.txt,2.3,Data collection systems,institutional_mechanism,No,Yes,0.0,1.0,false_positive,"developing a gender-based information system; and providing and organizing integrated or non-integrated services for women victims of violence, female workers, elderly women, and women with disabilities.
continuous monitoring and recording of the development of children in conflict with the law;","The policy includes development of a gender-based information system and also references continuous monitoring and recording (in the context of children in conflict with the law), which constitutes establishing/assigning responsibility for information/data recording and management functions relevant to protection and cases.",Reference only
SULAWESI SELATAN TANA TORAJA,SULAWESI_SELATAN_TANA_TORAJA.txt,3.8,Religious/spiritual counselling,specialised_support_services,No,Yes,0.0,1.0,false_positive,"Protection of children in embracing their religion as referred to in paragraph (1) includes guidance, mentoring, and good practice of religious teachings for children.","The policy includes religious guidance and mentoring (guidance, mentoring, and practice of religious teachings) as part of protection in the field of religion, which constitutes faith-based guidance/mentoring support.",Reference only
SULAWESI SELATAN TANA TORAJA,SULAWESI_SELATAN_TANA_TORAJA.txt,4.2,Gender equality education,primary_prevention,No,Yes,0.0,1.0,false_positive,"In order to improve the position, role, and quality of women, as well as efforts to realize gender equality and justice in family life, community life, national life, and state life, women must be empowered.
building complaint and service units regarding violence against women at the sub-district, village and/or Lembang levels; and campaigns for awareness, socialization and education to the community regarding the protection and empowerment of women.","The policy frames women’s empowerment as an effort to realize gender equality and justice, and it includes campaigns for awareness, socialization, and education to the community regarding the protection and empowerment of women, which functions as primary prevention education linked to women’s rights/gender equality goals.",Reference only
SULAWESI SELATAN TANA TORAJA,SULAWESI_SELATAN_TANA_TORAJA.txt,4.4,Prevention through education,primary_prevention,No,Yes,0.0,1.0,false_positive,"building complaint and service units regarding violence against women at the sub-district, village and/or Lembang levels; and campaigns for awareness, socialization and education to the community regarding the protection and empowerment of women.
incorporating local content material on children's rights and the elimination of violence against children as teaching material in teaching and learning activities in early childhood education institutions up to the Senior High School level;","The policy explicitly includes education-related measures as part of prevention, including community campaigns/socialization/education to prevent violence against women and incorporation of teaching materials on eliminating violence against children in educational institutions.",Reference only
SULAWESI SELATAN TANA TORAJA,SULAWESI_SELATAN_TANA_TORAJA.txt,5.3,Traditional/cultural engagement,stakeholder_engagement,Yes,No,1.0,0.0,false_negative,,"The candidate sentences mention community participation and community leaders generally, but do not explicitly reference traditional/customary/cultural leaders, customary institutions, or customary mechanisms for implementation, coordination, services, or dispute resolution.",Reference only
SULAWESI SELATAN TANA TORAJA,SULAWESI_SELATAN_TANA_TORAJA.txt,6.8,Women in legal process,intersectional_approach,No,Yes,0.0,1.0,false_positive,"Protection of women includes: protection of the personal security of victims or witnesses;
provision of testimony during the legal process which is regulated through a protection mechanism.","The policy explicitly provides protection for women who are victims or witnesses, including provisions related to testimony during the legal process, which covers women involved in legal proceedings at least as witnesses/victims.",Reference only
SULAWESI SELATAN TANA TORAJA,SULAWESI_SELATAN_TANA_TORAJA.txt,6.10,Refugee/forced displacement,intersectional_approach,No,Yes,0.0,1.0,false_positive,"(1) Children in emergency situations as referred to in Article 37 letter a, consist of: children who become refugees;","The policy explicitly includes children who become refugees as part of emergency situations for which special protection is provided, indicating special protection measures targeted at refugees/forced displacement (at least for children).",Reference only
SULAWESI TENGAH BUOL,SULAWESI_TENGAH_BUOL.txt,1.6,Harmful practices,scope_of_violence,No,Yes,0.0,1.0,false_positive,d. prevents early marriage.,"The policy explicitly addresses prevention of early marriage, which is a harmful practice affecting girls.",Reference only
SULAWESI TENGAH BUOL,SULAWESI_TENGAH_BUOL.txt,1.8,Human trafficking,scope_of_violence,No,Yes,0.0,1.0,false_positive,"19. Human trafficking is the act of recruiting, transporting, harboring, sending, transferring, or receiving a person by threat of violence, use of violence, kidnapping, confinement, forgery, fraud, abuse of power or vulnerable position, debt bondage or giving payment or benefits, so as to obtain consent from the person who has control over that other person, whether carried out within the Country or between Countries.","The policy explicitly defines and includes human trafficking, indicating trafficking in persons is covered.",Reference only
SULAWESI TENGAH BUOL,SULAWESI_TENGAH_BUOL.txt,2.4,Gender mainstreaming institutionalisation,institutional_mechanism,No,Yes,0.0,1.0,false_positive,"b. implementing gender mainstreaming;
1. In an effort to accelerate the institutionalization of gender mainstreaming, a gender mainstreaming working group is established in all Regional Apparatus.
In implementing gender mainstreaming as referred to in Article 7 paragraph (1) letter b, the Regent appoints the Regional Apparatus that administers governmental affairs in the field of women's empowerment and children as the coordinator for the implementation of gender mainstreaming.","The policy requires implementation of gender mainstreaming, establishes a gender mainstreaming working group across Regional Apparatus, and designates a coordinating Regional Apparatus for gender mainstreaming, indicating institutionalization as a mechanism for implementing related policies/programs.",Reference only
SULAWESI TENGAH BUOL,SULAWESI_TENGAH_BUOL.txt,2.5,Training and capacity building,institutional_mechanism,No,Yes,0.0,1.0,false_positive,"a. providing training for government officials and law enforcement officers on the prevention and handling of violence;
c. providing training to health workers who provide health services to women and children victims of violence at community health centers, integrated service units and general hospitals;
e. improving the professionalism of officers, managers of violence case data against women and children at community health centers, integrated service units and hospitals.","The policy provides for training and professional development as forms of guidance, including training for government officials, law enforcement, health workers, and improving professionalism of officers managing violence case data.",Reference only
SULAWESI TENGAH BUOL,SULAWESI_TENGAH_BUOL.txt,3.2,Police specialised service unit,specialised_support_services,Yes,No,1.0,0.0,false_negative,,"While the police are listed among institutions that carry out integrated complaint handling services, the provided sentences do not specify a specialised service unit for VAW within police offices.",Reference only
SULAWESI TENGAH BUOL,SULAWESI_TENGAH_BUOL.txt,3.10,Economic support,specialised_support_services,No,Yes,0.0,1.0,false_positive,"a. implementing programs, activities, training to increase women's skills and expertise in order to realize the improvement of women's welfare;
b. facilitating business capital strengthening for women with weak economies;","The policy includes economic empowerment measures such as training to increase women's skills and facilitating business capital strengthening, which constitute economic support mechanisms.",Reference only
SULAWESI TENGAH BUOL,SULAWESI_TENGAH_BUOL.txt,4.2,Gender equality education,primary_prevention,No,Yes,0.0,1.0,false_positive,c. conducting counseling on improving gender equality in family and community life;,"The policy explicitly includes counseling activities focused on improving gender equality in family and community life, which is a primary prevention education/awareness activity about gender equality.",Reference only
SULAWESI TENGAH BUOL,SULAWESI_TENGAH_BUOL.txt,4.4,Prevention through education,primary_prevention,No,Yes,0.0,1.0,false_positive,"b. providing training for religious leaders, community leaders, customary leaders, educators, journalists and media managers in order to prevent violence against women and children;","The policy includes training (an educational strategy) for educators and other community actors explicitly aimed at preventing violence against women and children, indicating education is used as a prevention strategy.",Reference only
SULAWESI TENGAH BUOL,SULAWESI_TENGAH_BUOL.txt,5.3,Traditional/cultural engagement,stakeholder_engagement,No,Yes,0.0,1.0,false_positive,"g. involving the active role of families, customary leaders, religious leaders, communities and community social institutions in the field of women's protection.
a. conduct socialization regarding the prevention of violence against women by optimizing the role of customary, cultural, religious institutions and community organizations;
a. prevents violence against children by optimizing the role of customary institutions;",The policy explicitly involves customary leaders/institutions and cultural institutions in women’s protection and in prevention of violence against women and children.,Reference only
SULAWESI TENGAH BUOL,SULAWESI_TENGAH_BUOL.txt,6.2,Women victims of trafficking,intersectional_approach,No,Yes,0.0,1.0,false_positive,"b. making efforts to prevent acts of violence against women including criminal acts of trafficking in persons;
33. Integrated Service Center for Women's Empowerment and Child Protection hereinafter abbreviated as P2TP2A is an integrated service center in efforts to empower women in various fields of development, as well as protection of women and children from various types of discrimination and acts of violence, including human trafficking, which is formed by the government or community-based, which includes: referral centers, business consultation centers, reproductive health consultation centers, integrated crisis centers (PKT), trauma recovery centers (trauma centers), women's crisis handling centers (women crisis centers), training centers, science and technology information centers (PIPTEK), safe houses (shelters), shelter homes, children's friend telephone (TESSA) 129 or other forms.",The policy explicitly includes trafficking in persons within efforts to prevent violence against women and explicitly states that the integrated service center covers acts of violence including human trafficking.,Reference only
SULAWESI TENGAH BUOL,SULAWESI_TENGAH_BUOL.txt,6.3,Women workers,intersectional_approach,No,Yes,0.0,1.0,false_positive,"d. increasing efforts to protect women workers;
1. Employers who employ women are obliged to maintain decency, safety and security while at the workplace.
1. Female workers/laborers under the age of 18 (eighteen) years are prohibited from being employed between 23.00 WIB until 07.00 WIB.",The policy explicitly targets women workers by assigning government responsibility to increase protection for women workers and by imposing specific workplace obligations and restrictions related to women workers’ safety and working conditions.,Reference only
SULAWESI TENGAH BUOL,SULAWESI_TENGAH_BUOL.txt,6.5,People with disability,intersectional_approach,No,Yes,0.0,1.0,false_positive,"e. specifically for women with disabilities, the right to obtain facilities and special treatment in public services;
Recently, more and more disabled/difable/disable women have become victims of violence, whether deaf, mute, blind, or those experiencing intellectual disabilities.
For this category of victims, interpreters must also be provided who, for example, can be taken from special school teachers.",The policy explicitly recognizes special rights for women with disabilities in public services and provides a specific accommodation measure (interpreters) for disabled women victims of violence.,Reference only
SULAWESI TENGAH BUOL,SULAWESI_TENGAH_BUOL.txt,6.6,Women heads of household,intersectional_approach,No,Yes,0.0,1.0,false_positive,e. undertaking efforts to empower women heads of households.,"The policy explicitly mentions targeted empowerment efforts for women heads of households, indicating a specific measure directed at this group.",Reference only
SULAWESI TENGAH DONGGALA,SULAWESI_TENGAH_DONGGALA.txt,1.5,Economic violence,scope_of_violence,Yes,No,1.0,0.0,false_negative,,"While the policy mentions victims may suffer ""economic loss"" and refers to ""exploitation"" and ""neglect"" generally, the provided sentences do not explicitly define or identify economic violence/economic exploitation/domestic neglect as a specific form of violence against women.",Reference only
SULAWESI TENGAH DONGGALA,SULAWESI_TENGAH_DONGGALA.txt,1.8,Human trafficking,scope_of_violence,No,Yes,0.0,1.0,false_positive,Law Number 21 of 2007 concerning,"The policy explicitly references the law on eradication of trafficking in persons, indicating inclusion of human trafficking/trafficking in persons.",Reference only
SULAWESI TENGAH DONGGALA,SULAWESI_TENGAH_DONGGALA.txt,2.5,Training and capacity building,institutional_mechanism,Yes,No,1.0,0.0,false_negative,,"While the policy mentions socialization, education, and seminars/workshops as prevention activities, the provided sentences do not require or provide training/technical guidance/capacity building specifically for government officials, implementing agencies, or service providers responsible for implementing the policy.",Reference only
SULAWESI TENGAH DONGGALA,SULAWESI_TENGAH_DONGGALA.txt,3.1,Integrated service unit,specialised_support_services,Yes,No,1.0,0.0,false_negative,,"The provided sentences describe various services (medical personnel, safe houses, social workers, advocates) and coordination, but they do not establish or name an integrated service unit/center specifically for women victims of violence.",Reference only
SULAWESI TENGAH DONGGALA,SULAWESI_TENGAH_DONGGALA.txt,3.9,Resocialisation services,specialised_support_services,Yes,No,1.0,0.0,false_negative,,"While the policy defines concepts like repatriation and mentions various services, the provided sentences do not explicitly establish a service unit or program for resocialisation/rehabilitation/reintegration of victims.",Reference only
SULAWESI TENGAH DONGGALA,SULAWESI_TENGAH_DONGGALA.txt,3.10,Economic support,specialised_support_services,No,Yes,0.0,1.0,false_positive,b. financial support to meet the needs of victims according to the community's capacity;,"The policy includes financial support to meet victims’ needs (as a form of assistance), which constitutes economic support, even if it does not specify skills training or livelihood programs.",Reference only
SULAWESI TENGAH DONGGALA,SULAWESI_TENGAH_DONGGALA.txt,4.2,Gender equality education,primary_prevention,No,Yes,0.0,1.0,false_positive,"Paragraph (2) Letter a: Sufficiently clear Letter b: Socialization activities in the form of explanations regarding children's rights, implications of violations of women's rights and laws and regulations related to the protection of women to the community.","The policy includes socialization activities that provide explanations about women's rights and related laws/regulations to the community, which constitutes primary prevention education/awareness raising about women's rights (a core element of gender equality).",Reference only
SULAWESI TENGAH DONGGALA,SULAWESI_TENGAH_DONGGALA.txt,4.3,VAW laws awareness,primary_prevention,No,Yes,0.0,1.0,false_positive,"Paragraph (2) Letter a: Sufficiently clear Letter b: Socialization activities in the form of explanations regarding children's rights, implications of violations of women's rights and laws and regulations related to the protection of women to the community.","The policy describes socialization to the community that includes explanations of laws and regulations related to the protection of women, which functions as an information/education activity about the legal/policy framework relevant to preventing and addressing violence against women.",Reference only
SULAWESI TENGAH DONGGALA,SULAWESI_TENGAH_DONGGALA.txt,4.4,Prevention through education,primary_prevention,No,Yes,0.0,1.0,false_positive,"b. Socialization and education;
Education is carried out related to children's rights, mistreatment and violence against children.","The policy explicitly lists socialization and education as forms of prevention efforts against violence (including violence against children), and also specifies education related to mistreatment and violence against children, indicating education is used as a prevention strategy.",Reference only
SULAWESI TENGAH MOROWALI,SULAWESI_TENGAH_MOROWALI.txt,3.2,Police specialised service unit,specialised_support_services,No,Yes,0.0,1.0,false_positive,"This service unit can be located at the Integrated Service Center (PPT) and Integrated Crisis Center (PKT) based in Hospitals, Community Health Centers, Women and Children Service Units (UPPA), Trauma Center Shelter Houses (RPTC), Children's Social Shelter Houses (RPSA), BP4, and other religious institutions, prosecutors, courts, Women Crisis Center (WCC), and other similar institutions.","The policy indicates that delegated/other integrated service units can be located in multiple institutions, explicitly including Women and Children Service Units (UPPA), which are situated within police structures, implying a specialized unit within police offices for handling women (and children) victims of violence.",Reference only
SULAWESI TENGAH MOROWALI,SULAWESI_TENGAH_MOROWALI.txt,4.4,Prevention through education,primary_prevention,No,Yes,0.0,1.0,false_positive,"e. providing critical education about the rights of Women and Children as victims of Violence to the community; and
1. Prevention of acts of Violence against Women and Children as referred to in Article 15, is carried out by the PMDP3A Office and Regional Apparatus that administer affairs in the fields of:","The policy explicitly includes education as part of prevention efforts (critical education on rights of victims) and assigns prevention implementation to government apparatus in the education field, indicating education is an explicit prevention strategy.",Reference only
SULAWESI TENGAH MOROWALI,SULAWESI_TENGAH_MOROWALI.txt,6.5,People with disability,intersectional_approach,Yes,No,1.0,0.0,false_negative,,"Although disability is mentioned as a non-discrimination status in an explanatory note, the excerpts do not establish special protection measures specifically targeted at women with disabilities or persons with disabilities.",Reference only
SULAWESI TENGAH PARIGI MOUTONG,SULAWESI_TENGAH_PARIGI_MOUTONG.txt,3.2,Police specialised service unit,specialised_support_services,Yes,No,1.0,0.0,false_negative,,"The text mentions facilities such as ""special service rooms within the police force,"" but it does not explicitly establish or describe a specialised service unit within police offices dedicated to VAW victims.",Reference only
SULAWESI TENGAH PARIGI MOUTONG,SULAWESI_TENGAH_PARIGI_MOUTONG.txt,4.2,Gender equality education,primary_prevention,No,Yes,0.0,1.0,false_positive,"g. raising community awareness that respects women and protects children;
e. independently disseminating/raising awareness of the rights of women and children;","The policy includes awareness-raising aimed at fostering respect for women and explicitly mentions disseminating/raising awareness of the rights of women and children, which constitutes educational/communication activity about women’s rights and related equality values.",Reference only
SULAWESI TENGAH PARIGI MOUTONG,SULAWESI_TENGAH_PARIGI_MOUTONG.txt,5.3,Traditional/cultural engagement,stakeholder_engagement,Yes,No,1.0,0.0,false_negative,,"The candidate sentences refer broadly to the community and community social institutions, but do not explicitly mention traditional/customary/cultural leaders, customary institutions, or customary dispute-resolution mechanisms.",Reference only
SULAWESI TENGAH POSO,SULAWESI_TENGAH_POSO.txt,2.6,Monitoring and evaluation,institutional_mechanism,No,Yes,0.0,1.0,false_positive,Supervision of the implementation of this Regional Regulation shall be carried out in accordance with the provisions of applicable Laws and Regulations.,"The policy provides for oversight/supervision of implementation, which constitutes a monitoring mechanism for policy implementation (even if detailed evaluation procedures are not specified in the provided text).",Reference only
SULAWESI TENGAH POSO,SULAWESI_TENGAH_POSO.txt,6.5,People with disability,intersectional_approach,No,Yes,0.0,1.0,false_positive,"8. Special Protection is Protection given to children in emergency situations, children in conflict with the law, children in minority and isolated groups, children who are exploited economically and or sexually, children who are trafficked, children who are victims of narcotics abuse, alcohol, psychotropic substances and other addictive substances (drugs), children victims of kidnapping sales trafficking, children victims of violence both physical and or mental, children victims of conflict who experience physical violence and trauma, children with disabilities, and children victims of abuse and neglect.","The definition of “Special Protection” explicitly includes “children with disabilities,” indicating the policy addresses disability as a category for special protection (though framed for children rather than women with disabilities).",Reference only
SULAWESI TENGAH SIGI,SULAWESI_TENGAH_SIGI.txt,2.3,Data collection systems,institutional_mechanism,No,Yes,0.0,1.0,false_positive,a. exchange of data and information;,"The policy includes cooperation that covers the exchange of data and information, which is an explicit provision related to managing/sharing information on cases and responses, thereby addressing a data/information system function.",Reference only
SULAWESI TENGAH SIGI,SULAWESI_TENGAH_SIGI.txt,2.5,Training and capacity building,institutional_mechanism,No,Yes,0.0,1.0,false_positive,"1. The Regional Government is obligated to conduct guidance and supervision of the implementation of protection of women and children from violence.
c. education and training;","The policy obligates the Regional Government to conduct guidance for implementation, and explicitly includes education and training (as well as technical guidance) as part of that guidance, which constitutes required capacity building.",Reference only
SULAWESI TENGAH SIGI,SULAWESI_TENGAH_SIGI.txt,3.8,Religious/spiritual counselling,specialised_support_services,Yes,No,1.0,0.0,false_negative,,"While the policy references implementation by agencies in the field of “mental and spiritual,” it does not explicitly state that victims receive religious/spiritual counselling or faith-based mentoring as a service.",Reference only
SULAWESI TENGAH SIGI,SULAWESI_TENGAH_SIGI.txt,4.2,Gender equality education,primary_prevention,No,Yes,0.0,1.0,false_positive,c. conduct socialization of women's and children's rights independently;,"The policy includes a primary-prevention-oriented educational activity focused on women’s (and children’s) rights, by allowing/encouraging the community to conduct socialization of women’s and children’s rights. This constitutes education/awareness raising about women’s rights (even if it does not explicitly use the phrase 'gender equality education').",Reference only
SULAWESI TENGAH SIGI,SULAWESI_TENGAH_SIGI.txt,6.2,Women victims of trafficking,intersectional_approach,No,Yes,0.0,1.0,false_positive,"Therefore the Regional Government of Sigi Regency is obligated to provide protection for women and children victims of violence which is an implementation of several laws and regulations, including Law Number 7 of 1984 concerning Ratification of the Convention on the Elimination of All Forms of Discrimination Against Women, Law Number 39 of 1999 concerning Human Rights, Law Number 23 of 2002 concerning Child Protection, Law Number 23 of 2004 concerning the Elimination of Domestic Violence, and Law Number 21 of 2007 concerning the Eradication of the Criminal Act of Trafficking in Persons.","The policy’s general elucidation explicitly references the law on eradication of trafficking in persons as part of the legal basis for protection of women and children victims of violence, indicating trafficking is within the scope addressed.",Reference only
SULAWESI TENGAH SIGI,SULAWESI_TENGAH_SIGI.txt,6.9,Indigenous people/groups,intersectional_approach,No,Yes,0.0,1.0,false_positive,1. Customary institutions that provide services for resolving cases of violence against women and children victims of acts of violence may carry out their functions in accordance with applicable customary provisions as long as they do not conflict with the principles and objectives established in this Regional Regulation.,"The policy explicitly addresses the role of customary institutions in resolving cases of violence against women and children, indicating inclusion of customary (adat) structures as part of the protection framework.",Reference only
SULAWESI TENGAH TOLI TOLI,SULAWESI_TENGAH_TOLI_TOLI.txt,1.8,Human trafficking,scope_of_violence,No,Yes,0.0,1.0,false_positive,"m. Child Victims of Kidnapping, Sale and/or Trafficking; and","The policy explicitly references trafficking in the context of special protection for children, including “Kidnapping, Sale and/or Trafficking,” which covers trafficking in persons.",Reference only
SULAWESI TENGAH TOLI TOLI,SULAWESI_TENGAH_TOLI_TOLI.txt,2.3,Data collection systems,institutional_mechanism,No,Yes,0.0,1.0,false_positive,1. The Regional Government prepares and compiles an information and reporting system for the protection of Women and Children from acts of Violence.,"The policy assigns responsibility to the Regional Government to prepare and compile an information and reporting system for protection from violence, which constitutes a formal system for managing/reporting information related to violence cases and protection.",Reference only
SULAWESI TENGAH TOLI TOLI,SULAWESI_TENGAH_TOLI_TOLI.txt,6.5,People with disability,intersectional_approach,No,Yes,0.0,1.0,false_positive,i. Children with Disabilities;,"The policy explicitly includes “Children with Disabilities” as a group entitled to special protection, indicating disability-targeted special protection measures (though framed for children rather than women with disabilities).",Reference only
SULAWESI TENGAH TOLI TOLI,SULAWESI_TENGAH_TOLI_TOLI.txt,6.8,Women in legal process,intersectional_approach,No,Yes,0.0,1.0,false_positive,"b. provide protection to Victims of acts of Violence, reporters and witnesses; and
c. providing legal accompaniment assistance;
c. providing assistance for Victims as witnesses from the investigation process until the decision;","The policy provides protection/services for reporters and witnesses and includes legal accompaniment/assistance for victims as witnesses through the investigation process until the decision, which covers women involved in the legal process as witnesses/reporters (though not framed as suspects/defendants/perpetrators).",Reference only
SULAWESI TENGGARA BUTON,SULAWESI_TENGGARA_BUTON.txt,4.1,Information and education about VAW,primary_prevention,No,Yes,0.0,1.0,false_positive,"d. conducting socialization about laws and regulations related to the protection of women and children victims of violence; and
e. providing critical education about the rights of women and children to the community.","The policy describes prevention measures that include socialization about laws/regulations protecting women and children victims of violence and providing critical education to the community about the rights of women and children, which are information/education activities aimed at preventing violence against women/children.",Reference only
SULAWESI TENGGARA BUTON,SULAWESI_TENGGARA_BUTON.txt,4.4,Prevention through education,primary_prevention,No,Yes,0.0,1.0,false_positive,"e. providing critical education about the rights of women and children to the community.
( 1) Prevention of violence against women and children as referred to in Article I 7 is implemented by Regional Apparatus and UPTD whose main duties and functions are in the field of:","The policy frames prevention of violence against women and children as involving the education sector and explicitly lists providing critical education about the rights of women and children as part of prevention efforts, indicating education is an explicit prevention strategy.",Reference only
SULAWESI TENGGARA BUTON SELATAN,SULAWESI_TENGGARA_BUTON_SELATAN.txt,1.9,Sexual slavery/exploitation,scope_of_violence,Yes,No,1.0,0.0,false_negative,,"While the policy mentions ""exploitation"" generally, none of the provided sentences explicitly specify sexual exploitation or sexual slavery, and the text does not clearly tie exploitation to sexual exploitation/slavery.",Reference only
SULAWESI TENGGARA BUTON SELATAN,SULAWESI_TENGGARA_BUTON_SELATAN.txt,2.5,Training and capacity building,institutional_mechanism,No,Yes,0.0,1.0,false_positive,"1. The Regional Government is obliged to conduct guidance and supervision of the implementation of protection of women and children from acts of violence.
b. technical guidance and training;","The policy requires the Regional Government to conduct guidance and supervision that explicitly includes technical guidance and training, indicating mandated capacity-building activities for implementation.",Reference only
SULAWESI TENGGARA BUTON SELATAN,SULAWESI_TENGGARA_BUTON_SELATAN.txt,4.3,VAW laws awareness,primary_prevention,No,Yes,0.0,1.0,false_positive,disseminating information about laws and regulations related to acts of violence against women and children.,"The policy explicitly includes disseminating information about laws and regulations related to acts of violence against women and children as part of community participation, which constitutes awareness/education about relevant VAW laws/policies.",Reference only
SULAWESI TENGGARA BUTON SELATAN,SULAWESI_TENGGARA_BUTON_SELATAN.txt,5.3,Traditional/cultural engagement,stakeholder_engagement,No,Yes,0.0,1.0,false_positive,c. fostering local wisdom in handling cases of violence;,"The policy references fostering local wisdom in handling cases of violence as part of community participation, which indicates use of customary/community mechanisms in implementation/handling.",Reference only
SULAWESI TENGGARA BUTON SELATAN,SULAWESI_TENGGARA_BUTON_SELATAN.txt,5.5,International organisations engagement,stakeholder_engagement,Yes,No,1.0,0.0,false_negative,,"The candidate sentences do not explicitly mention international organizations or international collaboration for service delivery or prevention; they refer to domestic actors (government levels, universities, NGOs, media) and financing sources including foreign assistance, but not engagement/collaboration with international organizations for services/prevention.",Reference only
SULAWESI TENGGARA BUTON SELATAN,SULAWESI_TENGGARA_BUTON_SELATAN.txt,5.6,Media engagement,stakeholder_engagement,No,Yes,0.0,1.0,false_positive,g. Media.,"The policy explicitly lists “Media” as a cooperation partner with the Regional Government, recognizing media as a stakeholder.",Reference only
SULAWESI TENGGARA BUTON UTARA,SULAWESI_TENGGARA_BUTON_UTARA.txt,3.4,Safety/protection shelter,specialised_support_services,Yes,No,1.0,0.0,false_negative,,"The text defines a Safe House and lists it as an example under the generic term PPT, but the provided sentences do not explicitly establish or identify a service unit that provides shelter/safe house services for victims.",Reference only
SULAWESI TENGGARA BUTON UTARA,SULAWESI_TENGGARA_BUTON_UTARA.txt,4.1,Information and education about VAW,primary_prevention,No,Yes,0.0,1.0,false_positive,"a. Socialization activities of laws and regulations to the community related to the protection of the rights of Women and Children; and
b. Training of PPT members related to the implementation of their duties in preventing violence against Women and Children.","The policy explicitly includes prevention measures implemented through community socialization of relevant laws/regulations and training of PPT members, framed as preventing violence against women and children.",Reference only
SULAWESI TENGGARA BUTON UTARA,SULAWESI_TENGGARA_BUTON_UTARA.txt,4.2,Gender equality education,primary_prevention,No,Yes,0.0,1.0,false_positive,"d. conducting independent socialization of Women's rights and Children's rights;
a. Socialization activities of laws and regulations to the community related to the protection of the rights of Women and Children; and","The policy includes educational/socialization activities specifically about women’s and children’s rights, including independent community socialization of women’s rights and socialization of laws/regulations related to protection of women’s and children’s rights.",Reference only
SULAWESI TENGGARA BUTON UTARA,SULAWESI_TENGGARA_BUTON_UTARA.txt,4.4,Prevention through education,primary_prevention,No,Yes,0.0,1.0,false_positive,"a. Socialization activities of laws and regulations to the community related to the protection of the rights of Women and Children; and
b. Training of PPT members related to the implementation of their duties in preventing violence against Women and Children.","The policy explicitly frames prevention of violence against women and children as including socialization activities and training, which are educational strategies used as part of prevention efforts.",Reference only
SULAWESI TENGGARA KONAWE,SULAWESI_TENGGARA_KONAWE.txt,1.8,Human trafficking,scope_of_violence,No,Yes,0.0,1.0,false_positive,"9. Law Number 21 of 2007 concerning Eradication of the Criminal Act of Trafficking in Persons (State Gazette of the Republic of Indonesia of 2007 Number 58, Supplement to the State Gazette of the Republic of Indonesia Number 4720);","The policy explicitly references a law concerning eradication of the criminal act of trafficking in persons, indicating inclusion of human trafficking within its legal framework.",Reference only
SULAWESI TENGGARA KONAWE,SULAWESI_TENGGARA_KONAWE.txt,4.1,Information and education about VAW,primary_prevention,No,Yes,0.0,1.0,false_positive,a. Socialization activities of laws and regulations to the community related to the protection of children's and women's rights; and,"The policy includes prevention measures that explicitly involve community socialization/communication activities related to protecting women’s rights, framed as prevention of violence against children and women.",Reference only
SULAWESI TENGGARA KONAWE,SULAWESI_TENGGARA_KONAWE.txt,4.2,Gender equality education,primary_prevention,No,Yes,0.0,1.0,false_positive,"a. Socialization activities of laws and regulations to the community related to the protection of children's and women's rights; and
c. conducting independent socialization of children's rights and women's rights;","The policy includes primary-prevention-oriented socialization activities to the community on laws/regulations related to protection of women’s rights, and also calls for community-led socialization of women’s rights, which constitutes education/awareness raising about women’s rights.",Reference only
SULAWESI TENGGARA KONAWE,SULAWESI_TENGGARA_KONAWE.txt,4.4,Prevention through education,primary_prevention,No,Yes,0.0,1.0,false_positive,"a. Socialization activities of laws and regulations to the community related to the protection of children's and women's rights; and
b. Training of PPT members related to the implementation of their duties in preventing violence against children and women.","The policy explicitly lists prevention forms that include socialization activities to the community and training of PPT members, both framed as mechanisms for preventing violence against children and women.",Reference only
SULAWESI TENGGARA KONAWE,SULAWESI_TENGGARA_KONAWE.txt,6.8,Women in legal process,intersectional_approach,No,Yes,0.0,1.0,false_positive,"d. provide services to children and women victims of violence, reporters, and witnesses; and","The policy explicitly includes provision of services to women victims of violence who are reporters and witnesses, which are roles within legal processes, indicating protection/services for women involved as witnesses (and reporters).",Reference only
SULAWESI TENGGARA KONAWE KEPULAUAN,SULAWESI_TENGGARA_KONAWE_KEPULAUAN.txt,4.1,Information and education about VAW,primary_prevention,No,Yes,0.0,1.0,false_positive,"socialization activities of laws and regulations to the community related to the protection of the rights of women and children; andb.
d. conducting independent socialization of women's rights and children's rights;
training of Integrated Service Center members related to the implementation of their duties in preventing violence against children and women.","The policy includes preventive activities involving community socialization about laws/regulations related to protecting women’s and children’s rights, and community-led socialization of women’s and children’s rights. It also includes training of Integrated Service Center members specifically tied to preventing violence against women and children, which constitutes education/awareness as prevention.",Reference only
SULAWESI TENGGARA KONAWE KEPULAUAN,SULAWESI_TENGGARA_KONAWE_KEPULAUAN.txt,4.2,Gender equality education,primary_prevention,Yes,No,1.0,0.0,false_negative,,"While the policy mentions socialization of women’s and children’s rights and related laws/regulations, the provided sentences do not explicitly reference gender equality (or equivalent concepts) as a specific educational/awareness topic. The content focuses on rights protection and violence prevention rather than gender equality education.",Reference only
SULAWESI TENGGARA KONAWE KEPULAUAN,SULAWESI_TENGGARA_KONAWE_KEPULAUAN.txt,4.4,Prevention through education,primary_prevention,No,Yes,0.0,1.0,false_positive,"socialization activities of laws and regulations to the community related to the protection of the rights of women and children; andb.
training of Integrated Service Center members related to the implementation of their duties in preventing violence against children and women.",The policy explicitly frames prevention of violence against women and children as including educational-type measures: community socialization of relevant laws/regulations and training of Integrated Service Center members for their prevention duties. These are explicit education/training strategies linked to violence prevention.,Reference only
SULAWESI TENGGARA KONAWE UTARA,SULAWESI_TENGGARA_KONAWE_UTARA.txt,2.1,Institutional network,institutional_mechanism,No,Yes,0.0,1.0,false_positive,"f. building networks and cooperation with law enforcement apparatus, government apparatus, universities and various non-governmental organizations that work and/ or care about women and children; and
2. Prevention of violence by regional apparatus as referred to in paragraph ( 1), must be prepared by the Regional Government and implemented in an integrated and sustainable manner based on the Regional Action Plan as a manifestation of the implementation of the Work Plan and Strategic Plan of Regional Apparatus in the form of programs and activities contained in the Regional Long-Term Development Plan and Regional Medium-Term Development Plan.","The policy explicitly calls for building networks and cooperation with multiple institutions (including law enforcement, government apparatus, universities, and NGOs) and requires prevention efforts by regional apparatus to be prepared and implemented in an integrated and sustainable manner, indicating an institutional coordination mechanism/network for implementation.",Reference only
SULAWESI TENGGARA KONAWE UTARA,SULAWESI_TENGGARA_KONAWE_UTARA.txt,2.3,Data collection systems,institutional_mechanism,No,Yes,0.0,1.0,false_positive,"1. UPTD PPA is obligated to report the implementation of the provision of protection for Women and Children to the Regent through the head of the agency.
2. Reporting as referred to in paragraph (1) is submitted in writing and/or electronically covering:","The policy assigns UPTD PPA an obligation to report implementation of protection provision to the Regent, with reporting submitted in writing and/or electronically and covering multiple domains, which constitutes an assigned responsibility for documenting/reporting information related to protection services.",Reference only
SULAWESI TENGGARA KONAWE UTARA,SULAWESI_TENGGARA_KONAWE_UTARA.txt,3.10,Economic support,specialised_support_services,No,Yes,0.0,1.0,false_positive,"b. opening accessibility to obtain education, training, funding, income enhancement and social services;
c. opening employment opportunities for women;","The policy mentions opening accessibility to obtain training, funding, and income enhancement as well as opening employment opportunities for women, which are economic empowerment/support measures relevant to promoting economic security and independence.",Reference only
SULAWESI TENGGARA KONAWE UTARA,SULAWESI_TENGGARA_KONAWE_UTARA.txt,6.3,Women workers,intersectional_approach,No,Yes,0.0,1.0,false_positive,a. protection in the field of employment;,"The policy explicitly states that women have the right to protection in the field of employment, which constitutes an explicit protection measure for women as workers/employees.",Reference only
SULAWESI TENGGARA KONAWE UTARA,SULAWESI_TENGGARA_KONAWE_UTARA.txt,6.10,Refugee/forced displacement,intersectional_approach,No,Yes,0.0,1.0,false_positive,"child refugees;
3. Handling of child refugees as referred to in paragraph ( 1) letter a is carried out without regard to citizenship status and is entitled to receive basic services.","The policy provides special protection for child refugees and specifies handling of child refugees (including entitlement to basic services), which constitutes special protection measures targeted at refugees/forced displacement (as covered for children).",Reference only
SULAWESI TENGGARA MUNA,SULAWESI_TENGGARA_MUNA.txt,3.8,Religious/spiritual counselling,specialised_support_services,No,Yes,0.0,1.0,false_positive,f. spiritual guidance services;,"The policy explicitly lists spiritual guidance services as a right of victims, indicating faith-based/spiritual support is available.",Reference only
SULAWESI TENGGARA MUNA,SULAWESI_TENGGARA_MUNA.txt,5.6,Media engagement,stakeholder_engagement,No,Yes,0.0,1.0,false_positive,"8. Implementation of prevention of violence against women and children is carried out by involving community organizations, non-governmental organizations, legal aid institutions, business sector, communities, children and youth groups, mass media and other related parties.","The policy explicitly lists mass media among the parties involved in implementing prevention of violence against women and children, recognizing media as a stakeholder in prevention.",Reference only
SULAWESI TENGGARA MUNA BARAT,SULAWESI_TENGGARA_MUNA_BARAT.txt,1.9,Sexual slavery/exploitation,scope_of_violence,No,Yes,0.0,1.0,false_positive,b. Forced sexual intercourse against one person within the scope of the household with another person for commercial purposes and/or certain purposes.,"The policy includes forced sexual intercourse within the household involving commercial purposes and/or certain purposes, which constitutes sexual exploitation within the scope of sexual violence addressed by the policy.",Reference only
SULAWESI TENGGARA MUNA BARAT,SULAWESI_TENGGARA_MUNA_BARAT.txt,2.3,Data collection systems,institutional_mechanism,Yes,No,1.0,0.0,false_negative,,"While the text mentions integrating gender-disaggregated data and includes general references to monitoring, evaluation, and reporting, it does not establish or assign responsibility for a specific system/entity to collect, record, manage, compile, exchange, or maintain data on violence against women, victims, or cases.",Reference only
SULAWESI TENGGARA MUNA BARAT,SULAWESI_TENGGARA_MUNA_BARAT.txt,3.3,Reporting/hotline service,specialised_support_services,Yes,No,1.0,0.0,false_negative,,"The candidate sentences describe protection types (social/economic/legal), integrated services, and general mechanisms for organizing programs, but do not specify a reporting/complaint intake mechanism or hotline for violence reports.",Reference only
SULAWESI TENGGARA MUNA BARAT,SULAWESI_TENGGARA_MUNA_BARAT.txt,4.1,Information and education about VAW,primary_prevention,No,Yes,0.0,1.0,false_positive,"a. Providing socialization to the community regarding women's protection policies;
b. Providing books, leaflets, brochures regarding the protection of women, and other related issues and disseminating them to the community;","The policy includes community socialization and dissemination of informational materials (books/leaflets/brochures) regarding women’s protection, which explicitly encompasses women victims of violence and therefore functions as awareness/education activities relevant to preventing violence against women.",Reference only
SULAWESI TENGGARA MUNA BARAT,SULAWESI_TENGGARA_MUNA_BARAT.txt,4.2,Gender equality education,primary_prevention,No,Yes,0.0,1.0,false_positive,"a. Providing socialization to the community regarding women's protection policies;
b. Providing books, leaflets, brochures regarding the protection of women, and other related issues and disseminating them to the community;","The policy provides for primary-prevention-type activities through community socialization on women’s protection policies and dissemination of informational materials about women’s protection and related issues, which are directly tied to women’s rights and the policy’s gender equality framing.",Reference only
SULAWESI TENGGARA MUNA BARAT,SULAWESI_TENGGARA_MUNA_BARAT.txt,7.3,International donors,budget_funding_sources,No,Yes,0.0,1.0,false_positive,"f. Coordinating the participation of the business sector and other institutions, including international assistance for the protection of women;  dang.","The policy explicitly references coordinating participation of institutions including international assistance for the protection of women, indicating international support is contemplated.",Reference only
SULAWESI UTARA BITUNG KOTA,SULAWESI_UTARA_BITUNG_KOTA.txt,1.8,Human trafficking,scope_of_violence,No,Yes,0.0,1.0,false_positive,"7. Law Number 21 Year 2007 concerning the Eradication of the Criminal Act of Trafficking in Persons (State Gazette of the Republic of Indonesia Year 2007 Number 58, Supplement to the State Gazette of the Republic of Indonesia Number 4720);","The policy’s legal basis explicitly references a law on the eradication of trafficking in persons, indicating trafficking in persons is included/recognized within the policy context.",Reference only
SULAWESI UTARA BITUNG KOTA,SULAWESI_UTARA_BITUNG_KOTA.txt,4.2,Gender equality education,primary_prevention,No,Yes,0.0,1.0,false_positive,"a. socialization activities of laws and regulations related to protection of women's and children's rights to the community; and
c. conducting independent socialization of women's and children's rights;","The policy includes educational/socialization activities focused on women’s rights (and women’s and children’s rights), including community socialization of laws/regulations related to protection of women’s rights and independent socialization of women’s and children’s rights.",Reference only
SULAWESI UTARA BITUNG KOTA,SULAWESI_UTARA_BITUNG_KOTA.txt,6.2,Women victims of trafficking,intersectional_approach,No,Yes,0.0,1.0,false_positive,"7. Law Number 21 Year 2007 concerning the Eradication of the Criminal Act of Trafficking in Persons (State Gazette of the Republic of Indonesia Year 2007 Number 58, Supplement to the State Gazette of the Republic of Indonesia Number 4720);","The policy explicitly references the legal framework on trafficking in persons, indicating that trafficking is within the policy’s considered scope.",Reference only
SULAWESI UTARA MINAHASA TENGGARA,SULAWESI_UTARA_MINAHASA_TENGGARA.txt,2.3,Data collection systems,institutional_mechanism,No,Yes,0.0,1.0,false_positive,"c. collect, compile and present reports on violence.","The policy assigns FPKK the function to collect, compile, and present reports on violence, which constitutes an entity responsible for collecting and managing/reporting information on violence.",Reference only
SULAWESI UTARA MINAHASA TENGGARA,SULAWESI_UTARA_MINAHASA_TENGGARA.txt,3.2,Police specialised service unit,specialised_support_services,No,Yes,0.0,1.0,false_positive,"This service unit can be located at the Integrated Service Center (PPT) and Integrated Crisis Center (PKT) based in Hospitals, Community Health Centers, Integrated Service Center for Women and Child Empowerment (P2TP2A), Women and Children Service Unit (UPPA), Trauma Center Shelter (RPTC), Child Social Shelter (RPSA), BP4, and other sub-district-level institutions, prosecutor's offices, courts, Women Crisis Center (WCC), and other similar institutions.","The policy indicates that a service unit for women and children victims of violence can be located in a Women and Children Service Unit (UPPA), which is presented in the context of service-unit locations including law-enforcement-related institutions.",Reference only
SULAWESI UTARA MINAHASA TENGGARA,SULAWESI_UTARA_MINAHASA_TENGGARA.txt,4.1,Information and education about VAW,primary_prevention,No,Yes,0.0,1.0,false_positive,"d. conducting socialization about laws and regulations related to the protection of women and child victims of violence.
c. independently conducting socialization of women's and children's rights;","The policy includes preventive socialisation/communication activities related to violence against women and children, including socialization about laws and regulations for protection of women/child victims of violence and community-led socialization of women’s and children’s rights.",Reference only
SULAWESI UTARA MINAHASA TENGGARA,SULAWESI_UTARA_MINAHASA_TENGGARA.txt,4.4,Prevention through education,primary_prevention,No,Yes,0.0,1.0,false_positive,"a. providing understanding about the prevention of domestic violence;
c. educational institutions; and",The policy links prevention to educational approaches by requiring families to provide understanding about preventing domestic violence and by explicitly including educational institutions among actors that must carry out prevention efforts.,Reference only
SULAWESI UTARA MINAHASA TENGGARA,SULAWESI_UTARA_MINAHASA_TENGGARA.txt,5.3,Traditional/cultural engagement,stakeholder_engagement,Yes,No,1.0,0.0,false_negative,,"While the policy refers broadly to ""community"" and ""community institutions,"" the provided sentences do not explicitly mention traditional/customary/cultural leaders, customary institutions, or customary dispute-resolution mechanisms in prevention, services, coordination, or implementation.",Reference only
SUMATERA BARAT BUKITTINGGI KOTA,SUMATERA_BARAT_BUKITTINGGI_KOTA.txt,1.9,Sexual slavery/exploitation,scope_of_violence,No,Yes,0.0,1.0,false_positive,"m. To receive protection from treatment during the care of parents, guardians, or any other party responsible for care, from discriminatory treatment, exploitation, whether economic or sexual, neglect, cruelty, violence, and abuse, injustice and other mistreatment.","The policy explicitly includes protection from exploitation “whether economic or sexual,” which covers sexual exploitation (even if sexual slavery is not specifically named).",Reference only
SUMATERA BARAT BUKITTINGGI KOTA,SUMATERA_BARAT_BUKITTINGGI_KOTA.txt,2.2,Collaboration with NGOs,institutional_mechanism,No,Yes,0.0,1.0,false_positive,"b. reporters are referred by NGOs, social organizations, the community or mass media; and
a. regional government, NGOs/social organizations and the community are obliged to provide protection to neglected children domiciled in the Region in accordance with laws and regulations;","The policy explicitly references NGOs/social organizations as part of referral pathways for complaint handling and assigns obligations to NGOs/social organizations (along with government and community) to provide protection for neglected children, indicating a cooperation mechanism with non-government actors.",Reference only
SUMATERA BARAT BUKITTINGGI KOTA,SUMATERA_BARAT_BUKITTINGGI_KOTA.txt,2.3,Data collection systems,institutional_mechanism,No,Yes,0.0,1.0,false_positive,d. collecting baseline data;,"The policy assigns responsibility to an established entity (the KLA Task Force) to collect baseline data, which constitutes a formal data collection function within the implementation system.",Reference only
SUMATERA BARAT BUKITTINGGI KOTA,SUMATERA_BARAT_BUKITTINGGI_KOTA.txt,2.6,Monitoring and evaluation,institutional_mechanism,No,Yes,0.0,1.0,false_positive,"i. conducting monitoring, evaluation and reporting at least once (1) a year.","The policy assigns the KLA Task Force responsibility to conduct monitoring, evaluation, and reporting at least annually, which constitutes an explicit M&E mechanism for implementation.",Reference only
SUMATERA BARAT BUKITTINGGI KOTA,SUMATERA_BARAT_BUKITTINGGI_KOTA.txt,3.2,Police specialised service unit,specialised_support_services,No,Yes,0.0,1.0,false_positive,"1. Complaint Handling Services for violations of women's and children's rights are carried out by P2TP2A, PPA Units at Polres, Community Health Centers, Government Hospitals, and Legal Aid Institutions.","The policy explicitly mentions “PPA Units at Polres” as one of the entities carrying out complaint handling services for violations of women’s and children’s rights, indicating a specialized unit within police offices.",Reference only
SUMATERA BARAT BUKITTINGGI KOTA,SUMATERA_BARAT_BUKITTINGGI_KOTA.txt,4.3,VAW laws awareness,primary_prevention,No,Yes,0.0,1.0,false_positive,"2. Socialization and education as referred to in paragraph (1) is carried out through the implementation of legal counseling, both through lecture methods, discussions, pamphlets, films, drama, randai, saluang, rabab, and other traditional arts.","The policy includes socialization and education implemented through legal counseling on the protection of women and children, which constitutes an information/education activity about the legal framework relevant to violence against women.",Reference only
SUMATERA BARAT BUKITTINGGI KOTA,SUMATERA_BARAT_BUKITTINGGI_KOTA.txt,4.4,Prevention through education,primary_prevention,No,Yes,0.0,1.0,false_positive,"2. Preventive protection as referred to in paragraph (1) letter a is implemented through socialization and guidance to parents, heads of families, housewives, guardians, teaching/educational staff, experts, caregivers (owners and officers of orphanages) and customary law communities about their obligations in the protection of women and children.","The policy explicitly frames preventive protection as being implemented through socialization and guidance to key community and family actors, indicating education/guidance as a prevention strategy for protecting women and children.",Reference only
SUMATERA BARAT BUKITTINGGI KOTA,SUMATERA_BARAT_BUKITTINGGI_KOTA.txt,5.6,Media engagement,stakeholder_engagement,No,Yes,0.0,1.0,false_positive,"b. reporters are referred by NGOs, social organizations, the community or mass media; and",The policy explicitly recognizes mass media as a stakeholder channel through which reporters may be referred for complaint handling services.,Reference only
SUMATERA BARAT BUKITTINGGI KOTA,SUMATERA_BARAT_BUKITTINGGI_KOTA.txt,6.2,Women victims of trafficking,intersectional_approach,No,Yes,0.0,1.0,false_positive,"d. To protect women and children from acts of violence, neglect, exploitation, and trafficking in persons as well as the rights of women in the event of divorce.","The policy’s objectives explicitly include protecting women and children from trafficking in persons, which places women victims of trafficking within the policy’s scope.",Reference only
SUMATERA BARAT BUKITTINGGI KOTA,SUMATERA_BARAT_BUKITTINGGI_KOTA.txt,6.3,Women workers,intersectional_approach,No,Yes,0.0,1.0,false_positive,"g. Protecting women workers from acts of discrimination, exploitation and violence.
c. For working women:","The policy explicitly identifies women workers/working women and provides protections/entitlements for them, including protection from discrimination/exploitation/violence and specific rights for working women.",Reference only
SUMATERA BARAT BUKITTINGGI KOTA,SUMATERA_BARAT_BUKITTINGGI_KOTA.txt,6.9,Indigenous people/groups,intersectional_approach,No,Yes,0.0,1.0,false_positive,"2. Preventive protection as referred to in paragraph (1) letter a is implemented through socialization and guidance to parents, heads of families, housewives, guardians, teaching/educational staff, experts, caregivers (owners and officers of orphanages) and customary law communities about their obligations in the protection of women and children.
The protection of women and children must be carried out by parents, families, relatives, guardians, caregivers, teachers, the Regional Government, and customary law communities in the Region.
2. In addition to the application of state law as referred to in paragraph (1), perpetrators of violations of women's rights may be subject to sanctions according to customary law that lives and develops in the midst of society.","The policy explicitly references customary law communities and customary law sanctions and includes them as actors in protection and implementation, indicating inclusion of customary/Indigenous communities within the policy framework.",Reference only
SUMATERA BARAT DHARMASRAYA,SUMATERA_BARAT_DHARMASRAYA.txt,1.6,Harmful practices,scope_of_violence,No,Yes,0.0,1.0,false_positive,"d. preventing unregistered marriages and marriage at child age.
e. prevent marriage at child age.","The policy explicitly addresses harmful practices by calling for prevention of marriage at child age (child/early marriage), including responsibilities of the community and parents.",Reference only
SUMATERA BARAT DHARMASRAYA,SUMATERA_BARAT_DHARMASRAYA.txt,1.9,Sexual slavery/exploitation,scope_of_violence,No,Yes,0.0,1.0,false_positive,b. obtain protection from economic exploitation and sexual exploitation;,The policy explicitly includes sexual exploitation as a harm from which women have the right to protection.,Reference only
SUMATERA BARAT DHARMASRAYA,SUMATERA_BARAT_DHARMASRAYA.txt,3.10,Economic support,specialised_support_services,No,Yes,0.0,1.0,false_positive,"c. carry out rehabilitation and empowerment of women who are victims of violence;
a. implementing programs, activities, training to increase women's skills and expertise in order to realize the improvement of women's welfare;","The policy includes empowerment of women victims of violence and provides for training to increase women’s skills and expertise, which constitutes economic empowerment/support measures.",Reference only
SUMATERA BARAT DHARMASRAYA,SUMATERA_BARAT_DHARMASRAYA.txt,4.2,Gender equality education,primary_prevention,No,Yes,0.0,1.0,false_positive,"c. implementing training, socialization, advocacy of Gender Mainstreaming to all officials and staff within the Regional Apparatus;
b. implementing socialization and advocacy of Gender Mainstreaming to Sub-district Heads and Wali Nagari;","The policy includes educational/awareness-type primary prevention activities specifically focused on gender equality via Gender Mainstreaming, including training, socialization, and advocacy to officials and local leaders.",Reference only
SUMATERA BARAT DHARMASRAYA,SUMATERA_BARAT_DHARMASRAYA.txt,4.4,Prevention through education,primary_prevention,No,Yes,0.0,1.0,false_positive,"2. Prevention of acts of violence against women and children as referred to in paragraph (1), is implemented by Regional Apparatus whose duties and functions are in the fields of:
2. providing training for religious leaders, community leaders, customary leaders, educators, journalists and media managers in order to prevent violence against women and children;","The policy explicitly links prevention of violence against women and children to implementation by regional apparatus in the field of education, and it also includes training for educators (and other actors) aimed at preventing violence against women and children.",Reference only
SUMATERA BARAT DHARMASRAYA,SUMATERA_BARAT_DHARMASRAYA.txt,5.4,Education institutions engagement,stakeholder_engagement,No,Yes,0.0,1.0,false_positive,"c. education;
3. In the event that a Child victim of Violence experiences dropping out of school, then the child victim of violence is provided with formal or non-formal education, in this case carried out by the organizer of the education unit and coordinated with the Women and Child Empowerment Unit
2. providing training for religious leaders, community leaders, customary leaders, educators, journalists and media managers in order to prevent violence against women and children;","The policy includes the education sector in prevention implementation via relevant regional apparatus fields, requires education units to coordinate in providing education for child victims of violence, and includes educators in training for prevention.",Reference only
SUMATERA BARAT DHARMASRAYA,SUMATERA_BARAT_DHARMASRAYA.txt,5.8,Private sector engagement,stakeholder_engagement,No,Yes,0.0,1.0,false_positive,"h. cooperating with the private sector and/or NGOs in the implementation of Child Protection;
1. Agencies and private parties that provide public services must provide lactation rooms.","The policy explicitly recognizes the private sector as a partner in implementing child protection and imposes obligations on private parties providing public services (e.g., requiring lactation rooms), demonstrating engagement of business/private actors.",Reference only
SUMATERA BARAT DHARMASRAYA,SUMATERA_BARAT_DHARMASRAYA.txt,6.2,Women victims of trafficking,intersectional_approach,No,Yes,0.0,1.0,false_positive,d. provide special protection to women victims of violence and human trafficking; and,The policy explicitly includes women victims of human trafficking by requiring special protection for women victims of violence and human trafficking.,Reference only
SUMATERA BARAT DHARMASRAYA,SUMATERA_BARAT_DHARMASRAYA.txt,6.3,Women workers,intersectional_approach,No,Yes,0.0,1.0,false_positive,g. obtain special protection in the implementation of her work or profession against matters that may threaten her safety and/or health in relation to women's reproductive function; and,"The policy explicitly provides a special protection measure related to women’s work/profession, indicating protection for women in the implementation of their work or profession, which covers women workers/employees as a target group.",Reference only
SUMATERA BARAT KEPULAUAN MENTAWAI,SUMATERA_BARAT_KEPULAUAN_MENTAWAI.txt,1.6,Harmful practices,scope_of_violence,No,Yes,0.0,1.0,false_positive,enhancement of the role of the Family in seeking Child marriage in accordance with the age stipulated in the provisions of laws and regulations.,The policy explicitly addresses a harmful practice—child marriage—by referencing efforts to prevent/handle child marriage in line with legally stipulated age requirements.,Reference only
SUMATERA BARAT KEPULAUAN MENTAWAI,SUMATERA_BARAT_KEPULAUAN_MENTAWAI.txt,4.3,VAW laws awareness,primary_prevention,No,Yes,0.0,1.0,false_positive,"d. providing information through socialization and advocacy regarding women's rights and Children's rights as well as laws and regulations concerning women and Children,","The policy includes providing information through socialization and advocacy regarding laws and regulations concerning women and children, which encompasses awareness-raising about the legal/policy framework relevant to violence against women.",Reference only
SUMATERA BARAT KEPULAUAN MENTAWAI,SUMATERA_BARAT_KEPULAUAN_MENTAWAI.txt,4.4,Prevention through education,primary_prevention,No,Yes,0.0,1.0,false_positive,"guiding Children to behave in accordance with religion, ethics, morals, and customs,b.
strengthening the role of customary institutions in conducting socialization on the rights of women and Children, and g.","The policy frames prevention of violence against women and children as being realized through guidance/education-oriented measures (e.g., guiding children’s behavior) and through socialization on the rights of women and children, indicating education/socialization as an explicit prevention strategy.",Reference only
SUMATERA BARAT KEPULAUAN MENTAWAI,SUMATERA_BARAT_KEPULAUAN_MENTAWAI.txt,5.6,Media engagement,stakeholder_engagement,No,Yes,0.0,1.0,false_positive,"provision and dissemination of information through print and/or electronic media, and/or d.
(2) The team as referred to in paragraph (1) consists of relevant Regional Apparatus by involving vertical agencies in the Region, religious leaders, community leaders, business world, and press members.","The policy provides for dissemination of information through print and/or electronic media as part of guidance, and it also includes press members in integrated teams, indicating recognition/engagement of media stakeholders.",Reference only
SUMATERA BARAT KEPULAUAN MENTAWAI,SUMATERA_BARAT_KEPULAUAN_MENTAWAI.txt,6.7,Women from minority groups,intersectional_approach,Yes,No,1.0,0.0,false_negative,,"The provided sentences mention minority and isolated groups only in relation to children, not women, and do not specify special protection measures targeted at women from minority or isolated groups.",Reference only
SUMATERA BARAT KEPULAUAN MENTAWAI,SUMATERA_BARAT_KEPULAUAN_MENTAWAI.txt,6.9,Indigenous people/groups,intersectional_approach,No,Yes,0.0,1.0,false_positive,"Parents, religious leaders, customary leaders, youth leaders and (1) customary law communities participate in realizing protection for women and Children by preventing violence against women and Children.","The policy explicitly references participation of “customary law communities” in realizing protection for women and children, indicating inclusion of customary/Indigenous communities within the protection framework.",Reference only
SUMATERA BARAT KEPULAUAN MENTAWAI,SUMATERA_BARAT_KEPULAUAN_MENTAWAI.txt,7.2,National government budget,budget_funding_sources,No,Yes,0.0,1.0,false_positive,"Funding for the implementation of the Gender and Child data system is sourced from the state revenue and expenditure budget, the provincial regional revenue and expenditure budget and the Regional revenue and expenditure budget as well as other legal and non-binding sources in accordance with the provisions of laws and regulations.","The policy explicitly states that funding is sourced from the state revenue and expenditure budget, which is the national government budget.",Reference only
SUMATERA BARAT KEPULAUAN MENTAWAI,SUMATERA_BARAT_KEPULAUAN_MENTAWAI.txt,7.5,Provincial government budget,budget_funding_sources,No,Yes,0.0,1.0,false_positive,"Funding for the implementation of the Gender and Child data system is sourced from the state revenue and expenditure budget, the provincial regional revenue and expenditure budget and the Regional revenue and expenditure budget as well as other legal and non-binding sources in accordance with the provisions of laws and regulations.","The policy explicitly lists the provincial regional revenue and expenditure budget as a funding source, which is a provincial government budget source.",Reference only
SUMATERA BARAT PADANG PARIAMAN,SUMATERA_BARAT_PADANG_PARIAMAN.txt,1.6,Harmful practices,scope_of_violence,No,Yes,0.0,1.0,false_positive,"c. strengthens the role of community, religious and family environment organizations; and prevents early marriage.
preventing the occurrence of marriage at an early age.
d. increasing women's awareness of the impact of early marriage;",The policy explicitly addresses early marriage by stating prevention of early marriage and increasing awareness of the impact of early marriage.,Reference only
SUMATERA BARAT PADANG PARIAMAN,SUMATERA_BARAT_PADANG_PARIAMAN.txt,1.9,Sexual slavery/exploitation,scope_of_violence,No,Yes,0.0,1.0,false_positive,"b. all work that exploits, provides, or offers Children for prostitution, pornography production, pornographic performances, or gambling;
a. all work in the form of slavery or similar practices;","The policy prohibits worst forms of child work including exploitation for prostitution/pornography and includes slavery or similar practices, which covers sexual exploitation and sexual slavery.",Reference only
SUMATERA BARAT PADANG PARIAMAN,SUMATERA_BARAT_PADANG_PARIAMAN.txt,4.2,Gender equality education,primary_prevention,No,Yes,0.0,1.0,false_positive,"c. conducting training, socialization, advocacy of Gender Mainstreaming to all officials and staff within the SKPD;","The policy includes training, socialization, and advocacy activities related to Gender Mainstreaming for officials/staff, which constitutes education/awareness activities specifically tied to gender equality objectives.",Reference only
SUMATERA BARAT PADANG PARIAMAN,SUMATERA_BARAT_PADANG_PARIAMAN.txt,4.4,Prevention through education,primary_prevention,No,Yes,0.0,1.0,false_positive,"d. conducts socialization, seminars and counseling regarding Protection and rights of Children;","The policy explicitly links preventive efforts to educational activities by requiring socialization, seminars, and counseling regarding child protection and rights as part of providing protection to children, which functions as an education-based prevention strategy.",Reference only
SUMATERA BARAT PADANG PARIAMAN,SUMATERA_BARAT_PADANG_PARIAMAN.txt,6.2,Women victims of trafficking,intersectional_approach,No,Yes,0.0,1.0,false_positive,b. making efforts to prevent acts of Violence against women including criminal acts of trafficking in persons;,"The policy explicitly includes trafficking in persons within efforts to prevent violence against women, indicating that trafficking is within the scope of women’s protection measures.",Reference only
SUMATERA BARAT PADANG PARIAMAN,SUMATERA_BARAT_PADANG_PARIAMAN.txt,6.8,Women in legal process,intersectional_approach,No,Yes,0.0,1.0,false_positive,1. Law enforcement and legal aid services are intended to provide assistance and Protection to women victims of Violence and witnesses with a gender-responsive approach so that victims obtain justice and legal certainty.,"The policy explicitly provides law enforcement and legal aid services intended to provide assistance and protection to women victims of violence and witnesses, which directly covers women involved in legal processes as witnesses (and victims participating in proceedings).",Reference only
SUMATERA BARAT PAYAKUMBUH KOTA,SUMATERA_BARAT_PAYAKUMBUH_KOTA.txt,3.2,Police specialised service unit,specialised_support_services,No,Yes,0.0,1.0,false_positive,d. Women and Children Service Unit (UPPA),"The policy lists the Women and Children Service Unit (UPPA) among complaint-handling service providers, indicating a specialized unit for handling cases involving women (including VAW) within the law-enforcement context.",Reference only
SUMATERA BARAT PAYAKUMBUH KOTA,SUMATERA_BARAT_PAYAKUMBUH_KOTA.txt,3.10,Economic support,specialised_support_services,No,Yes,0.0,1.0,false_positive,"(1) The Regional Government provides skills training to enhance women's capacity.
a. Provision of business capital for economically disadvantaged women.","The policy includes skills training to enhance women’s capacity and facilitation of business capital for economically disadvantaged women, which are economic empowerment/support measures relevant to promoting economic security and independence.",Reference only
SUMATERA BARAT PAYAKUMBUH KOTA,SUMATERA_BARAT_PAYAKUMBUH_KOTA.txt,4.4,Prevention through education,primary_prevention,No,Yes,0.0,1.0,false_positive,"a. Providing training for government officials and law enforcement officers on the prevention and handling of violence.
b. Providing training for religious leaders, community leaders, customary leaders, educators, journalists and media managers in order to prevent violence against women and children.","The policy explicitly includes training activities aimed at prevention and handling of violence (including training for officials and community-facing actors), indicating education/training as a strategy to prevent violence against women and children.",Reference only
SUMATERA BARAT PAYAKUMBUH KOTA,SUMATERA_BARAT_PAYAKUMBUH_KOTA.txt,5.4,Education institutions engagement,stakeholder_engagement,No,Yes,0.0,1.0,false_positive,b. Develops child-friendly schools;,"The policy includes the education sector in prevention by directing the local government to develop child-friendly schools, which is an explicit role for educational institutions in implementation.",Reference only
SUMATERA BARAT PAYAKUMBUH KOTA,SUMATERA_BARAT_PAYAKUMBUH_KOTA.txt,6.2,Women victims of trafficking,intersectional_approach,No,Yes,0.0,1.0,false_positive,e. Providing special protection to women victims of violence and human trafficking; and,The policy explicitly includes women victims of human trafficking by assigning the local government responsibility to provide special protection to women victims of violence and human trafficking.,Reference only
SUMATERA BARAT PAYAKUMBUH KOTA,SUMATERA_BARAT_PAYAKUMBUH_KOTA.txt,6.5,People with disability,intersectional_approach,No,Yes,0.0,1.0,false_positive,"Lately there are more and more disabled/difable/disable women who become victims of violence, whether deaf, blind or those who experience mental retardation.
For this category of victims, interpreters must also be provided who, for example, can be taken from SLB teachers.","The policy text explicitly discusses disabled women victims of violence and requires provision of interpreters for this category, indicating a specific accommodation/protection measure targeted at women with disabilities in service delivery.",Reference only
SUMATERA BARAT PESISIR SELATAN,SUMATERA_BARAT_PESISIR_SELATAN.txt,1.6,Harmful practices,scope_of_violence,No,Yes,0.0,1.0,false_positive,"d. prevents unregistered marriages and child marriage.
e. preventing child marriage.",The policy explicitly addresses harmful practices by calling for prevention of child marriage (and also unregistered marriages).,Reference only
SUMATERA BARAT PESISIR SELATAN,SUMATERA_BARAT_PESISIR_SELATAN.txt,1.9,Sexual slavery/exploitation,scope_of_violence,No,Yes,0.0,1.0,false_positive,"b. all work that exploits, provides, or offers Children for prostitution, pornography production, pornographic performances, or gambling;",The policy explicitly includes sexual exploitation of children via prostitution/pornography within prohibited worst forms of work.,Reference only
SUMATERA BARAT PESISIR SELATAN,SUMATERA_BARAT_PESISIR_SELATAN.txt,4.2,Gender equality education,primary_prevention,No,Yes,0.0,1.0,false_positive,"c. conducting training, socialization, advocacy of Gender Mainstreaming to all officials and staff within the Regional Apparatus Organization;
b. conducting socialization and advocacy of Gender Mainstreaming to the Sub-district Head (Camat) and Wali Nagari;","The policy includes training/socialization/advocacy activities specifically on Gender Mainstreaming, which is explicitly defined as a strategy to integrate gender into planning and implementation and is directly linked to achieving gender equality and justice.",Reference only
SUMATERA BARAT PESISIR SELATAN,SUMATERA_BARAT_PESISIR_SELATAN.txt,4.4,Prevention through education,primary_prevention,No,Yes,0.0,1.0,false_positive,"b. encourage the formation of a harmonious, educative and democratic family;",The policy explicitly frames prevention of violence against women and children through family actions that include fostering an “educative” family environment as part of preventing acts of violence.,Reference only
SUMATERA BARAT PESISIR SELATAN,SUMATERA_BARAT_PESISIR_SELATAN.txt,5.4,Education institutions engagement,stakeholder_engagement,No,Yes,0.0,1.0,false_positive,"3. In the event that a Child victim of Violence experiences dropping out of school, then the child victim of violence shall be provided with formal or non-formal education, in this case carried out by the organizer of the education unit and in coordination with UPTD PPA.
c. education;
2. providing training for religious leaders, community leaders, traditional leaders, educators, journalists and media managers in order to prevent violence against women and children;","The policy assigns education-unit organizers a role in ensuring continued education for child victims of violence in coordination with UPTD PPA, includes education-sector OPDs in prevention implementation, and includes educators in capacity-building/training for prevention.",Reference only
SUMATERA BARAT PESISIR SELATAN,SUMATERA_BARAT_PESISIR_SELATAN.txt,6.1,Women in conflict/disaster areas,intersectional_approach,No,Yes,0.0,1.0,false_positive,"8. Victim is a woman and child who experiences acts of violence and/or threats of violence that include physical, sexual, psychological, economic and/or social violence, in the family, community and/or society, in conflict situations, post-conflict, and in the state.","The policy’s definition of “Victim” explicitly includes women (and children) experiencing violence in “conflict situations” and “post-conflict,” indicating the regulation covers protection needs in conflict contexts.",Reference only
SUMATERA BARAT PESISIR SELATAN,SUMATERA_BARAT_PESISIR_SELATAN.txt,6.2,Women victims of trafficking,intersectional_approach,No,Yes,0.0,1.0,false_positive,b. making efforts to prevent acts of violence against women including criminal acts of trafficking in persons;,"The policy explicitly mentions preventing violence against women including “criminal acts of trafficking in persons,” bringing trafficking within the policy’s scope.",Reference only
SUMATERA BARAT SOLOK KOTA,SUMATERA_BARAT_SOLOK_KOTA.txt,1.6,Harmful practices,scope_of_violence,No,Yes,0.0,1.0,false_positive,d. conducting socialization on the prevention of child marriage;,The policy explicitly addresses a harmful practice by including prevention of child marriage as part of community participation activities.,Reference only
SUMATERA BARAT SOLOK KOTA,SUMATERA_BARAT_SOLOK_KOTA.txt,3.10,Economic support,specialised_support_services,No,Yes,0.0,1.0,false_positive,"15. Assistance is all actions taken in the form of complaint services, health, advocacy and legal aid, social rehabilitation including spiritual guidance, counseling, psychological therapy and economic empowerment, repatriation and social rehabilitation for the purpose of strengthening and advocacy as well as recovery of victims of violence;","The policy’s definition of assistance explicitly includes economic empowerment as part of actions taken for recovery of victims of violence, indicating provision for economic support/empowerment.",Reference only
SUMATERA BARAT SOLOK KOTA,SUMATERA_BARAT_SOLOK_KOTA.txt,4.4,Prevention through education,primary_prevention,No,Yes,0.0,1.0,false_positive,"b. providing training for government officials, law enforcers, religious leaders, community leaders, customary leaders, educators, journalists, and media managers on the prevention and handling of violence against women and children.","The policy explicitly includes training (an educational strategy) for officials and community actors on the prevention and handling of violence against women and children, indicating education is used as a prevention strategy.",Reference only
SUMATERA BARAT SOLOK KOTA,SUMATERA_BARAT_SOLOK_KOTA.txt,5.4,Education institutions engagement,stakeholder_engagement,No,Yes,0.0,1.0,false_positive,"b. providing training for government officials, law enforcers, religious leaders, community leaders, customary leaders, educators, journalists, and media managers on the prevention and handling of violence against women and children.","The policy includes the education sector through capacity-building activities by providing training that explicitly includes educators, indicating engagement of education institutions/actors in implementation and prevention/handling efforts.",Reference only
SUMATERA BARAT SOLOK KOTA,SUMATERA_BARAT_SOLOK_KOTA.txt,5.8,Private sector engagement,stakeholder_engagement,No,Yes,0.0,1.0,false_positive,"The business sector in the effort to fulfill Children's Rights, is responsible:","The policy explicitly assigns responsibilities to the business sector in fulfilling children's rights (including child-perspective policies, safe products, and CSR contributions), demonstrating recognition/engagement of the private sector as a stakeholder.",Reference only
SUMATERA BARAT SOLOK KOTA,SUMATERA_BARAT_SOLOK_KOTA.txt,6.2,Women victims of trafficking,intersectional_approach,No,Yes,0.0,1.0,false_positive,j. providing special protection to women victims of violence and human trafficking;,The policy explicitly includes women victims of human trafficking by assigning the Regional Government responsibility to provide special protection to women victims of violence and human trafficking.,Reference only
SUMATERA BARAT SOLOK KOTA,SUMATERA_BARAT_SOLOK_KOTA.txt,6.3,Women workers,intersectional_approach,No,Yes,0.0,1.0,false_positive,"e. providing work leave while still receiving salary or wages in accordance with laws and regulations;
i. providing special protection in the implementation of work or profession against matters that may threaten safety and or health in relation to women's reproductive function;
making regulations to regulate employers who employ women to comply with labor laws and regulations.","The policy contains explicit measures related to women in employment, including paid leave, special protection in work/profession related to reproductive function, and regulation of employers who employ women to comply with labor laws.",Reference only
SUMATERA SELATAN MUARA ENIM,SUMATERA_SELATAN_MUARA_ENIM.txt,4.2,Gender equality education,primary_prevention,No,Yes,0.0,1.0,false_positive,a. conducting socialization to increase women's legal knowledge and awareness;,"The policy includes socialisation activities to increase women's legal knowledge and awareness, which is an educational/awareness-raising activity specifically tied to women's rights.",Reference only
SUMATERA SELATAN MUARA ENIM,SUMATERA_SELATAN_MUARA_ENIM.txt,6.10,Refugee/forced displacement,intersectional_approach,No,Yes,0.0,1.0,false_positive,Special protection for children who become refugees as referred to in Article 61 paragraph (1) letter a shall be implemented in accordance with the provisions of Laws and Regulations.,"The policy explicitly provides special protection for refugees in the context of children who become refugees, indicating a special protection measure targeted at refugees/forced displacement (at least for children).",Reference only
SUMATERA SELATAN MUSI BANYUASIN,SUMATERA_SELATAN_MUSI_BANYUASIN.txt,1.6,Harmful practices,scope_of_violence,No,Yes,0.0,1.0,false_positive,"c. preventing marriage at the age of Children.
e. preventing marriage at the age of Children.",The policy explicitly addresses harmful practices through provisions on preventing marriage at the age of children (child/early marriage).,Reference only
SUMATERA SELATAN MUSI BANYUASIN,SUMATERA_SELATAN_MUSI_BANYUASIN.txt,1.9,Sexual slavery/exploitation,scope_of_violence,No,Yes,0.0,1.0,false_positive,"b. obtain protection from economic exploitation and sexual exploitation;
a. all work in the form of slavery or similar practices;","The policy explicitly includes sexual exploitation (for women) and also references slavery or similar practices (for children in worst forms of work), covering sexual exploitation/sexual slavery-related concepts.",Reference only
SUMATERA SELATAN MUSI BANYUASIN,SUMATERA_SELATAN_MUSI_BANYUASIN.txt,4.4,Prevention through education,primary_prevention,No,Yes,0.0,1.0,false_positive,"b. training for religious leaders, community leaders, customary leaders, educators, journalists and media managers in order to prevent violence against Women and Children;","The policy includes training (an educational strategy) explicitly aimed at preventing violence against women and children, indicating education is used as a prevention approach.",Reference only
SUMATERA SELATAN MUSI BANYUASIN,SUMATERA_SELATAN_MUSI_BANYUASIN.txt,5.4,Education institutions engagement,stakeholder_engagement,No,Yes,0.0,1.0,false_positive,"b. developing child-friendly schools;
b. training for religious leaders, community leaders, customary leaders, educators, journalists and media managers in order to prevent violence against Women and Children;",The policy involves the education sector by including development of child-friendly schools as a prevention effort and by providing training for educators as part of guidance/supervision to prevent violence against women and children.,Reference only
SUMATERA SELATAN MUSI BANYUASIN,SUMATERA_SELATAN_MUSI_BANYUASIN.txt,6.5,People with disability,intersectional_approach,No,Yes,0.0,1.0,false_positive,4. Every Child with Disabilities in addition to receiving the rights as referred to in paragraph (1) is also entitled to obtain:,"The policy explicitly provides additional entitlements for children with disabilities (special education, rehabilitation, social assistance, and maintenance of social welfare standards), which constitutes special measures targeted at people with disabilities within the policy’s scope.",Reference only
SUMATERA SELATAN MUSI RAWAS,SUMATERA_SELATAN_MUSI_RAWAS.txt,1.9,Sexual slavery/exploitation,scope_of_violence,No,Yes,0.0,1.0,false_positive,1. Special protection for children who are exploited economically and/or sexually as referred to in Article 30 is the obligation and responsibility of the government and society.,"The policy explicitly includes sexual exploitation (in the context of children) as an issue requiring special protection, indicating inclusion of sexual exploitation.",Reference only
SUMATERA SELATAN MUSI RAWAS,SUMATERA_SELATAN_MUSI_RAWAS.txt,4.4,Prevention through education,primary_prevention,No,Yes,0.0,1.0,false_positive,b. conducting education on anti-violence values toward women and children;,"The policy explicitly identifies conducting education on anti-violence values toward women and children as part of implementation, indicating education is used as a strategy to prevent violence.",Reference only
SUMATERA SELATAN MUSI RAWAS,SUMATERA_SELATAN_MUSI_RAWAS.txt,6.2,Women victims of trafficking,intersectional_approach,No,Yes,0.0,1.0,false_positive,"6. Trafficking in Persons is the act of recruitment, transportation, harboring, sending, transfer, or receipt of a person by threat of violence, use of violence, abduction, confinement, forgery, fraud, abuse of power or position of vulnerability, debt bondage or giving payments or benefits, so as to obtain the consent of a person holding control over another person, whether carried out within the country or between countries, for the purpose of exploitation or resulting in a person being exploited.
7. Victim of Trafficking in Persons is a person who experiences psychological, mental, physical, sexual, economic, and/or social suffering, caused by the criminal act of trafficking in persons.
12. Victim is a woman and child who experiences misery and/or suffering either directly or indirectly as a result of violence.","The policy defines trafficking in persons and victims of trafficking in persons, and defines “victim” as a woman and child who suffers as a result of violence, indicating that women victims of trafficking fall within the policy’s scope.",Reference only
SUMATERA SELATAN MUSI RAWAS,SUMATERA_SELATAN_MUSI_RAWAS.txt,6.3,Women workers,intersectional_approach,No,Yes,0.0,1.0,false_positive,2. Women have the right to obtain special protection in the implementation of their work or profession against matters that may threaten their safety and or health in connection with the reproductive function of Women.,The policy explicitly states that women have the right to obtain special protection in the implementation of their work or profession against threats to safety/health connected to women’s reproductive function.,Reference only
SUMATERA SELATAN MUSI RAWAS,SUMATERA_SELATAN_MUSI_RAWAS.txt,6.10,Refugee/forced displacement,intersectional_approach,No,Yes,0.0,1.0,false_positive,Special protection for children who become refugees as referred to in Article 30 letter a is implemented in accordance with the provisions of humanitarian law.,"The policy explicitly provides special protection for refugees (children who become refugees) and specifies that such protection is implemented in accordance with humanitarian law, which constitutes special protection measures targeted at refugee/forced displacement situations (as framed in the text).",Reference only
SUMATERA SELATAN MUSI RAWAS UTARA,SUMATERA_SELATAN_MUSI_RAWAS_UTARA.txt,1.1,Domestic violence,scope_of_violence,Yes,No,1.0,0.0,false_negative,,"The provided sentences discuss protection of women and children from violence in general and define violence broadly, but they do not explicitly mention domestic violence or violence occurring within the household/intimate partner context.",Reference only
SUMATERA SELATAN MUSI RAWAS UTARA,SUMATERA_SELATAN_MUSI_RAWAS_UTARA.txt,1.5,Economic violence,scope_of_violence,Yes,No,1.0,0.0,false_negative,,"While the definition of violence includes 'economic' and there is mention of economic exploitation and neglect in relation to children, the candidate sentences do not explicitly frame economic violence/exploitation or domestic neglect as a form of violence against women (the criterion’s focus).",Reference only
SUMATERA SELATAN MUSI RAWAS UTARA,SUMATERA_SELATAN_MUSI_RAWAS_UTARA.txt,1.6,Harmful practices,scope_of_violence,No,Yes,0.0,1.0,false_positive,c. prevent marriage at Child age;,"The policy explicitly includes prevention of child/early marriage as an obligation of parents and family, which is a harmful practice affecting girls.",Reference only
SUMATERA SELATAN MUSI RAWAS UTARA,SUMATERA_SELATAN_MUSI_RAWAS_UTARA.txt,1.9,Sexual slavery/exploitation,scope_of_violence,No,Yes,0.0,1.0,false_positive,"b. exploitation, both economic and sexual;","The text explicitly mentions protection from 'exploitation, both economic and sexual,' which covers sexual exploitation.",Reference only
SUMATERA SELATAN MUSI RAWAS UTARA,SUMATERA_SELATAN_MUSI_RAWAS_UTARA.txt,2.3,Data collection systems,institutional_mechanism,No,Yes,0.0,1.0,false_positive,"Complaint, consultation, and counseling services as referred to in Article 31 letter a include:
a. initial identification or recording of victims;
b. case identification; and","The policy includes complaint/consultation/counseling services that involve initial identification or recording of victims and case identification, which establishes a requirement to record and document victim/case information.",Reference only
SUMATERA SELATAN MUSI RAWAS UTARA,SUMATERA_SELATAN_MUSI_RAWAS_UTARA.txt,3.10,Economic support,specialised_support_services,No,Yes,0.0,1.0,false_positive,Women's Empowerment in the economic field as referred to in Article 5 paragraph (2) may be implemented through:,"The policy provides for women’s economic empowerment through skills and job training, facilitation of productive business groups, capital assistance, and marketing network development, which are forms of economic support that can promote economic security and independence.",Reference only
SUMATERA SELATAN MUSI RAWAS UTARA,SUMATERA_SELATAN_MUSI_RAWAS_UTARA.txt,4.1,Information and education about VAW,primary_prevention,No,Yes,0.0,1.0,false_positive,f. providing information or reporting to the competent authority if acts of Violence against Women and Children occur in their environment.,"The policy includes community actions to provide information/reporting when violence against women and children occurs, which constitutes an information/awareness-related activity specifically referencing violence against women and children.",Reference only
SUMATERA SELATAN MUSI RAWAS UTARA,SUMATERA_SELATAN_MUSI_RAWAS_UTARA.txt,4.2,Gender equality education,primary_prevention,No,Yes,0.0,1.0,false_positive,c. conducting socialization and education about the rights of Women and Children independently;,"The policy explicitly mentions conducting socialization and education about the rights of women and children, which is an educational/awareness activity focused on women’s/children’s rights (a core element of gender equality and women’s rights education).",Reference only
SUMATERA SELATAN MUSI RAWAS UTARA,SUMATERA_SELATAN_MUSI_RAWAS_UTARA.txt,5.3,Traditional/cultural engagement,stakeholder_engagement,No,Yes,0.0,1.0,false_positive,"2. Social reintegration services as referred to in paragraph (1) are carried out by the Regency Government in coordination with:
b. community institutions and/or local community leaders.","The policy provides that social reintegration services are implemented in coordination with community institutions and/or local community leaders, which covers customary/community leadership mechanisms in implementation.",Reference only
SUMATERA SELATAN MUSI RAWAS UTARA,SUMATERA_SELATAN_MUSI_RAWAS_UTARA.txt,5.6,Media engagement,stakeholder_engagement,No,Yes,0.0,1.0,false_positive,"d. maintaining the privacy and confidentiality of victims from all parties who have no interest, including reporting by the mass media;","The policy explicitly references the mass media in the context of maintaining victims' privacy and confidentiality, indicating recognition of media as a relevant stakeholder in protection-related processes.",Reference only
SUMATERA SELATAN MUSI RAWAS UTARA,SUMATERA_SELATAN_MUSI_RAWAS_UTARA.txt,5.8,Private sector engagement,stakeholder_engagement,No,Yes,0.0,1.0,false_positive,"16. Child-Friendly Regency is a Regency that has a child rights-based development system through the integration of government, community and business commitments and resources, which are planned comprehensively and sustainably in policies, programs and activities to ensure the fulfillment of children's rights and protection.","The policy’s definition of a Child-Friendly Regency refers to integration of government, community, and business commitments and resources, explicitly recognizing the business/private sector as a stakeholder.",Reference only
SUMATERA SELATAN MUSI RAWAS UTARA,SUMATERA_SELATAN_MUSI_RAWAS_UTARA.txt,6.2,Women victims of trafficking,intersectional_approach,No,Yes,0.0,1.0,false_positive,"20. Integrated Service Center for Women's Empowerment and Children, hereinafter abbreviated as P2TP2A, is an integrated service center in efforts to empower women in various fields of development, as well as protection of women and children from various types of discrimination and acts of violence, including trafficking in persons, established by the government or community-based.","The policy’s definition of the integrated service center (P2TP2A) explicitly includes protection of women and children from discrimination and violence, including trafficking in persons, indicating that trafficking victims are within scope.",Reference only
SUMATERA SELATAN MUSI RAWAS UTARA,SUMATERA_SELATAN_MUSI_RAWAS_UTARA.txt,6.5,People with disability,intersectional_approach,No,Yes,0.0,1.0,false_positive,"Every Child with Disabilities, in addition to obtaining the rights as referred to in Article 10 through Article 23, has the right to obtain:","The policy provides specific additional rights for children with disabilities (e.g., special needs education, rehabilitation, social assistance), which constitutes special measures targeted at people with disabilities (at least for children).",Reference only
SUMATERA SELATAN OGAN KOMERING ULU,SUMATERA_SELATAN_OGAN_KOMERING_ULU.txt,1.9,Sexual slavery/exploitation,scope_of_violence,No,Yes,0.0,1.0,false_positive,"Rape, sexual harassment, trafficking in women and children, domestic violence, sexual exploitation, violence against domestic workers, pornography, exploitation of migrant workers, and neglect, will apparently continue to be encountered in daily life, both in the domestic (household) and public spheres.","The policy explicitly mentions “sexual exploitation,” which falls under sexual exploitation/sexual slavery-related concerns.",Reference only
SUMATERA SELATAN OGAN KOMERING ULU,SUMATERA_SELATAN_OGAN_KOMERING_ULU.txt,2.3,Data collection systems,institutional_mechanism,No,Yes,0.0,1.0,false_positive,"Monitoring and reporting as referred to in Article 8 include monitoring, documentation and reporting of cases of gender-based violence and children.","The policy explicitly includes monitoring, documentation, and reporting of cases of gender-based violence and violence against children, which constitutes a requirement to document and report case information.",Reference only
SUMATERA SELATAN OGAN KOMERING ULU,SUMATERA_SELATAN_OGAN_KOMERING_ULU.txt,2.5,Training and capacity building,institutional_mechanism,No,Yes,0.0,1.0,false_positive,e. increase the capacity of service provider institutions;,"The policy gives the Regional Government authority to increase the capacity of service provider institutions, which constitutes an institutional capacity-building provision for implementers/service providers.",Reference only
SUMATERA SELATAN OGAN KOMERING ULU,SUMATERA_SELATAN_OGAN_KOMERING_ULU.txt,3.3,Reporting/hotline service,specialised_support_services,No,Yes,0.0,1.0,false_positive,"a. providing information and or reporting any violence that is known;
b. encouraging the community to actively participate in providing information and reporting the existence of gender-based violence and children;",The policy includes mechanisms for reporting violence by encouraging/providing for community reporting and explicitly encouraging the community to provide information and report the existence of gender-based violence and violence against children.,Reference only
SUMATERA SELATAN OGAN KOMERING ULU,SUMATERA_SELATAN_OGAN_KOMERING_ULU_v2.txt,1.5,Economic violence,scope_of_violence,Yes,No,1.0,0.0,false_negative,,"While the text discusses women’s economic empowerment and children’s economic exploitation/neglect, the provided sentences do not explicitly or implicitly frame economic violence, economic exploitation, or domestic neglect as a form of violence against women.",Reference only
SUMATERA SELATAN OGAN KOMERING ULU,SUMATERA_SELATAN_OGAN_KOMERING_ULU_v2.txt,1.6,Harmful practices,scope_of_violence,No,Yes,0.0,1.0,false_positive,c. prevent child marriage.,"The policy explicitly includes prevention of child marriage, which is a harmful practice affecting girls.",Reference only
SUMATERA SELATAN OGAN KOMERING ULU,SUMATERA_SELATAN_OGAN_KOMERING_ULU_v2.txt,1.9,Sexual slavery/exploitation,scope_of_violence,No,Yes,0.0,1.0,false_positive,"22. Children Who Are Sexually Exploited are Children who are exploited to obtain benefits through sexual organs or other body organs of Children, including but not limited to all prostitution and indecency activities.","The policy explicitly defines children who are sexually exploited, indicating inclusion of sexual exploitation (which can encompass sexual slavery/exploitation concepts).",Reference only
SUMATERA SELATAN OGAN KOMERING ULU,SUMATERA_SELATAN_OGAN_KOMERING_ULU_v2.txt,3.7,Psychosocial counselling,specialised_support_services,No,Yes,0.0,1.0,false_positive,"a. psychosocial therapy;
b. counseling;",The policy explicitly includes psychosocial therapy and counseling as forms of physical and mental health recovery services for victims.,Reference only
SUMATERA SELATAN OGAN KOMERING ULU,SUMATERA_SELATAN_OGAN_KOMERING_ULU_v2.txt,3.8,Religious/spiritual counselling,specialised_support_services,No,Yes,0.0,1.0,false_positive,a. religious counseling;,"The policy explicitly includes religious counseling as a form of counseling provided (in the cited provisions, for children victims of terrorism networks).",Reference only
SUMATERA SELATAN OGAN KOMERING ULU,SUMATERA_SELATAN_OGAN_KOMERING_ULU_v2.txt,3.9,Resocialisation services,specialised_support_services,No,Yes,0.0,1.0,false_positive,e. resocialization.,"The policy explicitly includes resocialization as part of recovery services, indicating availability of resocialisation/reintegration support.",Reference only
SUMATERA SELATAN OGAN KOMERING ULU,SUMATERA_SELATAN_OGAN_KOMERING_ULU_v2.txt,4.2,Gender equality education,primary_prevention,No,Yes,0.0,1.0,false_positive,d. implementing socialization in order to increase awareness of women's rights and women's participation in the field of politics;,"The policy includes an explicit socialization activity aimed at increasing awareness of women's rights and participation, which constitutes primary prevention education/awareness raising about women's rights.",Reference only
SUMATERA SELATAN OGAN KOMERING ULU,SUMATERA_SELATAN_OGAN_KOMERING_ULU_v2.txt,5.2,Religious engagement,stakeholder_engagement,No,Yes,0.0,1.0,false_positive,"b. enhancement of the role of parents, families, the Community, educators, education personnel, religious leaders, customary leaders, Community leaders in supporting the Social Reintegration process of Children Who Are Victims of Narcotics, Alcohol, Psychotropic, and Other Addictive Substance Abuse;
c. religious/worship guidance officers;
Special Protection for Children as referred to in Article 108 shall be carried out by involving the role of parents, the Community, Educational Institutions, and Religious Institutions.","The policy explicitly references faith-based actors and institutions, including religious leaders supporting social reintegration, provision of religious/worship guidance officers, and involvement of Religious Institutions in special protection implementation.",Reference only
SUMATERA SELATAN OGAN KOMERING ULU,SUMATERA_SELATAN_OGAN_KOMERING_ULU_v2.txt,5.3,Traditional/cultural engagement,stakeholder_engagement,No,Yes,0.0,1.0,false_positive,"b. enhancement of the role of parents, families, the Community, educators, education personnel, religious leaders, customary leaders, Community leaders in supporting the Social Reintegration process of Children Who Are Victims of Narcotics, Alcohol, Psychotropic, and Other Addictive Substance Abuse;","The policy explicitly includes customary leaders as actors whose role is enhanced in supporting social reintegration, indicating engagement of traditional/customary leadership in implementation.",Reference only
SUMATERA SELATAN OGAN KOMERING ULU,SUMATERA_SELATAN_OGAN_KOMERING_ULU_v2.txt,6.3,Women workers,intersectional_approach,No,Yes,0.0,1.0,false_positive,"a. equal wages for male and female workers for the same work;
c. prohibition of termination of employment for female workers who marry, become pregnant, and give birth;
e. providing flexibility for female workers who breastfeed children;","The policy sets out specific employment-related protections for female workers, including equal wages, protection from termination due to marriage/pregnancy/childbirth, and breastfeeding-related flexibility.",Reference only
SUMATERA SELATAN OGAN KOMERING ULU,SUMATERA_SELATAN_OGAN_KOMERING_ULU_v2.txt,6.6,Women heads of household,intersectional_approach,No,Yes,0.0,1.0,false_positive,"b. may provide capital assistance to women, especially migrant workers, women in remote areas, women as heads of households, and women victims of domestic violence; and",The policy explicitly targets women as heads of households for capital assistance as part of economic empowerment measures.,Reference only
SUMATERA SELATAN OGAN KOMERING ULU SELATAN,SUMATERA_SELATAN_OGAN_KOMERING_ULU_SELATAN.txt,1.6,Harmful practices,scope_of_violence,No,Yes,0.0,1.0,false_positive,"c. preventing marriage at the age of Children.
e. preventing marriage at the age of Children.",The policy explicitly addresses harmful practices by including prevention of marriage at the age of children (child/early marriage) in both community and parental responsibilities.,Reference only
SUMATERA SELATAN OGAN KOMERING ULU SELATAN,SUMATERA_SELATAN_OGAN_KOMERING_ULU_SELATAN.txt,1.9,Sexual slavery/exploitation,scope_of_violence,No,Yes,0.0,1.0,false_positive,"b. obtain protection from economic exploitation and sexual exploitation;
a. all work in the form of slavery or the like;","The policy explicitly includes protection from sexual exploitation and also prohibits worst forms of child labor including slavery or slavery-like work, covering sexual exploitation and slavery-related exploitation.",Reference only
SUMATERA SELATAN OGAN KOMERING ULU SELATAN,SUMATERA_SELATAN_OGAN_KOMERING_ULU_SELATAN.txt,3.10,Economic support,specialised_support_services,Yes,No,1.0,0.0,false_negative,,"The cited provisions describe skills training and economic empowerment for women generally, but the candidate sentences do not explicitly link these economic measures to women victims of violence or specify economic support targeted to VAW survivors.",Reference only
SUMATERA SELATAN OGAN KOMERING ULU SELATAN,SUMATERA_SELATAN_OGAN_KOMERING_ULU_SELATAN.txt,4.3,VAW laws awareness,primary_prevention,Yes,No,1.0,0.0,false_negative,,"The candidate sentences mention socialisation on preventing violence and providing guidelines for handling violence, but they do not explicitly indicate information or education activities about laws and policies on violence against women.",Reference only
SUMATERA SELATAN OGAN KOMERING ULU SELATAN,SUMATERA_SELATAN_OGAN_KOMERING_ULU_SELATAN.txt,4.4,Prevention through education,primary_prevention,No,Yes,0.0,1.0,false_positive,b. developing child-friendly schools;,The policy includes an explicit prevention-related education strategy for children through the development of child-friendly schools as part of efforts to prevent violence/rights violations against children.,Reference only
SUMATERA SELATAN OGAN KOMERING ULU SELATAN,SUMATERA_SELATAN_OGAN_KOMERING_ULU_SELATAN.txt,6.5,People with disability,intersectional_approach,No,Yes,0.0,1.0,false_positive,12. persons with disabilities;,"The policy explicitly lists persons with disabilities as a category receiving special protection (in the child protection provisions), indicating inclusion of disability-targeted special protection measures.",Reference only
SUMATERA SELATAN PALEMBANG KOTA,SUMATERA_SELATAN_PALEMBANG_KOTA.txt,1.8,Human trafficking,scope_of_violence,Yes,No,1.0,0.0,false_negative,,The provided sentences do not mention trafficking in persons or human trafficking as a form of violence or as a targeted issue; they only reference exploitation generally and cite external laws in a list of legal bases.,Reference only
SUMATERA SELATAN PALEMBANG KOTA,SUMATERA_SELATAN_PALEMBANG_KOTA.txt,2.5,Training and capacity building,institutional_mechanism,Yes,No,1.0,0.0,false_negative,,"The candidate sentences describe service standards, integrated services, and types/qualifications of counseling personnel (e.g., certified counselors), but they do not require or provide training, technical guidance, or capacity-building measures for implementers.",Reference only
SUMATERA SELATAN PALEMBANG KOTA,SUMATERA_SELATAN_PALEMBANG_KOTA.txt,2.6,Monitoring and evaluation,institutional_mechanism,Yes,No,1.0,0.0,false_negative,,The provided sentences do not set out a monitoring and evaluation framework for policy implementation or service delivery. References to community monitoring of environmental conditions or monitoring law enforcement processes are not presented as an M&E mechanism for implementation/service delivery of the policy itself.,Reference only
SUMATERA SELATAN PALEMBANG KOTA,SUMATERA_SELATAN_PALEMBANG_KOTA.txt,4.3,VAW laws awareness,primary_prevention,Yes,No,1.0,0.0,false_negative,,"The candidate sentences refer to prevention socialisation about violence and to monitoring law enforcement, but they do not indicate any primary prevention activity that educates the public about VAW laws or policies.",Reference only
SUMATERA SELATAN PALEMBANG KOTA,SUMATERA_SELATAN_PALEMBANG_KOTA.txt,4.4,Prevention through education,primary_prevention,No,Yes,0.0,1.0,false_positive,"b. encourages the formation of a harmonious, educative, independent and responsible family; and","The policy links prevention of violations/violence with fostering an “educative” family environment, indicating education as an explicit prevention strategy (at least within the family context).",Reference only
SUMATERA SELATAN PALEMBANG KOTA,SUMATERA_SELATAN_PALEMBANG_KOTA.txt,5.4,Education institutions engagement,stakeholder_engagement,Yes,No,1.0,0.0,false_negative,,"While the policy mentions children’s right to education, the provided sentences do not include schools, universities, academics, or the education sector as stakeholders in prevention, protection, services, coordination, or capacity building.",Reference only
SUMATERA SELATAN PALEMBANG KOTA,SUMATERA_SELATAN_PALEMBANG_KOTA.txt,6.2,Women victims of trafficking,intersectional_approach,Yes,No,1.0,0.0,false_negative,,"The excerpts reference trafficking-related laws in the legal basis and define exploitation as a form of violence, but they do not explicitly include women victims of trafficking/trafficking in persons as a target group within the regulation’s scope or specify trafficking-victim services.",Reference only
SUMATERA SELATAN PALEMBANG KOTA,SUMATERA_SELATAN_PALEMBANG_KOTA.txt,6.8,Women in legal process,intersectional_approach,No,Yes,0.0,1.0,false_positive,"12. Protection of Women and Children in Conflict with the Law is a form of service that must be carried out by law enforcement officers or security officers to provide a sense of security, both physical and psychological to victims or witnesses from threats, disturbances, terror, and violence from any party given at the stage of investigation, inquiry, prosecution and examination at trial.","The policy explicitly defines a service category for “Protection of Women and Children in Conflict with the Law,” describing protection by law enforcement/security officers for victims or witnesses during investigation through trial stages, which constitutes explicit protection/services related to the legal process.",Reference only
SUMATERA SELATAN PALEMBANG KOTA,SUMATERA_SELATAN_PALEMBANG_KOTA.txt,7.1,Local government budget,budget_funding_sources,Yes,No,1.0,0.0,false_negative,,"The retrieved sentences describe City Government obligations, services, and that the regulation’s scope includes “funding,” but none of the provided sentences explicitly identify a local government budget (e.g., APBD) or specify it as a funding source.",Reference only
SUMATERA SELATAN PALEMBANG KOTA,SUMATERA_SELATAN_PALEMBANG_KOTA.txt,7.2,National government budget,budget_funding_sources,Yes,No,1.0,0.0,false_negative,,"The candidate sentences reference laws and describe City Government responsibilities and that the regulation includes “funding” in scope, but they do not mention any national government budget or national funding source.",Reference only
SUMATERA SELATAN PALEMBANG KOTA,SUMATERA_SELATAN_PALEMBANG_KOTA.txt,7.4,Other legal sources,budget_funding_sources,Yes,No,1.0,0.0,false_negative,,"While the text lists various legal instruments in the ‘In View of’ section and notes that the regulation includes “funding” in scope, it does not specify any funding/budget source categorized as “other legal sources” (i.e., non-governmental or other legally permitted sources) within the provided sentences.",Reference only
SUMATERA SELATAN PENUKAL ABAB LEMATANG ILIR,SUMATERA_SELATAN_PENUKAL_ABAB_LEMATANG_ILIR.txt,2.3,Data collection systems,institutional_mechanism,No,Yes,0.0,1.0,false_positive,"Letter a What is meant by ""complaint, consultation, and counseling services"" includes initial identification or recording of victims; case identification; and consent for action to be taken.","The policy includes service components that involve initial identification/recording and case identification, which implies documentation/recording of victims and cases as part of service delivery.",Reference only
SUMATERA SELATAN PENUKAL ABAB LEMATANG ILIR,SUMATERA_SELATAN_PENUKAL_ABAB_LEMATANG_ILIR.txt,2.5,Training and capacity building,institutional_mechanism,No,Yes,0.0,1.0,false_positive,"Article 29 (1) The Regent may appoint officials or related Regional Apparatus to carry out guidance and supervision of the implementation of the Protection of Women and Children.
provision of implementation instructions;","The policy provides for guidance and supervision by the Regent/Regional Apparatus, including provision of implementation instructions and guidance, which functions as technical guidance/capacity support for implementers.",Reference only
SUMATERA SELATAN PENUKAL ABAB LEMATANG ILIR,SUMATERA_SELATAN_PENUKAL_ABAB_LEMATANG_ILIR.txt,3.10,Economic support,specialised_support_services,No,Yes,0.0,1.0,false_positive,14. Empowerment is the strengthening of women victims of violence to be able to work and work independently after they are recovered and provided with health and social rehabilitation services.,"The policy defines empowerment as strengthening women victims of violence to be able to work and work independently after recovery and rehabilitation, indicating an economic empowerment objective for victims.",Reference only
SUMATERA SELATAN PENUKAL ABAB LEMATANG ILIR,SUMATERA_SELATAN_PENUKAL_ABAB_LEMATANG_ILIR.txt,4.1,Information and education about VAW,primary_prevention,No,Yes,0.0,1.0,false_positive,"e. conducting socialization regarding laws and regulations related to the protection of Women and Children victims of violence; and
f. providing critical education regarding the rights of Women and Children for the community.","The policy includes preventive measures that explicitly involve socialization about laws/regulations related to protection of women and children victims of violence and providing critical education on women’s and children’s rights to the community, which are information/education activities tied to preventing violence against women and children.",Reference only
SUMATERA SELATAN PENUKAL ABAB LEMATANG ILIR,SUMATERA_SELATAN_PENUKAL_ABAB_LEMATANG_ILIR.txt,4.4,Prevention through education,primary_prevention,No,Yes,0.0,1.0,false_positive,f. providing critical education regarding the rights of Women and Children for the community.,"Within the section on prevention of violence against women and children, the policy explicitly includes providing critical education regarding the rights of women and children as a prevention strategy.",Reference only
SUMATERA SELATAN PENUKAL ABAB LEMATANG ILIR,SUMATERA_SELATAN_PENUKAL_ABAB_LEMATANG_ILIR.txt,5.3,Traditional/cultural engagement,stakeholder_engagement,No,Yes,0.0,1.0,false_positive,Social reintegration services are carried out by the District/Regency Government by coordinating with relevant government and non-government agencies and institutions; and village community institutions and/or local community leaders.,"The policy explicitly references coordination with village community institutions and/or local community leaders in delivering social reintegration services, which constitutes engagement with customary/community mechanisms and leaders.",Reference only
SUMATERA SELATAN PENUKAL ABAB LEMATANG ILIR,SUMATERA_SELATAN_PENUKAL_ABAB_LEMATANG_ILIR.txt,6.2,Women victims of trafficking,intersectional_approach,No,Yes,0.0,1.0,false_positive,(2) The PPT as referred to in paragraph (1) is an integrated part and constitutes one unit with the PPT that provides integrated services for witnesses and/or victims of criminal acts of trafficking in persons.,"The policy explicitly references an integrated service center that also provides integrated services for witnesses and/or victims of trafficking in persons, bringing trafficking victims within scope.",Reference only
SUMATERA SELATAN PENUKAL ABAB LEMATANG ILIR,SUMATERA_SELATAN_PENUKAL_ABAB_LEMATANG_ILIR.txt,6.5,People with disability,intersectional_approach,No,Yes,0.0,1.0,false_positive,3. Special infrastructure for persons with disabilities in public places.,The policy includes a specific measure related to disability by providing for special infrastructure for persons with disabilities in public places.,Reference only
SUMATERA SELATAN PENUKAL ABAB LEMATANG ILIR,SUMATERA_SELATAN_PENUKAL_ABAB_LEMATANG_ILIR.txt,6.11,Domestic workers,intersectional_approach,No,Yes,0.0,1.0,false_positive,"1. The Regency Government is obligated to protect the fulfillment of the rights of Child workers in the informal sector.
a. domestic workers;",The policy provides protection obligations for child workers in the informal sector and explicitly includes domestic workers within that category.,Reference only
SUMATERA SELATAN PRABUMULIH KOTA,SUMATERA_SELATAN_PRABUMULIH_KOTA.txt,1.6,Harmful practices,scope_of_violence,No,Yes,0.0,1.0,false_positive,"c. strengthens the role of community, religious and family organizations, and prevents early marriage.
f. preventing early marriage.
increasing women's awareness of the impact of early marriage, (10) facilitating and seeking the preservation of customs and traditions ande.","The policy explicitly mentions preventing early marriage and increasing awareness of the impact of early marriage, which is a harmful practice affecting girls.",Reference only
SUMATERA SELATAN PRABUMULIH KOTA,SUMATERA_SELATAN_PRABUMULIH_KOTA.txt,1.9,Sexual slavery/exploitation,scope_of_violence,No,Yes,0.0,1.0,false_positive,"a. all work in the form of slavery or similar practices;
b. all work that exploits, provides, or offers Children for prostitution, pornography production, pornographic performances, or gambling;","The policy prohibits involving children in worst forms of work, explicitly including slavery-like practices and exploitation for prostitution/pornography, which constitutes sexual exploitation and can involve sexual slavery-like conditions.",Reference only
SUMATERA SELATAN PRABUMULIH KOTA,SUMATERA_SELATAN_PRABUMULIH_KOTA.txt,2.3,Data collection systems,institutional_mechanism,Yes,No,1.0,0.0,false_negative,,"While the text mentions a 'gender and child data system' in the scope of regulation, the provided sentences do not establish or assign responsibility for a system/entity to collect, record, monitor, report, or manage data specifically on violence against women, victims, or cases.",Reference only
SUMATERA SELATAN PRABUMULIH KOTA,SUMATERA_SELATAN_PRABUMULIH_KOTA.txt,4.2,Gender equality education,primary_prevention,No,Yes,0.0,1.0,false_positive,"a. conducting socialization to increase women's legal knowledge and awareness,","The policy includes socialization intended to increase women's legal knowledge and awareness, which is an educational/awareness-raising activity related to women's rights.",Reference only
SUMATERA SELATAN PRABUMULIH KOTA,SUMATERA_SELATAN_PRABUMULIH_KOTA.txt,4.4,Prevention through education,primary_prevention,No,Yes,0.0,1.0,false_positive,"a. women and children by optimizing the role of customary institutions, Education, culture, religion and community organizations, building networks and cooperation with law enforcement officials,","The policy explicitly references education as part of the approach used in socialization to prevent acts of violence against women and children, indicating education as a prevention strategy.",Reference only
SUMATERA SELATAN PRABUMULIH KOTA,SUMATERA_SELATAN_PRABUMULIH_KOTA.txt,6.5,People with disability,intersectional_approach,No,Yes,0.0,1.0,false_positive,"c. disability,","The policy explicitly includes disability as a prioritized social problem criterion for social welfare implementation, indicating inclusion of people with disabilities in targeted support measures (though not specific to women with disabilities).",Reference only
SUMATERA UTARA BATU BARA,SUMATERA_UTARA_BATU_BARA.txt,2.5,Training and capacity building,institutional_mechanism,No,Yes,0.0,1.0,false_positive,"1. The Regent shall conduct guidance and supervision over > the implementation of SPM for Integrated Services for Women and Children Victims of Violence in the Region.
2. Guidance as referred to in paragraph (1) includes providing implementation instructions, guidance, supervision, monitoring and evaluation of service implementation for Women and Children Victims of Violence.","The policy mandates the Regent to conduct guidance and supervision, and specifies that such guidance includes providing implementation instructions and guidance, which constitutes technical guidance/capacity-building support for implementation.",Reference only
SUMATERA UTARA BATU BARA,SUMATERA_UTARA_BATU_BARA.txt,3.7,Psychosocial counselling,specialised_support_services,Yes,No,1.0,0.0,false_negative,,"The text references recovery of psychological health and social rehabilitation, but it does not explicitly mention psychosocial or psychological counselling services (e.g., counselling/therapy) as a service offering.",Reference only
SUMATERA UTARA BATU BARA,SUMATERA_UTARA_BATU_BARA.txt,4.1,Information and education about VAW,primary_prevention,No,Yes,0.0,1.0,false_positive,b. conduct independent socialization of Women's and Children's rights;,"The policy includes an explicit community participation activity to conduct socialization of women's and children's rights, which constitutes awareness/education-related prevention content connected to violence against women and children protection.",Reference only
SUMATERA UTARA BATU BARA,SUMATERA_UTARA_BATU_BARA.txt,4.2,Gender equality education,primary_prevention,No,Yes,0.0,1.0,false_positive,b. conduct independent socialization of Women's and Children's rights;,"The policy explicitly mentions community-led socialization of women's and children's rights, which is an educational/awareness-raising activity about women's rights (a core element of gender equality education).",Reference only
SUMATERA UTARA LABUHANBATU SELATAN,SUMATERA_UTARA_LABUHANBATU_SELATAN.txt,4.2,Gender equality education,primary_prevention,No,Yes,0.0,1.0,false_positive,"d. implementing socialization, advocacy, coordination, and Gender Mainstreaming training;
c. conducting independent socialization of the rights of Women and Children;",The policy includes educational/awareness-type activities related to gender equality and women’s rights via Gender Mainstreaming socialization/advocacy/training and community socialization of the rights of women and children.,Reference only
SUMATERA UTARA PADANGSIDIMPUAN KOTA,SUMATERA_UTARA_PADANGSIDIMPUAN_KOTA.txt,1.6,Harmful practices,scope_of_violence,No,Yes,0.0,1.0,false_positive,c. prevent marriage at child age;,The policy explicitly addresses a harmful practice by requiring families to prevent marriage at child age (child/early marriage).,Reference only
SUMATERA UTARA PADANGSIDIMPUAN KOTA,SUMATERA_UTARA_PADANGSIDIMPUAN_KOTA.txt,3.4,Safety/protection shelter,specialised_support_services,No,Yes,0.0,1.0,false_positive,"Integrated Service Center for Women and Child Protection hereinafter abbreviated as P2TP2A is an integrated service center in efforts to empower women in various fields of development, as well as protection of women and children from various types of discrimination and acts of violence, including trafficking in persons, established by the regional government or community-based, which includes: referral center, business consultation center, reproductive health consultation center, legal consultation center, integrated crisis center (PKT), integrated service center (PPT), trauma recovery center (trauma center), women's crisis handling center (women crisis center), training center, science and technology information center (PIPTEK), safe house (shelter), transit house, children's friend telephone (TESA) 129, or other forms.","The definition of P2TP2A explicitly includes a safe house (shelter) and transit house among the integrated service center components, indicating availability of shelter-type protection services.",Reference only
SUMATERA UTARA PADANGSIDIMPUAN KOTA,SUMATERA_UTARA_PADANGSIDIMPUAN_KOTA.txt,4.2,Gender equality education,primary_prevention,No,Yes,0.0,1.0,false_positive,"c. conducting training, socialization, advocacy of gender mainstreaming to all officials and staff within the SKPD;
1. Gender Mainstreaming or abbreviated as PUG is a strategy carried out rationally and systematically to achieve and realize gender equality and gender justice in a number of aspects of human life (household, community and State), through policies and programs that take into account the experiences and aspirations, needs and problems of women and men in the planning, implementation, monitoring and evaluation of all policies in various aspects of life and development.","The policy establishes gender mainstreaming (PUG) as a strategy to achieve gender equality and gender justice and assigns responsibilities for training, socialization, and advocacy on gender mainstreaming within government work units, which are educational/awareness activities specifically tied to gender equality.",Reference only
SUMATERA UTARA PADANGSIDIMPUAN KOTA,SUMATERA_UTARA_PADANGSIDIMPUAN_KOTA.txt,4.4,Prevention through education,primary_prevention,No,Yes,0.0,1.0,false_positive,"1. Prevention of acts of violence against women and children as referred to in Article 16, is carried out by the PPPA Office and related regional apparatus/agencies in the fields of;
a. education;","The policy explicitly states that prevention of acts of violence against women and children is carried out in several fields including education, making education an explicit strategy/sector for prevention.",Reference only
SUMATERA UTARA PADANGSIDIMPUAN KOTA,SUMATERA_UTARA_PADANGSIDIMPUAN_KOTA.txt,5.8,Private sector engagement,stakeholder_engagement,No,Yes,0.0,1.0,false_positive,"To ensure the fulfillment of children's rights so they can live, grow, develop, and participate optimally in accordance with human dignity and receive protection from violence and discrimination, real integrated efforts are needed between the Regional Government, community and business sector through the development of a Child-Friendly City.
1. Health Services are provided by health workers at health facilities owned by the government, regional government, and the community, including the private sector, by providing treatment services and health recovery for victims.
2. Membership of the Child-Friendly City Task Force may come from the Regional Government, child representatives, business sector, religious leaders, community leaders and other parties as needed.","The policy explicitly includes the business sector as part of integrated efforts for a Child-Friendly City, includes the private sector in provision of health services, and allows business sector membership in the Child-Friendly City task force.",Reference only
SUMATERA UTARA PADANGSIDIMPUAN KOTA,SUMATERA_UTARA_PADANGSIDIMPUAN_KOTA.txt,6.3,Women workers,intersectional_approach,No,Yes,0.0,1.0,false_positive,"e. obtain work leave while receiving wages/salary in accordance with laws and regulations;
g. obtain special protection in the performance of work or profession against matters that may threaten safety and or health in relation to women's reproductive function; and","The policy provides work-related protections for women, including leave with wages/salary and special protection in the performance of work/profession related to reproductive function and safety/health risks.",Reference only
SUMATERA UTARA PAKPAK BHARAT,SUMATERA_UTARA_PAKPAK_BHARAT.txt,1.9,Sexual slavery/exploitation,scope_of_violence,No,Yes,0.0,1.0,false_positive,"Sexual violence may also take the form of forced sexual intercourse committed against a person residing within the scope of the household, forced sexual intercourse against a person within the scope of one's household with another person for commercial purposes and or certain purposes.","The policy describes forced sexual intercourse for commercial purposes, which constitutes sexual exploitation/sexual slavery-type conduct.",Reference only
SUMATERA UTARA PAKPAK BHARAT,SUMATERA_UTARA_PAKPAK_BHARAT.txt,2.3,Data collection systems,institutional_mechanism,Yes,No,1.0,0.0,false_negative,,"While the policy mentions monitoring and annual reporting on implementation of minimum service standards, the provided sentences do not establish or assign responsibility for a system/entity to collect, manage, compile, exchange, or maintain data specifically on violence cases/victims; they focus on monitoring implementation progress and reporting implementation generally.",Reference only
SUMATERA UTARA PAKPAK BHARAT,SUMATERA_UTARA_PAKPAK_BHARAT.txt,3.10,Economic support,specialised_support_services,Yes,No,1.0,0.0,false_negative,,"The candidate sentences discuss empowerment and prevention efforts such as access to education/training/funding and employment opportunities for women, but they are framed as general prevention measures and do not explicitly provide economic empowerment/support specifically for victims of violence against women.",Reference only
SUMATERA UTARA PAKPAK BHARAT,SUMATERA_UTARA_PAKPAK_BHARAT.txt,6.2,Women victims of trafficking,intersectional_approach,No,Yes,0.0,1.0,false_positive,a. prevent acts of violence against women and children including trafficking in persons;,"The policy’s stated purpose explicitly includes preventing violence against women and children including trafficking in persons, bringing trafficking victims within scope.",Reference only
