,year,value_kab,nama_prov,nama_kab,has_policy
0,2004,1107,ACEH,ACEH BARAT,0
1,2005,1107,ACEH,ACEH BARAT,0
2,2006,1107,ACEH,ACEH BARAT,0
3,2007,1107,ACEH,ACEH BARAT,0
4,2008,1107,ACEH,ACEH BARAT,0
5,2009,1107,ACEH,ACEH BARAT,0
6,2010,1107,ACEH,ACEH BARAT,0
7,2011,1107,ACEH,ACEH BARAT,0
8,2012,1107,ACEH,ACEH BARAT,0
9,2013,1107,ACEH,ACEH BARAT,0
10,2014,1107,ACEH,ACEH BARAT,0
11,2015,1107,ACEH,ACEH BARAT,0
12,2016,1107,ACEH,ACEH BARAT,0
13,2017,1107,ACEH,ACEH BARAT,0
14,2018,1107,ACEH,ACEH BARAT,0
15,2019,1107,ACEH,ACEH BARAT,0
16,2020,1107,ACEH,ACEH BARAT,0
17,2021,1107,ACEH,ACEH BARAT,0
18,2022,1107,ACEH,ACEH BARAT,0
19,2023,1107,ACEH,ACEH BARAT,0
20,2024,1107,ACEH,ACEH BARAT,0
21,2025,1107,ACEH,ACEH BARAT,0
22,2004,1112,ACEH,ACEH BARAT DAYA,0
23,2005,1112,ACEH,ACEH BARAT DAYA,0
24,2006,1112,ACEH,ACEH BARAT DAYA,0
25,2007,1112,ACEH,ACEH BARAT DAYA,0
26,2008,1112,ACEH,ACEH BARAT DAYA,0
27,2009,1112,ACEH,ACEH BARAT DAYA,0
28,2010,1112,ACEH,ACEH BARAT DAYA,0
29,2011,1112,ACEH,ACEH BARAT DAYA,0
30,2012,1112,ACEH,ACEH BARAT DAYA,0
31,2013,1112,ACEH,ACEH BARAT DAYA,0
32,2014,1112,ACEH,ACEH BARAT DAYA,0
33,2015,1112,ACEH,ACEH BARAT DAYA,0
34,2016,1112,ACEH,ACEH BARAT DAYA,0
35,2017,1112,ACEH,ACEH BARAT DAYA,0
36,2018,1112,ACEH,ACEH BARAT DAYA,0
37,2019,1112,ACEH,ACEH BARAT DAYA,0
38,2020,1112,ACEH,ACEH BARAT DAYA,0
39,2021,1112,ACEH,ACEH BARAT DAYA,0
40,2022,1112,ACEH,ACEH BARAT DAYA,0
41,2023,1112,ACEH,ACEH BARAT DAYA,0
42,2024,1112,ACEH,ACEH BARAT DAYA,0
43,2025,1112,ACEH,ACEH BARAT DAYA,0
44,2004,1108,ACEH,ACEH BESAR,0
45,2005,1108,ACEH,ACEH BESAR,0
46,2006,1108,ACEH,ACEH BESAR,0
47,2007,1108,ACEH,ACEH BESAR,0
48,2008,1108,ACEH,ACEH BESAR,0
49,2009,1108,ACEH,ACEH BESAR,0
50,2010,1108,ACEH,ACEH BESAR,0
51,2011,1108,ACEH,ACEH BESAR,0
52,2012,1108,ACEH,ACEH BESAR,0
53,2013,1108,ACEH,ACEH BESAR,0
54,2014,1108,ACEH,ACEH BESAR,0
55,2015,1108,ACEH,ACEH BESAR,0
56,2016,1108,ACEH,ACEH BESAR,0
57,2017,1108,ACEH,ACEH BESAR,0
58,2018,1108,ACEH,ACEH BESAR,0
59,2019,1108,ACEH,ACEH BESAR,0
60,2020,1108,ACEH,ACEH BESAR,0
61,2021,1108,ACEH,ACEH BESAR,0
62,2022,1108,ACEH,ACEH BESAR,0
63,2023,1108,ACEH,ACEH BESAR,0
64,2024,1108,ACEH,ACEH BESAR,0
65,2025,1108,ACEH,ACEH BESAR,0
66,2004,1116,ACEH,ACEH JAYA,0
67,2005,1116,ACEH,ACEH JAYA,0
68,2006,1116,ACEH,ACEH JAYA,0
69,2007,1116,ACEH,ACEH JAYA,0
70,2008,1116,ACEH,ACEH JAYA,0
71,2009,1116,ACEH,ACEH JAYA,0
72,2010,1116,ACEH,ACEH JAYA,0
73,2011,1116,ACEH,ACEH JAYA,0
74,2012,1116,ACEH,ACEH JAYA,0
75,2013,1116,ACEH,ACEH JAYA,0
76,2014,1116,ACEH,ACEH JAYA,0
77,2015,1116,ACEH,ACEH JAYA,0
78,2016,1116,ACEH,ACEH JAYA,0
79,2017,1116,ACEH,ACEH JAYA,0
80,2018,1116,ACEH,ACEH JAYA,0
81,2019,1116,ACEH,ACEH JAYA,0
82,2020,1116,ACEH,ACEH JAYA,0
83,2021,1116,ACEH,ACEH JAYA,0
84,2022,1116,ACEH,ACEH JAYA,0
85,2023,1116,ACEH,ACEH JAYA,0
86,2024,1116,ACEH,ACEH JAYA,0
87,2025,1116,ACEH,ACEH JAYA,0
88,2004,1103,ACEH,ACEH SELATAN,0
89,2005,1103,ACEH,ACEH SELATAN,0
90,2006,1103,ACEH,ACEH SELATAN,0
91,2007,1103,ACEH,ACEH SELATAN,0
92,2008,1103,ACEH,ACEH SELATAN,0
93,2009,1103,ACEH,ACEH SELATAN,0
94,2010,1103,ACEH,ACEH SELATAN,0
95,2011,1103,ACEH,ACEH SELATAN,0
96,2012,1103,ACEH,ACEH SELATAN,0
97,2013,1103,ACEH,ACEH SELATAN,0
98,2014,1103,ACEH,ACEH SELATAN,0
99,2015,1103,ACEH,ACEH SELATAN,0
100,2016,1103,ACEH,ACEH SELATAN,0
101,2017,1103,ACEH,ACEH SELATAN,0
102,2018,1103,ACEH,ACEH SELATAN,0
103,2019,1103,ACEH,ACEH SELATAN,0
104,2020,1103,ACEH,ACEH SELATAN,0
105,2021,1103,ACEH,ACEH SELATAN,0
106,2022,1103,ACEH,ACEH SELATAN,0
107,2023,1103,ACEH,ACEH SELATAN,0
108,2024,1103,ACEH,ACEH SELATAN,0
109,2025,1103,ACEH,ACEH SELATAN,0
110,2004,1102,ACEH,ACEH SINGKIL,0
111,2005,1102,ACEH,ACEH SINGKIL,0
112,2006,1102,ACEH,ACEH SINGKIL,0
113,2007,1102,ACEH,ACEH SINGKIL,0
114,2008,1102,ACEH,ACEH SINGKIL,0
115,2009,1102,ACEH,ACEH SINGKIL,0
116,2010,1102,ACEH,ACEH SINGKIL,0
117,2011,1102,ACEH,ACEH SINGKIL,0
118,2012,1102,ACEH,ACEH SINGKIL,0
119,2013,1102,ACEH,ACEH SINGKIL,0
120,2014,1102,ACEH,ACEH SINGKIL,0
121,2015,1102,ACEH,ACEH SINGKIL,0
122,2016,1102,ACEH,ACEH SINGKIL,0
123,2017,1102,ACEH,ACEH SINGKIL,0
124,2018,1102,ACEH,ACEH SINGKIL,0
125,2019,1102,ACEH,ACEH SINGKIL,0
126,2020,1102,ACEH,ACEH SINGKIL,0
127,2021,1102,ACEH,ACEH SINGKIL,0
128,2022,1102,ACEH,ACEH SINGKIL,0
129,2023,1102,ACEH,ACEH SINGKIL,0
130,2024,1102,ACEH,ACEH SINGKIL,0
131,2025,1102,ACEH,ACEH SINGKIL,0
132,2004,1114,ACEH,ACEH TAMIANG,0
133,2005,1114,ACEH,ACEH TAMIANG,0
134,2006,1114,ACEH,ACEH TAMIANG,0
135,2007,1114,ACEH,ACEH TAMIANG,0
136,2008,1114,ACEH,ACEH TAMIANG,0
137,2009,1114,ACEH,ACEH TAMIANG,0
138,2010,1114,ACEH,ACEH TAMIANG,0
139,2011,1114,ACEH,ACEH TAMIANG,0
140,2012,1114,ACEH,ACEH TAMIANG,0
141,2013,1114,ACEH,ACEH TAMIANG,0
142,2014,1114,ACEH,ACEH TAMIANG,0
143,2015,1114,ACEH,ACEH TAMIANG,0
144,2016,1114,ACEH,ACEH TAMIANG,0
145,2017,1114,ACEH,ACEH TAMIANG,0
146,2018,1114,ACEH,ACEH TAMIANG,0
147,2019,1114,ACEH,ACEH TAMIANG,0
148,2020,1114,ACEH,ACEH TAMIANG,0
149,2021,1114,ACEH,ACEH TAMIANG,0
150,2022,1114,ACEH,ACEH TAMIANG,0
151,2023,1114,ACEH,ACEH TAMIANG,0
152,2024,1114,ACEH,ACEH TAMIANG,0
153,2025,1114,ACEH,ACEH TAMIANG,0
154,2004,1106,ACEH,ACEH TENGAH,0
155,2005,1106,ACEH,ACEH TENGAH,0
156,2006,1106,ACEH,ACEH TENGAH,0
157,2007,1106,ACEH,ACEH TENGAH,0
158,2008,1106,ACEH,ACEH TENGAH,0
159,2009,1106,ACEH,ACEH TENGAH,0
160,2010,1106,ACEH,ACEH TENGAH,0
161,2011,1106,ACEH,ACEH TENGAH,0
162,2012,1106,ACEH,ACEH TENGAH,0
163,2013,1106,ACEH,ACEH TENGAH,0
164,2014,1106,ACEH,ACEH TENGAH,0
165,2015,1106,ACEH,ACEH TENGAH,0
166,2016,1106,ACEH,ACEH TENGAH,0
167,2017,1106,ACEH,ACEH TENGAH,0
168,2018,1106,ACEH,ACEH TENGAH,0
169,2019,1106,ACEH,ACEH TENGAH,0
170,2020,1106,ACEH,ACEH TENGAH,0
171,2021,1106,ACEH,ACEH TENGAH,0
172,2022,1106,ACEH,ACEH TENGAH,0
173,2023,1106,ACEH,ACEH TENGAH,0
174,2024,1106,ACEH,ACEH TENGAH,0
175,2025,1106,ACEH,ACEH TENGAH,0
176,2004,1104,ACEH,ACEH TENGGARA,0
177,2005,1104,ACEH,ACEH TENGGARA,0
178,2006,1104,ACEH,ACEH TENGGARA,0
179,2007,1104,ACEH,ACEH TENGGARA,0
180,2008,1104,ACEH,ACEH TENGGARA,0
181,2009,1104,ACEH,ACEH TENGGARA,0
182,2010,1104,ACEH,ACEH TENGGARA,0
183,2011,1104,ACEH,ACEH TENGGARA,0
184,2012,1104,ACEH,ACEH TENGGARA,0
185,2013,1104,ACEH,ACEH TENGGARA,0
186,2014,1104,ACEH,ACEH TENGGARA,0
187,2015,1104,ACEH,ACEH TENGGARA,0
188,2016,1104,ACEH,ACEH TENGGARA,0
189,2017,1104,ACEH,ACEH TENGGARA,0
190,2018,1104,ACEH,ACEH TENGGARA,0
191,2019,1104,ACEH,ACEH TENGGARA,0
192,2020,1104,ACEH,ACEH TENGGARA,0
193,2021,1104,ACEH,ACEH TENGGARA,0
194,2022,1104,ACEH,ACEH TENGGARA,0
195,2023,1104,ACEH,ACEH TENGGARA,0
196,2024,1104,ACEH,ACEH TENGGARA,0
197,2025,1104,ACEH,ACEH TENGGARA,0
198,2004,1105,ACEH,ACEH TIMUR,0
199,2005,1105,ACEH,ACEH TIMUR,0
200,2006,1105,ACEH,ACEH TIMUR,0
201,2007,1105,ACEH,ACEH TIMUR,0
202,2008,1105,ACEH,ACEH TIMUR,0
203,2009,1105,ACEH,ACEH TIMUR,0
204,2010,1105,ACEH,ACEH TIMUR,0
205,2011,1105,ACEH,ACEH TIMUR,0
206,2012,1105,ACEH,ACEH TIMUR,0
207,2013,1105,ACEH,ACEH TIMUR,0
208,2014,1105,ACEH,ACEH TIMUR,0
209,2015,1105,ACEH,ACEH TIMUR,0
210,2016,1105,ACEH,ACEH TIMUR,0
211,2017,1105,ACEH,ACEH TIMUR,0
212,2018,1105,ACEH,ACEH TIMUR,0
213,2019,1105,ACEH,ACEH TIMUR,0
214,2020,1105,ACEH,ACEH TIMUR,0
215,2021,1105,ACEH,ACEH TIMUR,0
216,2022,1105,ACEH,ACEH TIMUR,0
217,2023,1105,ACEH,ACEH TIMUR,0
218,2024,1105,ACEH,ACEH TIMUR,0
219,2025,1105,ACEH,ACEH TIMUR,0
220,2004,1111,ACEH,ACEH UTARA,0
221,2005,1111,ACEH,ACEH UTARA,0
222,2006,1111,ACEH,ACEH UTARA,0
223,2007,1111,ACEH,ACEH UTARA,0
224,2008,1111,ACEH,ACEH UTARA,0
225,2009,1111,ACEH,ACEH UTARA,0
226,2010,1111,ACEH,ACEH UTARA,0
227,2011,1111,ACEH,ACEH UTARA,0
228,2012,1111,ACEH,ACEH UTARA,0
229,2013,1111,ACEH,ACEH UTARA,0
230,2014,1111,ACEH,ACEH UTARA,0
231,2015,1111,ACEH,ACEH UTARA,0
232,2016,1111,ACEH,ACEH UTARA,0
233,2017,1111,ACEH,ACEH UTARA,0
234,2018,1111,ACEH,ACEH UTARA,0
235,2019,1111,ACEH,ACEH UTARA,0
236,2020,1111,ACEH,ACEH UTARA,0
237,2021,1111,ACEH,ACEH UTARA,0
238,2022,1111,ACEH,ACEH UTARA,0
239,2023,1111,ACEH,ACEH UTARA,0
240,2024,1111,ACEH,ACEH UTARA,0
241,2025,1111,ACEH,ACEH UTARA,0
242,2004,1171,ACEH,KOTA BANDA ACEH,0
243,2005,1171,ACEH,KOTA BANDA ACEH,0
244,2006,1171,ACEH,KOTA BANDA ACEH,0
245,2007,1171,ACEH,KOTA BANDA ACEH,0
246,2008,1171,ACEH,KOTA BANDA ACEH,0
247,2009,1171,ACEH,KOTA BANDA ACEH,0
248,2010,1171,ACEH,KOTA BANDA ACEH,0
249,2011,1171,ACEH,KOTA BANDA ACEH,0
250,2012,1171,ACEH,KOTA BANDA ACEH,0
251,2013,1171,ACEH,KOTA BANDA ACEH,0
252,2014,1171,ACEH,KOTA BANDA ACEH,0
253,2015,1171,ACEH,KOTA BANDA ACEH,0
254,2016,1171,ACEH,KOTA BANDA ACEH,0
255,2017,1171,ACEH,KOTA BANDA ACEH,0
256,2018,1171,ACEH,KOTA BANDA ACEH,0
257,2019,1171,ACEH,KOTA BANDA ACEH,0
258,2020,1171,ACEH,KOTA BANDA ACEH,0
259,2021,1171,ACEH,KOTA BANDA ACEH,0
260,2022,1171,ACEH,KOTA BANDA ACEH,0
261,2023,1171,ACEH,KOTA BANDA ACEH,0
262,2024,1171,ACEH,KOTA BANDA ACEH,0
263,2025,1171,ACEH,KOTA BANDA ACEH,0
264,2004,1117,ACEH,BENER MERIAH,0
265,2005,1117,ACEH,BENER MERIAH,0
266,2006,1117,ACEH,BENER MERIAH,0
267,2007,1117,ACEH,BENER MERIAH,0
268,2008,1117,ACEH,BENER MERIAH,0
269,2009,1117,ACEH,BENER MERIAH,0
270,2010,1117,ACEH,BENER MERIAH,0
271,2011,1117,ACEH,BENER MERIAH,0
272,2012,1117,ACEH,BENER MERIAH,0
273,2013,1117,ACEH,BENER MERIAH,0
274,2014,1117,ACEH,BENER MERIAH,0
275,2015,1117,ACEH,BENER MERIAH,0
276,2016,1117,ACEH,BENER MERIAH,0
277,2017,1117,ACEH,BENER MERIAH,0
278,2018,1117,ACEH,BENER MERIAH,0
279,2019,1117,ACEH,BENER MERIAH,0
280,2020,1117,ACEH,BENER MERIAH,0
281,2021,1117,ACEH,BENER MERIAH,0
282,2022,1117,ACEH,BENER MERIAH,0
283,2023,1117,ACEH,BENER MERIAH,0
284,2024,1117,ACEH,BENER MERIAH,0
285,2025,1117,ACEH,BENER MERIAH,0
286,2004,1110,ACEH,BIREUEN,0
287,2005,1110,ACEH,BIREUEN,0
288,2006,1110,ACEH,BIREUEN,0
289,2007,1110,ACEH,BIREUEN,0
290,2008,1110,ACEH,BIREUEN,0
291,2009,1110,ACEH,BIREUEN,0
292,2010,1110,ACEH,BIREUEN,0
293,2011,1110,ACEH,BIREUEN,0
294,2012,1110,ACEH,BIREUEN,0
295,2013,1110,ACEH,BIREUEN,0
296,2014,1110,ACEH,BIREUEN,0
297,2015,1110,ACEH,BIREUEN,0
298,2016,1110,ACEH,BIREUEN,0
299,2017,1110,ACEH,BIREUEN,0
300,2018,1110,ACEH,BIREUEN,0
301,2019,1110,ACEH,BIREUEN,0
302,2020,1110,ACEH,BIREUEN,0
303,2021,1110,ACEH,BIREUEN,0
304,2022,1110,ACEH,BIREUEN,1
305,2023,1110,ACEH,BIREUEN,1
306,2024,1110,ACEH,BIREUEN,1
307,2025,1110,ACEH,BIREUEN,1
308,2004,1113,ACEH,GAYO LUES,0
309,2005,1113,ACEH,GAYO LUES,0
310,2006,1113,ACEH,GAYO LUES,0
311,2007,1113,ACEH,GAYO LUES,0
312,2008,1113,ACEH,GAYO LUES,0
313,2009,1113,ACEH,GAYO LUES,0
314,2010,1113,ACEH,GAYO LUES,0
315,2011,1113,ACEH,GAYO LUES,0
316,2012,1113,ACEH,GAYO LUES,0
317,2013,1113,ACEH,GAYO LUES,0
318,2014,1113,ACEH,GAYO LUES,0
319,2015,1113,ACEH,GAYO LUES,0
320,2016,1113,ACEH,GAYO LUES,0
321,2017,1113,ACEH,GAYO LUES,0
322,2018,1113,ACEH,GAYO LUES,0
323,2019,1113,ACEH,GAYO LUES,0
324,2020,1113,ACEH,GAYO LUES,0
325,2021,1113,ACEH,GAYO LUES,0
326,2022,1113,ACEH,GAYO LUES,0
327,2023,1113,ACEH,GAYO LUES,0
328,2024,1113,ACEH,GAYO LUES,0
329,2025,1113,ACEH,GAYO LUES,0
330,2004,1173,ACEH,KOTA LANGSA,0
331,2005,1173,ACEH,KOTA LANGSA,0
332,2006,1173,ACEH,KOTA LANGSA,0
333,2007,1173,ACEH,KOTA LANGSA,0
334,2008,1173,ACEH,KOTA LANGSA,0
335,2009,1173,ACEH,KOTA LANGSA,0
336,2010,1173,ACEH,KOTA LANGSA,0
337,2011,1173,ACEH,KOTA LANGSA,0
338,2012,1173,ACEH,KOTA LANGSA,0
339,2013,1173,ACEH,KOTA LANGSA,0
340,2014,1173,ACEH,KOTA LANGSA,0
341,2015,1173,ACEH,KOTA LANGSA,0
342,2016,1173,ACEH,KOTA LANGSA,0
343,2017,1173,ACEH,KOTA LANGSA,0
344,2018,1173,ACEH,KOTA LANGSA,0
345,2019,1173,ACEH,KOTA LANGSA,0
346,2020,1173,ACEH,KOTA LANGSA,0
347,2021,1173,ACEH,KOTA LANGSA,0
348,2022,1173,ACEH,KOTA LANGSA,0
349,2023,1173,ACEH,KOTA LANGSA,0
350,2024,1173,ACEH,KOTA LANGSA,0
351,2025,1173,ACEH,KOTA LANGSA,0
352,2004,1174,ACEH,KOTA LHOKSEUMAWE,0
353,2005,1174,ACEH,KOTA LHOKSEUMAWE,0
354,2006,1174,ACEH,KOTA LHOKSEUMAWE,0
355,2007,1174,ACEH,KOTA LHOKSEUMAWE,0
356,2008,1174,ACEH,KOTA LHOKSEUMAWE,0
357,2009,1174,ACEH,KOTA LHOKSEUMAWE,0
358,2010,1174,ACEH,KOTA LHOKSEUMAWE,0
359,2011,1174,ACEH,KOTA LHOKSEUMAWE,0
360,2012,1174,ACEH,KOTA LHOKSEUMAWE,0
361,2013,1174,ACEH,KOTA LHOKSEUMAWE,0
362,2014,1174,ACEH,KOTA LHOKSEUMAWE,0
363,2015,1174,ACEH,KOTA LHOKSEUMAWE,0
364,2016,1174,ACEH,KOTA LHOKSEUMAWE,0
365,2017,1174,ACEH,KOTA LHOKSEUMAWE,0
366,2018,1174,ACEH,KOTA LHOKSEUMAWE,0
367,2019,1174,ACEH,KOTA LHOKSEUMAWE,0
368,2020,1174,ACEH,KOTA LHOKSEUMAWE,0
369,2021,1174,ACEH,KOTA LHOKSEUMAWE,0
370,2022,1174,ACEH,KOTA LHOKSEUMAWE,0
371,2023,1174,ACEH,KOTA LHOKSEUMAWE,0
372,2024,1174,ACEH,KOTA LHOKSEUMAWE,0
373,2025,1174,ACEH,KOTA LHOKSEUMAWE,0
374,2004,1115,ACEH,NAGAN RAYA,0
375,2005,1115,ACEH,NAGAN RAYA,0
376,2006,1115,ACEH,NAGAN RAYA,0
377,2007,1115,ACEH,NAGAN RAYA,0
378,2008,1115,ACEH,NAGAN RAYA,0
379,2009,1115,ACEH,NAGAN RAYA,0
380,2010,1115,ACEH,NAGAN RAYA,0
381,2011,1115,ACEH,NAGAN RAYA,0
382,2012,1115,ACEH,NAGAN RAYA,0
383,2013,1115,ACEH,NAGAN RAYA,0
384,2014,1115,ACEH,NAGAN RAYA,0
385,2015,1115,ACEH,NAGAN RAYA,0
386,2016,1115,ACEH,NAGAN RAYA,0
387,2017,1115,ACEH,NAGAN RAYA,0
388,2018,1115,ACEH,NAGAN RAYA,0
389,2019,1115,ACEH,NAGAN RAYA,0
390,2020,1115,ACEH,NAGAN RAYA,0
391,2021,1115,ACEH,NAGAN RAYA,0
392,2022,1115,ACEH,NAGAN RAYA,0
393,2023,1115,ACEH,NAGAN RAYA,0
394,2024,1115,ACEH,NAGAN RAYA,0
395,2025,1115,ACEH,NAGAN RAYA,0
396,2004,1109,ACEH,PIDIE,0
397,2005,1109,ACEH,PIDIE,0
398,2006,1109,ACEH,PIDIE,0
399,2007,1109,ACEH,PIDIE,0
400,2008,1109,ACEH,PIDIE,0
401,2009,1109,ACEH,PIDIE,0
402,2010,1109,ACEH,PIDIE,0
403,2011,1109,ACEH,PIDIE,0
404,2012,1109,ACEH,PIDIE,0
405,2013,1109,ACEH,PIDIE,0
406,2014,1109,ACEH,PIDIE,0
407,2015,1109,ACEH,PIDIE,0
408,2016,1109,ACEH,PIDIE,0
409,2017,1109,ACEH,PIDIE,0
410,2018,1109,ACEH,PIDIE,0
411,2019,1109,ACEH,PIDIE,0
412,2020,1109,ACEH,PIDIE,0
413,2021,1109,ACEH,PIDIE,0
414,2022,1109,ACEH,PIDIE,0
415,2023,1109,ACEH,PIDIE,0
416,2024,1109,ACEH,PIDIE,0
417,2025,1109,ACEH,PIDIE,0
418,2004,1118,ACEH,PIDIE JAYA,0
419,2005,1118,ACEH,PIDIE JAYA,0
420,2006,1118,ACEH,PIDIE JAYA,0
421,2007,1118,ACEH,PIDIE JAYA,0
422,2008,1118,ACEH,PIDIE JAYA,0
423,2009,1118,ACEH,PIDIE JAYA,0
424,2010,1118,ACEH,PIDIE JAYA,0
425,2011,1118,ACEH,PIDIE JAYA,0
426,2012,1118,ACEH,PIDIE JAYA,0
427,2013,1118,ACEH,PIDIE JAYA,0
428,2014,1118,ACEH,PIDIE JAYA,0
429,2015,1118,ACEH,PIDIE JAYA,0
430,2016,1118,ACEH,PIDIE JAYA,0
431,2017,1118,ACEH,PIDIE JAYA,0
432,2018,1118,ACEH,PIDIE JAYA,0
433,2019,1118,ACEH,PIDIE JAYA,0
434,2020,1118,ACEH,PIDIE JAYA,0
435,2021,1118,ACEH,PIDIE JAYA,0
436,2022,1118,ACEH,PIDIE JAYA,0
437,2023,1118,ACEH,PIDIE JAYA,0
438,2024,1118,ACEH,PIDIE JAYA,0
439,2025,1118,ACEH,PIDIE JAYA,0
440,2004,1172,ACEH,KOTA SABANG,0
441,2005,1172,ACEH,KOTA SABANG,0
442,2006,1172,ACEH,KOTA SABANG,0
443,2007,1172,ACEH,KOTA SABANG,0
444,2008,1172,ACEH,KOTA SABANG,0
445,2009,1172,ACEH,KOTA SABANG,0
446,2010,1172,ACEH,KOTA SABANG,0
447,2011,1172,ACEH,KOTA SABANG,0
448,2012,1172,ACEH,KOTA SABANG,0
449,2013,1172,ACEH,KOTA SABANG,0
450,2014,1172,ACEH,KOTA SABANG,0
451,2015,1172,ACEH,KOTA SABANG,0
452,2016,1172,ACEH,KOTA SABANG,0
453,2017,1172,ACEH,KOTA SABANG,0
454,2018,1172,ACEH,KOTA SABANG,0
455,2019,1172,ACEH,KOTA SABANG,0
456,2020,1172,ACEH,KOTA SABANG,0
457,2021,1172,ACEH,KOTA SABANG,0
458,2022,1172,ACEH,KOTA SABANG,0
459,2023,1172,ACEH,KOTA SABANG,0
460,2024,1172,ACEH,KOTA SABANG,0
461,2025,1172,ACEH,KOTA SABANG,0
462,2004,1101,ACEH,SIMEULUE,0
463,2005,1101,ACEH,SIMEULUE,0
464,2006,1101,ACEH,SIMEULUE,0
465,2007,1101,ACEH,SIMEULUE,0
466,2008,1101,ACEH,SIMEULUE,0
467,2009,1101,ACEH,SIMEULUE,0
468,2010,1101,ACEH,SIMEULUE,0
469,2011,1101,ACEH,SIMEULUE,0
470,2012,1101,ACEH,SIMEULUE,0
471,2013,1101,ACEH,SIMEULUE,0
472,2014,1101,ACEH,SIMEULUE,0
473,2015,1101,ACEH,SIMEULUE,0
474,2016,1101,ACEH,SIMEULUE,0
475,2017,1101,ACEH,SIMEULUE,0
476,2018,1101,ACEH,SIMEULUE,0
477,2019,1101,ACEH,SIMEULUE,0
478,2020,1101,ACEH,SIMEULUE,0
479,2021,1101,ACEH,SIMEULUE,0
480,2022,1101,ACEH,SIMEULUE,0
481,2023,1101,ACEH,SIMEULUE,0
482,2024,1101,ACEH,SIMEULUE,0
483,2025,1101,ACEH,SIMEULUE,0
484,2004,1175,ACEH,KOTA SUBULUSSALAM,0
485,2005,1175,ACEH,KOTA SUBULUSSALAM,0
486,2006,1175,ACEH,KOTA SUBULUSSALAM,0
487,2007,1175,ACEH,KOTA SUBULUSSALAM,0
488,2008,1175,ACEH,KOTA SUBULUSSALAM,0
489,2009,1175,ACEH,KOTA SUBULUSSALAM,0
490,2010,1175,ACEH,KOTA SUBULUSSALAM,0
491,2011,1175,ACEH,KOTA SUBULUSSALAM,0
492,2012,1175,ACEH,KOTA SUBULUSSALAM,0
493,2013,1175,ACEH,KOTA SUBULUSSALAM,0
494,2014,1175,ACEH,KOTA SUBULUSSALAM,0
495,2015,1175,ACEH,KOTA SUBULUSSALAM,0
496,2016,1175,ACEH,KOTA SUBULUSSALAM,0
497,2017,1175,ACEH,KOTA SUBULUSSALAM,0
498,2018,1175,ACEH,KOTA SUBULUSSALAM,0
499,2019,1175,ACEH,KOTA SUBULUSSALAM,0
500,2020,1175,ACEH,KOTA SUBULUSSALAM,0
501,2021,1175,ACEH,KOTA SUBULUSSALAM,0
502,2022,1175,ACEH,KOTA SUBULUSSALAM,0
503,2023,1175,ACEH,KOTA SUBULUSSALAM,1
504,2024,1175,ACEH,KOTA SUBULUSSALAM,1
505,2025,1175,ACEH,KOTA SUBULUSSALAM,1
506,2004,5103,BALI,BADUNG,0
507,2005,5103,BALI,BADUNG,0
508,2006,5103,BALI,BADUNG,0
509,2007,5103,BALI,BADUNG,0
510,2008,5103,BALI,BADUNG,0
511,2009,5103,BALI,BADUNG,0
512,2010,5103,BALI,BADUNG,0
513,2011,5103,BALI,BADUNG,0
514,2012,5103,BALI,BADUNG,0
515,2013,5103,BALI,BADUNG,1
516,2014,5103,BALI,BADUNG,1
517,2015,5103,BALI,BADUNG,1
518,2016,5103,BALI,BADUNG,1
519,2017,5103,BALI,BADUNG,1
520,2018,5103,BALI,BADUNG,1
521,2019,5103,BALI,BADUNG,1
522,2020,5103,BALI,BADUNG,1
523,2021,5103,BALI,BADUNG,1
524,2022,5103,BALI,BADUNG,1
525,2023,5103,BALI,BADUNG,1
526,2024,5103,BALI,BADUNG,1
527,2025,5103,BALI,BADUNG,1
528,2004,5106,BALI,BANGLI,0
529,2005,5106,BALI,BANGLI,0
530,2006,5106,BALI,BANGLI,0
531,2007,5106,BALI,BANGLI,0
532,2008,5106,BALI,BANGLI,0
533,2009,5106,BALI,BANGLI,0
534,2010,5106,BALI,BANGLI,0
535,2011,5106,BALI,BANGLI,0
536,2012,5106,BALI,BANGLI,0
537,2013,5106,BALI,BANGLI,0
538,2014,5106,BALI,BANGLI,0
539,2015,5106,BALI,BANGLI,0
540,2016,5106,BALI,BANGLI,1
541,2017,5106,BALI,BANGLI,1
542,2018,5106,BALI,BANGLI,1
543,2019,5106,BALI,BANGLI,1
544,2020,5106,BALI,BANGLI,1
545,2021,5106,BALI,BANGLI,1
546,2022,5106,BALI,BANGLI,1
547,2023,5106,BALI,BANGLI,1
548,2024,5106,BALI,BANGLI,1
549,2025,5106,BALI,BANGLI,1
550,2004,5108,BALI,BULELENG,0
551,2005,5108,BALI,BULELENG,0
552,2006,5108,BALI,BULELENG,0
553,2007,5108,BALI,BULELENG,0
554,2008,5108,BALI,BULELENG,0
555,2009,5108,BALI,BULELENG,0
556,2010,5108,BALI,BULELENG,0
557,2011,5108,BALI,BULELENG,0
558,2012,5108,BALI,BULELENG,0
559,2013,5108,BALI,BULELENG,0
560,2014,5108,BALI,BULELENG,0
561,2015,5108,BALI,BULELENG,0
562,2016,5108,BALI,BULELENG,0
563,2017,5108,BALI,BULELENG,0
564,2018,5108,BALI,BULELENG,0
565,2019,5108,BALI,BULELENG,1
566,2020,5108,BALI,BULELENG,1
567,2021,5108,BALI,BULELENG,1
568,2022,5108,BALI,BULELENG,1
569,2023,5108,BALI,BULELENG,1
570,2024,5108,BALI,BULELENG,1
571,2025,5108,BALI,BULELENG,1
572,2004,5171,BALI,KOTA DENPASAR,0
573,2005,5171,BALI,KOTA DENPASAR,0
574,2006,5171,BALI,KOTA DENPASAR,0
575,2007,5171,BALI,KOTA DENPASAR,0
576,2008,5171,BALI,KOTA DENPASAR,0
577,2009,5171,BALI,KOTA DENPASAR,0
578,2010,5171,BALI,KOTA DENPASAR,0
579,2011,5171,BALI,KOTA DENPASAR,0
580,2012,5171,BALI,KOTA DENPASAR,0
581,2013,5171,BALI,KOTA DENPASAR,0
582,2014,5171,BALI,KOTA DENPASAR,0
583,2015,5171,BALI,KOTA DENPASAR,0
584,2016,5171,BALI,KOTA DENPASAR,0
585,2017,5171,BALI,KOTA DENPASAR,0
586,2018,5171,BALI,KOTA DENPASAR,0
587,2019,5171,BALI,KOTA DENPASAR,0
588,2020,5171,BALI,KOTA DENPASAR,0
589,2021,5171,BALI,KOTA DENPASAR,0
590,2022,5171,BALI,KOTA DENPASAR,0
591,2023,5171,BALI,KOTA DENPASAR,0
592,2024,5171,BALI,KOTA DENPASAR,0
593,2025,5171,BALI,KOTA DENPASAR,0
594,2004,5104,BALI,GIANYAR,0
595,2005,5104,BALI,GIANYAR,0
596,2006,5104,BALI,GIANYAR,0
597,2007,5104,BALI,GIANYAR,0
598,2008,5104,BALI,GIANYAR,0
599,2009,5104,BALI,GIANYAR,0
600,2010,5104,BALI,GIANYAR,0
601,2011,5104,BALI,GIANYAR,0
602,2012,5104,BALI,GIANYAR,0
603,2013,5104,BALI,GIANYAR,0
604,2014,5104,BALI,GIANYAR,0
605,2015,5104,BALI,GIANYAR,0
606,2016,5104,BALI,GIANYAR,0
607,2017,5104,BALI,GIANYAR,0
608,2018,5104,BALI,GIANYAR,0
609,2019,5104,BALI,GIANYAR,0
610,2020,5104,BALI,GIANYAR,0
611,2021,5104,BALI,GIANYAR,0
612,2022,5104,BALI,GIANYAR,0
613,2023,5104,BALI,GIANYAR,0
614,2024,5104,BALI,GIANYAR,0
615,2025,5104,BALI,GIANYAR,0
616,2004,5101,BALI,JEMBRANA,0
617,2005,5101,BALI,JEMBRANA,0
618,2006,5101,BALI,JEMBRANA,0
619,2007,5101,BALI,JEMBRANA,0
620,2008,5101,BALI,JEMBRANA,0
621,2009,5101,BALI,JEMBRANA,0
622,2010,5101,BALI,JEMBRANA,0
623,2011,5101,BALI,JEMBRANA,0
624,2012,5101,BALI,JEMBRANA,0
625,2013,5101,BALI,JEMBRANA,0
626,2014,5101,BALI,JEMBRANA,0
627,2015,5101,BALI,JEMBRANA,0
628,2016,5101,BALI,JEMBRANA,0
629,2017,5101,BALI,JEMBRANA,0
630,2018,5101,BALI,JEMBRANA,0
631,2019,5101,BALI,JEMBRANA,0
632,2020,5101,BALI,JEMBRANA,0
633,2021,5101,BALI,JEMBRANA,0
634,2022,5101,BALI,JEMBRANA,0
635,2023,5101,BALI,JEMBRANA,0
636,2024,5101,BALI,JEMBRANA,0
637,2025,5101,BALI,JEMBRANA,0
638,2004,5107,BALI,KARANGASEM,0
639,2005,5107,BALI,KARANGASEM,0
640,2006,5107,BALI,KARANGASEM,0
641,2007,5107,BALI,KARANGASEM,0
642,2008,5107,BALI,KARANGASEM,0
643,2009,5107,BALI,KARANGASEM,0
644,2010,5107,BALI,KARANGASEM,0
645,2011,5107,BALI,KARANGASEM,0
646,2012,5107,BALI,KARANGASEM,0
647,2013,5107,BALI,KARANGASEM,0
648,2014,5107,BALI,KARANGASEM,0
649,2015,5107,BALI,KARANGASEM,0
650,2016,5107,BALI,KARANGASEM,0
651,2017,5107,BALI,KARANGASEM,0
652,2018,5107,BALI,KARANGASEM,0
653,2019,5107,BALI,KARANGASEM,0
654,2020,5107,BALI,KARANGASEM,0
655,2021,5107,BALI,KARANGASEM,0
656,2022,5107,BALI,KARANGASEM,0
657,2023,5107,BALI,KARANGASEM,0
658,2024,5107,BALI,KARANGASEM,0
659,2025,5107,BALI,KARANGASEM,0
660,2004,5105,BALI,KLUNGKUNG,0
661,2005,5105,BALI,KLUNGKUNG,0
662,2006,5105,BALI,KLUNGKUNG,0
663,2007,5105,BALI,KLUNGKUNG,0
664,2008,5105,BALI,KLUNGKUNG,0
665,2009,5105,BALI,KLUNGKUNG,0
666,2010,5105,BALI,KLUNGKUNG,0
667,2011,5105,BALI,KLUNGKUNG,0
668,2012,5105,BALI,KLUNGKUNG,0
669,2013,5105,BALI,KLUNGKUNG,0
670,2014,5105,BALI,KLUNGKUNG,0
671,2015,5105,BALI,KLUNGKUNG,0
672,2016,5105,BALI,KLUNGKUNG,0
673,2017,5105,BALI,KLUNGKUNG,0
674,2018,5105,BALI,KLUNGKUNG,0
675,2019,5105,BALI,KLUNGKUNG,0
676,2020,5105,BALI,KLUNGKUNG,0
677,2021,5105,BALI,KLUNGKUNG,0
678,2022,5105,BALI,KLUNGKUNG,0
679,2023,5105,BALI,KLUNGKUNG,0
680,2024,5105,BALI,KLUNGKUNG,0
681,2025,5105,BALI,KLUNGKUNG,0
682,2004,5102,BALI,TABANAN,0
683,2005,5102,BALI,TABANAN,0
684,2006,5102,BALI,TABANAN,0
685,2007,5102,BALI,TABANAN,0
686,2008,5102,BALI,TABANAN,0
687,2009,5102,BALI,TABANAN,0
688,2010,5102,BALI,TABANAN,0
689,2011,5102,BALI,TABANAN,0
690,2012,5102,BALI,TABANAN,0
691,2013,5102,BALI,TABANAN,0
692,2014,5102,BALI,TABANAN,0
693,2015,5102,BALI,TABANAN,0
694,2016,5102,BALI,TABANAN,1
695,2017,5102,BALI,TABANAN,1
696,2018,5102,BALI,TABANAN,1
697,2019,5102,BALI,TABANAN,1
698,2020,5102,BALI,TABANAN,1
699,2021,5102,BALI,TABANAN,1
700,2022,5102,BALI,TABANAN,1
701,2023,5102,BALI,TABANAN,1
702,2024,5102,BALI,TABANAN,1
703,2025,5102,BALI,TABANAN,1
704,2004,3672,BANTEN,KOTA CILEGON,0
705,2005,3672,BANTEN,KOTA CILEGON,0
706,2006,3672,BANTEN,KOTA CILEGON,0
707,2007,3672,BANTEN,KOTA CILEGON,0
708,2008,3672,BANTEN,KOTA CILEGON,0
709,2009,3672,BANTEN,KOTA CILEGON,0
710,2010,3672,BANTEN,KOTA CILEGON,0
711,2011,3672,BANTEN,KOTA CILEGON,0
712,2012,3672,BANTEN,KOTA CILEGON,0
713,2013,3672,BANTEN,KOTA CILEGON,0
714,2014,3672,BANTEN,KOTA CILEGON,0
715,2015,3672,BANTEN,KOTA CILEGON,0
716,2016,3672,BANTEN,KOTA CILEGON,0
717,2017,3672,BANTEN,KOTA CILEGON,0
718,2018,3672,BANTEN,KOTA CILEGON,0
719,2019,3672,BANTEN,KOTA CILEGON,0
720,2020,3672,BANTEN,KOTA CILEGON,0
721,2021,3672,BANTEN,KOTA CILEGON,0
722,2022,3672,BANTEN,KOTA CILEGON,0
723,2023,3672,BANTEN,KOTA CILEGON,0
724,2024,3672,BANTEN,KOTA CILEGON,0
725,2025,3672,BANTEN,KOTA CILEGON,0
726,2004,3602,BANTEN,LEBAK,0
727,2005,3602,BANTEN,LEBAK,0
728,2006,3602,BANTEN,LEBAK,0
729,2007,3602,BANTEN,LEBAK,0
730,2008,3602,BANTEN,LEBAK,0
731,2009,3602,BANTEN,LEBAK,0
732,2010,3602,BANTEN,LEBAK,0
733,2011,3602,BANTEN,LEBAK,0
734,2012,3602,BANTEN,LEBAK,0
735,2013,3602,BANTEN,LEBAK,0
736,2014,3602,BANTEN,LEBAK,0
737,2015,3602,BANTEN,LEBAK,0
738,2016,3602,BANTEN,LEBAK,0
739,2017,3602,BANTEN,LEBAK,0
740,2018,3602,BANTEN,LEBAK,0
741,2019,3602,BANTEN,LEBAK,0
742,2020,3602,BANTEN,LEBAK,0
743,2021,3602,BANTEN,LEBAK,0
744,2022,3602,BANTEN,LEBAK,0
745,2023,3602,BANTEN,LEBAK,0
746,2024,3602,BANTEN,LEBAK,0
747,2025,3602,BANTEN,LEBAK,0
748,2004,3601,BANTEN,PANDEGLANG,0
749,2005,3601,BANTEN,PANDEGLANG,0
750,2006,3601,BANTEN,PANDEGLANG,0
751,2007,3601,BANTEN,PANDEGLANG,0
752,2008,3601,BANTEN,PANDEGLANG,0
753,2009,3601,BANTEN,PANDEGLANG,0
754,2010,3601,BANTEN,PANDEGLANG,0
755,2011,3601,BANTEN,PANDEGLANG,0
756,2012,3601,BANTEN,PANDEGLANG,0
757,2013,3601,BANTEN,PANDEGLANG,0
758,2014,3601,BANTEN,PANDEGLANG,0
759,2015,3601,BANTEN,PANDEGLANG,0
760,2016,3601,BANTEN,PANDEGLANG,0
761,2017,3601,BANTEN,PANDEGLANG,0
762,2018,3601,BANTEN,PANDEGLANG,0
763,2019,3601,BANTEN,PANDEGLANG,0
764,2020,3601,BANTEN,PANDEGLANG,0
765,2021,3601,BANTEN,PANDEGLANG,0
766,2022,3601,BANTEN,PANDEGLANG,0
767,2023,3601,BANTEN,PANDEGLANG,0
768,2024,3601,BANTEN,PANDEGLANG,0
769,2025,3601,BANTEN,PANDEGLANG,0
770,2004,3604,BANTEN,SERANG,0
771,2005,3604,BANTEN,SERANG,0
772,2006,3604,BANTEN,SERANG,0
773,2007,3604,BANTEN,SERANG,0
774,2008,3604,BANTEN,SERANG,0
775,2009,3604,BANTEN,SERANG,0
776,2010,3604,BANTEN,SERANG,0
777,2011,3604,BANTEN,SERANG,0
778,2012,3604,BANTEN,SERANG,0
779,2013,3604,BANTEN,SERANG,0
780,2014,3604,BANTEN,SERANG,0
781,2015,3604,BANTEN,SERANG,0
782,2016,3604,BANTEN,SERANG,0
783,2017,3604,BANTEN,SERANG,0
784,2018,3604,BANTEN,SERANG,0
785,2019,3604,BANTEN,SERANG,0
786,2020,3604,BANTEN,SERANG,0
787,2021,3604,BANTEN,SERANG,0
788,2022,3604,BANTEN,SERANG,0
789,2023,3604,BANTEN,SERANG,0
790,2024,3604,BANTEN,SERANG,0
791,2025,3604,BANTEN,SERANG,0
792,2004,3673,BANTEN,KOTA SERANG,0
793,2005,3673,BANTEN,KOTA SERANG,0
794,2006,3673,BANTEN,KOTA SERANG,0
795,2007,3673,BANTEN,KOTA SERANG,0
796,2008,3673,BANTEN,KOTA SERANG,0
797,2009,3673,BANTEN,KOTA SERANG,0
798,2010,3673,BANTEN,KOTA SERANG,0
799,2011,3673,BANTEN,KOTA SERANG,0
800,2012,3673,BANTEN,KOTA SERANG,0
801,2013,3673,BANTEN,KOTA SERANG,0
802,2014,3673,BANTEN,KOTA SERANG,0
803,2015,3673,BANTEN,KOTA SERANG,0
804,2016,3673,BANTEN,KOTA SERANG,0
805,2017,3673,BANTEN,KOTA SERANG,0
806,2018,3673,BANTEN,KOTA SERANG,0
807,2019,3673,BANTEN,KOTA SERANG,0
808,2020,3673,BANTEN,KOTA SERANG,0
809,2021,3673,BANTEN,KOTA SERANG,0
810,2022,3673,BANTEN,KOTA SERANG,0
811,2023,3673,BANTEN,KOTA SERANG,0
812,2024,3673,BANTEN,KOTA SERANG,0
813,2025,3673,BANTEN,KOTA SERANG,0
814,2004,3603,BANTEN,TANGERANG,0
815,2005,3603,BANTEN,TANGERANG,0
816,2006,3603,BANTEN,TANGERANG,0
817,2007,3603,BANTEN,TANGERANG,0
818,2008,3603,BANTEN,TANGERANG,0
819,2009,3603,BANTEN,TANGERANG,0
820,2010,3603,BANTEN,TANGERANG,0
821,2011,3603,BANTEN,TANGERANG,0
822,2012,3603,BANTEN,TANGERANG,0
823,2013,3603,BANTEN,TANGERANG,0
824,2014,3603,BANTEN,TANGERANG,0
825,2015,3603,BANTEN,TANGERANG,0
826,2016,3603,BANTEN,TANGERANG,0
827,2017,3603,BANTEN,TANGERANG,0
828,2018,3603,BANTEN,TANGERANG,0
829,2019,3603,BANTEN,TANGERANG,0
830,2020,3603,BANTEN,TANGERANG,0
831,2021,3603,BANTEN,TANGERANG,0
832,2022,3603,BANTEN,TANGERANG,0
833,2023,3603,BANTEN,TANGERANG,0
834,2024,3603,BANTEN,TANGERANG,0
835,2025,3603,BANTEN,TANGERANG,0
836,2004,3671,BANTEN,KOTA TANGERANG,0
837,2005,3671,BANTEN,KOTA TANGERANG,0
838,2006,3671,BANTEN,KOTA TANGERANG,0
839,2007,3671,BANTEN,KOTA TANGERANG,0
840,2008,3671,BANTEN,KOTA TANGERANG,0
841,2009,3671,BANTEN,KOTA TANGERANG,0
842,2010,3671,BANTEN,KOTA TANGERANG,0
843,2011,3671,BANTEN,KOTA TANGERANG,0
844,2012,3671,BANTEN,KOTA TANGERANG,0
845,2013,3671,BANTEN,KOTA TANGERANG,0
846,2014,3671,BANTEN,KOTA TANGERANG,0
847,2015,3671,BANTEN,KOTA TANGERANG,0
848,2016,3671,BANTEN,KOTA TANGERANG,0
849,2017,3671,BANTEN,KOTA TANGERANG,0
850,2018,3671,BANTEN,KOTA TANGERANG,0
851,2019,3671,BANTEN,KOTA TANGERANG,0
852,2020,3671,BANTEN,KOTA TANGERANG,0
853,2021,3671,BANTEN,KOTA TANGERANG,0
854,2022,3671,BANTEN,KOTA TANGERANG,0
855,2023,3671,BANTEN,KOTA TANGERANG,0
856,2024,3671,BANTEN,KOTA TANGERANG,0
857,2025,3671,BANTEN,KOTA TANGERANG,0
858,2004,3674,BANTEN,KOTA TANGERANG SELATAN,0
859,2005,3674,BANTEN,KOTA TANGERANG SELATAN,0
860,2006,3674,BANTEN,KOTA TANGERANG SELATAN,0
861,2007,3674,BANTEN,KOTA TANGERANG SELATAN,0
862,2008,3674,BANTEN,KOTA TANGERANG SELATAN,0
863,2009,3674,BANTEN,KOTA TANGERANG SELATAN,0
864,2010,3674,BANTEN,KOTA TANGERANG SELATAN,0
865,2011,3674,BANTEN,KOTA TANGERANG SELATAN,0
866,2012,3674,BANTEN,KOTA TANGERANG SELATAN,1
867,2013,3674,BANTEN,KOTA TANGERANG SELATAN,1
868,2014,3674,BANTEN,KOTA TANGERANG SELATAN,1
869,2015,3674,BANTEN,KOTA TANGERANG SELATAN,1
870,2016,3674,BANTEN,KOTA TANGERANG SELATAN,1
871,2017,3674,BANTEN,KOTA TANGERANG SELATAN,1
872,2018,3674,BANTEN,KOTA TANGERANG SELATAN,1
873,2019,3674,BANTEN,KOTA TANGERANG SELATAN,1
874,2020,3674,BANTEN,KOTA TANGERANG SELATAN,1
875,2021,3674,BANTEN,KOTA TANGERANG SELATAN,1
876,2022,3674,BANTEN,KOTA TANGERANG SELATAN,1
877,2023,3674,BANTEN,KOTA TANGERANG SELATAN,1
878,2024,3674,BANTEN,KOTA TANGERANG SELATAN,1
879,2025,3674,BANTEN,KOTA TANGERANG SELATAN,1
880,2004,1771,BENGKULU,KOTA BENGKULU,0
881,2005,1771,BENGKULU,KOTA BENGKULU,0
882,2006,1771,BENGKULU,KOTA BENGKULU,0
883,2007,1771,BENGKULU,KOTA BENGKULU,0
884,2008,1771,BENGKULU,KOTA BENGKULU,0
885,2009,1771,BENGKULU,KOTA BENGKULU,0
886,2010,1771,BENGKULU,KOTA BENGKULU,0
887,2011,1771,BENGKULU,KOTA BENGKULU,0
888,2012,1771,BENGKULU,KOTA BENGKULU,0
889,2013,1771,BENGKULU,KOTA BENGKULU,0
890,2014,1771,BENGKULU,KOTA BENGKULU,0
891,2015,1771,BENGKULU,KOTA BENGKULU,0
892,2016,1771,BENGKULU,KOTA BENGKULU,0
893,2017,1771,BENGKULU,KOTA BENGKULU,0
894,2018,1771,BENGKULU,KOTA BENGKULU,0
895,2019,1771,BENGKULU,KOTA BENGKULU,0
896,2020,1771,BENGKULU,KOTA BENGKULU,0
897,2021,1771,BENGKULU,KOTA BENGKULU,0
898,2022,1771,BENGKULU,KOTA BENGKULU,0
899,2023,1771,BENGKULU,KOTA BENGKULU,0
900,2024,1771,BENGKULU,KOTA BENGKULU,0
901,2025,1771,BENGKULU,KOTA BENGKULU,0
902,2004,1701,BENGKULU,BENGKULU SELATAN,0
903,2005,1701,BENGKULU,BENGKULU SELATAN,0
904,2006,1701,BENGKULU,BENGKULU SELATAN,0
905,2007,1701,BENGKULU,BENGKULU SELATAN,0
906,2008,1701,BENGKULU,BENGKULU SELATAN,0
907,2009,1701,BENGKULU,BENGKULU SELATAN,0
908,2010,1701,BENGKULU,BENGKULU SELATAN,0
909,2011,1701,BENGKULU,BENGKULU SELATAN,0
910,2012,1701,BENGKULU,BENGKULU SELATAN,0
911,2013,1701,BENGKULU,BENGKULU SELATAN,0
912,2014,1701,BENGKULU,BENGKULU SELATAN,0
913,2015,1701,BENGKULU,BENGKULU SELATAN,0
914,2016,1701,BENGKULU,BENGKULU SELATAN,0
915,2017,1701,BENGKULU,BENGKULU SELATAN,0
916,2018,1701,BENGKULU,BENGKULU SELATAN,0
917,2019,1701,BENGKULU,BENGKULU SELATAN,0
918,2020,1701,BENGKULU,BENGKULU SELATAN,0
919,2021,1701,BENGKULU,BENGKULU SELATAN,0
920,2022,1701,BENGKULU,BENGKULU SELATAN,0
921,2023,1701,BENGKULU,BENGKULU SELATAN,0
922,2024,1701,BENGKULU,BENGKULU SELATAN,0
923,2025,1701,BENGKULU,BENGKULU SELATAN,0
924,2004,1709,BENGKULU,BENGKULU TENGAH,0
925,2005,1709,BENGKULU,BENGKULU TENGAH,0
926,2006,1709,BENGKULU,BENGKULU TENGAH,0
927,2007,1709,BENGKULU,BENGKULU TENGAH,0
928,2008,1709,BENGKULU,BENGKULU TENGAH,0
929,2009,1709,BENGKULU,BENGKULU TENGAH,0
930,2010,1709,BENGKULU,BENGKULU TENGAH,0
931,2011,1709,BENGKULU,BENGKULU TENGAH,0
932,2012,1709,BENGKULU,BENGKULU TENGAH,0
933,2013,1709,BENGKULU,BENGKULU TENGAH,0
934,2014,1709,BENGKULU,BENGKULU TENGAH,0
935,2015,1709,BENGKULU,BENGKULU TENGAH,0
936,2016,1709,BENGKULU,BENGKULU TENGAH,0
937,2017,1709,BENGKULU,BENGKULU TENGAH,0
938,2018,1709,BENGKULU,BENGKULU TENGAH,0
939,2019,1709,BENGKULU,BENGKULU TENGAH,0
940,2020,1709,BENGKULU,BENGKULU TENGAH,0
941,2021,1709,BENGKULU,BENGKULU TENGAH,0
942,2022,1709,BENGKULU,BENGKULU TENGAH,0
943,2023,1709,BENGKULU,BENGKULU TENGAH,0
944,2024,1709,BENGKULU,BENGKULU TENGAH,0
945,2025,1709,BENGKULU,BENGKULU TENGAH,0
946,2004,1703,BENGKULU,BENGKULU UTARA,0
947,2005,1703,BENGKULU,BENGKULU UTARA,0
948,2006,1703,BENGKULU,BENGKULU UTARA,0
949,2007,1703,BENGKULU,BENGKULU UTARA,0
950,2008,1703,BENGKULU,BENGKULU UTARA,0
951,2009,1703,BENGKULU,BENGKULU UTARA,0
952,2010,1703,BENGKULU,BENGKULU UTARA,0
953,2011,1703,BENGKULU,BENGKULU UTARA,0
954,2012,1703,BENGKULU,BENGKULU UTARA,0
955,2013,1703,BENGKULU,BENGKULU UTARA,0
956,2014,1703,BENGKULU,BENGKULU UTARA,0
957,2015,1703,BENGKULU,BENGKULU UTARA,0
958,2016,1703,BENGKULU,BENGKULU UTARA,0
959,2017,1703,BENGKULU,BENGKULU UTARA,0
960,2018,1703,BENGKULU,BENGKULU UTARA,0
961,2019,1703,BENGKULU,BENGKULU UTARA,0
962,2020,1703,BENGKULU,BENGKULU UTARA,0
963,2021,1703,BENGKULU,BENGKULU UTARA,0
964,2022,1703,BENGKULU,BENGKULU UTARA,0
965,2023,1703,BENGKULU,BENGKULU UTARA,0
966,2024,1703,BENGKULU,BENGKULU UTARA,0
967,2025,1703,BENGKULU,BENGKULU UTARA,0
968,2004,1704,BENGKULU,KAUR,0
969,2005,1704,BENGKULU,KAUR,0
970,2006,1704,BENGKULU,KAUR,0
971,2007,1704,BENGKULU,KAUR,0
972,2008,1704,BENGKULU,KAUR,0
973,2009,1704,BENGKULU,KAUR,0
974,2010,1704,BENGKULU,KAUR,0
975,2011,1704,BENGKULU,KAUR,0
976,2012,1704,BENGKULU,KAUR,0
977,2013,1704,BENGKULU,KAUR,0
978,2014,1704,BENGKULU,KAUR,0
979,2015,1704,BENGKULU,KAUR,0
980,2016,1704,BENGKULU,KAUR,0
981,2017,1704,BENGKULU,KAUR,0
982,2018,1704,BENGKULU,KAUR,0
983,2019,1704,BENGKULU,KAUR,0
984,2020,1704,BENGKULU,KAUR,0
985,2021,1704,BENGKULU,KAUR,0
986,2022,1704,BENGKULU,KAUR,0
987,2023,1704,BENGKULU,KAUR,0
988,2024,1704,BENGKULU,KAUR,0
989,2025,1704,BENGKULU,KAUR,0
990,2004,1708,BENGKULU,KEPAHIANG,0
991,2005,1708,BENGKULU,KEPAHIANG,0
992,2006,1708,BENGKULU,KEPAHIANG,0
993,2007,1708,BENGKULU,KEPAHIANG,0
994,2008,1708,BENGKULU,KEPAHIANG,0
995,2009,1708,BENGKULU,KEPAHIANG,0
996,2010,1708,BENGKULU,KEPAHIANG,0
997,2011,1708,BENGKULU,KEPAHIANG,0
998,2012,1708,BENGKULU,KEPAHIANG,0
999,2013,1708,BENGKULU,KEPAHIANG,0
1000,2014,1708,BENGKULU,KEPAHIANG,0
1001,2015,1708,BENGKULU,KEPAHIANG,0
1002,2016,1708,BENGKULU,KEPAHIANG,1
1003,2017,1708,BENGKULU,KEPAHIANG,1
1004,2018,1708,BENGKULU,KEPAHIANG,1
1005,2019,1708,BENGKULU,KEPAHIANG,1
1006,2020,1708,BENGKULU,KEPAHIANG,1
1007,2021,1708,BENGKULU,KEPAHIANG,1
1008,2022,1708,BENGKULU,KEPAHIANG,1
1009,2023,1708,BENGKULU,KEPAHIANG,1
1010,2024,1708,BENGKULU,KEPAHIANG,1
1011,2025,1708,BENGKULU,KEPAHIANG,1
1012,2004,1707,BENGKULU,LEBONG,0
1013,2005,1707,BENGKULU,LEBONG,0
1014,2006,1707,BENGKULU,LEBONG,0
1015,2007,1707,BENGKULU,LEBONG,0
1016,2008,1707,BENGKULU,LEBONG,0
1017,2009,1707,BENGKULU,LEBONG,0
1018,2010,1707,BENGKULU,LEBONG,0
1019,2011,1707,BENGKULU,LEBONG,0
1020,2012,1707,BENGKULU,LEBONG,0
1021,2013,1707,BENGKULU,LEBONG,0
1022,2014,1707,BENGKULU,LEBONG,0
1023,2015,1707,BENGKULU,LEBONG,0
1024,2016,1707,BENGKULU,LEBONG,0
1025,2017,1707,BENGKULU,LEBONG,0
1026,2018,1707,BENGKULU,LEBONG,0
1027,2019,1707,BENGKULU,LEBONG,0
1028,2020,1707,BENGKULU,LEBONG,0
1029,2021,1707,BENGKULU,LEBONG,0
1030,2022,1707,BENGKULU,LEBONG,0
1031,2023,1707,BENGKULU,LEBONG,0
1032,2024,1707,BENGKULU,LEBONG,0
1033,2025,1707,BENGKULU,LEBONG,0
1034,2004,1706,BENGKULU,MUKOMUKO,0
1035,2005,1706,BENGKULU,MUKOMUKO,0
1036,2006,1706,BENGKULU,MUKOMUKO,0
1037,2007,1706,BENGKULU,MUKOMUKO,0
1038,2008,1706,BENGKULU,MUKOMUKO,0
1039,2009,1706,BENGKULU,MUKOMUKO,0
1040,2010,1706,BENGKULU,MUKOMUKO,0
1041,2011,1706,BENGKULU,MUKOMUKO,0
1042,2012,1706,BENGKULU,MUKOMUKO,0
1043,2013,1706,BENGKULU,MUKOMUKO,0
1044,2014,1706,BENGKULU,MUKOMUKO,0
1045,2015,1706,BENGKULU,MUKOMUKO,0
1046,2016,1706,BENGKULU,MUKOMUKO,0
1047,2017,1706,BENGKULU,MUKOMUKO,0
1048,2018,1706,BENGKULU,MUKOMUKO,0
1049,2019,1706,BENGKULU,MUKOMUKO,0
1050,2020,1706,BENGKULU,MUKOMUKO,0
1051,2021,1706,BENGKULU,MUKOMUKO,0
1052,2022,1706,BENGKULU,MUKOMUKO,0
1053,2023,1706,BENGKULU,MUKOMUKO,0
1054,2024,1706,BENGKULU,MUKOMUKO,0
1055,2025,1706,BENGKULU,MUKOMUKO,0
1056,2004,1702,BENGKULU,REJANG LEBONG,0
1057,2005,1702,BENGKULU,REJANG LEBONG,0
1058,2006,1702,BENGKULU,REJANG LEBONG,0
1059,2007,1702,BENGKULU,REJANG LEBONG,0
1060,2008,1702,BENGKULU,REJANG LEBONG,0
1061,2009,1702,BENGKULU,REJANG LEBONG,0
1062,2010,1702,BENGKULU,REJANG LEBONG,0
1063,2011,1702,BENGKULU,REJANG LEBONG,0
1064,2012,1702,BENGKULU,REJANG LEBONG,0
1065,2013,1702,BENGKULU,REJANG LEBONG,0
1066,2014,1702,BENGKULU,REJANG LEBONG,0
1067,2015,1702,BENGKULU,REJANG LEBONG,1
1068,2016,1702,BENGKULU,REJANG LEBONG,1
1069,2017,1702,BENGKULU,REJANG LEBONG,1
1070,2018,1702,BENGKULU,REJANG LEBONG,1
1071,2019,1702,BENGKULU,REJANG LEBONG,1
1072,2020,1702,BENGKULU,REJANG LEBONG,1
1073,2021,1702,BENGKULU,REJANG LEBONG,1
1074,2022,1702,BENGKULU,REJANG LEBONG,1
1075,2023,1702,BENGKULU,REJANG LEBONG,1
1076,2024,1702,BENGKULU,REJANG LEBONG,1
1077,2025,1702,BENGKULU,REJANG LEBONG,1
1078,2004,1705,BENGKULU,SELUMA,0
1079,2005,1705,BENGKULU,SELUMA,0
1080,2006,1705,BENGKULU,SELUMA,0
1081,2007,1705,BENGKULU,SELUMA,0
1082,2008,1705,BENGKULU,SELUMA,0
1083,2009,1705,BENGKULU,SELUMA,0
1084,2010,1705,BENGKULU,SELUMA,0
1085,2011,1705,BENGKULU,SELUMA,0
1086,2012,1705,BENGKULU,SELUMA,0
1087,2013,1705,BENGKULU,SELUMA,0
1088,2014,1705,BENGKULU,SELUMA,0
1089,2015,1705,BENGKULU,SELUMA,0
1090,2016,1705,BENGKULU,SELUMA,1
1091,2017,1705,BENGKULU,SELUMA,1
1092,2018,1705,BENGKULU,SELUMA,1
1093,2019,1705,BENGKULU,SELUMA,1
1094,2020,1705,BENGKULU,SELUMA,1
1095,2021,1705,BENGKULU,SELUMA,1
1096,2022,1705,BENGKULU,SELUMA,1
1097,2023,1705,BENGKULU,SELUMA,1
1098,2024,1705,BENGKULU,SELUMA,1
1099,2025,1705,BENGKULU,SELUMA,1
1100,2004,3402,DI YOGYAKARTA,BANTUL,0
1101,2005,3402,DI YOGYAKARTA,BANTUL,0
1102,2006,3402,DI YOGYAKARTA,BANTUL,0
1103,2007,3402,DI YOGYAKARTA,BANTUL,0
1104,2008,3402,DI YOGYAKARTA,BANTUL,0
1105,2009,3402,DI YOGYAKARTA,BANTUL,0
1106,2010,3402,DI YOGYAKARTA,BANTUL,0
1107,2011,3402,DI YOGYAKARTA,BANTUL,0
1108,2012,3402,DI YOGYAKARTA,BANTUL,0
1109,2013,3402,DI YOGYAKARTA,BANTUL,1
1110,2014,3402,DI YOGYAKARTA,BANTUL,1
1111,2015,3402,DI YOGYAKARTA,BANTUL,1
1112,2016,3402,DI YOGYAKARTA,BANTUL,1
1113,2017,3402,DI YOGYAKARTA,BANTUL,1
1114,2018,3402,DI YOGYAKARTA,BANTUL,1
1115,2019,3402,DI YOGYAKARTA,BANTUL,1
1116,2020,3402,DI YOGYAKARTA,BANTUL,1
1117,2021,3402,DI YOGYAKARTA,BANTUL,1
1118,2022,3402,DI YOGYAKARTA,BANTUL,1
1119,2023,3402,DI YOGYAKARTA,BANTUL,1
1120,2024,3402,DI YOGYAKARTA,BANTUL,1
1121,2025,3402,DI YOGYAKARTA,BANTUL,1
1122,2004,3403,DI YOGYAKARTA,GUNUNG KIDUL,0
1123,2005,3403,DI YOGYAKARTA,GUNUNG KIDUL,0
1124,2006,3403,DI YOGYAKARTA,GUNUNG KIDUL,0
1125,2007,3403,DI YOGYAKARTA,GUNUNG KIDUL,0
1126,2008,3403,DI YOGYAKARTA,GUNUNG KIDUL,0
1127,2009,3403,DI YOGYAKARTA,GUNUNG KIDUL,0
1128,2010,3403,DI YOGYAKARTA,GUNUNG KIDUL,0
1129,2011,3403,DI YOGYAKARTA,GUNUNG KIDUL,0
1130,2012,3403,DI YOGYAKARTA,GUNUNG KIDUL,1
1131,2013,3403,DI YOGYAKARTA,GUNUNG KIDUL,1
1132,2014,3403,DI YOGYAKARTA,GUNUNG KIDUL,1
1133,2015,3403,DI YOGYAKARTA,GUNUNG KIDUL,1
1134,2016,3403,DI YOGYAKARTA,GUNUNG KIDUL,1
1135,2017,3403,DI YOGYAKARTA,GUNUNG KIDUL,1
1136,2018,3403,DI YOGYAKARTA,GUNUNG KIDUL,1
1137,2019,3403,DI YOGYAKARTA,GUNUNG KIDUL,1
1138,2020,3403,DI YOGYAKARTA,GUNUNG KIDUL,1
1139,2021,3403,DI YOGYAKARTA,GUNUNG KIDUL,1
1140,2022,3403,DI YOGYAKARTA,GUNUNG KIDUL,1
1141,2023,3403,DI YOGYAKARTA,GUNUNG KIDUL,1
1142,2024,3403,DI YOGYAKARTA,GUNUNG KIDUL,1
1143,2025,3403,DI YOGYAKARTA,GUNUNG KIDUL,1
1144,2004,3401,DI YOGYAKARTA,KULON PROGO,0
1145,2005,3401,DI YOGYAKARTA,KULON PROGO,0
1146,2006,3401,DI YOGYAKARTA,KULON PROGO,0
1147,2007,3401,DI YOGYAKARTA,KULON PROGO,0
1148,2008,3401,DI YOGYAKARTA,KULON PROGO,0
1149,2009,3401,DI YOGYAKARTA,KULON PROGO,0
1150,2010,3401,DI YOGYAKARTA,KULON PROGO,0
1151,2011,3401,DI YOGYAKARTA,KULON PROGO,0
1152,2012,3401,DI YOGYAKARTA,KULON PROGO,0
1153,2013,3401,DI YOGYAKARTA,KULON PROGO,0
1154,2014,3401,DI YOGYAKARTA,KULON PROGO,0
1155,2015,3401,DI YOGYAKARTA,KULON PROGO,1
1156,2016,3401,DI YOGYAKARTA,KULON PROGO,1
1157,2017,3401,DI YOGYAKARTA,KULON PROGO,1
1158,2018,3401,DI YOGYAKARTA,KULON PROGO,1
1159,2019,3401,DI YOGYAKARTA,KULON PROGO,1
1160,2020,3401,DI YOGYAKARTA,KULON PROGO,1
1161,2021,3401,DI YOGYAKARTA,KULON PROGO,1
1162,2022,3401,DI YOGYAKARTA,KULON PROGO,1
1163,2023,3401,DI YOGYAKARTA,KULON PROGO,1
1164,2024,3401,DI YOGYAKARTA,KULON PROGO,1
1165,2025,3401,DI YOGYAKARTA,KULON PROGO,1
1166,2004,3404,DI YOGYAKARTA,SLEMAN,0
1167,2005,3404,DI YOGYAKARTA,SLEMAN,0
1168,2006,3404,DI YOGYAKARTA,SLEMAN,0
1169,2007,3404,DI YOGYAKARTA,SLEMAN,0
1170,2008,3404,DI YOGYAKARTA,SLEMAN,0
1171,2009,3404,DI YOGYAKARTA,SLEMAN,0
1172,2010,3404,DI YOGYAKARTA,SLEMAN,0
1173,2011,3404,DI YOGYAKARTA,SLEMAN,0
1174,2012,3404,DI YOGYAKARTA,SLEMAN,0
1175,2013,3404,DI YOGYAKARTA,SLEMAN,0
1176,2014,3404,DI YOGYAKARTA,SLEMAN,0
1177,2015,3404,DI YOGYAKARTA,SLEMAN,0
1178,2016,3404,DI YOGYAKARTA,SLEMAN,0
1179,2017,3404,DI YOGYAKARTA,SLEMAN,1
1180,2018,3404,DI YOGYAKARTA,SLEMAN,1
1181,2019,3404,DI YOGYAKARTA,SLEMAN,1
1182,2020,3404,DI YOGYAKARTA,SLEMAN,1
1183,2021,3404,DI YOGYAKARTA,SLEMAN,1
1184,2022,3404,DI YOGYAKARTA,SLEMAN,1
1185,2023,3404,DI YOGYAKARTA,SLEMAN,1
1186,2024,3404,DI YOGYAKARTA,SLEMAN,1
1187,2025,3404,DI YOGYAKARTA,SLEMAN,1
1188,2004,3471,DI YOGYAKARTA,KOTA YOGYAKARTA,0
1189,2005,3471,DI YOGYAKARTA,KOTA YOGYAKARTA,0
1190,2006,3471,DI YOGYAKARTA,KOTA YOGYAKARTA,0
1191,2007,3471,DI YOGYAKARTA,KOTA YOGYAKARTA,0
1192,2008,3471,DI YOGYAKARTA,KOTA YOGYAKARTA,0
1193,2009,3471,DI YOGYAKARTA,KOTA YOGYAKARTA,0
1194,2010,3471,DI YOGYAKARTA,KOTA YOGYAKARTA,0
1195,2011,3471,DI YOGYAKARTA,KOTA YOGYAKARTA,0
1196,2012,3471,DI YOGYAKARTA,KOTA YOGYAKARTA,0
1197,2013,3471,DI YOGYAKARTA,KOTA YOGYAKARTA,0
1198,2014,3471,DI YOGYAKARTA,KOTA YOGYAKARTA,0
1199,2015,3471,DI YOGYAKARTA,KOTA YOGYAKARTA,0
1200,2016,3471,DI YOGYAKARTA,KOTA YOGYAKARTA,0
1201,2017,3471,DI YOGYAKARTA,KOTA YOGYAKARTA,0
1202,2018,3471,DI YOGYAKARTA,KOTA YOGYAKARTA,0
1203,2019,3471,DI YOGYAKARTA,KOTA YOGYAKARTA,0
1204,2020,3471,DI YOGYAKARTA,KOTA YOGYAKARTA,0
1205,2021,3471,DI YOGYAKARTA,KOTA YOGYAKARTA,0
1206,2022,3471,DI YOGYAKARTA,KOTA YOGYAKARTA,0
1207,2023,3471,DI YOGYAKARTA,KOTA YOGYAKARTA,0
1208,2024,3471,DI YOGYAKARTA,KOTA YOGYAKARTA,0
1209,2025,3471,DI YOGYAKARTA,KOTA YOGYAKARTA,0
1210,2004,3101,DKI JAKARTA,KEPULAUAN SERIBU,0
1211,2005,3101,DKI JAKARTA,KEPULAUAN SERIBU,0
1212,2006,3101,DKI JAKARTA,KEPULAUAN SERIBU,0
1213,2007,3101,DKI JAKARTA,KEPULAUAN SERIBU,0
1214,2008,3101,DKI JAKARTA,KEPULAUAN SERIBU,0
1215,2009,3101,DKI JAKARTA,KEPULAUAN SERIBU,0
1216,2010,3101,DKI JAKARTA,KEPULAUAN SERIBU,0
1217,2011,3101,DKI JAKARTA,KEPULAUAN SERIBU,1
1218,2012,3101,DKI JAKARTA,KEPULAUAN SERIBU,1
1219,2013,3101,DKI JAKARTA,KEPULAUAN SERIBU,1
1220,2014,3101,DKI JAKARTA,KEPULAUAN SERIBU,1
1221,2015,3101,DKI JAKARTA,KEPULAUAN SERIBU,1
1222,2016,3101,DKI JAKARTA,KEPULAUAN SERIBU,1
1223,2017,3101,DKI JAKARTA,KEPULAUAN SERIBU,1
1224,2018,3101,DKI JAKARTA,KEPULAUAN SERIBU,1
1225,2019,3101,DKI JAKARTA,KEPULAUAN SERIBU,1
1226,2020,3101,DKI JAKARTA,KEPULAUAN SERIBU,1
1227,2021,3101,DKI JAKARTA,KEPULAUAN SERIBU,1
1228,2022,3101,DKI JAKARTA,KEPULAUAN SERIBU,1
1229,2023,3101,DKI JAKARTA,KEPULAUAN SERIBU,1
1230,2024,3101,DKI JAKARTA,KEPULAUAN SERIBU,1
1231,2025,3101,DKI JAKARTA,KEPULAUAN SERIBU,1
1232,2004,7501,GORONTALO,BOALEMO,0
1233,2005,7501,GORONTALO,BOALEMO,0
1234,2006,7501,GORONTALO,BOALEMO,0
1235,2007,7501,GORONTALO,BOALEMO,0
1236,2008,7501,GORONTALO,BOALEMO,0
1237,2009,7501,GORONTALO,BOALEMO,0
1238,2010,7501,GORONTALO,BOALEMO,0
1239,2011,7501,GORONTALO,BOALEMO,0
1240,2012,7501,GORONTALO,BOALEMO,0
1241,2013,7501,GORONTALO,BOALEMO,0
1242,2014,7501,GORONTALO,BOALEMO,0
1243,2015,7501,GORONTALO,BOALEMO,0
1244,2016,7501,GORONTALO,BOALEMO,0
1245,2017,7501,GORONTALO,BOALEMO,0
1246,2018,7501,GORONTALO,BOALEMO,0
1247,2019,7501,GORONTALO,BOALEMO,0
1248,2020,7501,GORONTALO,BOALEMO,0
1249,2021,7501,GORONTALO,BOALEMO,0
1250,2022,7501,GORONTALO,BOALEMO,0
1251,2023,7501,GORONTALO,BOALEMO,0
1252,2024,7501,GORONTALO,BOALEMO,0
1253,2025,7501,GORONTALO,BOALEMO,0
1254,2004,7504,GORONTALO,BONE BOLANGO,0
1255,2005,7504,GORONTALO,BONE BOLANGO,0
1256,2006,7504,GORONTALO,BONE BOLANGO,0
1257,2007,7504,GORONTALO,BONE BOLANGO,0
1258,2008,7504,GORONTALO,BONE BOLANGO,0
1259,2009,7504,GORONTALO,BONE BOLANGO,0
1260,2010,7504,GORONTALO,BONE BOLANGO,0
1261,2011,7504,GORONTALO,BONE BOLANGO,0
1262,2012,7504,GORONTALO,BONE BOLANGO,0
1263,2013,7504,GORONTALO,BONE BOLANGO,0
1264,2014,7504,GORONTALO,BONE BOLANGO,0
1265,2015,7504,GORONTALO,BONE BOLANGO,0
1266,2016,7504,GORONTALO,BONE BOLANGO,0
1267,2017,7504,GORONTALO,BONE BOLANGO,0
1268,2018,7504,GORONTALO,BONE BOLANGO,0
1269,2019,7504,GORONTALO,BONE BOLANGO,0
1270,2020,7504,GORONTALO,BONE BOLANGO,0
1271,2021,7504,GORONTALO,BONE BOLANGO,0
1272,2022,7504,GORONTALO,BONE BOLANGO,0
1273,2023,7504,GORONTALO,BONE BOLANGO,0
1274,2024,7504,GORONTALO,BONE BOLANGO,0
1275,2025,7504,GORONTALO,BONE BOLANGO,0
1276,2004,7502,GORONTALO,GORONTALO,0
1277,2005,7502,GORONTALO,GORONTALO,0
1278,2006,7502,GORONTALO,GORONTALO,0
1279,2007,7502,GORONTALO,GORONTALO,0
1280,2008,7502,GORONTALO,GORONTALO,0
1281,2009,7502,GORONTALO,GORONTALO,0
1282,2010,7502,GORONTALO,GORONTALO,0
1283,2011,7502,GORONTALO,GORONTALO,0
1284,2012,7502,GORONTALO,GORONTALO,0
1285,2013,7502,GORONTALO,GORONTALO,0
1286,2014,7502,GORONTALO,GORONTALO,0
1287,2015,7502,GORONTALO,GORONTALO,0
1288,2016,7502,GORONTALO,GORONTALO,0
1289,2017,7502,GORONTALO,GORONTALO,0
1290,2018,7502,GORONTALO,GORONTALO,1
1291,2019,7502,GORONTALO,GORONTALO,1
1292,2020,7502,GORONTALO,GORONTALO,1
1293,2021,7502,GORONTALO,GORONTALO,1
1294,2022,7502,GORONTALO,GORONTALO,1
1295,2023,7502,GORONTALO,GORONTALO,1
1296,2024,7502,GORONTALO,GORONTALO,1
1297,2025,7502,GORONTALO,GORONTALO,1
1298,2004,7571,GORONTALO,KOTA GORONTALO,0
1299,2005,7571,GORONTALO,KOTA GORONTALO,0
1300,2006,7571,GORONTALO,KOTA GORONTALO,0
1301,2007,7571,GORONTALO,KOTA GORONTALO,0
1302,2008,7571,GORONTALO,KOTA GORONTALO,0
1303,2009,7571,GORONTALO,KOTA GORONTALO,0
1304,2010,7571,GORONTALO,KOTA GORONTALO,0
1305,2011,7571,GORONTALO,KOTA GORONTALO,0
1306,2012,7571,GORONTALO,KOTA GORONTALO,0
1307,2013,7571,GORONTALO,KOTA GORONTALO,0
1308,2014,7571,GORONTALO,KOTA GORONTALO,0
1309,2015,7571,GORONTALO,KOTA GORONTALO,0
1310,2016,7571,GORONTALO,KOTA GORONTALO,1
1311,2017,7571,GORONTALO,KOTA GORONTALO,1
1312,2018,7571,GORONTALO,KOTA GORONTALO,1
1313,2019,7571,GORONTALO,KOTA GORONTALO,1
1314,2020,7571,GORONTALO,KOTA GORONTALO,1
1315,2021,7571,GORONTALO,KOTA GORONTALO,1
1316,2022,7571,GORONTALO,KOTA GORONTALO,1
1317,2023,7571,GORONTALO,KOTA GORONTALO,1
1318,2024,7571,GORONTALO,KOTA GORONTALO,1
1319,2025,7571,GORONTALO,KOTA GORONTALO,1
1320,2004,7505,GORONTALO,GORONTALO UTARA,0
1321,2005,7505,GORONTALO,GORONTALO UTARA,0
1322,2006,7505,GORONTALO,GORONTALO UTARA,0
1323,2007,7505,GORONTALO,GORONTALO UTARA,0
1324,2008,7505,GORONTALO,GORONTALO UTARA,0
1325,2009,7505,GORONTALO,GORONTALO UTARA,0
1326,2010,7505,GORONTALO,GORONTALO UTARA,0
1327,2011,7505,GORONTALO,GORONTALO UTARA,0
1328,2012,7505,GORONTALO,GORONTALO UTARA,0
1329,2013,7505,GORONTALO,GORONTALO UTARA,0
1330,2014,7505,GORONTALO,GORONTALO UTARA,0
1331,2015,7505,GORONTALO,GORONTALO UTARA,0
1332,2016,7505,GORONTALO,GORONTALO UTARA,0
1333,2017,7505,GORONTALO,GORONTALO UTARA,0
1334,2018,7505,GORONTALO,GORONTALO UTARA,0
1335,2019,7505,GORONTALO,GORONTALO UTARA,1
1336,2020,7505,GORONTALO,GORONTALO UTARA,1
1337,2021,7505,GORONTALO,GORONTALO UTARA,1
1338,2022,7505,GORONTALO,GORONTALO UTARA,1
1339,2023,7505,GORONTALO,GORONTALO UTARA,1
1340,2024,7505,GORONTALO,GORONTALO UTARA,1
1341,2025,7505,GORONTALO,GORONTALO UTARA,1
1342,2004,7503,GORONTALO,POHUWATO,0
1343,2005,7503,GORONTALO,POHUWATO,0
1344,2006,7503,GORONTALO,POHUWATO,0
1345,2007,7503,GORONTALO,POHUWATO,0
1346,2008,7503,GORONTALO,POHUWATO,0
1347,2009,7503,GORONTALO,POHUWATO,0
1348,2010,7503,GORONTALO,POHUWATO,0
1349,2011,7503,GORONTALO,POHUWATO,0
1350,2012,7503,GORONTALO,POHUWATO,0
1351,2013,7503,GORONTALO,POHUWATO,0
1352,2014,7503,GORONTALO,POHUWATO,0
1353,2015,7503,GORONTALO,POHUWATO,0
1354,2016,7503,GORONTALO,POHUWATO,0
1355,2017,7503,GORONTALO,POHUWATO,0
1356,2018,7503,GORONTALO,POHUWATO,1
1357,2019,7503,GORONTALO,POHUWATO,1
1358,2020,7503,GORONTALO,POHUWATO,1
1359,2021,7503,GORONTALO,POHUWATO,1
1360,2022,7503,GORONTALO,POHUWATO,1
1361,2023,7503,GORONTALO,POHUWATO,1
1362,2024,7503,GORONTALO,POHUWATO,1
1363,2025,7503,GORONTALO,POHUWATO,1
1364,2004,1504,JAMBI,BATANG HARI,0
1365,2005,1504,JAMBI,BATANG HARI,0
1366,2006,1504,JAMBI,BATANG HARI,0
1367,2007,1504,JAMBI,BATANG HARI,0
1368,2008,1504,JAMBI,BATANG HARI,0
1369,2009,1504,JAMBI,BATANG HARI,0
1370,2010,1504,JAMBI,BATANG HARI,0
1371,2011,1504,JAMBI,BATANG HARI,0
1372,2012,1504,JAMBI,BATANG HARI,0
1373,2013,1504,JAMBI,BATANG HARI,0
1374,2014,1504,JAMBI,BATANG HARI,0
1375,2015,1504,JAMBI,BATANG HARI,0
1376,2016,1504,JAMBI,BATANG HARI,0
1377,2017,1504,JAMBI,BATANG HARI,0
1378,2018,1504,JAMBI,BATANG HARI,0
1379,2019,1504,JAMBI,BATANG HARI,0
1380,2020,1504,JAMBI,BATANG HARI,0
1381,2021,1504,JAMBI,BATANG HARI,0
1382,2022,1504,JAMBI,BATANG HARI,0
1383,2023,1504,JAMBI,BATANG HARI,0
1384,2024,1504,JAMBI,BATANG HARI,0
1385,2025,1504,JAMBI,BATANG HARI,0
1386,2004,1509,JAMBI,BUNGO,0
1387,2005,1509,JAMBI,BUNGO,0
1388,2006,1509,JAMBI,BUNGO,0
1389,2007,1509,JAMBI,BUNGO,0
1390,2008,1509,JAMBI,BUNGO,0
1391,2009,1509,JAMBI,BUNGO,0
1392,2010,1509,JAMBI,BUNGO,0
1393,2011,1509,JAMBI,BUNGO,0
1394,2012,1509,JAMBI,BUNGO,0
1395,2013,1509,JAMBI,BUNGO,0
1396,2014,1509,JAMBI,BUNGO,0
1397,2015,1509,JAMBI,BUNGO,0
1398,2016,1509,JAMBI,BUNGO,0
1399,2017,1509,JAMBI,BUNGO,0
1400,2018,1509,JAMBI,BUNGO,0
1401,2019,1509,JAMBI,BUNGO,0
1402,2020,1509,JAMBI,BUNGO,0
1403,2021,1509,JAMBI,BUNGO,0
1404,2022,1509,JAMBI,BUNGO,1
1405,2023,1509,JAMBI,BUNGO,1
1406,2024,1509,JAMBI,BUNGO,1
1407,2025,1509,JAMBI,BUNGO,1
1408,2004,1571,JAMBI,KOTA JAMBI,0
1409,2005,1571,JAMBI,KOTA JAMBI,0
1410,2006,1571,JAMBI,KOTA JAMBI,0
1411,2007,1571,JAMBI,KOTA JAMBI,0
1412,2008,1571,JAMBI,KOTA JAMBI,0
1413,2009,1571,JAMBI,KOTA JAMBI,0
1414,2010,1571,JAMBI,KOTA JAMBI,0
1415,2011,1571,JAMBI,KOTA JAMBI,0
1416,2012,1571,JAMBI,KOTA JAMBI,0
1417,2013,1571,JAMBI,KOTA JAMBI,0
1418,2014,1571,JAMBI,KOTA JAMBI,0
1419,2015,1571,JAMBI,KOTA JAMBI,0
1420,2016,1571,JAMBI,KOTA JAMBI,0
1421,2017,1571,JAMBI,KOTA JAMBI,0
1422,2018,1571,JAMBI,KOTA JAMBI,0
1423,2019,1571,JAMBI,KOTA JAMBI,0
1424,2020,1571,JAMBI,KOTA JAMBI,0
1425,2021,1571,JAMBI,KOTA JAMBI,0
1426,2022,1571,JAMBI,KOTA JAMBI,0
1427,2023,1571,JAMBI,KOTA JAMBI,0
1428,2024,1571,JAMBI,KOTA JAMBI,0
1429,2025,1571,JAMBI,KOTA JAMBI,0
1430,2004,1501,JAMBI,KERINCI,0
1431,2005,1501,JAMBI,KERINCI,0
1432,2006,1501,JAMBI,KERINCI,0
1433,2007,1501,JAMBI,KERINCI,0
1434,2008,1501,JAMBI,KERINCI,0
1435,2009,1501,JAMBI,KERINCI,0
1436,2010,1501,JAMBI,KERINCI,0
1437,2011,1501,JAMBI,KERINCI,0
1438,2012,1501,JAMBI,KERINCI,0
1439,2013,1501,JAMBI,KERINCI,0
1440,2014,1501,JAMBI,KERINCI,0
1441,2015,1501,JAMBI,KERINCI,0
1442,2016,1501,JAMBI,KERINCI,0
1443,2017,1501,JAMBI,KERINCI,0
1444,2018,1501,JAMBI,KERINCI,0
1445,2019,1501,JAMBI,KERINCI,0
1446,2020,1501,JAMBI,KERINCI,0
1447,2021,1501,JAMBI,KERINCI,0
1448,2022,1501,JAMBI,KERINCI,0
1449,2023,1501,JAMBI,KERINCI,0
1450,2024,1501,JAMBI,KERINCI,0
1451,2025,1501,JAMBI,KERINCI,0
1452,2004,1502,JAMBI,MERANGIN,0
1453,2005,1502,JAMBI,MERANGIN,0
1454,2006,1502,JAMBI,MERANGIN,0
1455,2007,1502,JAMBI,MERANGIN,0
1456,2008,1502,JAMBI,MERANGIN,0
1457,2009,1502,JAMBI,MERANGIN,0
1458,2010,1502,JAMBI,MERANGIN,0
1459,2011,1502,JAMBI,MERANGIN,0
1460,2012,1502,JAMBI,MERANGIN,0
1461,2013,1502,JAMBI,MERANGIN,0
1462,2014,1502,JAMBI,MERANGIN,0
1463,2015,1502,JAMBI,MERANGIN,0
1464,2016,1502,JAMBI,MERANGIN,0
1465,2017,1502,JAMBI,MERANGIN,0
1466,2018,1502,JAMBI,MERANGIN,0
1467,2019,1502,JAMBI,MERANGIN,0
1468,2020,1502,JAMBI,MERANGIN,0
1469,2021,1502,JAMBI,MERANGIN,0
1470,2022,1502,JAMBI,MERANGIN,0
1471,2023,1502,JAMBI,MERANGIN,0
1472,2024,1502,JAMBI,MERANGIN,0
1473,2025,1502,JAMBI,MERANGIN,0
1474,2004,1505,JAMBI,MUARO JAMBI,0
1475,2005,1505,JAMBI,MUARO JAMBI,0
1476,2006,1505,JAMBI,MUARO JAMBI,0
1477,2007,1505,JAMBI,MUARO JAMBI,0
1478,2008,1505,JAMBI,MUARO JAMBI,0
1479,2009,1505,JAMBI,MUARO JAMBI,0
1480,2010,1505,JAMBI,MUARO JAMBI,0
1481,2011,1505,JAMBI,MUARO JAMBI,0
1482,2012,1505,JAMBI,MUARO JAMBI,0
1483,2013,1505,JAMBI,MUARO JAMBI,0
1484,2014,1505,JAMBI,MUARO JAMBI,0
1485,2015,1505,JAMBI,MUARO JAMBI,0
1486,2016,1505,JAMBI,MUARO JAMBI,0
1487,2017,1505,JAMBI,MUARO JAMBI,0
1488,2018,1505,JAMBI,MUARO JAMBI,0
1489,2019,1505,JAMBI,MUARO JAMBI,0
1490,2020,1505,JAMBI,MUARO JAMBI,0
1491,2021,1505,JAMBI,MUARO JAMBI,0
1492,2022,1505,JAMBI,MUARO JAMBI,0
1493,2023,1505,JAMBI,MUARO JAMBI,0
1494,2024,1505,JAMBI,MUARO JAMBI,0
1495,2025,1505,JAMBI,MUARO JAMBI,0
1496,2004,1503,JAMBI,SAROLANGUN,0
1497,2005,1503,JAMBI,SAROLANGUN,0
1498,2006,1503,JAMBI,SAROLANGUN,0
1499,2007,1503,JAMBI,SAROLANGUN,0
1500,2008,1503,JAMBI,SAROLANGUN,0
1501,2009,1503,JAMBI,SAROLANGUN,0
1502,2010,1503,JAMBI,SAROLANGUN,0
1503,2011,1503,JAMBI,SAROLANGUN,0
1504,2012,1503,JAMBI,SAROLANGUN,0
1505,2013,1503,JAMBI,SAROLANGUN,0
1506,2014,1503,JAMBI,SAROLANGUN,0
1507,2015,1503,JAMBI,SAROLANGUN,0
1508,2016,1503,JAMBI,SAROLANGUN,0
1509,2017,1503,JAMBI,SAROLANGUN,0
1510,2018,1503,JAMBI,SAROLANGUN,0
1511,2019,1503,JAMBI,SAROLANGUN,0
1512,2020,1503,JAMBI,SAROLANGUN,0
1513,2021,1503,JAMBI,SAROLANGUN,0
1514,2022,1503,JAMBI,SAROLANGUN,0
1515,2023,1503,JAMBI,SAROLANGUN,1
1516,2024,1503,JAMBI,SAROLANGUN,1
1517,2025,1503,JAMBI,SAROLANGUN,1
1518,2004,1572,JAMBI,KOTA SUNGAI PENUH,0
1519,2005,1572,JAMBI,KOTA SUNGAI PENUH,0
1520,2006,1572,JAMBI,KOTA SUNGAI PENUH,0
1521,2007,1572,JAMBI,KOTA SUNGAI PENUH,0
1522,2008,1572,JAMBI,KOTA SUNGAI PENUH,0
1523,2009,1572,JAMBI,KOTA SUNGAI PENUH,0
1524,2010,1572,JAMBI,KOTA SUNGAI PENUH,0
1525,2011,1572,JAMBI,KOTA SUNGAI PENUH,0
1526,2012,1572,JAMBI,KOTA SUNGAI PENUH,0
1527,2013,1572,JAMBI,KOTA SUNGAI PENUH,0
1528,2014,1572,JAMBI,KOTA SUNGAI PENUH,0
1529,2015,1572,JAMBI,KOTA SUNGAI PENUH,0
1530,2016,1572,JAMBI,KOTA SUNGAI PENUH,0
1531,2017,1572,JAMBI,KOTA SUNGAI PENUH,0
1532,2018,1572,JAMBI,KOTA SUNGAI PENUH,0
1533,2019,1572,JAMBI,KOTA SUNGAI PENUH,0
1534,2020,1572,JAMBI,KOTA SUNGAI PENUH,0
1535,2021,1572,JAMBI,KOTA SUNGAI PENUH,0
1536,2022,1572,JAMBI,KOTA SUNGAI PENUH,0
1537,2023,1572,JAMBI,KOTA SUNGAI PENUH,0
1538,2024,1572,JAMBI,KOTA SUNGAI PENUH,0
1539,2025,1572,JAMBI,KOTA SUNGAI PENUH,0
1540,2004,1507,JAMBI,TANJUNG JABUNG BARAT,0
1541,2005,1507,JAMBI,TANJUNG JABUNG BARAT,0
1542,2006,1507,JAMBI,TANJUNG JABUNG BARAT,0
1543,2007,1507,JAMBI,TANJUNG JABUNG BARAT,0
1544,2008,1507,JAMBI,TANJUNG JABUNG BARAT,0
1545,2009,1507,JAMBI,TANJUNG JABUNG BARAT,0
1546,2010,1507,JAMBI,TANJUNG JABUNG BARAT,0
1547,2011,1507,JAMBI,TANJUNG JABUNG BARAT,0
1548,2012,1507,JAMBI,TANJUNG JABUNG BARAT,0
1549,2013,1507,JAMBI,TANJUNG JABUNG BARAT,0
1550,2014,1507,JAMBI,TANJUNG JABUNG BARAT,0
1551,2015,1507,JAMBI,TANJUNG JABUNG BARAT,0
1552,2016,1507,JAMBI,TANJUNG JABUNG BARAT,0
1553,2017,1507,JAMBI,TANJUNG JABUNG BARAT,0
1554,2018,1507,JAMBI,TANJUNG JABUNG BARAT,0
1555,2019,1507,JAMBI,TANJUNG JABUNG BARAT,0
1556,2020,1507,JAMBI,TANJUNG JABUNG BARAT,0
1557,2021,1507,JAMBI,TANJUNG JABUNG BARAT,0
1558,2022,1507,JAMBI,TANJUNG JABUNG BARAT,0
1559,2023,1507,JAMBI,TANJUNG JABUNG BARAT,0
1560,2024,1507,JAMBI,TANJUNG JABUNG BARAT,0
1561,2025,1507,JAMBI,TANJUNG JABUNG BARAT,0
1562,2004,1506,JAMBI,TANJUNG JABUNG TIMUR,0
1563,2005,1506,JAMBI,TANJUNG JABUNG TIMUR,0
1564,2006,1506,JAMBI,TANJUNG JABUNG TIMUR,0
1565,2007,1506,JAMBI,TANJUNG JABUNG TIMUR,0
1566,2008,1506,JAMBI,TANJUNG JABUNG TIMUR,0
1567,2009,1506,JAMBI,TANJUNG JABUNG TIMUR,0
1568,2010,1506,JAMBI,TANJUNG JABUNG TIMUR,0
1569,2011,1506,JAMBI,TANJUNG JABUNG TIMUR,0
1570,2012,1506,JAMBI,TANJUNG JABUNG TIMUR,0
1571,2013,1506,JAMBI,TANJUNG JABUNG TIMUR,0
1572,2014,1506,JAMBI,TANJUNG JABUNG TIMUR,0
1573,2015,1506,JAMBI,TANJUNG JABUNG TIMUR,0
1574,2016,1506,JAMBI,TANJUNG JABUNG TIMUR,0
1575,2017,1506,JAMBI,TANJUNG JABUNG TIMUR,0
1576,2018,1506,JAMBI,TANJUNG JABUNG TIMUR,0
1577,2019,1506,JAMBI,TANJUNG JABUNG TIMUR,0
1578,2020,1506,JAMBI,TANJUNG JABUNG TIMUR,0
1579,2021,1506,JAMBI,TANJUNG JABUNG TIMUR,0
1580,2022,1506,JAMBI,TANJUNG JABUNG TIMUR,0
1581,2023,1506,JAMBI,TANJUNG JABUNG TIMUR,0
1582,2024,1506,JAMBI,TANJUNG JABUNG TIMUR,0
1583,2025,1506,JAMBI,TANJUNG JABUNG TIMUR,0
1584,2004,1508,JAMBI,TEBO,0
1585,2005,1508,JAMBI,TEBO,0
1586,2006,1508,JAMBI,TEBO,0
1587,2007,1508,JAMBI,TEBO,0
1588,2008,1508,JAMBI,TEBO,0
1589,2009,1508,JAMBI,TEBO,0
1590,2010,1508,JAMBI,TEBO,0
1591,2011,1508,JAMBI,TEBO,0
1592,2012,1508,JAMBI,TEBO,0
1593,2013,1508,JAMBI,TEBO,0
1594,2014,1508,JAMBI,TEBO,0
1595,2015,1508,JAMBI,TEBO,0
1596,2016,1508,JAMBI,TEBO,0
1597,2017,1508,JAMBI,TEBO,0
1598,2018,1508,JAMBI,TEBO,0
1599,2019,1508,JAMBI,TEBO,0
1600,2020,1508,JAMBI,TEBO,0
1601,2021,1508,JAMBI,TEBO,0
1602,2022,1508,JAMBI,TEBO,0
1603,2023,1508,JAMBI,TEBO,0
1604,2024,1508,JAMBI,TEBO,0
1605,2025,1508,JAMBI,TEBO,0
1606,2004,3204,JAWA BARAT,BANDUNG,0
1607,2005,3204,JAWA BARAT,BANDUNG,0
1608,2006,3204,JAWA BARAT,BANDUNG,0
1609,2007,3204,JAWA BARAT,BANDUNG,0
1610,2008,3204,JAWA BARAT,BANDUNG,0
1611,2009,3204,JAWA BARAT,BANDUNG,0
1612,2010,3204,JAWA BARAT,BANDUNG,0
1613,2011,3204,JAWA BARAT,BANDUNG,0
1614,2012,3204,JAWA BARAT,BANDUNG,0
1615,2013,3204,JAWA BARAT,BANDUNG,0
1616,2014,3204,JAWA BARAT,BANDUNG,0
1617,2015,3204,JAWA BARAT,BANDUNG,0
1618,2016,3204,JAWA BARAT,BANDUNG,1
1619,2017,3204,JAWA BARAT,BANDUNG,1
1620,2018,3204,JAWA BARAT,BANDUNG,1
1621,2019,3204,JAWA BARAT,BANDUNG,1
1622,2020,3204,JAWA BARAT,BANDUNG,1
1623,2021,3204,JAWA BARAT,BANDUNG,1
1624,2022,3204,JAWA BARAT,BANDUNG,1
1625,2023,3204,JAWA BARAT,BANDUNG,1
1626,2024,3204,JAWA BARAT,BANDUNG,1
1627,2025,3204,JAWA BARAT,BANDUNG,1
1628,2004,3217,JAWA BARAT,BANDUNG BARAT,0
1629,2005,3217,JAWA BARAT,BANDUNG BARAT,0
1630,2006,3217,JAWA BARAT,BANDUNG BARAT,0
1631,2007,3217,JAWA BARAT,BANDUNG BARAT,0
1632,2008,3217,JAWA BARAT,BANDUNG BARAT,0
1633,2009,3217,JAWA BARAT,BANDUNG BARAT,0
1634,2010,3217,JAWA BARAT,BANDUNG BARAT,0
1635,2011,3217,JAWA BARAT,BANDUNG BARAT,0
1636,2012,3217,JAWA BARAT,BANDUNG BARAT,0
1637,2013,3217,JAWA BARAT,BANDUNG BARAT,0
1638,2014,3217,JAWA BARAT,BANDUNG BARAT,0
1639,2015,3217,JAWA BARAT,BANDUNG BARAT,1
1640,2016,3217,JAWA BARAT,BANDUNG BARAT,1
1641,2017,3217,JAWA BARAT,BANDUNG BARAT,1
1642,2018,3217,JAWA BARAT,BANDUNG BARAT,1
1643,2019,3217,JAWA BARAT,BANDUNG BARAT,1
1644,2020,3217,JAWA BARAT,BANDUNG BARAT,1
1645,2021,3217,JAWA BARAT,BANDUNG BARAT,1
1646,2022,3217,JAWA BARAT,BANDUNG BARAT,1
1647,2023,3217,JAWA BARAT,BANDUNG BARAT,1
1648,2024,3217,JAWA BARAT,BANDUNG BARAT,1
1649,2025,3217,JAWA BARAT,BANDUNG BARAT,1
1650,2004,3273,JAWA BARAT,KOTA BANDUNG,0
1651,2005,3273,JAWA BARAT,KOTA BANDUNG,0
1652,2006,3273,JAWA BARAT,KOTA BANDUNG,0
1653,2007,3273,JAWA BARAT,KOTA BANDUNG,0
1654,2008,3273,JAWA BARAT,KOTA BANDUNG,0
1655,2009,3273,JAWA BARAT,KOTA BANDUNG,0
1656,2010,3273,JAWA BARAT,KOTA BANDUNG,0
1657,2011,3273,JAWA BARAT,KOTA BANDUNG,0
1658,2012,3273,JAWA BARAT,KOTA BANDUNG,0
1659,2013,3273,JAWA BARAT,KOTA BANDUNG,0
1660,2014,3273,JAWA BARAT,KOTA BANDUNG,0
1661,2015,3273,JAWA BARAT,KOTA BANDUNG,0
1662,2016,3273,JAWA BARAT,KOTA BANDUNG,0
1663,2017,3273,JAWA BARAT,KOTA BANDUNG,0
1664,2018,3273,JAWA BARAT,KOTA BANDUNG,0
1665,2019,3273,JAWA BARAT,KOTA BANDUNG,0
1666,2020,3273,JAWA BARAT,KOTA BANDUNG,0
1667,2021,3273,JAWA BARAT,KOTA BANDUNG,0
1668,2022,3273,JAWA BARAT,KOTA BANDUNG,0
1669,2023,3273,JAWA BARAT,KOTA BANDUNG,0
1670,2024,3273,JAWA BARAT,KOTA BANDUNG,0
1671,2025,3273,JAWA BARAT,KOTA BANDUNG,1
1672,2004,3279,JAWA BARAT,KOTA BANJAR,0
1673,2005,3279,JAWA BARAT,KOTA BANJAR,0
1674,2006,3279,JAWA BARAT,KOTA BANJAR,0
1675,2007,3279,JAWA BARAT,KOTA BANJAR,0
1676,2008,3279,JAWA BARAT,KOTA BANJAR,0
1677,2009,3279,JAWA BARAT,KOTA BANJAR,0
1678,2010,3279,JAWA BARAT,KOTA BANJAR,0
1679,2011,3279,JAWA BARAT,KOTA BANJAR,0
1680,2012,3279,JAWA BARAT,KOTA BANJAR,0
1681,2013,3279,JAWA BARAT,KOTA BANJAR,0
1682,2014,3279,JAWA BARAT,KOTA BANJAR,0
1683,2015,3279,JAWA BARAT,KOTA BANJAR,0
1684,2016,3279,JAWA BARAT,KOTA BANJAR,0
1685,2017,3279,JAWA BARAT,KOTA BANJAR,1
1686,2018,3279,JAWA BARAT,KOTA BANJAR,1
1687,2019,3279,JAWA BARAT,KOTA BANJAR,1
1688,2020,3279,JAWA BARAT,KOTA BANJAR,1
1689,2021,3279,JAWA BARAT,KOTA BANJAR,1
1690,2022,3279,JAWA BARAT,KOTA BANJAR,1
1691,2023,3279,JAWA BARAT,KOTA BANJAR,1
1692,2024,3279,JAWA BARAT,KOTA BANJAR,1
1693,2025,3279,JAWA BARAT,KOTA BANJAR,1
1694,2004,3216,JAWA BARAT,BEKASI,0
1695,2005,3216,JAWA BARAT,BEKASI,0
1696,2006,3216,JAWA BARAT,BEKASI,0
1697,2007,3216,JAWA BARAT,BEKASI,0
1698,2008,3216,JAWA BARAT,BEKASI,0
1699,2009,3216,JAWA BARAT,BEKASI,0
1700,2010,3216,JAWA BARAT,BEKASI,0
1701,2011,3216,JAWA BARAT,BEKASI,0
1702,2012,3216,JAWA BARAT,BEKASI,0
1703,2013,3216,JAWA BARAT,BEKASI,0
1704,2014,3216,JAWA BARAT,BEKASI,0
1705,2015,3216,JAWA BARAT,BEKASI,0
1706,2016,3216,JAWA BARAT,BEKASI,0
1707,2017,3216,JAWA BARAT,BEKASI,0
1708,2018,3216,JAWA BARAT,BEKASI,0
1709,2019,3216,JAWA BARAT,BEKASI,0
1710,2020,3216,JAWA BARAT,BEKASI,1
1711,2021,3216,JAWA BARAT,BEKASI,1
1712,2022,3216,JAWA BARAT,BEKASI,1
1713,2023,3216,JAWA BARAT,BEKASI,1
1714,2024,3216,JAWA BARAT,BEKASI,1
1715,2025,3216,JAWA BARAT,BEKASI,1
1716,2004,3275,JAWA BARAT,KOTA BEKASI,0
1717,2005,3275,JAWA BARAT,KOTA BEKASI,0
1718,2006,3275,JAWA BARAT,KOTA BEKASI,0
1719,2007,3275,JAWA BARAT,KOTA BEKASI,0
1720,2008,3275,JAWA BARAT,KOTA BEKASI,0
1721,2009,3275,JAWA BARAT,KOTA BEKASI,0
1722,2010,3275,JAWA BARAT,KOTA BEKASI,0
1723,2011,3275,JAWA BARAT,KOTA BEKASI,0
1724,2012,3275,JAWA BARAT,KOTA BEKASI,1
1725,2013,3275,JAWA BARAT,KOTA BEKASI,1
1726,2014,3275,JAWA BARAT,KOTA BEKASI,1
1727,2015,3275,JAWA BARAT,KOTA BEKASI,1
1728,2016,3275,JAWA BARAT,KOTA BEKASI,1
1729,2017,3275,JAWA BARAT,KOTA BEKASI,1
1730,2018,3275,JAWA BARAT,KOTA BEKASI,1
1731,2019,3275,JAWA BARAT,KOTA BEKASI,1
1732,2020,3275,JAWA BARAT,KOTA BEKASI,1
1733,2021,3275,JAWA BARAT,KOTA BEKASI,1
1734,2022,3275,JAWA BARAT,KOTA BEKASI,1
1735,2023,3275,JAWA BARAT,KOTA BEKASI,1
1736,2024,3275,JAWA BARAT,KOTA BEKASI,1
1737,2025,3275,JAWA BARAT,KOTA BEKASI,1
1738,2004,3201,JAWA BARAT,BOGOR,0
1739,2005,3201,JAWA BARAT,BOGOR,0
1740,2006,3201,JAWA BARAT,BOGOR,0
1741,2007,3201,JAWA BARAT,BOGOR,0
1742,2008,3201,JAWA BARAT,BOGOR,0
1743,2009,3201,JAWA BARAT,BOGOR,0
1744,2010,3201,JAWA BARAT,BOGOR,0
1745,2011,3201,JAWA BARAT,BOGOR,0
1746,2012,3201,JAWA BARAT,BOGOR,0
1747,2013,3201,JAWA BARAT,BOGOR,0
1748,2014,3201,JAWA BARAT,BOGOR,0
1749,2015,3201,JAWA BARAT,BOGOR,0
1750,2016,3201,JAWA BARAT,BOGOR,0
1751,2017,3201,JAWA BARAT,BOGOR,0
1752,2018,3201,JAWA BARAT,BOGOR,0
1753,2019,3201,JAWA BARAT,BOGOR,0
1754,2020,3201,JAWA BARAT,BOGOR,0
1755,2021,3201,JAWA BARAT,BOGOR,0
1756,2022,3201,JAWA BARAT,BOGOR,0
1757,2023,3201,JAWA BARAT,BOGOR,0
1758,2024,3201,JAWA BARAT,BOGOR,0
1759,2025,3201,JAWA BARAT,BOGOR,0
1760,2004,3271,JAWA BARAT,KOTA BOGOR,0
1761,2005,3271,JAWA BARAT,KOTA BOGOR,0
1762,2006,3271,JAWA BARAT,KOTA BOGOR,0
1763,2007,3271,JAWA BARAT,KOTA BOGOR,0
1764,2008,3271,JAWA BARAT,KOTA BOGOR,0
1765,2009,3271,JAWA BARAT,KOTA BOGOR,0
1766,2010,3271,JAWA BARAT,KOTA BOGOR,0
1767,2011,3271,JAWA BARAT,KOTA BOGOR,0
1768,2012,3271,JAWA BARAT,KOTA BOGOR,0
1769,2013,3271,JAWA BARAT,KOTA BOGOR,0
1770,2014,3271,JAWA BARAT,KOTA BOGOR,0
1771,2015,3271,JAWA BARAT,KOTA BOGOR,0
1772,2016,3271,JAWA BARAT,KOTA BOGOR,0
1773,2017,3271,JAWA BARAT,KOTA BOGOR,0
1774,2018,3271,JAWA BARAT,KOTA BOGOR,0
1775,2019,3271,JAWA BARAT,KOTA BOGOR,0
1776,2020,3271,JAWA BARAT,KOTA BOGOR,0
1777,2021,3271,JAWA BARAT,KOTA BOGOR,0
1778,2022,3271,JAWA BARAT,KOTA BOGOR,0
1779,2023,3271,JAWA BARAT,KOTA BOGOR,0
1780,2024,3271,JAWA BARAT,KOTA BOGOR,0
1781,2025,3271,JAWA BARAT,KOTA BOGOR,0
1782,2004,3207,JAWA BARAT,CIAMIS,0
1783,2005,3207,JAWA BARAT,CIAMIS,0
1784,2006,3207,JAWA BARAT,CIAMIS,0
1785,2007,3207,JAWA BARAT,CIAMIS,0
1786,2008,3207,JAWA BARAT,CIAMIS,0
1787,2009,3207,JAWA BARAT,CIAMIS,0
1788,2010,3207,JAWA BARAT,CIAMIS,0
1789,2011,3207,JAWA BARAT,CIAMIS,0
1790,2012,3207,JAWA BARAT,CIAMIS,0
1791,2013,3207,JAWA BARAT,CIAMIS,0
1792,2014,3207,JAWA BARAT,CIAMIS,0
1793,2015,3207,JAWA BARAT,CIAMIS,0
1794,2016,3207,JAWA BARAT,CIAMIS,0
1795,2017,3207,JAWA BARAT,CIAMIS,0
1796,2018,3207,JAWA BARAT,CIAMIS,0
1797,2019,3207,JAWA BARAT,CIAMIS,0
1798,2020,3207,JAWA BARAT,CIAMIS,0
1799,2021,3207,JAWA BARAT,CIAMIS,0
1800,2022,3207,JAWA BARAT,CIAMIS,0
1801,2023,3207,JAWA BARAT,CIAMIS,0
1802,2024,3207,JAWA BARAT,CIAMIS,0
1803,2025,3207,JAWA BARAT,CIAMIS,0
1804,2004,3203,JAWA BARAT,CIANJUR,0
1805,2005,3203,JAWA BARAT,CIANJUR,0
1806,2006,3203,JAWA BARAT,CIANJUR,0
1807,2007,3203,JAWA BARAT,CIANJUR,0
1808,2008,3203,JAWA BARAT,CIANJUR,0
1809,2009,3203,JAWA BARAT,CIANJUR,0
1810,2010,3203,JAWA BARAT,CIANJUR,0
1811,2011,3203,JAWA BARAT,CIANJUR,0
1812,2012,3203,JAWA BARAT,CIANJUR,0
1813,2013,3203,JAWA BARAT,CIANJUR,0
1814,2014,3203,JAWA BARAT,CIANJUR,0
1815,2015,3203,JAWA BARAT,CIANJUR,0
1816,2016,3203,JAWA BARAT,CIANJUR,0
1817,2017,3203,JAWA BARAT,CIANJUR,0
1818,2018,3203,JAWA BARAT,CIANJUR,0
1819,2019,3203,JAWA BARAT,CIANJUR,0
1820,2020,3203,JAWA BARAT,CIANJUR,0
1821,2021,3203,JAWA BARAT,CIANJUR,0
1822,2022,3203,JAWA BARAT,CIANJUR,0
1823,2023,3203,JAWA BARAT,CIANJUR,0
1824,2024,3203,JAWA BARAT,CIANJUR,0
1825,2025,3203,JAWA BARAT,CIANJUR,0
1826,2004,3277,JAWA BARAT,KOTA CIMAHI,0
1827,2005,3277,JAWA BARAT,KOTA CIMAHI,0
1828,2006,3277,JAWA BARAT,KOTA CIMAHI,0
1829,2007,3277,JAWA BARAT,KOTA CIMAHI,0
1830,2008,3277,JAWA BARAT,KOTA CIMAHI,0
1831,2009,3277,JAWA BARAT,KOTA CIMAHI,0
1832,2010,3277,JAWA BARAT,KOTA CIMAHI,0
1833,2011,3277,JAWA BARAT,KOTA CIMAHI,0
1834,2012,3277,JAWA BARAT,KOTA CIMAHI,0
1835,2013,3277,JAWA BARAT,KOTA CIMAHI,0
1836,2014,3277,JAWA BARAT,KOTA CIMAHI,0
1837,2015,3277,JAWA BARAT,KOTA CIMAHI,0
1838,2016,3277,JAWA BARAT,KOTA CIMAHI,0
1839,2017,3277,JAWA BARAT,KOTA CIMAHI,0
1840,2018,3277,JAWA BARAT,KOTA CIMAHI,1
1841,2019,3277,JAWA BARAT,KOTA CIMAHI,1
1842,2020,3277,JAWA BARAT,KOTA CIMAHI,1
1843,2021,3277,JAWA BARAT,KOTA CIMAHI,1
1844,2022,3277,JAWA BARAT,KOTA CIMAHI,1
1845,2023,3277,JAWA BARAT,KOTA CIMAHI,1
1846,2024,3277,JAWA BARAT,KOTA CIMAHI,1
1847,2025,3277,JAWA BARAT,KOTA CIMAHI,1
1848,2004,3209,JAWA BARAT,CIREBON,0
1849,2005,3209,JAWA BARAT,CIREBON,0
1850,2006,3209,JAWA BARAT,CIREBON,0
1851,2007,3209,JAWA BARAT,CIREBON,0
1852,2008,3209,JAWA BARAT,CIREBON,0
1853,2009,3209,JAWA BARAT,CIREBON,0
1854,2010,3209,JAWA BARAT,CIREBON,0
1855,2011,3209,JAWA BARAT,CIREBON,0
1856,2012,3209,JAWA BARAT,CIREBON,0
1857,2013,3209,JAWA BARAT,CIREBON,0
1858,2014,3209,JAWA BARAT,CIREBON,0
1859,2015,3209,JAWA BARAT,CIREBON,0
1860,2016,3209,JAWA BARAT,CIREBON,0
1861,2017,3209,JAWA BARAT,CIREBON,0
1862,2018,3209,JAWA BARAT,CIREBON,1
1863,2019,3209,JAWA BARAT,CIREBON,1
1864,2020,3209,JAWA BARAT,CIREBON,1
1865,2021,3209,JAWA BARAT,CIREBON,1
1866,2022,3209,JAWA BARAT,CIREBON,1
1867,2023,3209,JAWA BARAT,CIREBON,1
1868,2024,3209,JAWA BARAT,CIREBON,1
1869,2025,3209,JAWA BARAT,CIREBON,1
1870,2004,3274,JAWA BARAT,KOTA CIREBON,0
1871,2005,3274,JAWA BARAT,KOTA CIREBON,0
1872,2006,3274,JAWA BARAT,KOTA CIREBON,0
1873,2007,3274,JAWA BARAT,KOTA CIREBON,0
1874,2008,3274,JAWA BARAT,KOTA CIREBON,0
1875,2009,3274,JAWA BARAT,KOTA CIREBON,0
1876,2010,3274,JAWA BARAT,KOTA CIREBON,0
1877,2011,3274,JAWA BARAT,KOTA CIREBON,0
1878,2012,3274,JAWA BARAT,KOTA CIREBON,0
1879,2013,3274,JAWA BARAT,KOTA CIREBON,0
1880,2014,3274,JAWA BARAT,KOTA CIREBON,0
1881,2015,3274,JAWA BARAT,KOTA CIREBON,0
1882,2016,3274,JAWA BARAT,KOTA CIREBON,0
1883,2017,3274,JAWA BARAT,KOTA CIREBON,0
1884,2018,3274,JAWA BARAT,KOTA CIREBON,0
1885,2019,3274,JAWA BARAT,KOTA CIREBON,0
1886,2020,3274,JAWA BARAT,KOTA CIREBON,0
1887,2021,3274,JAWA BARAT,KOTA CIREBON,0
1888,2022,3274,JAWA BARAT,KOTA CIREBON,0
1889,2023,3274,JAWA BARAT,KOTA CIREBON,0
1890,2024,3274,JAWA BARAT,KOTA CIREBON,1
1891,2025,3274,JAWA BARAT,KOTA CIREBON,1
1892,2004,3276,JAWA BARAT,KOTA DEPOK,0
1893,2005,3276,JAWA BARAT,KOTA DEPOK,0
1894,2006,3276,JAWA BARAT,KOTA DEPOK,0
1895,2007,3276,JAWA BARAT,KOTA DEPOK,0
1896,2008,3276,JAWA BARAT,KOTA DEPOK,0
1897,2009,3276,JAWA BARAT,KOTA DEPOK,0
1898,2010,3276,JAWA BARAT,KOTA DEPOK,0
1899,2011,3276,JAWA BARAT,KOTA DEPOK,0
1900,2012,3276,JAWA BARAT,KOTA DEPOK,0
1901,2013,3276,JAWA BARAT,KOTA DEPOK,0
1902,2014,3276,JAWA BARAT,KOTA DEPOK,0
1903,2015,3276,JAWA BARAT,KOTA DEPOK,0
1904,2016,3276,JAWA BARAT,KOTA DEPOK,0
1905,2017,3276,JAWA BARAT,KOTA DEPOK,0
1906,2018,3276,JAWA BARAT,KOTA DEPOK,0
1907,2019,3276,JAWA BARAT,KOTA DEPOK,0
1908,2020,3276,JAWA BARAT,KOTA DEPOK,0
1909,2021,3276,JAWA BARAT,KOTA DEPOK,0
1910,2022,3276,JAWA BARAT,KOTA DEPOK,0
1911,2023,3276,JAWA BARAT,KOTA DEPOK,0
1912,2024,3276,JAWA BARAT,KOTA DEPOK,0
1913,2025,3276,JAWA BARAT,KOTA DEPOK,0
1914,2004,3205,JAWA BARAT,GARUT,0
1915,2005,3205,JAWA BARAT,GARUT,0
1916,2006,3205,JAWA BARAT,GARUT,0
1917,2007,3205,JAWA BARAT,GARUT,0
1918,2008,3205,JAWA BARAT,GARUT,0
1919,2009,3205,JAWA BARAT,GARUT,0
1920,2010,3205,JAWA BARAT,GARUT,0
1921,2011,3205,JAWA BARAT,GARUT,0
1922,2012,3205,JAWA BARAT,GARUT,0
1923,2013,3205,JAWA BARAT,GARUT,0
1924,2014,3205,JAWA BARAT,GARUT,0
1925,2015,3205,JAWA BARAT,GARUT,0
1926,2016,3205,JAWA BARAT,GARUT,1
1927,2017,3205,JAWA BARAT,GARUT,1
1928,2018,3205,JAWA BARAT,GARUT,1
1929,2019,3205,JAWA BARAT,GARUT,1
1930,2020,3205,JAWA BARAT,GARUT,1
1931,2021,3205,JAWA BARAT,GARUT,1
1932,2022,3205,JAWA BARAT,GARUT,1
1933,2023,3205,JAWA BARAT,GARUT,1
1934,2024,3205,JAWA BARAT,GARUT,1
1935,2025,3205,JAWA BARAT,GARUT,1
1936,2004,3212,JAWA BARAT,INDRAMAYU,0
1937,2005,3212,JAWA BARAT,INDRAMAYU,0
1938,2006,3212,JAWA BARAT,INDRAMAYU,0
1939,2007,3212,JAWA BARAT,INDRAMAYU,0
1940,2008,3212,JAWA BARAT,INDRAMAYU,0
1941,2009,3212,JAWA BARAT,INDRAMAYU,0
1942,2010,3212,JAWA BARAT,INDRAMAYU,0
1943,2011,3212,JAWA BARAT,INDRAMAYU,0
1944,2012,3212,JAWA BARAT,INDRAMAYU,1
1945,2013,3212,JAWA BARAT,INDRAMAYU,1
1946,2014,3212,JAWA BARAT,INDRAMAYU,1
1947,2015,3212,JAWA BARAT,INDRAMAYU,1
1948,2016,3212,JAWA BARAT,INDRAMAYU,1
1949,2017,3212,JAWA BARAT,INDRAMAYU,1
1950,2018,3212,JAWA BARAT,INDRAMAYU,1
1951,2019,3212,JAWA BARAT,INDRAMAYU,1
1952,2020,3212,JAWA BARAT,INDRAMAYU,1
1953,2021,3212,JAWA BARAT,INDRAMAYU,1
1954,2022,3212,JAWA BARAT,INDRAMAYU,1
1955,2023,3212,JAWA BARAT,INDRAMAYU,1
1956,2024,3212,JAWA BARAT,INDRAMAYU,1
1957,2025,3212,JAWA BARAT,INDRAMAYU,1
1958,2004,3215,JAWA BARAT,KARAWANG,0
1959,2005,3215,JAWA BARAT,KARAWANG,0
1960,2006,3215,JAWA BARAT,KARAWANG,0
1961,2007,3215,JAWA BARAT,KARAWANG,0
1962,2008,3215,JAWA BARAT,KARAWANG,0
1963,2009,3215,JAWA BARAT,KARAWANG,0
1964,2010,3215,JAWA BARAT,KARAWANG,0
1965,2011,3215,JAWA BARAT,KARAWANG,0
1966,2012,3215,JAWA BARAT,KARAWANG,0
1967,2013,3215,JAWA BARAT,KARAWANG,0
1968,2014,3215,JAWA BARAT,KARAWANG,0
1969,2015,3215,JAWA BARAT,KARAWANG,0
1970,2016,3215,JAWA BARAT,KARAWANG,0
1971,2017,3215,JAWA BARAT,KARAWANG,1
1972,2018,3215,JAWA BARAT,KARAWANG,1
1973,2019,3215,JAWA BARAT,KARAWANG,1
1974,2020,3215,JAWA BARAT,KARAWANG,1
1975,2021,3215,JAWA BARAT,KARAWANG,1
1976,2022,3215,JAWA BARAT,KARAWANG,1
1977,2023,3215,JAWA BARAT,KARAWANG,1
1978,2024,3215,JAWA BARAT,KARAWANG,1
1979,2025,3215,JAWA BARAT,KARAWANG,1
1980,2004,3208,JAWA BARAT,KUNINGAN,0
1981,2005,3208,JAWA BARAT,KUNINGAN,0
1982,2006,3208,JAWA BARAT,KUNINGAN,0
1983,2007,3208,JAWA BARAT,KUNINGAN,0
1984,2008,3208,JAWA BARAT,KUNINGAN,0
1985,2009,3208,JAWA BARAT,KUNINGAN,0
1986,2010,3208,JAWA BARAT,KUNINGAN,0
1987,2011,3208,JAWA BARAT,KUNINGAN,0
1988,2012,3208,JAWA BARAT,KUNINGAN,0
1989,2013,3208,JAWA BARAT,KUNINGAN,0
1990,2014,3208,JAWA BARAT,KUNINGAN,0
1991,2015,3208,JAWA BARAT,KUNINGAN,0
1992,2016,3208,JAWA BARAT,KUNINGAN,0
1993,2017,3208,JAWA BARAT,KUNINGAN,0
1994,2018,3208,JAWA BARAT,KUNINGAN,0
1995,2019,3208,JAWA BARAT,KUNINGAN,0
1996,2020,3208,JAWA BARAT,KUNINGAN,0
1997,2021,3208,JAWA BARAT,KUNINGAN,0
1998,2022,3208,JAWA BARAT,KUNINGAN,0
1999,2023,3208,JAWA BARAT,KUNINGAN,0
2000,2024,3208,JAWA BARAT,KUNINGAN,0
2001,2025,3208,JAWA BARAT,KUNINGAN,0
2002,2004,3210,JAWA BARAT,MAJALENGKA,0
2003,2005,3210,JAWA BARAT,MAJALENGKA,0
2004,2006,3210,JAWA BARAT,MAJALENGKA,0
2005,2007,3210,JAWA BARAT,MAJALENGKA,0
2006,2008,3210,JAWA BARAT,MAJALENGKA,0
2007,2009,3210,JAWA BARAT,MAJALENGKA,0
2008,2010,3210,JAWA BARAT,MAJALENGKA,0
2009,2011,3210,JAWA BARAT,MAJALENGKA,0
2010,2012,3210,JAWA BARAT,MAJALENGKA,0
2011,2013,3210,JAWA BARAT,MAJALENGKA,0
2012,2014,3210,JAWA BARAT,MAJALENGKA,0
2013,2015,3210,JAWA BARAT,MAJALENGKA,0
2014,2016,3210,JAWA BARAT,MAJALENGKA,0
2015,2017,3210,JAWA BARAT,MAJALENGKA,0
2016,2018,3210,JAWA BARAT,MAJALENGKA,0
2017,2019,3210,JAWA BARAT,MAJALENGKA,0
2018,2020,3210,JAWA BARAT,MAJALENGKA,0
2019,2021,3210,JAWA BARAT,MAJALENGKA,1
2020,2022,3210,JAWA BARAT,MAJALENGKA,1
2021,2023,3210,JAWA BARAT,MAJALENGKA,1
2022,2024,3210,JAWA BARAT,MAJALENGKA,1
2023,2025,3210,JAWA BARAT,MAJALENGKA,1
2024,2004,3218,JAWA BARAT,PANGANDARAN,0
2025,2005,3218,JAWA BARAT,PANGANDARAN,0
2026,2006,3218,JAWA BARAT,PANGANDARAN,0
2027,2007,3218,JAWA BARAT,PANGANDARAN,0
2028,2008,3218,JAWA BARAT,PANGANDARAN,0
2029,2009,3218,JAWA BARAT,PANGANDARAN,0
2030,2010,3218,JAWA BARAT,PANGANDARAN,0
2031,2011,3218,JAWA BARAT,PANGANDARAN,0
2032,2012,3218,JAWA BARAT,PANGANDARAN,0
2033,2013,3218,JAWA BARAT,PANGANDARAN,0
2034,2014,3218,JAWA BARAT,PANGANDARAN,0
2035,2015,3218,JAWA BARAT,PANGANDARAN,0
2036,2016,3218,JAWA BARAT,PANGANDARAN,0
2037,2017,3218,JAWA BARAT,PANGANDARAN,0
2038,2018,3218,JAWA BARAT,PANGANDARAN,0
2039,2019,3218,JAWA BARAT,PANGANDARAN,1
2040,2020,3218,JAWA BARAT,PANGANDARAN,1
2041,2021,3218,JAWA BARAT,PANGANDARAN,1
2042,2022,3218,JAWA BARAT,PANGANDARAN,1
2043,2023,3218,JAWA BARAT,PANGANDARAN,1
2044,2024,3218,JAWA BARAT,PANGANDARAN,1
2045,2025,3218,JAWA BARAT,PANGANDARAN,1
2046,2004,3214,JAWA BARAT,PURWAKARTA,0
2047,2005,3214,JAWA BARAT,PURWAKARTA,0
2048,2006,3214,JAWA BARAT,PURWAKARTA,0
2049,2007,3214,JAWA BARAT,PURWAKARTA,0
2050,2008,3214,JAWA BARAT,PURWAKARTA,0
2051,2009,3214,JAWA BARAT,PURWAKARTA,0
2052,2010,3214,JAWA BARAT,PURWAKARTA,0
2053,2011,3214,JAWA BARAT,PURWAKARTA,0
2054,2012,3214,JAWA BARAT,PURWAKARTA,0
2055,2013,3214,JAWA BARAT,PURWAKARTA,0
2056,2014,3214,JAWA BARAT,PURWAKARTA,0
2057,2015,3214,JAWA BARAT,PURWAKARTA,0
2058,2016,3214,JAWA BARAT,PURWAKARTA,0
2059,2017,3214,JAWA BARAT,PURWAKARTA,0
2060,2018,3214,JAWA BARAT,PURWAKARTA,0
2061,2019,3214,JAWA BARAT,PURWAKARTA,0
2062,2020,3214,JAWA BARAT,PURWAKARTA,0
2063,2021,3214,JAWA BARAT,PURWAKARTA,1
2064,2022,3214,JAWA BARAT,PURWAKARTA,1
2065,2023,3214,JAWA BARAT,PURWAKARTA,1
2066,2024,3214,JAWA BARAT,PURWAKARTA,1
2067,2025,3214,JAWA BARAT,PURWAKARTA,1
2068,2004,3213,JAWA BARAT,SUBANG,0
2069,2005,3213,JAWA BARAT,SUBANG,0
2070,2006,3213,JAWA BARAT,SUBANG,0
2071,2007,3213,JAWA BARAT,SUBANG,0
2072,2008,3213,JAWA BARAT,SUBANG,0
2073,2009,3213,JAWA BARAT,SUBANG,0
2074,2010,3213,JAWA BARAT,SUBANG,0
2075,2011,3213,JAWA BARAT,SUBANG,0
2076,2012,3213,JAWA BARAT,SUBANG,0
2077,2013,3213,JAWA BARAT,SUBANG,0
2078,2014,3213,JAWA BARAT,SUBANG,0
2079,2015,3213,JAWA BARAT,SUBANG,0
2080,2016,3213,JAWA BARAT,SUBANG,0
2081,2017,3213,JAWA BARAT,SUBANG,0
2082,2018,3213,JAWA BARAT,SUBANG,0
2083,2019,3213,JAWA BARAT,SUBANG,0
2084,2020,3213,JAWA BARAT,SUBANG,0
2085,2021,3213,JAWA BARAT,SUBANG,0
2086,2022,3213,JAWA BARAT,SUBANG,0
2087,2023,3213,JAWA BARAT,SUBANG,0
2088,2024,3213,JAWA BARAT,SUBANG,0
2089,2025,3213,JAWA BARAT,SUBANG,0
2090,2004,3202,JAWA BARAT,SUKABUMI,0
2091,2005,3202,JAWA BARAT,SUKABUMI,0
2092,2006,3202,JAWA BARAT,SUKABUMI,0
2093,2007,3202,JAWA BARAT,SUKABUMI,0
2094,2008,3202,JAWA BARAT,SUKABUMI,0
2095,2009,3202,JAWA BARAT,SUKABUMI,0
2096,2010,3202,JAWA BARAT,SUKABUMI,0
2097,2011,3202,JAWA BARAT,SUKABUMI,0
2098,2012,3202,JAWA BARAT,SUKABUMI,0
2099,2013,3202,JAWA BARAT,SUKABUMI,0
2100,2014,3202,JAWA BARAT,SUKABUMI,0
2101,2015,3202,JAWA BARAT,SUKABUMI,0
2102,2016,3202,JAWA BARAT,SUKABUMI,0
2103,2017,3202,JAWA BARAT,SUKABUMI,0
2104,2018,3202,JAWA BARAT,SUKABUMI,0
2105,2019,3202,JAWA BARAT,SUKABUMI,0
2106,2020,3202,JAWA BARAT,SUKABUMI,0
2107,2021,3202,JAWA BARAT,SUKABUMI,0
2108,2022,3202,JAWA BARAT,SUKABUMI,0
2109,2023,3202,JAWA BARAT,SUKABUMI,0
2110,2024,3202,JAWA BARAT,SUKABUMI,0
2111,2025,3202,JAWA BARAT,SUKABUMI,0
2112,2004,3272,JAWA BARAT,KOTA SUKABUMI,0
2113,2005,3272,JAWA BARAT,KOTA SUKABUMI,0
2114,2006,3272,JAWA BARAT,KOTA SUKABUMI,0
2115,2007,3272,JAWA BARAT,KOTA SUKABUMI,0
2116,2008,3272,JAWA BARAT,KOTA SUKABUMI,0
2117,2009,3272,JAWA BARAT,KOTA SUKABUMI,0
2118,2010,3272,JAWA BARAT,KOTA SUKABUMI,0
2119,2011,3272,JAWA BARAT,KOTA SUKABUMI,0
2120,2012,3272,JAWA BARAT,KOTA SUKABUMI,0
2121,2013,3272,JAWA BARAT,KOTA SUKABUMI,0
2122,2014,3272,JAWA BARAT,KOTA SUKABUMI,0
2123,2015,3272,JAWA BARAT,KOTA SUKABUMI,0
2124,2016,3272,JAWA BARAT,KOTA SUKABUMI,0
2125,2017,3272,JAWA BARAT,KOTA SUKABUMI,0
2126,2018,3272,JAWA BARAT,KOTA SUKABUMI,0
2127,2019,3272,JAWA BARAT,KOTA SUKABUMI,0
2128,2020,3272,JAWA BARAT,KOTA SUKABUMI,0
2129,2021,3272,JAWA BARAT,KOTA SUKABUMI,0
2130,2022,3272,JAWA BARAT,KOTA SUKABUMI,0
2131,2023,3272,JAWA BARAT,KOTA SUKABUMI,0
2132,2024,3272,JAWA BARAT,KOTA SUKABUMI,0
2133,2025,3272,JAWA BARAT,KOTA SUKABUMI,0
2134,2004,3211,JAWA BARAT,SUMEDANG,0
2135,2005,3211,JAWA BARAT,SUMEDANG,0
2136,2006,3211,JAWA BARAT,SUMEDANG,0
2137,2007,3211,JAWA BARAT,SUMEDANG,0
2138,2008,3211,JAWA BARAT,SUMEDANG,0
2139,2009,3211,JAWA BARAT,SUMEDANG,0
2140,2010,3211,JAWA BARAT,SUMEDANG,0
2141,2011,3211,JAWA BARAT,SUMEDANG,0
2142,2012,3211,JAWA BARAT,SUMEDANG,0
2143,2013,3211,JAWA BARAT,SUMEDANG,0
2144,2014,3211,JAWA BARAT,SUMEDANG,0
2145,2015,3211,JAWA BARAT,SUMEDANG,0
2146,2016,3211,JAWA BARAT,SUMEDANG,0
2147,2017,3211,JAWA BARAT,SUMEDANG,0
2148,2018,3211,JAWA BARAT,SUMEDANG,0
2149,2019,3211,JAWA BARAT,SUMEDANG,0
2150,2020,3211,JAWA BARAT,SUMEDANG,0
2151,2021,3211,JAWA BARAT,SUMEDANG,0
2152,2022,3211,JAWA BARAT,SUMEDANG,0
2153,2023,3211,JAWA BARAT,SUMEDANG,0
2154,2024,3211,JAWA BARAT,SUMEDANG,1
2155,2025,3211,JAWA BARAT,SUMEDANG,1
2156,2004,3206,JAWA BARAT,TASIKMALAYA,0
2157,2005,3206,JAWA BARAT,TASIKMALAYA,0
2158,2006,3206,JAWA BARAT,TASIKMALAYA,0
2159,2007,3206,JAWA BARAT,TASIKMALAYA,0
2160,2008,3206,JAWA BARAT,TASIKMALAYA,0
2161,2009,3206,JAWA BARAT,TASIKMALAYA,0
2162,2010,3206,JAWA BARAT,TASIKMALAYA,0
2163,2011,3206,JAWA BARAT,TASIKMALAYA,0
2164,2012,3206,JAWA BARAT,TASIKMALAYA,0
2165,2013,3206,JAWA BARAT,TASIKMALAYA,0
2166,2014,3206,JAWA BARAT,TASIKMALAYA,0
2167,2015,3206,JAWA BARAT,TASIKMALAYA,0
2168,2016,3206,JAWA BARAT,TASIKMALAYA,0
2169,2017,3206,JAWA BARAT,TASIKMALAYA,0
2170,2018,3206,JAWA BARAT,TASIKMALAYA,0
2171,2019,3206,JAWA BARAT,TASIKMALAYA,1
2172,2020,3206,JAWA BARAT,TASIKMALAYA,1
2173,2021,3206,JAWA BARAT,TASIKMALAYA,1
2174,2022,3206,JAWA BARAT,TASIKMALAYA,1
2175,2023,3206,JAWA BARAT,TASIKMALAYA,1
2176,2024,3206,JAWA BARAT,TASIKMALAYA,1
2177,2025,3206,JAWA BARAT,TASIKMALAYA,1
2178,2004,3278,JAWA BARAT,KOTA TASIKMALAYA,0
2179,2005,3278,JAWA BARAT,KOTA TASIKMALAYA,0
2180,2006,3278,JAWA BARAT,KOTA TASIKMALAYA,0
2181,2007,3278,JAWA BARAT,KOTA TASIKMALAYA,0
2182,2008,3278,JAWA BARAT,KOTA TASIKMALAYA,0
2183,2009,3278,JAWA BARAT,KOTA TASIKMALAYA,0
2184,2010,3278,JAWA BARAT,KOTA TASIKMALAYA,0
2185,2011,3278,JAWA BARAT,KOTA TASIKMALAYA,0
2186,2012,3278,JAWA BARAT,KOTA TASIKMALAYA,0
2187,2013,3278,JAWA BARAT,KOTA TASIKMALAYA,0
2188,2014,3278,JAWA BARAT,KOTA TASIKMALAYA,0
2189,2015,3278,JAWA BARAT,KOTA TASIKMALAYA,0
2190,2016,3278,JAWA BARAT,KOTA TASIKMALAYA,0
2191,2017,3278,JAWA BARAT,KOTA TASIKMALAYA,0
2192,2018,3278,JAWA BARAT,KOTA TASIKMALAYA,0
2193,2019,3278,JAWA BARAT,KOTA TASIKMALAYA,0
2194,2020,3278,JAWA BARAT,KOTA TASIKMALAYA,0
2195,2021,3278,JAWA BARAT,KOTA TASIKMALAYA,0
2196,2022,3278,JAWA BARAT,KOTA TASIKMALAYA,0
2197,2023,3278,JAWA BARAT,KOTA TASIKMALAYA,0
2198,2024,3278,JAWA BARAT,KOTA TASIKMALAYA,0
2199,2025,3278,JAWA BARAT,KOTA TASIKMALAYA,0
2200,2004,3304,JAWA TENGAH,BANJARNEGARA,0
2201,2005,3304,JAWA TENGAH,BANJARNEGARA,0
2202,2006,3304,JAWA TENGAH,BANJARNEGARA,0
2203,2007,3304,JAWA TENGAH,BANJARNEGARA,0
2204,2008,3304,JAWA TENGAH,BANJARNEGARA,0
2205,2009,3304,JAWA TENGAH,BANJARNEGARA,0
2206,2010,3304,JAWA TENGAH,BANJARNEGARA,0
2207,2011,3304,JAWA TENGAH,BANJARNEGARA,0
2208,2012,3304,JAWA TENGAH,BANJARNEGARA,0
2209,2013,3304,JAWA TENGAH,BANJARNEGARA,0
2210,2014,3304,JAWA TENGAH,BANJARNEGARA,0
2211,2015,3304,JAWA TENGAH,BANJARNEGARA,0
2212,2016,3304,JAWA TENGAH,BANJARNEGARA,0
2213,2017,3304,JAWA TENGAH,BANJARNEGARA,0
2214,2018,3304,JAWA TENGAH,BANJARNEGARA,0
2215,2019,3304,JAWA TENGAH,BANJARNEGARA,0
2216,2020,3304,JAWA TENGAH,BANJARNEGARA,0
2217,2021,3304,JAWA TENGAH,BANJARNEGARA,0
2218,2022,3304,JAWA TENGAH,BANJARNEGARA,0
2219,2023,3304,JAWA TENGAH,BANJARNEGARA,0
2220,2024,3304,JAWA TENGAH,BANJARNEGARA,0
2221,2025,3304,JAWA TENGAH,BANJARNEGARA,0
2222,2004,3302,JAWA TENGAH,BANYUMAS,0
2223,2005,3302,JAWA TENGAH,BANYUMAS,0
2224,2006,3302,JAWA TENGAH,BANYUMAS,0
2225,2007,3302,JAWA TENGAH,BANYUMAS,0
2226,2008,3302,JAWA TENGAH,BANYUMAS,0
2227,2009,3302,JAWA TENGAH,BANYUMAS,0
2228,2010,3302,JAWA TENGAH,BANYUMAS,0
2229,2011,3302,JAWA TENGAH,BANYUMAS,0
2230,2012,3302,JAWA TENGAH,BANYUMAS,0
2231,2013,3302,JAWA TENGAH,BANYUMAS,0
2232,2014,3302,JAWA TENGAH,BANYUMAS,0
2233,2015,3302,JAWA TENGAH,BANYUMAS,1
2234,2016,3302,JAWA TENGAH,BANYUMAS,1
2235,2017,3302,JAWA TENGAH,BANYUMAS,1
2236,2018,3302,JAWA TENGAH,BANYUMAS,1
2237,2019,3302,JAWA TENGAH,BANYUMAS,1
2238,2020,3302,JAWA TENGAH,BANYUMAS,1
2239,2021,3302,JAWA TENGAH,BANYUMAS,1
2240,2022,3302,JAWA TENGAH,BANYUMAS,1
2241,2023,3302,JAWA TENGAH,BANYUMAS,1
2242,2024,3302,JAWA TENGAH,BANYUMAS,1
2243,2025,3302,JAWA TENGAH,BANYUMAS,1
2244,2004,3325,JAWA TENGAH,BATANG,0
2245,2005,3325,JAWA TENGAH,BATANG,0
2246,2006,3325,JAWA TENGAH,BATANG,0
2247,2007,3325,JAWA TENGAH,BATANG,0
2248,2008,3325,JAWA TENGAH,BATANG,0
2249,2009,3325,JAWA TENGAH,BATANG,0
2250,2010,3325,JAWA TENGAH,BATANG,0
2251,2011,3325,JAWA TENGAH,BATANG,0
2252,2012,3325,JAWA TENGAH,BATANG,0
2253,2013,3325,JAWA TENGAH,BATANG,0
2254,2014,3325,JAWA TENGAH,BATANG,0
2255,2015,3325,JAWA TENGAH,BATANG,0
2256,2016,3325,JAWA TENGAH,BATANG,0
2257,2017,3325,JAWA TENGAH,BATANG,0
2258,2018,3325,JAWA TENGAH,BATANG,0
2259,2019,3325,JAWA TENGAH,BATANG,0
2260,2020,3325,JAWA TENGAH,BATANG,0
2261,2021,3325,JAWA TENGAH,BATANG,0
2262,2022,3325,JAWA TENGAH,BATANG,0
2263,2023,3325,JAWA TENGAH,BATANG,0
2264,2024,3325,JAWA TENGAH,BATANG,0
2265,2025,3325,JAWA TENGAH,BATANG,0
2266,2004,3316,JAWA TENGAH,BLORA,0
2267,2005,3316,JAWA TENGAH,BLORA,0
2268,2006,3316,JAWA TENGAH,BLORA,0
2269,2007,3316,JAWA TENGAH,BLORA,0
2270,2008,3316,JAWA TENGAH,BLORA,0
2271,2009,3316,JAWA TENGAH,BLORA,0
2272,2010,3316,JAWA TENGAH,BLORA,0
2273,2011,3316,JAWA TENGAH,BLORA,0
2274,2012,3316,JAWA TENGAH,BLORA,0
2275,2013,3316,JAWA TENGAH,BLORA,0
2276,2014,3316,JAWA TENGAH,BLORA,0
2277,2015,3316,JAWA TENGAH,BLORA,0
2278,2016,3316,JAWA TENGAH,BLORA,0
2279,2017,3316,JAWA TENGAH,BLORA,1
2280,2018,3316,JAWA TENGAH,BLORA,1
2281,2019,3316,JAWA TENGAH,BLORA,1
2282,2020,3316,JAWA TENGAH,BLORA,1
2283,2021,3316,JAWA TENGAH,BLORA,1
2284,2022,3316,JAWA TENGAH,BLORA,1
2285,2023,3316,JAWA TENGAH,BLORA,1
2286,2024,3316,JAWA TENGAH,BLORA,1
2287,2025,3316,JAWA TENGAH,BLORA,1
2288,2004,3309,JAWA TENGAH,BOYOLALI,0
2289,2005,3309,JAWA TENGAH,BOYOLALI,0
2290,2006,3309,JAWA TENGAH,BOYOLALI,0
2291,2007,3309,JAWA TENGAH,BOYOLALI,0
2292,2008,3309,JAWA TENGAH,BOYOLALI,0
2293,2009,3309,JAWA TENGAH,BOYOLALI,0
2294,2010,3309,JAWA TENGAH,BOYOLALI,0
2295,2011,3309,JAWA TENGAH,BOYOLALI,0
2296,2012,3309,JAWA TENGAH,BOYOLALI,0
2297,2013,3309,JAWA TENGAH,BOYOLALI,0
2298,2014,3309,JAWA TENGAH,BOYOLALI,0
2299,2015,3309,JAWA TENGAH,BOYOLALI,0
2300,2016,3309,JAWA TENGAH,BOYOLALI,0
2301,2017,3309,JAWA TENGAH,BOYOLALI,0
2302,2018,3309,JAWA TENGAH,BOYOLALI,0
2303,2019,3309,JAWA TENGAH,BOYOLALI,0
2304,2020,3309,JAWA TENGAH,BOYOLALI,0
2305,2021,3309,JAWA TENGAH,BOYOLALI,1
2306,2022,3309,JAWA TENGAH,BOYOLALI,1
2307,2023,3309,JAWA TENGAH,BOYOLALI,1
2308,2024,3309,JAWA TENGAH,BOYOLALI,1
2309,2025,3309,JAWA TENGAH,BOYOLALI,1
2310,2004,3329,JAWA TENGAH,BREBES,0
2311,2005,3329,JAWA TENGAH,BREBES,0
2312,2006,3329,JAWA TENGAH,BREBES,0
2313,2007,3329,JAWA TENGAH,BREBES,0
2314,2008,3329,JAWA TENGAH,BREBES,0
2315,2009,3329,JAWA TENGAH,BREBES,0
2316,2010,3329,JAWA TENGAH,BREBES,0
2317,2011,3329,JAWA TENGAH,BREBES,0
2318,2012,3329,JAWA TENGAH,BREBES,0
2319,2013,3329,JAWA TENGAH,BREBES,0
2320,2014,3329,JAWA TENGAH,BREBES,0
2321,2015,3329,JAWA TENGAH,BREBES,0
2322,2016,3329,JAWA TENGAH,BREBES,0
2323,2017,3329,JAWA TENGAH,BREBES,0
2324,2018,3329,JAWA TENGAH,BREBES,0
2325,2019,3329,JAWA TENGAH,BREBES,0
2326,2020,3329,JAWA TENGAH,BREBES,0
2327,2021,3329,JAWA TENGAH,BREBES,0
2328,2022,3329,JAWA TENGAH,BREBES,0
2329,2023,3329,JAWA TENGAH,BREBES,0
2330,2024,3329,JAWA TENGAH,BREBES,0
2331,2025,3329,JAWA TENGAH,BREBES,0
2332,2004,3301,JAWA TENGAH,CILACAP,0
2333,2005,3301,JAWA TENGAH,CILACAP,0
2334,2006,3301,JAWA TENGAH,CILACAP,0
2335,2007,3301,JAWA TENGAH,CILACAP,0
2336,2008,3301,JAWA TENGAH,CILACAP,0
2337,2009,3301,JAWA TENGAH,CILACAP,0
2338,2010,3301,JAWA TENGAH,CILACAP,0
2339,2011,3301,JAWA TENGAH,CILACAP,0
2340,2012,3301,JAWA TENGAH,CILACAP,0
2341,2013,3301,JAWA TENGAH,CILACAP,0
2342,2014,3301,JAWA TENGAH,CILACAP,0
2343,2015,3301,JAWA TENGAH,CILACAP,0
2344,2016,3301,JAWA TENGAH,CILACAP,0
2345,2017,3301,JAWA TENGAH,CILACAP,0
2346,2018,3301,JAWA TENGAH,CILACAP,0
2347,2019,3301,JAWA TENGAH,CILACAP,0
2348,2020,3301,JAWA TENGAH,CILACAP,0
2349,2021,3301,JAWA TENGAH,CILACAP,0
2350,2022,3301,JAWA TENGAH,CILACAP,0
2351,2023,3301,JAWA TENGAH,CILACAP,0
2352,2024,3301,JAWA TENGAH,CILACAP,0
2353,2025,3301,JAWA TENGAH,CILACAP,0
2354,2004,3321,JAWA TENGAH,DEMAK,0
2355,2005,3321,JAWA TENGAH,DEMAK,0
2356,2006,3321,JAWA TENGAH,DEMAK,0
2357,2007,3321,JAWA TENGAH,DEMAK,0
2358,2008,3321,JAWA TENGAH,DEMAK,0
2359,2009,3321,JAWA TENGAH,DEMAK,0
2360,2010,3321,JAWA TENGAH,DEMAK,0
2361,2011,3321,JAWA TENGAH,DEMAK,0
2362,2012,3321,JAWA TENGAH,DEMAK,0
2363,2013,3321,JAWA TENGAH,DEMAK,0
2364,2014,3321,JAWA TENGAH,DEMAK,1
2365,2015,3321,JAWA TENGAH,DEMAK,1
2366,2016,3321,JAWA TENGAH,DEMAK,1
2367,2017,3321,JAWA TENGAH,DEMAK,1
2368,2018,3321,JAWA TENGAH,DEMAK,1
2369,2019,3321,JAWA TENGAH,DEMAK,1
2370,2020,3321,JAWA TENGAH,DEMAK,1
2371,2021,3321,JAWA TENGAH,DEMAK,1
2372,2022,3321,JAWA TENGAH,DEMAK,1
2373,2023,3321,JAWA TENGAH,DEMAK,1
2374,2024,3321,JAWA TENGAH,DEMAK,1
2375,2025,3321,JAWA TENGAH,DEMAK,1
2376,2004,3315,JAWA TENGAH,GROBOGAN,0
2377,2005,3315,JAWA TENGAH,GROBOGAN,0
2378,2006,3315,JAWA TENGAH,GROBOGAN,0
2379,2007,3315,JAWA TENGAH,GROBOGAN,0
2380,2008,3315,JAWA TENGAH,GROBOGAN,0
2381,2009,3315,JAWA TENGAH,GROBOGAN,0
2382,2010,3315,JAWA TENGAH,GROBOGAN,0
2383,2011,3315,JAWA TENGAH,GROBOGAN,0
2384,2012,3315,JAWA TENGAH,GROBOGAN,0
2385,2013,3315,JAWA TENGAH,GROBOGAN,0
2386,2014,3315,JAWA TENGAH,GROBOGAN,0
2387,2015,3315,JAWA TENGAH,GROBOGAN,0
2388,2016,3315,JAWA TENGAH,GROBOGAN,0
2389,2017,3315,JAWA TENGAH,GROBOGAN,0
2390,2018,3315,JAWA TENGAH,GROBOGAN,0
2391,2019,3315,JAWA TENGAH,GROBOGAN,0
2392,2020,3315,JAWA TENGAH,GROBOGAN,0
2393,2021,3315,JAWA TENGAH,GROBOGAN,0
2394,2022,3315,JAWA TENGAH,GROBOGAN,0
2395,2023,3315,JAWA TENGAH,GROBOGAN,0
2396,2024,3315,JAWA TENGAH,GROBOGAN,0
2397,2025,3315,JAWA TENGAH,GROBOGAN,0
2398,2004,3320,JAWA TENGAH,JEPARA,0
2399,2005,3320,JAWA TENGAH,JEPARA,0
2400,2006,3320,JAWA TENGAH,JEPARA,0
2401,2007,3320,JAWA TENGAH,JEPARA,0
2402,2008,3320,JAWA TENGAH,JEPARA,0
2403,2009,3320,JAWA TENGAH,JEPARA,0
2404,2010,3320,JAWA TENGAH,JEPARA,0
2405,2011,3320,JAWA TENGAH,JEPARA,0
2406,2012,3320,JAWA TENGAH,JEPARA,0
2407,2013,3320,JAWA TENGAH,JEPARA,0
2408,2014,3320,JAWA TENGAH,JEPARA,0
2409,2015,3320,JAWA TENGAH,JEPARA,0
2410,2016,3320,JAWA TENGAH,JEPARA,0
2411,2017,3320,JAWA TENGAH,JEPARA,0
2412,2018,3320,JAWA TENGAH,JEPARA,0
2413,2019,3320,JAWA TENGAH,JEPARA,0
2414,2020,3320,JAWA TENGAH,JEPARA,0
2415,2021,3320,JAWA TENGAH,JEPARA,0
2416,2022,3320,JAWA TENGAH,JEPARA,0
2417,2023,3320,JAWA TENGAH,JEPARA,0
2418,2024,3320,JAWA TENGAH,JEPARA,0
2419,2025,3320,JAWA TENGAH,JEPARA,0
2420,2004,3313,JAWA TENGAH,KARANGANYAR,0
2421,2005,3313,JAWA TENGAH,KARANGANYAR,0
2422,2006,3313,JAWA TENGAH,KARANGANYAR,0
2423,2007,3313,JAWA TENGAH,KARANGANYAR,0
2424,2008,3313,JAWA TENGAH,KARANGANYAR,0
2425,2009,3313,JAWA TENGAH,KARANGANYAR,1
2426,2010,3313,JAWA TENGAH,KARANGANYAR,1
2427,2011,3313,JAWA TENGAH,KARANGANYAR,1
2428,2012,3313,JAWA TENGAH,KARANGANYAR,1
2429,2013,3313,JAWA TENGAH,KARANGANYAR,1
2430,2014,3313,JAWA TENGAH,KARANGANYAR,1
2431,2015,3313,JAWA TENGAH,KARANGANYAR,1
2432,2016,3313,JAWA TENGAH,KARANGANYAR,1
2433,2017,3313,JAWA TENGAH,KARANGANYAR,1
2434,2018,3313,JAWA TENGAH,KARANGANYAR,1
2435,2019,3313,JAWA TENGAH,KARANGANYAR,1
2436,2020,3313,JAWA TENGAH,KARANGANYAR,1
2437,2021,3313,JAWA TENGAH,KARANGANYAR,1
2438,2022,3313,JAWA TENGAH,KARANGANYAR,1
2439,2023,3313,JAWA TENGAH,KARANGANYAR,1
2440,2024,3313,JAWA TENGAH,KARANGANYAR,1
2441,2025,3313,JAWA TENGAH,KARANGANYAR,1
2442,2004,3305,JAWA TENGAH,KEBUMEN,0
2443,2005,3305,JAWA TENGAH,KEBUMEN,0
2444,2006,3305,JAWA TENGAH,KEBUMEN,0
2445,2007,3305,JAWA TENGAH,KEBUMEN,0
2446,2008,3305,JAWA TENGAH,KEBUMEN,0
2447,2009,3305,JAWA TENGAH,KEBUMEN,0
2448,2010,3305,JAWA TENGAH,KEBUMEN,0
2449,2011,3305,JAWA TENGAH,KEBUMEN,0
2450,2012,3305,JAWA TENGAH,KEBUMEN,0
2451,2013,3305,JAWA TENGAH,KEBUMEN,0
2452,2014,3305,JAWA TENGAH,KEBUMEN,0
2453,2015,3305,JAWA TENGAH,KEBUMEN,0
2454,2016,3305,JAWA TENGAH,KEBUMEN,0
2455,2017,3305,JAWA TENGAH,KEBUMEN,0
2456,2018,3305,JAWA TENGAH,KEBUMEN,0
2457,2019,3305,JAWA TENGAH,KEBUMEN,0
2458,2020,3305,JAWA TENGAH,KEBUMEN,0
2459,2021,3305,JAWA TENGAH,KEBUMEN,0
2460,2022,3305,JAWA TENGAH,KEBUMEN,0
2461,2023,3305,JAWA TENGAH,KEBUMEN,0
2462,2024,3305,JAWA TENGAH,KEBUMEN,0
2463,2025,3305,JAWA TENGAH,KEBUMEN,1
2464,2004,3324,JAWA TENGAH,KENDAL,0
2465,2005,3324,JAWA TENGAH,KENDAL,0
2466,2006,3324,JAWA TENGAH,KENDAL,0
2467,2007,3324,JAWA TENGAH,KENDAL,0
2468,2008,3324,JAWA TENGAH,KENDAL,0
2469,2009,3324,JAWA TENGAH,KENDAL,0
2470,2010,3324,JAWA TENGAH,KENDAL,0
2471,2011,3324,JAWA TENGAH,KENDAL,0
2472,2012,3324,JAWA TENGAH,KENDAL,0
2473,2013,3324,JAWA TENGAH,KENDAL,0
2474,2014,3324,JAWA TENGAH,KENDAL,0
2475,2015,3324,JAWA TENGAH,KENDAL,0
2476,2016,3324,JAWA TENGAH,KENDAL,0
2477,2017,3324,JAWA TENGAH,KENDAL,0
2478,2018,3324,JAWA TENGAH,KENDAL,0
2479,2019,3324,JAWA TENGAH,KENDAL,0
2480,2020,3324,JAWA TENGAH,KENDAL,0
2481,2021,3324,JAWA TENGAH,KENDAL,0
2482,2022,3324,JAWA TENGAH,KENDAL,0
2483,2023,3324,JAWA TENGAH,KENDAL,0
2484,2024,3324,JAWA TENGAH,KENDAL,0
2485,2025,3324,JAWA TENGAH,KENDAL,0
2486,2004,3310,JAWA TENGAH,KLATEN,0
2487,2005,3310,JAWA TENGAH,KLATEN,0
2488,2006,3310,JAWA TENGAH,KLATEN,0
2489,2007,3310,JAWA TENGAH,KLATEN,0
2490,2008,3310,JAWA TENGAH,KLATEN,0
2491,2009,3310,JAWA TENGAH,KLATEN,0
2492,2010,3310,JAWA TENGAH,KLATEN,0
2493,2011,3310,JAWA TENGAH,KLATEN,0
2494,2012,3310,JAWA TENGAH,KLATEN,0
2495,2013,3310,JAWA TENGAH,KLATEN,0
2496,2014,3310,JAWA TENGAH,KLATEN,0
2497,2015,3310,JAWA TENGAH,KLATEN,0
2498,2016,3310,JAWA TENGAH,KLATEN,0
2499,2017,3310,JAWA TENGAH,KLATEN,0
2500,2018,3310,JAWA TENGAH,KLATEN,1
2501,2019,3310,JAWA TENGAH,KLATEN,1
2502,2020,3310,JAWA TENGAH,KLATEN,1
2503,2021,3310,JAWA TENGAH,KLATEN,1
2504,2022,3310,JAWA TENGAH,KLATEN,1
2505,2023,3310,JAWA TENGAH,KLATEN,1
2506,2024,3310,JAWA TENGAH,KLATEN,1
2507,2025,3310,JAWA TENGAH,KLATEN,1
2508,2004,3319,JAWA TENGAH,KUDUS,0
2509,2005,3319,JAWA TENGAH,KUDUS,0
2510,2006,3319,JAWA TENGAH,KUDUS,0
2511,2007,3319,JAWA TENGAH,KUDUS,0
2512,2008,3319,JAWA TENGAH,KUDUS,0
2513,2009,3319,JAWA TENGAH,KUDUS,0
2514,2010,3319,JAWA TENGAH,KUDUS,0
2515,2011,3319,JAWA TENGAH,KUDUS,0
2516,2012,3319,JAWA TENGAH,KUDUS,0
2517,2013,3319,JAWA TENGAH,KUDUS,1
2518,2014,3319,JAWA TENGAH,KUDUS,1
2519,2015,3319,JAWA TENGAH,KUDUS,1
2520,2016,3319,JAWA TENGAH,KUDUS,1
2521,2017,3319,JAWA TENGAH,KUDUS,1
2522,2018,3319,JAWA TENGAH,KUDUS,1
2523,2019,3319,JAWA TENGAH,KUDUS,1
2524,2020,3319,JAWA TENGAH,KUDUS,1
2525,2021,3319,JAWA TENGAH,KUDUS,1
2526,2022,3319,JAWA TENGAH,KUDUS,1
2527,2023,3319,JAWA TENGAH,KUDUS,1
2528,2024,3319,JAWA TENGAH,KUDUS,1
2529,2025,3319,JAWA TENGAH,KUDUS,1
2530,2004,3308,JAWA TENGAH,MAGELANG,0
2531,2005,3308,JAWA TENGAH,MAGELANG,0
2532,2006,3308,JAWA TENGAH,MAGELANG,0
2533,2007,3308,JAWA TENGAH,MAGELANG,0
2534,2008,3308,JAWA TENGAH,MAGELANG,0
2535,2009,3308,JAWA TENGAH,MAGELANG,0
2536,2010,3308,JAWA TENGAH,MAGELANG,0
2537,2011,3308,JAWA TENGAH,MAGELANG,0
2538,2012,3308,JAWA TENGAH,MAGELANG,0
2539,2013,3308,JAWA TENGAH,MAGELANG,0
2540,2014,3308,JAWA TENGAH,MAGELANG,0
2541,2015,3308,JAWA TENGAH,MAGELANG,0
2542,2016,3308,JAWA TENGAH,MAGELANG,1
2543,2017,3308,JAWA TENGAH,MAGELANG,1
2544,2018,3308,JAWA TENGAH,MAGELANG,1
2545,2019,3308,JAWA TENGAH,MAGELANG,1
2546,2020,3308,JAWA TENGAH,MAGELANG,1
2547,2021,3308,JAWA TENGAH,MAGELANG,1
2548,2022,3308,JAWA TENGAH,MAGELANG,1
2549,2023,3308,JAWA TENGAH,MAGELANG,1
2550,2024,3308,JAWA TENGAH,MAGELANG,1
2551,2025,3308,JAWA TENGAH,MAGELANG,1
2552,2004,3371,JAWA TENGAH,KOTA MAGELANG,0
2553,2005,3371,JAWA TENGAH,KOTA MAGELANG,0
2554,2006,3371,JAWA TENGAH,KOTA MAGELANG,0
2555,2007,3371,JAWA TENGAH,KOTA MAGELANG,0
2556,2008,3371,JAWA TENGAH,KOTA MAGELANG,0
2557,2009,3371,JAWA TENGAH,KOTA MAGELANG,0
2558,2010,3371,JAWA TENGAH,KOTA MAGELANG,0
2559,2011,3371,JAWA TENGAH,KOTA MAGELANG,0
2560,2012,3371,JAWA TENGAH,KOTA MAGELANG,1
2561,2013,3371,JAWA TENGAH,KOTA MAGELANG,1
2562,2014,3371,JAWA TENGAH,KOTA MAGELANG,1
2563,2015,3371,JAWA TENGAH,KOTA MAGELANG,1
2564,2016,3371,JAWA TENGAH,KOTA MAGELANG,1
2565,2017,3371,JAWA TENGAH,KOTA MAGELANG,1
2566,2018,3371,JAWA TENGAH,KOTA MAGELANG,1
2567,2019,3371,JAWA TENGAH,KOTA MAGELANG,1
2568,2020,3371,JAWA TENGAH,KOTA MAGELANG,1
2569,2021,3371,JAWA TENGAH,KOTA MAGELANG,1
2570,2022,3371,JAWA TENGAH,KOTA MAGELANG,1
2571,2023,3371,JAWA TENGAH,KOTA MAGELANG,1
2572,2024,3371,JAWA TENGAH,KOTA MAGELANG,1
2573,2025,3371,JAWA TENGAH,KOTA MAGELANG,1
2574,2004,3318,JAWA TENGAH,PATI,0
2575,2005,3318,JAWA TENGAH,PATI,0
2576,2006,3318,JAWA TENGAH,PATI,0
2577,2007,3318,JAWA TENGAH,PATI,0
2578,2008,3318,JAWA TENGAH,PATI,0
2579,2009,3318,JAWA TENGAH,PATI,0
2580,2010,3318,JAWA TENGAH,PATI,0
2581,2011,3318,JAWA TENGAH,PATI,0
2582,2012,3318,JAWA TENGAH,PATI,0
2583,2013,3318,JAWA TENGAH,PATI,0
2584,2014,3318,JAWA TENGAH,PATI,0
2585,2015,3318,JAWA TENGAH,PATI,1
2586,2016,3318,JAWA TENGAH,PATI,1
2587,2017,3318,JAWA TENGAH,PATI,1
2588,2018,3318,JAWA TENGAH,PATI,1
2589,2019,3318,JAWA TENGAH,PATI,1
2590,2020,3318,JAWA TENGAH,PATI,1
2591,2021,3318,JAWA TENGAH,PATI,1
2592,2022,3318,JAWA TENGAH,PATI,1
2593,2023,3318,JAWA TENGAH,PATI,1
2594,2024,3318,JAWA TENGAH,PATI,1
2595,2025,3318,JAWA TENGAH,PATI,1
2596,2004,3326,JAWA TENGAH,PEKALONGAN,0
2597,2005,3326,JAWA TENGAH,PEKALONGAN,0
2598,2006,3326,JAWA TENGAH,PEKALONGAN,0
2599,2007,3326,JAWA TENGAH,PEKALONGAN,0
2600,2008,3326,JAWA TENGAH,PEKALONGAN,0
2601,2009,3326,JAWA TENGAH,PEKALONGAN,0
2602,2010,3326,JAWA TENGAH,PEKALONGAN,0
2603,2011,3326,JAWA TENGAH,PEKALONGAN,0
2604,2012,3326,JAWA TENGAH,PEKALONGAN,0
2605,2013,3326,JAWA TENGAH,PEKALONGAN,0
2606,2014,3326,JAWA TENGAH,PEKALONGAN,1
2607,2015,3326,JAWA TENGAH,PEKALONGAN,1
2608,2016,3326,JAWA TENGAH,PEKALONGAN,1
2609,2017,3326,JAWA TENGAH,PEKALONGAN,1
2610,2018,3326,JAWA TENGAH,PEKALONGAN,1
2611,2019,3326,JAWA TENGAH,PEKALONGAN,1
2612,2020,3326,JAWA TENGAH,PEKALONGAN,1
2613,2021,3326,JAWA TENGAH,PEKALONGAN,1
2614,2022,3326,JAWA TENGAH,PEKALONGAN,1
2615,2023,3326,JAWA TENGAH,PEKALONGAN,1
2616,2024,3326,JAWA TENGAH,PEKALONGAN,1
2617,2025,3326,JAWA TENGAH,PEKALONGAN,1
2618,2004,3375,JAWA TENGAH,KOTA PEKALONGAN,0
2619,2005,3375,JAWA TENGAH,KOTA PEKALONGAN,0
2620,2006,3375,JAWA TENGAH,KOTA PEKALONGAN,0
2621,2007,3375,JAWA TENGAH,KOTA PEKALONGAN,0
2622,2008,3375,JAWA TENGAH,KOTA PEKALONGAN,0
2623,2009,3375,JAWA TENGAH,KOTA PEKALONGAN,0
2624,2010,3375,JAWA TENGAH,KOTA PEKALONGAN,0
2625,2011,3375,JAWA TENGAH,KOTA PEKALONGAN,0
2626,2012,3375,JAWA TENGAH,KOTA PEKALONGAN,0
2627,2013,3375,JAWA TENGAH,KOTA PEKALONGAN,0
2628,2014,3375,JAWA TENGAH,KOTA PEKALONGAN,0
2629,2015,3375,JAWA TENGAH,KOTA PEKALONGAN,1
2630,2016,3375,JAWA TENGAH,KOTA PEKALONGAN,1
2631,2017,3375,JAWA TENGAH,KOTA PEKALONGAN,1
2632,2018,3375,JAWA TENGAH,KOTA PEKALONGAN,1
2633,2019,3375,JAWA TENGAH,KOTA PEKALONGAN,1
2634,2020,3375,JAWA TENGAH,KOTA PEKALONGAN,1
2635,2021,3375,JAWA TENGAH,KOTA PEKALONGAN,1
2636,2022,3375,JAWA TENGAH,KOTA PEKALONGAN,1
2637,2023,3375,JAWA TENGAH,KOTA PEKALONGAN,1
2638,2024,3375,JAWA TENGAH,KOTA PEKALONGAN,1
2639,2025,3375,JAWA TENGAH,KOTA PEKALONGAN,1
2640,2004,3327,JAWA TENGAH,PEMALANG,0
2641,2005,3327,JAWA TENGAH,PEMALANG,0
2642,2006,3327,JAWA TENGAH,PEMALANG,0
2643,2007,3327,JAWA TENGAH,PEMALANG,0
2644,2008,3327,JAWA TENGAH,PEMALANG,0
2645,2009,3327,JAWA TENGAH,PEMALANG,0
2646,2010,3327,JAWA TENGAH,PEMALANG,0
2647,2011,3327,JAWA TENGAH,PEMALANG,0
2648,2012,3327,JAWA TENGAH,PEMALANG,0
2649,2013,3327,JAWA TENGAH,PEMALANG,0
2650,2014,3327,JAWA TENGAH,PEMALANG,0
2651,2015,3327,JAWA TENGAH,PEMALANG,0
2652,2016,3327,JAWA TENGAH,PEMALANG,0
2653,2017,3327,JAWA TENGAH,PEMALANG,0
2654,2018,3327,JAWA TENGAH,PEMALANG,0
2655,2019,3327,JAWA TENGAH,PEMALANG,0
2656,2020,3327,JAWA TENGAH,PEMALANG,0
2657,2021,3327,JAWA TENGAH,PEMALANG,0
2658,2022,3327,JAWA TENGAH,PEMALANG,0
2659,2023,3327,JAWA TENGAH,PEMALANG,0
2660,2024,3327,JAWA TENGAH,PEMALANG,0
2661,2025,3327,JAWA TENGAH,PEMALANG,0
2662,2004,3303,JAWA TENGAH,PURBALINGGA,0
2663,2005,3303,JAWA TENGAH,PURBALINGGA,0
2664,2006,3303,JAWA TENGAH,PURBALINGGA,0
2665,2007,3303,JAWA TENGAH,PURBALINGGA,0
2666,2008,3303,JAWA TENGAH,PURBALINGGA,0
2667,2009,3303,JAWA TENGAH,PURBALINGGA,0
2668,2010,3303,JAWA TENGAH,PURBALINGGA,0
2669,2011,3303,JAWA TENGAH,PURBALINGGA,0
2670,2012,3303,JAWA TENGAH,PURBALINGGA,0
2671,2013,3303,JAWA TENGAH,PURBALINGGA,0
2672,2014,3303,JAWA TENGAH,PURBALINGGA,0
2673,2015,3303,JAWA TENGAH,PURBALINGGA,0
2674,2016,3303,JAWA TENGAH,PURBALINGGA,0
2675,2017,3303,JAWA TENGAH,PURBALINGGA,1
2676,2018,3303,JAWA TENGAH,PURBALINGGA,1
2677,2019,3303,JAWA TENGAH,PURBALINGGA,1
2678,2020,3303,JAWA TENGAH,PURBALINGGA,1
2679,2021,3303,JAWA TENGAH,PURBALINGGA,1
2680,2022,3303,JAWA TENGAH,PURBALINGGA,1
2681,2023,3303,JAWA TENGAH,PURBALINGGA,1
2682,2024,3303,JAWA TENGAH,PURBALINGGA,1
2683,2025,3303,JAWA TENGAH,PURBALINGGA,1
2684,2004,3306,JAWA TENGAH,PURWOREJO,0
2685,2005,3306,JAWA TENGAH,PURWOREJO,0
2686,2006,3306,JAWA TENGAH,PURWOREJO,0
2687,2007,3306,JAWA TENGAH,PURWOREJO,0
2688,2008,3306,JAWA TENGAH,PURWOREJO,0
2689,2009,3306,JAWA TENGAH,PURWOREJO,0
2690,2010,3306,JAWA TENGAH,PURWOREJO,0
2691,2011,3306,JAWA TENGAH,PURWOREJO,0
2692,2012,3306,JAWA TENGAH,PURWOREJO,0
2693,2013,3306,JAWA TENGAH,PURWOREJO,0
2694,2014,3306,JAWA TENGAH,PURWOREJO,0
2695,2015,3306,JAWA TENGAH,PURWOREJO,0
2696,2016,3306,JAWA TENGAH,PURWOREJO,0
2697,2017,3306,JAWA TENGAH,PURWOREJO,0
2698,2018,3306,JAWA TENGAH,PURWOREJO,0
2699,2019,3306,JAWA TENGAH,PURWOREJO,0
2700,2020,3306,JAWA TENGAH,PURWOREJO,0
2701,2021,3306,JAWA TENGAH,PURWOREJO,0
2702,2022,3306,JAWA TENGAH,PURWOREJO,1
2703,2023,3306,JAWA TENGAH,PURWOREJO,1
2704,2024,3306,JAWA TENGAH,PURWOREJO,1
2705,2025,3306,JAWA TENGAH,PURWOREJO,1
2706,2004,3317,JAWA TENGAH,REMBANG,0
2707,2005,3317,JAWA TENGAH,REMBANG,0
2708,2006,3317,JAWA TENGAH,REMBANG,0
2709,2007,3317,JAWA TENGAH,REMBANG,0
2710,2008,3317,JAWA TENGAH,REMBANG,0
2711,2009,3317,JAWA TENGAH,REMBANG,0
2712,2010,3317,JAWA TENGAH,REMBANG,0
2713,2011,3317,JAWA TENGAH,REMBANG,0
2714,2012,3317,JAWA TENGAH,REMBANG,0
2715,2013,3317,JAWA TENGAH,REMBANG,0
2716,2014,3317,JAWA TENGAH,REMBANG,0
2717,2015,3317,JAWA TENGAH,REMBANG,0
2718,2016,3317,JAWA TENGAH,REMBANG,0
2719,2017,3317,JAWA TENGAH,REMBANG,0
2720,2018,3317,JAWA TENGAH,REMBANG,0
2721,2019,3317,JAWA TENGAH,REMBANG,0
2722,2020,3317,JAWA TENGAH,REMBANG,0
2723,2021,3317,JAWA TENGAH,REMBANG,0
2724,2022,3317,JAWA TENGAH,REMBANG,0
2725,2023,3317,JAWA TENGAH,REMBANG,0
2726,2024,3317,JAWA TENGAH,REMBANG,0
2727,2025,3317,JAWA TENGAH,REMBANG,0
2728,2004,3373,JAWA TENGAH,KOTA SALATIGA,0
2729,2005,3373,JAWA TENGAH,KOTA SALATIGA,0
2730,2006,3373,JAWA TENGAH,KOTA SALATIGA,0
2731,2007,3373,JAWA TENGAH,KOTA SALATIGA,0
2732,2008,3373,JAWA TENGAH,KOTA SALATIGA,0
2733,2009,3373,JAWA TENGAH,KOTA SALATIGA,0
2734,2010,3373,JAWA TENGAH,KOTA SALATIGA,0
2735,2011,3373,JAWA TENGAH,KOTA SALATIGA,0
2736,2012,3373,JAWA TENGAH,KOTA SALATIGA,0
2737,2013,3373,JAWA TENGAH,KOTA SALATIGA,1
2738,2014,3373,JAWA TENGAH,KOTA SALATIGA,1
2739,2015,3373,JAWA TENGAH,KOTA SALATIGA,1
2740,2016,3373,JAWA TENGAH,KOTA SALATIGA,1
2741,2017,3373,JAWA TENGAH,KOTA SALATIGA,1
2742,2018,3373,JAWA TENGAH,KOTA SALATIGA,1
2743,2019,3373,JAWA TENGAH,KOTA SALATIGA,1
2744,2020,3373,JAWA TENGAH,KOTA SALATIGA,1
2745,2021,3373,JAWA TENGAH,KOTA SALATIGA,1
2746,2022,3373,JAWA TENGAH,KOTA SALATIGA,1
2747,2023,3373,JAWA TENGAH,KOTA SALATIGA,1
2748,2024,3373,JAWA TENGAH,KOTA SALATIGA,1
2749,2025,3373,JAWA TENGAH,KOTA SALATIGA,1
2750,2004,3322,JAWA TENGAH,SEMARANG,0
2751,2005,3322,JAWA TENGAH,SEMARANG,0
2752,2006,3322,JAWA TENGAH,SEMARANG,0
2753,2007,3322,JAWA TENGAH,SEMARANG,0
2754,2008,3322,JAWA TENGAH,SEMARANG,0
2755,2009,3322,JAWA TENGAH,SEMARANG,0
2756,2010,3322,JAWA TENGAH,SEMARANG,0
2757,2011,3322,JAWA TENGAH,SEMARANG,0
2758,2012,3322,JAWA TENGAH,SEMARANG,0
2759,2013,3322,JAWA TENGAH,SEMARANG,0
2760,2014,3322,JAWA TENGAH,SEMARANG,0
2761,2015,3322,JAWA TENGAH,SEMARANG,1
2762,2016,3322,JAWA TENGAH,SEMARANG,1
2763,2017,3322,JAWA TENGAH,SEMARANG,1
2764,2018,3322,JAWA TENGAH,SEMARANG,1
2765,2019,3322,JAWA TENGAH,SEMARANG,1
2766,2020,3322,JAWA TENGAH,SEMARANG,1
2767,2021,3322,JAWA TENGAH,SEMARANG,1
2768,2022,3322,JAWA TENGAH,SEMARANG,1
2769,2023,3322,JAWA TENGAH,SEMARANG,1
2770,2024,3322,JAWA TENGAH,SEMARANG,1
2771,2025,3322,JAWA TENGAH,SEMARANG,1
2772,2004,3374,JAWA TENGAH,KOTA SEMARANG,0
2773,2005,3374,JAWA TENGAH,KOTA SEMARANG,0
2774,2006,3374,JAWA TENGAH,KOTA SEMARANG,0
2775,2007,3374,JAWA TENGAH,KOTA SEMARANG,0
2776,2008,3374,JAWA TENGAH,KOTA SEMARANG,0
2777,2009,3374,JAWA TENGAH,KOTA SEMARANG,0
2778,2010,3374,JAWA TENGAH,KOTA SEMARANG,0
2779,2011,3374,JAWA TENGAH,KOTA SEMARANG,0
2780,2012,3374,JAWA TENGAH,KOTA SEMARANG,0
2781,2013,3374,JAWA TENGAH,KOTA SEMARANG,0
2782,2014,3374,JAWA TENGAH,KOTA SEMARANG,0
2783,2015,3374,JAWA TENGAH,KOTA SEMARANG,0
2784,2016,3374,JAWA TENGAH,KOTA SEMARANG,1
2785,2017,3374,JAWA TENGAH,KOTA SEMARANG,1
2786,2018,3374,JAWA TENGAH,KOTA SEMARANG,1
2787,2019,3374,JAWA TENGAH,KOTA SEMARANG,1
2788,2020,3374,JAWA TENGAH,KOTA SEMARANG,1
2789,2021,3374,JAWA TENGAH,KOTA SEMARANG,1
2790,2022,3374,JAWA TENGAH,KOTA SEMARANG,1
2791,2023,3374,JAWA TENGAH,KOTA SEMARANG,1
2792,2024,3374,JAWA TENGAH,KOTA SEMARANG,1
2793,2025,3374,JAWA TENGAH,KOTA SEMARANG,1
2794,2004,3314,JAWA TENGAH,SRAGEN,0
2795,2005,3314,JAWA TENGAH,SRAGEN,0
2796,2006,3314,JAWA TENGAH,SRAGEN,0
2797,2007,3314,JAWA TENGAH,SRAGEN,0
2798,2008,3314,JAWA TENGAH,SRAGEN,0
2799,2009,3314,JAWA TENGAH,SRAGEN,0
2800,2010,3314,JAWA TENGAH,SRAGEN,0
2801,2011,3314,JAWA TENGAH,SRAGEN,0
2802,2012,3314,JAWA TENGAH,SRAGEN,0
2803,2013,3314,JAWA TENGAH,SRAGEN,0
2804,2014,3314,JAWA TENGAH,SRAGEN,0
2805,2015,3314,JAWA TENGAH,SRAGEN,0
2806,2016,3314,JAWA TENGAH,SRAGEN,0
2807,2017,3314,JAWA TENGAH,SRAGEN,0
2808,2018,3314,JAWA TENGAH,SRAGEN,0
2809,2019,3314,JAWA TENGAH,SRAGEN,0
2810,2020,3314,JAWA TENGAH,SRAGEN,0
2811,2021,3314,JAWA TENGAH,SRAGEN,0
2812,2022,3314,JAWA TENGAH,SRAGEN,0
2813,2023,3314,JAWA TENGAH,SRAGEN,0
2814,2024,3314,JAWA TENGAH,SRAGEN,0
2815,2025,3314,JAWA TENGAH,SRAGEN,0
2816,2004,3311,JAWA TENGAH,SUKOHARJO,0
2817,2005,3311,JAWA TENGAH,SUKOHARJO,0
2818,2006,3311,JAWA TENGAH,SUKOHARJO,0
2819,2007,3311,JAWA TENGAH,SUKOHARJO,0
2820,2008,3311,JAWA TENGAH,SUKOHARJO,0
2821,2009,3311,JAWA TENGAH,SUKOHARJO,0
2822,2010,3311,JAWA TENGAH,SUKOHARJO,0
2823,2011,3311,JAWA TENGAH,SUKOHARJO,1
2824,2012,3311,JAWA TENGAH,SUKOHARJO,1
2825,2013,3311,JAWA TENGAH,SUKOHARJO,1
2826,2014,3311,JAWA TENGAH,SUKOHARJO,1
2827,2015,3311,JAWA TENGAH,SUKOHARJO,1
2828,2016,3311,JAWA TENGAH,SUKOHARJO,1
2829,2017,3311,JAWA TENGAH,SUKOHARJO,1
2830,2018,3311,JAWA TENGAH,SUKOHARJO,1
2831,2019,3311,JAWA TENGAH,SUKOHARJO,1
2832,2020,3311,JAWA TENGAH,SUKOHARJO,1
2833,2021,3311,JAWA TENGAH,SUKOHARJO,1
2834,2022,3311,JAWA TENGAH,SUKOHARJO,1
2835,2023,3311,JAWA TENGAH,SUKOHARJO,1
2836,2024,3311,JAWA TENGAH,SUKOHARJO,1
2837,2025,3311,JAWA TENGAH,SUKOHARJO,1
2838,2004,3372,JAWA TENGAH,KOTA SURAKARTA,0
2839,2005,3372,JAWA TENGAH,KOTA SURAKARTA,0
2840,2006,3372,JAWA TENGAH,KOTA SURAKARTA,0
2841,2007,3372,JAWA TENGAH,KOTA SURAKARTA,0
2842,2008,3372,JAWA TENGAH,KOTA SURAKARTA,0
2843,2009,3372,JAWA TENGAH,KOTA SURAKARTA,0
2844,2010,3372,JAWA TENGAH,KOTA SURAKARTA,0
2845,2011,3372,JAWA TENGAH,KOTA SURAKARTA,0
2846,2012,3372,JAWA TENGAH,KOTA SURAKARTA,0
2847,2013,3372,JAWA TENGAH,KOTA SURAKARTA,0
2848,2014,3372,JAWA TENGAH,KOTA SURAKARTA,0
2849,2015,3372,JAWA TENGAH,KOTA SURAKARTA,0
2850,2016,3372,JAWA TENGAH,KOTA SURAKARTA,0
2851,2017,3372,JAWA TENGAH,KOTA SURAKARTA,0
2852,2018,3372,JAWA TENGAH,KOTA SURAKARTA,0
2853,2019,3372,JAWA TENGAH,KOTA SURAKARTA,0
2854,2020,3372,JAWA TENGAH,KOTA SURAKARTA,0
2855,2021,3372,JAWA TENGAH,KOTA SURAKARTA,0
2856,2022,3372,JAWA TENGAH,KOTA SURAKARTA,0
2857,2023,3372,JAWA TENGAH,KOTA SURAKARTA,0
2858,2024,3372,JAWA TENGAH,KOTA SURAKARTA,1
2859,2025,3372,JAWA TENGAH,KOTA SURAKARTA,1
2860,2004,3328,JAWA TENGAH,TEGAL,0
2861,2005,3328,JAWA TENGAH,TEGAL,0
2862,2006,3328,JAWA TENGAH,TEGAL,0
2863,2007,3328,JAWA TENGAH,TEGAL,0
2864,2008,3328,JAWA TENGAH,TEGAL,0
2865,2009,3328,JAWA TENGAH,TEGAL,0
2866,2010,3328,JAWA TENGAH,TEGAL,0
2867,2011,3328,JAWA TENGAH,TEGAL,0
2868,2012,3328,JAWA TENGAH,TEGAL,0
2869,2013,3328,JAWA TENGAH,TEGAL,0
2870,2014,3328,JAWA TENGAH,TEGAL,0
2871,2015,3328,JAWA TENGAH,TEGAL,0
2872,2016,3328,JAWA TENGAH,TEGAL,0
2873,2017,3328,JAWA TENGAH,TEGAL,0
2874,2018,3328,JAWA TENGAH,TEGAL,0
2875,2019,3328,JAWA TENGAH,TEGAL,0
2876,2020,3328,JAWA TENGAH,TEGAL,0
2877,2021,3328,JAWA TENGAH,TEGAL,0
2878,2022,3328,JAWA TENGAH,TEGAL,0
2879,2023,3328,JAWA TENGAH,TEGAL,0
2880,2024,3328,JAWA TENGAH,TEGAL,0
2881,2025,3328,JAWA TENGAH,TEGAL,0
2882,2004,3376,JAWA TENGAH,KOTA TEGAL,0
2883,2005,3376,JAWA TENGAH,KOTA TEGAL,0
2884,2006,3376,JAWA TENGAH,KOTA TEGAL,0
2885,2007,3376,JAWA TENGAH,KOTA TEGAL,0
2886,2008,3376,JAWA TENGAH,KOTA TEGAL,0
2887,2009,3376,JAWA TENGAH,KOTA TEGAL,0
2888,2010,3376,JAWA TENGAH,KOTA TEGAL,0
2889,2011,3376,JAWA TENGAH,KOTA TEGAL,0
2890,2012,3376,JAWA TENGAH,KOTA TEGAL,0
2891,2013,3376,JAWA TENGAH,KOTA TEGAL,0
2892,2014,3376,JAWA TENGAH,KOTA TEGAL,0
2893,2015,3376,JAWA TENGAH,KOTA TEGAL,0
2894,2016,3376,JAWA TENGAH,KOTA TEGAL,0
2895,2017,3376,JAWA TENGAH,KOTA TEGAL,0
2896,2018,3376,JAWA TENGAH,KOTA TEGAL,0
2897,2019,3376,JAWA TENGAH,KOTA TEGAL,0
2898,2020,3376,JAWA TENGAH,KOTA TEGAL,0
2899,2021,3376,JAWA TENGAH,KOTA TEGAL,0
2900,2022,3376,JAWA TENGAH,KOTA TEGAL,0
2901,2023,3376,JAWA TENGAH,KOTA TEGAL,0
2902,2024,3376,JAWA TENGAH,KOTA TEGAL,0
2903,2025,3376,JAWA TENGAH,KOTA TEGAL,0
2904,2004,3323,JAWA TENGAH,TEMANGGUNG,0
2905,2005,3323,JAWA TENGAH,TEMANGGUNG,0
2906,2006,3323,JAWA TENGAH,TEMANGGUNG,0
2907,2007,3323,JAWA TENGAH,TEMANGGUNG,0
2908,2008,3323,JAWA TENGAH,TEMANGGUNG,0
2909,2009,3323,JAWA TENGAH,TEMANGGUNG,0
2910,2010,3323,JAWA TENGAH,TEMANGGUNG,0
2911,2011,3323,JAWA TENGAH,TEMANGGUNG,0
2912,2012,3323,JAWA TENGAH,TEMANGGUNG,0
2913,2013,3323,JAWA TENGAH,TEMANGGUNG,0
2914,2014,3323,JAWA TENGAH,TEMANGGUNG,0
2915,2015,3323,JAWA TENGAH,TEMANGGUNG,0
2916,2016,3323,JAWA TENGAH,TEMANGGUNG,0
2917,2017,3323,JAWA TENGAH,TEMANGGUNG,0
2918,2018,3323,JAWA TENGAH,TEMANGGUNG,0
2919,2019,3323,JAWA TENGAH,TEMANGGUNG,0
2920,2020,3323,JAWA TENGAH,TEMANGGUNG,1
2921,2021,3323,JAWA TENGAH,TEMANGGUNG,1
2922,2022,3323,JAWA TENGAH,TEMANGGUNG,1
2923,2023,3323,JAWA TENGAH,TEMANGGUNG,1
2924,2024,3323,JAWA TENGAH,TEMANGGUNG,1
2925,2025,3323,JAWA TENGAH,TEMANGGUNG,1
2926,2004,3312,JAWA TENGAH,WONOGIRI,0
2927,2005,3312,JAWA TENGAH,WONOGIRI,0
2928,2006,3312,JAWA TENGAH,WONOGIRI,0
2929,2007,3312,JAWA TENGAH,WONOGIRI,0
2930,2008,3312,JAWA TENGAH,WONOGIRI,0
2931,2009,3312,JAWA TENGAH,WONOGIRI,0
2932,2010,3312,JAWA TENGAH,WONOGIRI,0
2933,2011,3312,JAWA TENGAH,WONOGIRI,0
2934,2012,3312,JAWA TENGAH,WONOGIRI,0
2935,2013,3312,JAWA TENGAH,WONOGIRI,1
2936,2014,3312,JAWA TENGAH,WONOGIRI,1
2937,2015,3312,JAWA TENGAH,WONOGIRI,1
2938,2016,3312,JAWA TENGAH,WONOGIRI,1
2939,2017,3312,JAWA TENGAH,WONOGIRI,1
2940,2018,3312,JAWA TENGAH,WONOGIRI,1
2941,2019,3312,JAWA TENGAH,WONOGIRI,1
2942,2020,3312,JAWA TENGAH,WONOGIRI,1
2943,2021,3312,JAWA TENGAH,WONOGIRI,1
2944,2022,3312,JAWA TENGAH,WONOGIRI,1
2945,2023,3312,JAWA TENGAH,WONOGIRI,1
2946,2024,3312,JAWA TENGAH,WONOGIRI,1
2947,2025,3312,JAWA TENGAH,WONOGIRI,1
2948,2004,3307,JAWA TENGAH,WONOSOBO,0
2949,2005,3307,JAWA TENGAH,WONOSOBO,0
2950,2006,3307,JAWA TENGAH,WONOSOBO,0
2951,2007,3307,JAWA TENGAH,WONOSOBO,0
2952,2008,3307,JAWA TENGAH,WONOSOBO,0
2953,2009,3307,JAWA TENGAH,WONOSOBO,0
2954,2010,3307,JAWA TENGAH,WONOSOBO,0
2955,2011,3307,JAWA TENGAH,WONOSOBO,0
2956,2012,3307,JAWA TENGAH,WONOSOBO,1
2957,2013,3307,JAWA TENGAH,WONOSOBO,1
2958,2014,3307,JAWA TENGAH,WONOSOBO,1
2959,2015,3307,JAWA TENGAH,WONOSOBO,1
2960,2016,3307,JAWA TENGAH,WONOSOBO,1
2961,2017,3307,JAWA TENGAH,WONOSOBO,1
2962,2018,3307,JAWA TENGAH,WONOSOBO,1
2963,2019,3307,JAWA TENGAH,WONOSOBO,1
2964,2020,3307,JAWA TENGAH,WONOSOBO,1
2965,2021,3307,JAWA TENGAH,WONOSOBO,1
2966,2022,3307,JAWA TENGAH,WONOSOBO,1
2967,2023,3307,JAWA TENGAH,WONOSOBO,1
2968,2024,3307,JAWA TENGAH,WONOSOBO,1
2969,2025,3307,JAWA TENGAH,WONOSOBO,1
2970,2004,3526,JAWA TIMUR,BANGKALAN,0
2971,2005,3526,JAWA TIMUR,BANGKALAN,0
2972,2006,3526,JAWA TIMUR,BANGKALAN,0
2973,2007,3526,JAWA TIMUR,BANGKALAN,0
2974,2008,3526,JAWA TIMUR,BANGKALAN,0
2975,2009,3526,JAWA TIMUR,BANGKALAN,1
2976,2010,3526,JAWA TIMUR,BANGKALAN,1
2977,2011,3526,JAWA TIMUR,BANGKALAN,1
2978,2012,3526,JAWA TIMUR,BANGKALAN,1
2979,2013,3526,JAWA TIMUR,BANGKALAN,1
2980,2014,3526,JAWA TIMUR,BANGKALAN,1
2981,2015,3526,JAWA TIMUR,BANGKALAN,1
2982,2016,3526,JAWA TIMUR,BANGKALAN,1
2983,2017,3526,JAWA TIMUR,BANGKALAN,1
2984,2018,3526,JAWA TIMUR,BANGKALAN,1
2985,2019,3526,JAWA TIMUR,BANGKALAN,1
2986,2020,3526,JAWA TIMUR,BANGKALAN,1
2987,2021,3526,JAWA TIMUR,BANGKALAN,1
2988,2022,3526,JAWA TIMUR,BANGKALAN,1
2989,2023,3526,JAWA TIMUR,BANGKALAN,1
2990,2024,3526,JAWA TIMUR,BANGKALAN,1
2991,2025,3526,JAWA TIMUR,BANGKALAN,1
2992,2004,3510,JAWA TIMUR,BANYUWANGI,0
2993,2005,3510,JAWA TIMUR,BANYUWANGI,0
2994,2006,3510,JAWA TIMUR,BANYUWANGI,0
2995,2007,3510,JAWA TIMUR,BANYUWANGI,0
2996,2008,3510,JAWA TIMUR,BANYUWANGI,0
2997,2009,3510,JAWA TIMUR,BANYUWANGI,0
2998,2010,3510,JAWA TIMUR,BANYUWANGI,0
2999,2011,3510,JAWA TIMUR,BANYUWANGI,1
3000,2012,3510,JAWA TIMUR,BANYUWANGI,1
3001,2013,3510,JAWA TIMUR,BANYUWANGI,1
3002,2014,3510,JAWA TIMUR,BANYUWANGI,1
3003,2015,3510,JAWA TIMUR,BANYUWANGI,1
3004,2016,3510,JAWA TIMUR,BANYUWANGI,1
3005,2017,3510,JAWA TIMUR,BANYUWANGI,1
3006,2018,3510,JAWA TIMUR,BANYUWANGI,1
3007,2019,3510,JAWA TIMUR,BANYUWANGI,1
3008,2020,3510,JAWA TIMUR,BANYUWANGI,1
3009,2021,3510,JAWA TIMUR,BANYUWANGI,1
3010,2022,3510,JAWA TIMUR,BANYUWANGI,1
3011,2023,3510,JAWA TIMUR,BANYUWANGI,1
3012,2024,3510,JAWA TIMUR,BANYUWANGI,1
3013,2025,3510,JAWA TIMUR,BANYUWANGI,1
3014,2004,3579,JAWA TIMUR,KOTA BATU,0
3015,2005,3579,JAWA TIMUR,KOTA BATU,0
3016,2006,3579,JAWA TIMUR,KOTA BATU,0
3017,2007,3579,JAWA TIMUR,KOTA BATU,0
3018,2008,3579,JAWA TIMUR,KOTA BATU,0
3019,2009,3579,JAWA TIMUR,KOTA BATU,0
3020,2010,3579,JAWA TIMUR,KOTA BATU,0
3021,2011,3579,JAWA TIMUR,KOTA BATU,0
3022,2012,3579,JAWA TIMUR,KOTA BATU,0
3023,2013,3579,JAWA TIMUR,KOTA BATU,0
3024,2014,3579,JAWA TIMUR,KOTA BATU,0
3025,2015,3579,JAWA TIMUR,KOTA BATU,0
3026,2016,3579,JAWA TIMUR,KOTA BATU,0
3027,2017,3579,JAWA TIMUR,KOTA BATU,0
3028,2018,3579,JAWA TIMUR,KOTA BATU,0
3029,2019,3579,JAWA TIMUR,KOTA BATU,0
3030,2020,3579,JAWA TIMUR,KOTA BATU,0
3031,2021,3579,JAWA TIMUR,KOTA BATU,0
3032,2022,3579,JAWA TIMUR,KOTA BATU,0
3033,2023,3579,JAWA TIMUR,KOTA BATU,0
3034,2024,3579,JAWA TIMUR,KOTA BATU,0
3035,2025,3579,JAWA TIMUR,KOTA BATU,0
3036,2004,3505,JAWA TIMUR,BLITAR,0
3037,2005,3505,JAWA TIMUR,BLITAR,0
3038,2006,3505,JAWA TIMUR,BLITAR,0
3039,2007,3505,JAWA TIMUR,BLITAR,0
3040,2008,3505,JAWA TIMUR,BLITAR,0
3041,2009,3505,JAWA TIMUR,BLITAR,0
3042,2010,3505,JAWA TIMUR,BLITAR,0
3043,2011,3505,JAWA TIMUR,BLITAR,0
3044,2012,3505,JAWA TIMUR,BLITAR,0
3045,2013,3505,JAWA TIMUR,BLITAR,1
3046,2014,3505,JAWA TIMUR,BLITAR,1
3047,2015,3505,JAWA TIMUR,BLITAR,1
3048,2016,3505,JAWA TIMUR,BLITAR,1
3049,2017,3505,JAWA TIMUR,BLITAR,1
3050,2018,3505,JAWA TIMUR,BLITAR,1
3051,2019,3505,JAWA TIMUR,BLITAR,1
3052,2020,3505,JAWA TIMUR,BLITAR,1
3053,2021,3505,JAWA TIMUR,BLITAR,1
3054,2022,3505,JAWA TIMUR,BLITAR,1
3055,2023,3505,JAWA TIMUR,BLITAR,1
3056,2024,3505,JAWA TIMUR,BLITAR,1
3057,2025,3505,JAWA TIMUR,BLITAR,1
3058,2004,3572,JAWA TIMUR,KOTA BLITAR,0
3059,2005,3572,JAWA TIMUR,KOTA BLITAR,0
3060,2006,3572,JAWA TIMUR,KOTA BLITAR,0
3061,2007,3572,JAWA TIMUR,KOTA BLITAR,0
3062,2008,3572,JAWA TIMUR,KOTA BLITAR,0
3063,2009,3572,JAWA TIMUR,KOTA BLITAR,0
3064,2010,3572,JAWA TIMUR,KOTA BLITAR,0
3065,2011,3572,JAWA TIMUR,KOTA BLITAR,0
3066,2012,3572,JAWA TIMUR,KOTA BLITAR,0
3067,2013,3572,JAWA TIMUR,KOTA BLITAR,0
3068,2014,3572,JAWA TIMUR,KOTA BLITAR,0
3069,2015,3572,JAWA TIMUR,KOTA BLITAR,0
3070,2016,3572,JAWA TIMUR,KOTA BLITAR,0
3071,2017,3572,JAWA TIMUR,KOTA BLITAR,1
3072,2018,3572,JAWA TIMUR,KOTA BLITAR,1
3073,2019,3572,JAWA TIMUR,KOTA BLITAR,1
3074,2020,3572,JAWA TIMUR,KOTA BLITAR,1
3075,2021,3572,JAWA TIMUR,KOTA BLITAR,1
3076,2022,3572,JAWA TIMUR,KOTA BLITAR,1
3077,2023,3572,JAWA TIMUR,KOTA BLITAR,1
3078,2024,3572,JAWA TIMUR,KOTA BLITAR,1
3079,2025,3572,JAWA TIMUR,KOTA BLITAR,1
3080,2004,3522,JAWA TIMUR,BOJONEGORO,0
3081,2005,3522,JAWA TIMUR,BOJONEGORO,0
3082,2006,3522,JAWA TIMUR,BOJONEGORO,0
3083,2007,3522,JAWA TIMUR,BOJONEGORO,0
3084,2008,3522,JAWA TIMUR,BOJONEGORO,0
3085,2009,3522,JAWA TIMUR,BOJONEGORO,0
3086,2010,3522,JAWA TIMUR,BOJONEGORO,0
3087,2011,3522,JAWA TIMUR,BOJONEGORO,1
3088,2012,3522,JAWA TIMUR,BOJONEGORO,1
3089,2013,3522,JAWA TIMUR,BOJONEGORO,1
3090,2014,3522,JAWA TIMUR,BOJONEGORO,1
3091,2015,3522,JAWA TIMUR,BOJONEGORO,1
3092,2016,3522,JAWA TIMUR,BOJONEGORO,1
3093,2017,3522,JAWA TIMUR,BOJONEGORO,1
3094,2018,3522,JAWA TIMUR,BOJONEGORO,1
3095,2019,3522,JAWA TIMUR,BOJONEGORO,1
3096,2020,3522,JAWA TIMUR,BOJONEGORO,1
3097,2021,3522,JAWA TIMUR,BOJONEGORO,1
3098,2022,3522,JAWA TIMUR,BOJONEGORO,1
3099,2023,3522,JAWA TIMUR,BOJONEGORO,1
3100,2024,3522,JAWA TIMUR,BOJONEGORO,1
3101,2025,3522,JAWA TIMUR,BOJONEGORO,1
3102,2004,3511,JAWA TIMUR,BONDOWOSO,0
3103,2005,3511,JAWA TIMUR,BONDOWOSO,0
3104,2006,3511,JAWA TIMUR,BONDOWOSO,0
3105,2007,3511,JAWA TIMUR,BONDOWOSO,0
3106,2008,3511,JAWA TIMUR,BONDOWOSO,0
3107,2009,3511,JAWA TIMUR,BONDOWOSO,0
3108,2010,3511,JAWA TIMUR,BONDOWOSO,0
3109,2011,3511,JAWA TIMUR,BONDOWOSO,0
3110,2012,3511,JAWA TIMUR,BONDOWOSO,0
3111,2013,3511,JAWA TIMUR,BONDOWOSO,0
3112,2014,3511,JAWA TIMUR,BONDOWOSO,0
3113,2015,3511,JAWA TIMUR,BONDOWOSO,0
3114,2016,3511,JAWA TIMUR,BONDOWOSO,0
3115,2017,3511,JAWA TIMUR,BONDOWOSO,0
3116,2018,3511,JAWA TIMUR,BONDOWOSO,0
3117,2019,3511,JAWA TIMUR,BONDOWOSO,0
3118,2020,3511,JAWA TIMUR,BONDOWOSO,0
3119,2021,3511,JAWA TIMUR,BONDOWOSO,0
3120,2022,3511,JAWA TIMUR,BONDOWOSO,0
3121,2023,3511,JAWA TIMUR,BONDOWOSO,0
3122,2024,3511,JAWA TIMUR,BONDOWOSO,0
3123,2025,3511,JAWA TIMUR,BONDOWOSO,0
3124,2004,3525,JAWA TIMUR,GRESIK,0
3125,2005,3525,JAWA TIMUR,GRESIK,0
3126,2006,3525,JAWA TIMUR,GRESIK,0
3127,2007,3525,JAWA TIMUR,GRESIK,0
3128,2008,3525,JAWA TIMUR,GRESIK,0
3129,2009,3525,JAWA TIMUR,GRESIK,0
3130,2010,3525,JAWA TIMUR,GRESIK,0
3131,2011,3525,JAWA TIMUR,GRESIK,0
3132,2012,3525,JAWA TIMUR,GRESIK,0
3133,2013,3525,JAWA TIMUR,GRESIK,0
3134,2014,3525,JAWA TIMUR,GRESIK,0
3135,2015,3525,JAWA TIMUR,GRESIK,0
3136,2016,3525,JAWA TIMUR,GRESIK,0
3137,2017,3525,JAWA TIMUR,GRESIK,0
3138,2018,3525,JAWA TIMUR,GRESIK,0
3139,2019,3525,JAWA TIMUR,GRESIK,0
3140,2020,3525,JAWA TIMUR,GRESIK,0
3141,2021,3525,JAWA TIMUR,GRESIK,0
3142,2022,3525,JAWA TIMUR,GRESIK,0
3143,2023,3525,JAWA TIMUR,GRESIK,0
3144,2024,3525,JAWA TIMUR,GRESIK,0
3145,2025,3525,JAWA TIMUR,GRESIK,0
3146,2004,3509,JAWA TIMUR,JEMBER,0
3147,2005,3509,JAWA TIMUR,JEMBER,0
3148,2006,3509,JAWA TIMUR,JEMBER,0
3149,2007,3509,JAWA TIMUR,JEMBER,0
3150,2008,3509,JAWA TIMUR,JEMBER,1
3151,2009,3509,JAWA TIMUR,JEMBER,1
3152,2010,3509,JAWA TIMUR,JEMBER,1
3153,2011,3509,JAWA TIMUR,JEMBER,1
3154,2012,3509,JAWA TIMUR,JEMBER,1
3155,2013,3509,JAWA TIMUR,JEMBER,1
3156,2014,3509,JAWA TIMUR,JEMBER,1
3157,2015,3509,JAWA TIMUR,JEMBER,1
3158,2016,3509,JAWA TIMUR,JEMBER,1
3159,2017,3509,JAWA TIMUR,JEMBER,1
3160,2018,3509,JAWA TIMUR,JEMBER,1
3161,2019,3509,JAWA TIMUR,JEMBER,1
3162,2020,3509,JAWA TIMUR,JEMBER,1
3163,2021,3509,JAWA TIMUR,JEMBER,1
3164,2022,3509,JAWA TIMUR,JEMBER,1
3165,2023,3509,JAWA TIMUR,JEMBER,1
3166,2024,3509,JAWA TIMUR,JEMBER,1
3167,2025,3509,JAWA TIMUR,JEMBER,1
3168,2004,3517,JAWA TIMUR,JOMBANG,0
3169,2005,3517,JAWA TIMUR,JOMBANG,0
3170,2006,3517,JAWA TIMUR,JOMBANG,0
3171,2007,3517,JAWA TIMUR,JOMBANG,0
3172,2008,3517,JAWA TIMUR,JOMBANG,1
3173,2009,3517,JAWA TIMUR,JOMBANG,1
3174,2010,3517,JAWA TIMUR,JOMBANG,1
3175,2011,3517,JAWA TIMUR,JOMBANG,1
3176,2012,3517,JAWA TIMUR,JOMBANG,1
3177,2013,3517,JAWA TIMUR,JOMBANG,1
3178,2014,3517,JAWA TIMUR,JOMBANG,1
3179,2015,3517,JAWA TIMUR,JOMBANG,1
3180,2016,3517,JAWA TIMUR,JOMBANG,1
3181,2017,3517,JAWA TIMUR,JOMBANG,1
3182,2018,3517,JAWA TIMUR,JOMBANG,1
3183,2019,3517,JAWA TIMUR,JOMBANG,1
3184,2020,3517,JAWA TIMUR,JOMBANG,1
3185,2021,3517,JAWA TIMUR,JOMBANG,1
3186,2022,3517,JAWA TIMUR,JOMBANG,1
3187,2023,3517,JAWA TIMUR,JOMBANG,1
3188,2024,3517,JAWA TIMUR,JOMBANG,1
3189,2025,3517,JAWA TIMUR,JOMBANG,1
3190,2004,3506,JAWA TIMUR,KEDIRI,0
3191,2005,3506,JAWA TIMUR,KEDIRI,0
3192,2006,3506,JAWA TIMUR,KEDIRI,0
3193,2007,3506,JAWA TIMUR,KEDIRI,0
3194,2008,3506,JAWA TIMUR,KEDIRI,0
3195,2009,3506,JAWA TIMUR,KEDIRI,0
3196,2010,3506,JAWA TIMUR,KEDIRI,0
3197,2011,3506,JAWA TIMUR,KEDIRI,0
3198,2012,3506,JAWA TIMUR,KEDIRI,0
3199,2013,3506,JAWA TIMUR,KEDIRI,0
3200,2014,3506,JAWA TIMUR,KEDIRI,0
3201,2015,3506,JAWA TIMUR,KEDIRI,0
3202,2016,3506,JAWA TIMUR,KEDIRI,0
3203,2017,3506,JAWA TIMUR,KEDIRI,0
3204,2018,3506,JAWA TIMUR,KEDIRI,0
3205,2019,3506,JAWA TIMUR,KEDIRI,0
3206,2020,3506,JAWA TIMUR,KEDIRI,0
3207,2021,3506,JAWA TIMUR,KEDIRI,0
3208,2022,3506,JAWA TIMUR,KEDIRI,0
3209,2023,3506,JAWA TIMUR,KEDIRI,0
3210,2024,3506,JAWA TIMUR,KEDIRI,0
3211,2025,3506,JAWA TIMUR,KEDIRI,0
3212,2004,3571,JAWA TIMUR,KOTA KEDIRI,0
3213,2005,3571,JAWA TIMUR,KOTA KEDIRI,0
3214,2006,3571,JAWA TIMUR,KOTA KEDIRI,0
3215,2007,3571,JAWA TIMUR,KOTA KEDIRI,0
3216,2008,3571,JAWA TIMUR,KOTA KEDIRI,0
3217,2009,3571,JAWA TIMUR,KOTA KEDIRI,0
3218,2010,3571,JAWA TIMUR,KOTA KEDIRI,0
3219,2011,3571,JAWA TIMUR,KOTA KEDIRI,0
3220,2012,3571,JAWA TIMUR,KOTA KEDIRI,0
3221,2013,3571,JAWA TIMUR,KOTA KEDIRI,0
3222,2014,3571,JAWA TIMUR,KOTA KEDIRI,0
3223,2015,3571,JAWA TIMUR,KOTA KEDIRI,0
3224,2016,3571,JAWA TIMUR,KOTA KEDIRI,0
3225,2017,3571,JAWA TIMUR,KOTA KEDIRI,0
3226,2018,3571,JAWA TIMUR,KOTA KEDIRI,0
3227,2019,3571,JAWA TIMUR,KOTA KEDIRI,0
3228,2020,3571,JAWA TIMUR,KOTA KEDIRI,0
3229,2021,3571,JAWA TIMUR,KOTA KEDIRI,0
3230,2022,3571,JAWA TIMUR,KOTA KEDIRI,0
3231,2023,3571,JAWA TIMUR,KOTA KEDIRI,0
3232,2024,3571,JAWA TIMUR,KOTA KEDIRI,0
3233,2025,3571,JAWA TIMUR,KOTA KEDIRI,0
3234,2004,3524,JAWA TIMUR,LAMONGAN,0
3235,2005,3524,JAWA TIMUR,LAMONGAN,0
3236,2006,3524,JAWA TIMUR,LAMONGAN,0
3237,2007,3524,JAWA TIMUR,LAMONGAN,0
3238,2008,3524,JAWA TIMUR,LAMONGAN,0
3239,2009,3524,JAWA TIMUR,LAMONGAN,0
3240,2010,3524,JAWA TIMUR,LAMONGAN,0
3241,2011,3524,JAWA TIMUR,LAMONGAN,0
3242,2012,3524,JAWA TIMUR,LAMONGAN,0
3243,2013,3524,JAWA TIMUR,LAMONGAN,0
3244,2014,3524,JAWA TIMUR,LAMONGAN,0
3245,2015,3524,JAWA TIMUR,LAMONGAN,0
3246,2016,3524,JAWA TIMUR,LAMONGAN,0
3247,2017,3524,JAWA TIMUR,LAMONGAN,0
3248,2018,3524,JAWA TIMUR,LAMONGAN,0
3249,2019,3524,JAWA TIMUR,LAMONGAN,0
3250,2020,3524,JAWA TIMUR,LAMONGAN,0
3251,2021,3524,JAWA TIMUR,LAMONGAN,0
3252,2022,3524,JAWA TIMUR,LAMONGAN,0
3253,2023,3524,JAWA TIMUR,LAMONGAN,0
3254,2024,3524,JAWA TIMUR,LAMONGAN,0
3255,2025,3524,JAWA TIMUR,LAMONGAN,0
3256,2004,3508,JAWA TIMUR,LUMAJANG,0
3257,2005,3508,JAWA TIMUR,LUMAJANG,0
3258,2006,3508,JAWA TIMUR,LUMAJANG,0
3259,2007,3508,JAWA TIMUR,LUMAJANG,1
3260,2008,3508,JAWA TIMUR,LUMAJANG,1
3261,2009,3508,JAWA TIMUR,LUMAJANG,1
3262,2010,3508,JAWA TIMUR,LUMAJANG,1
3263,2011,3508,JAWA TIMUR,LUMAJANG,1
3264,2012,3508,JAWA TIMUR,LUMAJANG,1
3265,2013,3508,JAWA TIMUR,LUMAJANG,1
3266,2014,3508,JAWA TIMUR,LUMAJANG,1
3267,2015,3508,JAWA TIMUR,LUMAJANG,1
3268,2016,3508,JAWA TIMUR,LUMAJANG,1
3269,2017,3508,JAWA TIMUR,LUMAJANG,1
3270,2018,3508,JAWA TIMUR,LUMAJANG,1
3271,2019,3508,JAWA TIMUR,LUMAJANG,1
3272,2020,3508,JAWA TIMUR,LUMAJANG,1
3273,2021,3508,JAWA TIMUR,LUMAJANG,1
3274,2022,3508,JAWA TIMUR,LUMAJANG,1
3275,2023,3508,JAWA TIMUR,LUMAJANG,1
3276,2024,3508,JAWA TIMUR,LUMAJANG,1
3277,2025,3508,JAWA TIMUR,LUMAJANG,1
3278,2004,3519,JAWA TIMUR,MADIUN,0
3279,2005,3519,JAWA TIMUR,MADIUN,0
3280,2006,3519,JAWA TIMUR,MADIUN,0
3281,2007,3519,JAWA TIMUR,MADIUN,0
3282,2008,3519,JAWA TIMUR,MADIUN,1
3283,2009,3519,JAWA TIMUR,MADIUN,1
3284,2010,3519,JAWA TIMUR,MADIUN,1
3285,2011,3519,JAWA TIMUR,MADIUN,1
3286,2012,3519,JAWA TIMUR,MADIUN,1
3287,2013,3519,JAWA TIMUR,MADIUN,1
3288,2014,3519,JAWA TIMUR,MADIUN,1
3289,2015,3519,JAWA TIMUR,MADIUN,1
3290,2016,3519,JAWA TIMUR,MADIUN,1
3291,2017,3519,JAWA TIMUR,MADIUN,1
3292,2018,3519,JAWA TIMUR,MADIUN,1
3293,2019,3519,JAWA TIMUR,MADIUN,1
3294,2020,3519,JAWA TIMUR,MADIUN,1
3295,2021,3519,JAWA TIMUR,MADIUN,1
3296,2022,3519,JAWA TIMUR,MADIUN,1
3297,2023,3519,JAWA TIMUR,MADIUN,1
3298,2024,3519,JAWA TIMUR,MADIUN,1
3299,2025,3519,JAWA TIMUR,MADIUN,1
3300,2004,3577,JAWA TIMUR,KOTA MADIUN,0
3301,2005,3577,JAWA TIMUR,KOTA MADIUN,0
3302,2006,3577,JAWA TIMUR,KOTA MADIUN,0
3303,2007,3577,JAWA TIMUR,KOTA MADIUN,0
3304,2008,3577,JAWA TIMUR,KOTA MADIUN,0
3305,2009,3577,JAWA TIMUR,KOTA MADIUN,0
3306,2010,3577,JAWA TIMUR,KOTA MADIUN,0
3307,2011,3577,JAWA TIMUR,KOTA MADIUN,0
3308,2012,3577,JAWA TIMUR,KOTA MADIUN,0
3309,2013,3577,JAWA TIMUR,KOTA MADIUN,0
3310,2014,3577,JAWA TIMUR,KOTA MADIUN,0
3311,2015,3577,JAWA TIMUR,KOTA MADIUN,1
3312,2016,3577,JAWA TIMUR,KOTA MADIUN,1
3313,2017,3577,JAWA TIMUR,KOTA MADIUN,1
3314,2018,3577,JAWA TIMUR,KOTA MADIUN,1
3315,2019,3577,JAWA TIMUR,KOTA MADIUN,1
3316,2020,3577,JAWA TIMUR,KOTA MADIUN,1
3317,2021,3577,JAWA TIMUR,KOTA MADIUN,1
3318,2022,3577,JAWA TIMUR,KOTA MADIUN,1
3319,2023,3577,JAWA TIMUR,KOTA MADIUN,1
3320,2024,3577,JAWA TIMUR,KOTA MADIUN,1
3321,2025,3577,JAWA TIMUR,KOTA MADIUN,1
3322,2004,3520,JAWA TIMUR,MAGETAN,0
3323,2005,3520,JAWA TIMUR,MAGETAN,0
3324,2006,3520,JAWA TIMUR,MAGETAN,0
3325,2007,3520,JAWA TIMUR,MAGETAN,0
3326,2008,3520,JAWA TIMUR,MAGETAN,0
3327,2009,3520,JAWA TIMUR,MAGETAN,0
3328,2010,3520,JAWA TIMUR,MAGETAN,0
3329,2011,3520,JAWA TIMUR,MAGETAN,0
3330,2012,3520,JAWA TIMUR,MAGETAN,0
3331,2013,3520,JAWA TIMUR,MAGETAN,0
3332,2014,3520,JAWA TIMUR,MAGETAN,0
3333,2015,3520,JAWA TIMUR,MAGETAN,0
3334,2016,3520,JAWA TIMUR,MAGETAN,1
3335,2017,3520,JAWA TIMUR,MAGETAN,1
3336,2018,3520,JAWA TIMUR,MAGETAN,1
3337,2019,3520,JAWA TIMUR,MAGETAN,1
3338,2020,3520,JAWA TIMUR,MAGETAN,1
3339,2021,3520,JAWA TIMUR,MAGETAN,1
3340,2022,3520,JAWA TIMUR,MAGETAN,1
3341,2023,3520,JAWA TIMUR,MAGETAN,1
3342,2024,3520,JAWA TIMUR,MAGETAN,1
3343,2025,3520,JAWA TIMUR,MAGETAN,1
3344,2004,3507,JAWA TIMUR,MALANG,0
3345,2005,3507,JAWA TIMUR,MALANG,0
3346,2006,3507,JAWA TIMUR,MALANG,0
3347,2007,3507,JAWA TIMUR,MALANG,0
3348,2008,3507,JAWA TIMUR,MALANG,0
3349,2009,3507,JAWA TIMUR,MALANG,0
3350,2010,3507,JAWA TIMUR,MALANG,0
3351,2011,3507,JAWA TIMUR,MALANG,0
3352,2012,3507,JAWA TIMUR,MALANG,0
3353,2013,3507,JAWA TIMUR,MALANG,0
3354,2014,3507,JAWA TIMUR,MALANG,0
3355,2015,3507,JAWA TIMUR,MALANG,0
3356,2016,3507,JAWA TIMUR,MALANG,0
3357,2017,3507,JAWA TIMUR,MALANG,0
3358,2018,3507,JAWA TIMUR,MALANG,0
3359,2019,3507,JAWA TIMUR,MALANG,0
3360,2020,3507,JAWA TIMUR,MALANG,0
3361,2021,3507,JAWA TIMUR,MALANG,0
3362,2022,3507,JAWA TIMUR,MALANG,0
3363,2023,3507,JAWA TIMUR,MALANG,0
3364,2024,3507,JAWA TIMUR,MALANG,0
3365,2025,3507,JAWA TIMUR,MALANG,0
3366,2004,3573,JAWA TIMUR,KOTA MALANG,0
3367,2005,3573,JAWA TIMUR,KOTA MALANG,0
3368,2006,3573,JAWA TIMUR,KOTA MALANG,0
3369,2007,3573,JAWA TIMUR,KOTA MALANG,0
3370,2008,3573,JAWA TIMUR,KOTA MALANG,0
3371,2009,3573,JAWA TIMUR,KOTA MALANG,0
3372,2010,3573,JAWA TIMUR,KOTA MALANG,0
3373,2011,3573,JAWA TIMUR,KOTA MALANG,0
3374,2012,3573,JAWA TIMUR,KOTA MALANG,0
3375,2013,3573,JAWA TIMUR,KOTA MALANG,0
3376,2014,3573,JAWA TIMUR,KOTA MALANG,0
3377,2015,3573,JAWA TIMUR,KOTA MALANG,1
3378,2016,3573,JAWA TIMUR,KOTA MALANG,1
3379,2017,3573,JAWA TIMUR,KOTA MALANG,1
3380,2018,3573,JAWA TIMUR,KOTA MALANG,1
3381,2019,3573,JAWA TIMUR,KOTA MALANG,1
3382,2020,3573,JAWA TIMUR,KOTA MALANG,1
3383,2021,3573,JAWA TIMUR,KOTA MALANG,1
3384,2022,3573,JAWA TIMUR,KOTA MALANG,1
3385,2023,3573,JAWA TIMUR,KOTA MALANG,1
3386,2024,3573,JAWA TIMUR,KOTA MALANG,1
3387,2025,3573,JAWA TIMUR,KOTA MALANG,1
3388,2004,3516,JAWA TIMUR,MOJOKERTO,0
3389,2005,3516,JAWA TIMUR,MOJOKERTO,0
3390,2006,3516,JAWA TIMUR,MOJOKERTO,0
3391,2007,3516,JAWA TIMUR,MOJOKERTO,0
3392,2008,3516,JAWA TIMUR,MOJOKERTO,0
3393,2009,3516,JAWA TIMUR,MOJOKERTO,0
3394,2010,3516,JAWA TIMUR,MOJOKERTO,0
3395,2011,3516,JAWA TIMUR,MOJOKERTO,0
3396,2012,3516,JAWA TIMUR,MOJOKERTO,0
3397,2013,3516,JAWA TIMUR,MOJOKERTO,0
3398,2014,3516,JAWA TIMUR,MOJOKERTO,0
3399,2015,3516,JAWA TIMUR,MOJOKERTO,0
3400,2016,3516,JAWA TIMUR,MOJOKERTO,0
3401,2017,3516,JAWA TIMUR,MOJOKERTO,0
3402,2018,3516,JAWA TIMUR,MOJOKERTO,0
3403,2019,3516,JAWA TIMUR,MOJOKERTO,0
3404,2020,3516,JAWA TIMUR,MOJOKERTO,0
3405,2021,3516,JAWA TIMUR,MOJOKERTO,0
3406,2022,3516,JAWA TIMUR,MOJOKERTO,0
3407,2023,3516,JAWA TIMUR,MOJOKERTO,0
3408,2024,3516,JAWA TIMUR,MOJOKERTO,0
3409,2025,3516,JAWA TIMUR,MOJOKERTO,0
3410,2004,3576,JAWA TIMUR,KOTA MOJOKERTO,0
3411,2005,3576,JAWA TIMUR,KOTA MOJOKERTO,0
3412,2006,3576,JAWA TIMUR,KOTA MOJOKERTO,0
3413,2007,3576,JAWA TIMUR,KOTA MOJOKERTO,0
3414,2008,3576,JAWA TIMUR,KOTA MOJOKERTO,0
3415,2009,3576,JAWA TIMUR,KOTA MOJOKERTO,0
3416,2010,3576,JAWA TIMUR,KOTA MOJOKERTO,0
3417,2011,3576,JAWA TIMUR,KOTA MOJOKERTO,0
3418,2012,3576,JAWA TIMUR,KOTA MOJOKERTO,0
3419,2013,3576,JAWA TIMUR,KOTA MOJOKERTO,0
3420,2014,3576,JAWA TIMUR,KOTA MOJOKERTO,0
3421,2015,3576,JAWA TIMUR,KOTA MOJOKERTO,0
3422,2016,3576,JAWA TIMUR,KOTA MOJOKERTO,0
3423,2017,3576,JAWA TIMUR,KOTA MOJOKERTO,0
3424,2018,3576,JAWA TIMUR,KOTA MOJOKERTO,0
3425,2019,3576,JAWA TIMUR,KOTA MOJOKERTO,0
3426,2020,3576,JAWA TIMUR,KOTA MOJOKERTO,0
3427,2021,3576,JAWA TIMUR,KOTA MOJOKERTO,0
3428,2022,3576,JAWA TIMUR,KOTA MOJOKERTO,0
3429,2023,3576,JAWA TIMUR,KOTA MOJOKERTO,0
3430,2024,3576,JAWA TIMUR,KOTA MOJOKERTO,0
3431,2025,3576,JAWA TIMUR,KOTA MOJOKERTO,0
3432,2004,3518,JAWA TIMUR,NGANJUK,0
3433,2005,3518,JAWA TIMUR,NGANJUK,0
3434,2006,3518,JAWA TIMUR,NGANJUK,0
3435,2007,3518,JAWA TIMUR,NGANJUK,0
3436,2008,3518,JAWA TIMUR,NGANJUK,0
3437,2009,3518,JAWA TIMUR,NGANJUK,0
3438,2010,3518,JAWA TIMUR,NGANJUK,0
3439,2011,3518,JAWA TIMUR,NGANJUK,0
3440,2012,3518,JAWA TIMUR,NGANJUK,0
3441,2013,3518,JAWA TIMUR,NGANJUK,0
3442,2014,3518,JAWA TIMUR,NGANJUK,0
3443,2015,3518,JAWA TIMUR,NGANJUK,0
3444,2016,3518,JAWA TIMUR,NGANJUK,0
3445,2017,3518,JAWA TIMUR,NGANJUK,0
3446,2018,3518,JAWA TIMUR,NGANJUK,0
3447,2019,3518,JAWA TIMUR,NGANJUK,0
3448,2020,3518,JAWA TIMUR,NGANJUK,0
3449,2021,3518,JAWA TIMUR,NGANJUK,0
3450,2022,3518,JAWA TIMUR,NGANJUK,0
3451,2023,3518,JAWA TIMUR,NGANJUK,0
3452,2024,3518,JAWA TIMUR,NGANJUK,0
3453,2025,3518,JAWA TIMUR,NGANJUK,0
3454,2004,3521,JAWA TIMUR,NGAWI,0
3455,2005,3521,JAWA TIMUR,NGAWI,0
3456,2006,3521,JAWA TIMUR,NGAWI,0
3457,2007,3521,JAWA TIMUR,NGAWI,0
3458,2008,3521,JAWA TIMUR,NGAWI,0
3459,2009,3521,JAWA TIMUR,NGAWI,0
3460,2010,3521,JAWA TIMUR,NGAWI,0
3461,2011,3521,JAWA TIMUR,NGAWI,0
3462,2012,3521,JAWA TIMUR,NGAWI,0
3463,2013,3521,JAWA TIMUR,NGAWI,0
3464,2014,3521,JAWA TIMUR,NGAWI,0
3465,2015,3521,JAWA TIMUR,NGAWI,0
3466,2016,3521,JAWA TIMUR,NGAWI,0
3467,2017,3521,JAWA TIMUR,NGAWI,0
3468,2018,3521,JAWA TIMUR,NGAWI,0
3469,2019,3521,JAWA TIMUR,NGAWI,0
3470,2020,3521,JAWA TIMUR,NGAWI,0
3471,2021,3521,JAWA TIMUR,NGAWI,0
3472,2022,3521,JAWA TIMUR,NGAWI,0
3473,2023,3521,JAWA TIMUR,NGAWI,0
3474,2024,3521,JAWA TIMUR,NGAWI,0
3475,2025,3521,JAWA TIMUR,NGAWI,0
3476,2004,3501,JAWA TIMUR,PACITAN,0
3477,2005,3501,JAWA TIMUR,PACITAN,0
3478,2006,3501,JAWA TIMUR,PACITAN,0
3479,2007,3501,JAWA TIMUR,PACITAN,0
3480,2008,3501,JAWA TIMUR,PACITAN,0
3481,2009,3501,JAWA TIMUR,PACITAN,0
3482,2010,3501,JAWA TIMUR,PACITAN,0
3483,2011,3501,JAWA TIMUR,PACITAN,0
3484,2012,3501,JAWA TIMUR,PACITAN,0
3485,2013,3501,JAWA TIMUR,PACITAN,0
3486,2014,3501,JAWA TIMUR,PACITAN,0
3487,2015,3501,JAWA TIMUR,PACITAN,0
3488,2016,3501,JAWA TIMUR,PACITAN,0
3489,2017,3501,JAWA TIMUR,PACITAN,0
3490,2018,3501,JAWA TIMUR,PACITAN,0
3491,2019,3501,JAWA TIMUR,PACITAN,0
3492,2020,3501,JAWA TIMUR,PACITAN,0
3493,2021,3501,JAWA TIMUR,PACITAN,0
3494,2022,3501,JAWA TIMUR,PACITAN,0
3495,2023,3501,JAWA TIMUR,PACITAN,0
3496,2024,3501,JAWA TIMUR,PACITAN,0
3497,2025,3501,JAWA TIMUR,PACITAN,0
3498,2004,3528,JAWA TIMUR,PAMEKASAN,0
3499,2005,3528,JAWA TIMUR,PAMEKASAN,0
3500,2006,3528,JAWA TIMUR,PAMEKASAN,0
3501,2007,3528,JAWA TIMUR,PAMEKASAN,0
3502,2008,3528,JAWA TIMUR,PAMEKASAN,0
3503,2009,3528,JAWA TIMUR,PAMEKASAN,0
3504,2010,3528,JAWA TIMUR,PAMEKASAN,0
3505,2011,3528,JAWA TIMUR,PAMEKASAN,0
3506,2012,3528,JAWA TIMUR,PAMEKASAN,0
3507,2013,3528,JAWA TIMUR,PAMEKASAN,0
3508,2014,3528,JAWA TIMUR,PAMEKASAN,0
3509,2015,3528,JAWA TIMUR,PAMEKASAN,0
3510,2016,3528,JAWA TIMUR,PAMEKASAN,0
3511,2017,3528,JAWA TIMUR,PAMEKASAN,0
3512,2018,3528,JAWA TIMUR,PAMEKASAN,0
3513,2019,3528,JAWA TIMUR,PAMEKASAN,0
3514,2020,3528,JAWA TIMUR,PAMEKASAN,0
3515,2021,3528,JAWA TIMUR,PAMEKASAN,0
3516,2022,3528,JAWA TIMUR,PAMEKASAN,0
3517,2023,3528,JAWA TIMUR,PAMEKASAN,0
3518,2024,3528,JAWA TIMUR,PAMEKASAN,0
3519,2025,3528,JAWA TIMUR,PAMEKASAN,0
3520,2004,3514,JAWA TIMUR,PASURUAN,0
3521,2005,3514,JAWA TIMUR,PASURUAN,0
3522,2006,3514,JAWA TIMUR,PASURUAN,0
3523,2007,3514,JAWA TIMUR,PASURUAN,0
3524,2008,3514,JAWA TIMUR,PASURUAN,0
3525,2009,3514,JAWA TIMUR,PASURUAN,0
3526,2010,3514,JAWA TIMUR,PASURUAN,0
3527,2011,3514,JAWA TIMUR,PASURUAN,0
3528,2012,3514,JAWA TIMUR,PASURUAN,0
3529,2013,3514,JAWA TIMUR,PASURUAN,0
3530,2014,3514,JAWA TIMUR,PASURUAN,0
3531,2015,3514,JAWA TIMUR,PASURUAN,0
3532,2016,3514,JAWA TIMUR,PASURUAN,0
3533,2017,3514,JAWA TIMUR,PASURUAN,0
3534,2018,3514,JAWA TIMUR,PASURUAN,1
3535,2019,3514,JAWA TIMUR,PASURUAN,1
3536,2020,3514,JAWA TIMUR,PASURUAN,1
3537,2021,3514,JAWA TIMUR,PASURUAN,1
3538,2022,3514,JAWA TIMUR,PASURUAN,1
3539,2023,3514,JAWA TIMUR,PASURUAN,1
3540,2024,3514,JAWA TIMUR,PASURUAN,1
3541,2025,3514,JAWA TIMUR,PASURUAN,1
3542,2004,3575,JAWA TIMUR,KOTA PASURUAN,0
3543,2005,3575,JAWA TIMUR,KOTA PASURUAN,0
3544,2006,3575,JAWA TIMUR,KOTA PASURUAN,0
3545,2007,3575,JAWA TIMUR,KOTA PASURUAN,0
3546,2008,3575,JAWA TIMUR,KOTA PASURUAN,0
3547,2009,3575,JAWA TIMUR,KOTA PASURUAN,0
3548,2010,3575,JAWA TIMUR,KOTA PASURUAN,0
3549,2011,3575,JAWA TIMUR,KOTA PASURUAN,0
3550,2012,3575,JAWA TIMUR,KOTA PASURUAN,0
3551,2013,3575,JAWA TIMUR,KOTA PASURUAN,0
3552,2014,3575,JAWA TIMUR,KOTA PASURUAN,0
3553,2015,3575,JAWA TIMUR,KOTA PASURUAN,0
3554,2016,3575,JAWA TIMUR,KOTA PASURUAN,0
3555,2017,3575,JAWA TIMUR,KOTA PASURUAN,0
3556,2018,3575,JAWA TIMUR,KOTA PASURUAN,0
3557,2019,3575,JAWA TIMUR,KOTA PASURUAN,0
3558,2020,3575,JAWA TIMUR,KOTA PASURUAN,0
3559,2021,3575,JAWA TIMUR,KOTA PASURUAN,0
3560,2022,3575,JAWA TIMUR,KOTA PASURUAN,0
3561,2023,3575,JAWA TIMUR,KOTA PASURUAN,0
3562,2024,3575,JAWA TIMUR,KOTA PASURUAN,0
3563,2025,3575,JAWA TIMUR,KOTA PASURUAN,0
3564,2004,3502,JAWA TIMUR,PONOROGO,0
3565,2005,3502,JAWA TIMUR,PONOROGO,0
3566,2006,3502,JAWA TIMUR,PONOROGO,0
3567,2007,3502,JAWA TIMUR,PONOROGO,0
3568,2008,3502,JAWA TIMUR,PONOROGO,0
3569,2009,3502,JAWA TIMUR,PONOROGO,0
3570,2010,3502,JAWA TIMUR,PONOROGO,0
3571,2011,3502,JAWA TIMUR,PONOROGO,0
3572,2012,3502,JAWA TIMUR,PONOROGO,0
3573,2013,3502,JAWA TIMUR,PONOROGO,0
3574,2014,3502,JAWA TIMUR,PONOROGO,0
3575,2015,3502,JAWA TIMUR,PONOROGO,0
3576,2016,3502,JAWA TIMUR,PONOROGO,0
3577,2017,3502,JAWA TIMUR,PONOROGO,0
3578,2018,3502,JAWA TIMUR,PONOROGO,0
3579,2019,3502,JAWA TIMUR,PONOROGO,0
3580,2020,3502,JAWA TIMUR,PONOROGO,0
3581,2021,3502,JAWA TIMUR,PONOROGO,0
3582,2022,3502,JAWA TIMUR,PONOROGO,0
3583,2023,3502,JAWA TIMUR,PONOROGO,0
3584,2024,3502,JAWA TIMUR,PONOROGO,0
3585,2025,3502,JAWA TIMUR,PONOROGO,0
3586,2004,3513,JAWA TIMUR,PROBOLINGGO,0
3587,2005,3513,JAWA TIMUR,PROBOLINGGO,0
3588,2006,3513,JAWA TIMUR,PROBOLINGGO,0
3589,2007,3513,JAWA TIMUR,PROBOLINGGO,0
3590,2008,3513,JAWA TIMUR,PROBOLINGGO,0
3591,2009,3513,JAWA TIMUR,PROBOLINGGO,0
3592,2010,3513,JAWA TIMUR,PROBOLINGGO,0
3593,2011,3513,JAWA TIMUR,PROBOLINGGO,0
3594,2012,3513,JAWA TIMUR,PROBOLINGGO,0
3595,2013,3513,JAWA TIMUR,PROBOLINGGO,0
3596,2014,3513,JAWA TIMUR,PROBOLINGGO,0
3597,2015,3513,JAWA TIMUR,PROBOLINGGO,0
3598,2016,3513,JAWA TIMUR,PROBOLINGGO,0
3599,2017,3513,JAWA TIMUR,PROBOLINGGO,0
3600,2018,3513,JAWA TIMUR,PROBOLINGGO,0
3601,2019,3513,JAWA TIMUR,PROBOLINGGO,1
3602,2020,3513,JAWA TIMUR,PROBOLINGGO,1
3603,2021,3513,JAWA TIMUR,PROBOLINGGO,1
3604,2022,3513,JAWA TIMUR,PROBOLINGGO,1
3605,2023,3513,JAWA TIMUR,PROBOLINGGO,1
3606,2024,3513,JAWA TIMUR,PROBOLINGGO,1
3607,2025,3513,JAWA TIMUR,PROBOLINGGO,1
3608,2004,3574,JAWA TIMUR,KOTA PROBOLINGGO,0
3609,2005,3574,JAWA TIMUR,KOTA PROBOLINGGO,0
3610,2006,3574,JAWA TIMUR,KOTA PROBOLINGGO,0
3611,2007,3574,JAWA TIMUR,KOTA PROBOLINGGO,0
3612,2008,3574,JAWA TIMUR,KOTA PROBOLINGGO,0
3613,2009,3574,JAWA TIMUR,KOTA PROBOLINGGO,0
3614,2010,3574,JAWA TIMUR,KOTA PROBOLINGGO,0
3615,2011,3574,JAWA TIMUR,KOTA PROBOLINGGO,0
3616,2012,3574,JAWA TIMUR,KOTA PROBOLINGGO,0
3617,2013,3574,JAWA TIMUR,KOTA PROBOLINGGO,0
3618,2014,3574,JAWA TIMUR,KOTA PROBOLINGGO,0
3619,2015,3574,JAWA TIMUR,KOTA PROBOLINGGO,0
3620,2016,3574,JAWA TIMUR,KOTA PROBOLINGGO,0
3621,2017,3574,JAWA TIMUR,KOTA PROBOLINGGO,0
3622,2018,3574,JAWA TIMUR,KOTA PROBOLINGGO,1
3623,2019,3574,JAWA TIMUR,KOTA PROBOLINGGO,1
3624,2020,3574,JAWA TIMUR,KOTA PROBOLINGGO,1
3625,2021,3574,JAWA TIMUR,KOTA PROBOLINGGO,1
3626,2022,3574,JAWA TIMUR,KOTA PROBOLINGGO,1
3627,2023,3574,JAWA TIMUR,KOTA PROBOLINGGO,1
3628,2024,3574,JAWA TIMUR,KOTA PROBOLINGGO,1
3629,2025,3574,JAWA TIMUR,KOTA PROBOLINGGO,1
3630,2004,3527,JAWA TIMUR,SAMPANG,0
3631,2005,3527,JAWA TIMUR,SAMPANG,0
3632,2006,3527,JAWA TIMUR,SAMPANG,0
3633,2007,3527,JAWA TIMUR,SAMPANG,0
3634,2008,3527,JAWA TIMUR,SAMPANG,0
3635,2009,3527,JAWA TIMUR,SAMPANG,0
3636,2010,3527,JAWA TIMUR,SAMPANG,0
3637,2011,3527,JAWA TIMUR,SAMPANG,0
3638,2012,3527,JAWA TIMUR,SAMPANG,0
3639,2013,3527,JAWA TIMUR,SAMPANG,0
3640,2014,3527,JAWA TIMUR,SAMPANG,0
3641,2015,3527,JAWA TIMUR,SAMPANG,0
3642,2016,3527,JAWA TIMUR,SAMPANG,0
3643,2017,3527,JAWA TIMUR,SAMPANG,1
3644,2018,3527,JAWA TIMUR,SAMPANG,1
3645,2019,3527,JAWA TIMUR,SAMPANG,1
3646,2020,3527,JAWA TIMUR,SAMPANG,1
3647,2021,3527,JAWA TIMUR,SAMPANG,1
3648,2022,3527,JAWA TIMUR,SAMPANG,1
3649,2023,3527,JAWA TIMUR,SAMPANG,1
3650,2024,3527,JAWA TIMUR,SAMPANG,1
3651,2025,3527,JAWA TIMUR,SAMPANG,1
3652,2004,3515,JAWA TIMUR,SIDOARJO,0
3653,2005,3515,JAWA TIMUR,SIDOARJO,0
3654,2006,3515,JAWA TIMUR,SIDOARJO,0
3655,2007,3515,JAWA TIMUR,SIDOARJO,0
3656,2008,3515,JAWA TIMUR,SIDOARJO,0
3657,2009,3515,JAWA TIMUR,SIDOARJO,0
3658,2010,3515,JAWA TIMUR,SIDOARJO,0
3659,2011,3515,JAWA TIMUR,SIDOARJO,0
3660,2012,3515,JAWA TIMUR,SIDOARJO,0
3661,2013,3515,JAWA TIMUR,SIDOARJO,0
3662,2014,3515,JAWA TIMUR,SIDOARJO,0
3663,2015,3515,JAWA TIMUR,SIDOARJO,0
3664,2016,3515,JAWA TIMUR,SIDOARJO,0
3665,2017,3515,JAWA TIMUR,SIDOARJO,0
3666,2018,3515,JAWA TIMUR,SIDOARJO,0
3667,2019,3515,JAWA TIMUR,SIDOARJO,0
3668,2020,3515,JAWA TIMUR,SIDOARJO,0
3669,2021,3515,JAWA TIMUR,SIDOARJO,0
3670,2022,3515,JAWA TIMUR,SIDOARJO,0
3671,2023,3515,JAWA TIMUR,SIDOARJO,0
3672,2024,3515,JAWA TIMUR,SIDOARJO,0
3673,2025,3515,JAWA TIMUR,SIDOARJO,0
3674,2004,3512,JAWA TIMUR,SITUBONDO,0
3675,2005,3512,JAWA TIMUR,SITUBONDO,0
3676,2006,3512,JAWA TIMUR,SITUBONDO,0
3677,2007,3512,JAWA TIMUR,SITUBONDO,0
3678,2008,3512,JAWA TIMUR,SITUBONDO,0
3679,2009,3512,JAWA TIMUR,SITUBONDO,0
3680,2010,3512,JAWA TIMUR,SITUBONDO,0
3681,2011,3512,JAWA TIMUR,SITUBONDO,0
3682,2012,3512,JAWA TIMUR,SITUBONDO,0
3683,2013,3512,JAWA TIMUR,SITUBONDO,1
3684,2014,3512,JAWA TIMUR,SITUBONDO,1
3685,2015,3512,JAWA TIMUR,SITUBONDO,1
3686,2016,3512,JAWA TIMUR,SITUBONDO,1
3687,2017,3512,JAWA TIMUR,SITUBONDO,1
3688,2018,3512,JAWA TIMUR,SITUBONDO,1
3689,2019,3512,JAWA TIMUR,SITUBONDO,1
3690,2020,3512,JAWA TIMUR,SITUBONDO,1
3691,2021,3512,JAWA TIMUR,SITUBONDO,1
3692,2022,3512,JAWA TIMUR,SITUBONDO,1
3693,2023,3512,JAWA TIMUR,SITUBONDO,1
3694,2024,3512,JAWA TIMUR,SITUBONDO,1
3695,2025,3512,JAWA TIMUR,SITUBONDO,1
3696,2004,3529,JAWA TIMUR,SUMENEP,0
3697,2005,3529,JAWA TIMUR,SUMENEP,0
3698,2006,3529,JAWA TIMUR,SUMENEP,0
3699,2007,3529,JAWA TIMUR,SUMENEP,0
3700,2008,3529,JAWA TIMUR,SUMENEP,0
3701,2009,3529,JAWA TIMUR,SUMENEP,0
3702,2010,3529,JAWA TIMUR,SUMENEP,0
3703,2011,3529,JAWA TIMUR,SUMENEP,1
3704,2012,3529,JAWA TIMUR,SUMENEP,1
3705,2013,3529,JAWA TIMUR,SUMENEP,1
3706,2014,3529,JAWA TIMUR,SUMENEP,1
3707,2015,3529,JAWA TIMUR,SUMENEP,1
3708,2016,3529,JAWA TIMUR,SUMENEP,1
3709,2017,3529,JAWA TIMUR,SUMENEP,1
3710,2018,3529,JAWA TIMUR,SUMENEP,1
3711,2019,3529,JAWA TIMUR,SUMENEP,1
3712,2020,3529,JAWA TIMUR,SUMENEP,1
3713,2021,3529,JAWA TIMUR,SUMENEP,1
3714,2022,3529,JAWA TIMUR,SUMENEP,1
3715,2023,3529,JAWA TIMUR,SUMENEP,1
3716,2024,3529,JAWA TIMUR,SUMENEP,1
3717,2025,3529,JAWA TIMUR,SUMENEP,1
3718,2004,3578,JAWA TIMUR,KOTA SURABAYA,0
3719,2005,3578,JAWA TIMUR,KOTA SURABAYA,0
3720,2006,3578,JAWA TIMUR,KOTA SURABAYA,0
3721,2007,3578,JAWA TIMUR,KOTA SURABAYA,0
3722,2008,3578,JAWA TIMUR,KOTA SURABAYA,0
3723,2009,3578,JAWA TIMUR,KOTA SURABAYA,0
3724,2010,3578,JAWA TIMUR,KOTA SURABAYA,0
3725,2011,3578,JAWA TIMUR,KOTA SURABAYA,0
3726,2012,3578,JAWA TIMUR,KOTA SURABAYA,0
3727,2013,3578,JAWA TIMUR,KOTA SURABAYA,0
3728,2014,3578,JAWA TIMUR,KOTA SURABAYA,0
3729,2015,3578,JAWA TIMUR,KOTA SURABAYA,0
3730,2016,3578,JAWA TIMUR,KOTA SURABAYA,0
3731,2017,3578,JAWA TIMUR,KOTA SURABAYA,0
3732,2018,3578,JAWA TIMUR,KOTA SURABAYA,0
3733,2019,3578,JAWA TIMUR,KOTA SURABAYA,0
3734,2020,3578,JAWA TIMUR,KOTA SURABAYA,0
3735,2021,3578,JAWA TIMUR,KOTA SURABAYA,0
3736,2022,3578,JAWA TIMUR,KOTA SURABAYA,0
3737,2023,3578,JAWA TIMUR,KOTA SURABAYA,0
3738,2024,3578,JAWA TIMUR,KOTA SURABAYA,0
3739,2025,3578,JAWA TIMUR,KOTA SURABAYA,0
3740,2004,3503,JAWA TIMUR,TRENGGALEK,0
3741,2005,3503,JAWA TIMUR,TRENGGALEK,0
3742,2006,3503,JAWA TIMUR,TRENGGALEK,0
3743,2007,3503,JAWA TIMUR,TRENGGALEK,0
3744,2008,3503,JAWA TIMUR,TRENGGALEK,0
3745,2009,3503,JAWA TIMUR,TRENGGALEK,0
3746,2010,3503,JAWA TIMUR,TRENGGALEK,0
3747,2011,3503,JAWA TIMUR,TRENGGALEK,0
3748,2012,3503,JAWA TIMUR,TRENGGALEK,1
3749,2013,3503,JAWA TIMUR,TRENGGALEK,1
3750,2014,3503,JAWA TIMUR,TRENGGALEK,1
3751,2015,3503,JAWA TIMUR,TRENGGALEK,1
3752,2016,3503,JAWA TIMUR,TRENGGALEK,1
3753,2017,3503,JAWA TIMUR,TRENGGALEK,1
3754,2018,3503,JAWA TIMUR,TRENGGALEK,1
3755,2019,3503,JAWA TIMUR,TRENGGALEK,1
3756,2020,3503,JAWA TIMUR,TRENGGALEK,1
3757,2021,3503,JAWA TIMUR,TRENGGALEK,1
3758,2022,3503,JAWA TIMUR,TRENGGALEK,1
3759,2023,3503,JAWA TIMUR,TRENGGALEK,1
3760,2024,3503,JAWA TIMUR,TRENGGALEK,1
3761,2025,3503,JAWA TIMUR,TRENGGALEK,1
3762,2004,3523,JAWA TIMUR,TUBAN,0
3763,2005,3523,JAWA TIMUR,TUBAN,0
3764,2006,3523,JAWA TIMUR,TUBAN,0
3765,2007,3523,JAWA TIMUR,TUBAN,0
3766,2008,3523,JAWA TIMUR,TUBAN,0
3767,2009,3523,JAWA TIMUR,TUBAN,0
3768,2010,3523,JAWA TIMUR,TUBAN,0
3769,2011,3523,JAWA TIMUR,TUBAN,0
3770,2012,3523,JAWA TIMUR,TUBAN,0
3771,2013,3523,JAWA TIMUR,TUBAN,0
3772,2014,3523,JAWA TIMUR,TUBAN,0
3773,2015,3523,JAWA TIMUR,TUBAN,0
3774,2016,3523,JAWA TIMUR,TUBAN,0
3775,2017,3523,JAWA TIMUR,TUBAN,0
3776,2018,3523,JAWA TIMUR,TUBAN,0
3777,2019,3523,JAWA TIMUR,TUBAN,0
3778,2020,3523,JAWA TIMUR,TUBAN,0
3779,2021,3523,JAWA TIMUR,TUBAN,0
3780,2022,3523,JAWA TIMUR,TUBAN,0
3781,2023,3523,JAWA TIMUR,TUBAN,0
3782,2024,3523,JAWA TIMUR,TUBAN,0
3783,2025,3523,JAWA TIMUR,TUBAN,0
3784,2004,3504,JAWA TIMUR,TULUNGAGUNG,0
3785,2005,3504,JAWA TIMUR,TULUNGAGUNG,0
3786,2006,3504,JAWA TIMUR,TULUNGAGUNG,0
3787,2007,3504,JAWA TIMUR,TULUNGAGUNG,0
3788,2008,3504,JAWA TIMUR,TULUNGAGUNG,0
3789,2009,3504,JAWA TIMUR,TULUNGAGUNG,0
3790,2010,3504,JAWA TIMUR,TULUNGAGUNG,0
3791,2011,3504,JAWA TIMUR,TULUNGAGUNG,0
3792,2012,3504,JAWA TIMUR,TULUNGAGUNG,0
3793,2013,3504,JAWA TIMUR,TULUNGAGUNG,0
3794,2014,3504,JAWA TIMUR,TULUNGAGUNG,0
3795,2015,3504,JAWA TIMUR,TULUNGAGUNG,0
3796,2016,3504,JAWA TIMUR,TULUNGAGUNG,0
3797,2017,3504,JAWA TIMUR,TULUNGAGUNG,0
3798,2018,3504,JAWA TIMUR,TULUNGAGUNG,0
3799,2019,3504,JAWA TIMUR,TULUNGAGUNG,0
3800,2020,3504,JAWA TIMUR,TULUNGAGUNG,0
3801,2021,3504,JAWA TIMUR,TULUNGAGUNG,0
3802,2022,3504,JAWA TIMUR,TULUNGAGUNG,0
3803,2023,3504,JAWA TIMUR,TULUNGAGUNG,0
3804,2024,3504,JAWA TIMUR,TULUNGAGUNG,0
3805,2025,3504,JAWA TIMUR,TULUNGAGUNG,0
3806,2004,6102,KALIMANTAN BARAT,BENGKAYANG,0
3807,2005,6102,KALIMANTAN BARAT,BENGKAYANG,0
3808,2006,6102,KALIMANTAN BARAT,BENGKAYANG,0
3809,2007,6102,KALIMANTAN BARAT,BENGKAYANG,0
3810,2008,6102,KALIMANTAN BARAT,BENGKAYANG,0
3811,2009,6102,KALIMANTAN BARAT,BENGKAYANG,0
3812,2010,6102,KALIMANTAN BARAT,BENGKAYANG,0
3813,2011,6102,KALIMANTAN BARAT,BENGKAYANG,0
3814,2012,6102,KALIMANTAN BARAT,BENGKAYANG,0
3815,2013,6102,KALIMANTAN BARAT,BENGKAYANG,0
3816,2014,6102,KALIMANTAN BARAT,BENGKAYANG,0
3817,2015,6102,KALIMANTAN BARAT,BENGKAYANG,0
3818,2016,6102,KALIMANTAN BARAT,BENGKAYANG,1
3819,2017,6102,KALIMANTAN BARAT,BENGKAYANG,1
3820,2018,6102,KALIMANTAN BARAT,BENGKAYANG,1
3821,2019,6102,KALIMANTAN BARAT,BENGKAYANG,1
3822,2020,6102,KALIMANTAN BARAT,BENGKAYANG,1
3823,2021,6102,KALIMANTAN BARAT,BENGKAYANG,1
3824,2022,6102,KALIMANTAN BARAT,BENGKAYANG,1
3825,2023,6102,KALIMANTAN BARAT,BENGKAYANG,1
3826,2024,6102,KALIMANTAN BARAT,BENGKAYANG,1
3827,2025,6102,KALIMANTAN BARAT,BENGKAYANG,1
3828,2004,6108,KALIMANTAN BARAT,KAPUAS HULU,0
3829,2005,6108,KALIMANTAN BARAT,KAPUAS HULU,0
3830,2006,6108,KALIMANTAN BARAT,KAPUAS HULU,0
3831,2007,6108,KALIMANTAN BARAT,KAPUAS HULU,0
3832,2008,6108,KALIMANTAN BARAT,KAPUAS HULU,0
3833,2009,6108,KALIMANTAN BARAT,KAPUAS HULU,0
3834,2010,6108,KALIMANTAN BARAT,KAPUAS HULU,0
3835,2011,6108,KALIMANTAN BARAT,KAPUAS HULU,0
3836,2012,6108,KALIMANTAN BARAT,KAPUAS HULU,0
3837,2013,6108,KALIMANTAN BARAT,KAPUAS HULU,0
3838,2014,6108,KALIMANTAN BARAT,KAPUAS HULU,0
3839,2015,6108,KALIMANTAN BARAT,KAPUAS HULU,0
3840,2016,6108,KALIMANTAN BARAT,KAPUAS HULU,0
3841,2017,6108,KALIMANTAN BARAT,KAPUAS HULU,0
3842,2018,6108,KALIMANTAN BARAT,KAPUAS HULU,0
3843,2019,6108,KALIMANTAN BARAT,KAPUAS HULU,0
3844,2020,6108,KALIMANTAN BARAT,KAPUAS HULU,0
3845,2021,6108,KALIMANTAN BARAT,KAPUAS HULU,0
3846,2022,6108,KALIMANTAN BARAT,KAPUAS HULU,0
3847,2023,6108,KALIMANTAN BARAT,KAPUAS HULU,0
3848,2024,6108,KALIMANTAN BARAT,KAPUAS HULU,0
3849,2025,6108,KALIMANTAN BARAT,KAPUAS HULU,0
3850,2004,6111,KALIMANTAN BARAT,KAYONG UTARA,0
3851,2005,6111,KALIMANTAN BARAT,KAYONG UTARA,0
3852,2006,6111,KALIMANTAN BARAT,KAYONG UTARA,0
3853,2007,6111,KALIMANTAN BARAT,KAYONG UTARA,0
3854,2008,6111,KALIMANTAN BARAT,KAYONG UTARA,0
3855,2009,6111,KALIMANTAN BARAT,KAYONG UTARA,0
3856,2010,6111,KALIMANTAN BARAT,KAYONG UTARA,0
3857,2011,6111,KALIMANTAN BARAT,KAYONG UTARA,0
3858,2012,6111,KALIMANTAN BARAT,KAYONG UTARA,0
3859,2013,6111,KALIMANTAN BARAT,KAYONG UTARA,0
3860,2014,6111,KALIMANTAN BARAT,KAYONG UTARA,0
3861,2015,6111,KALIMANTAN BARAT,KAYONG UTARA,0
3862,2016,6111,KALIMANTAN BARAT,KAYONG UTARA,0
3863,2017,6111,KALIMANTAN BARAT,KAYONG UTARA,0
3864,2018,6111,KALIMANTAN BARAT,KAYONG UTARA,0
3865,2019,6111,KALIMANTAN BARAT,KAYONG UTARA,0
3866,2020,6111,KALIMANTAN BARAT,KAYONG UTARA,0
3867,2021,6111,KALIMANTAN BARAT,KAYONG UTARA,0
3868,2022,6111,KALIMANTAN BARAT,KAYONG UTARA,0
3869,2023,6111,KALIMANTAN BARAT,KAYONG UTARA,0
3870,2024,6111,KALIMANTAN BARAT,KAYONG UTARA,0
3871,2025,6111,KALIMANTAN BARAT,KAYONG UTARA,0
3872,2004,6106,KALIMANTAN BARAT,KETAPANG,0
3873,2005,6106,KALIMANTAN BARAT,KETAPANG,0
3874,2006,6106,KALIMANTAN BARAT,KETAPANG,0
3875,2007,6106,KALIMANTAN BARAT,KETAPANG,0
3876,2008,6106,KALIMANTAN BARAT,KETAPANG,0
3877,2009,6106,KALIMANTAN BARAT,KETAPANG,0
3878,2010,6106,KALIMANTAN BARAT,KETAPANG,0
3879,2011,6106,KALIMANTAN BARAT,KETAPANG,0
3880,2012,6106,KALIMANTAN BARAT,KETAPANG,0
3881,2013,6106,KALIMANTAN BARAT,KETAPANG,0
3882,2014,6106,KALIMANTAN BARAT,KETAPANG,0
3883,2015,6106,KALIMANTAN BARAT,KETAPANG,0
3884,2016,6106,KALIMANTAN BARAT,KETAPANG,0
3885,2017,6106,KALIMANTAN BARAT,KETAPANG,0
3886,2018,6106,KALIMANTAN BARAT,KETAPANG,0
3887,2019,6106,KALIMANTAN BARAT,KETAPANG,0
3888,2020,6106,KALIMANTAN BARAT,KETAPANG,0
3889,2021,6106,KALIMANTAN BARAT,KETAPANG,0
3890,2022,6106,KALIMANTAN BARAT,KETAPANG,0
3891,2023,6106,KALIMANTAN BARAT,KETAPANG,0
3892,2024,6106,KALIMANTAN BARAT,KETAPANG,0
3893,2025,6106,KALIMANTAN BARAT,KETAPANG,0
3894,2004,6112,KALIMANTAN BARAT,KUBU RAYA,0
3895,2005,6112,KALIMANTAN BARAT,KUBU RAYA,0
3896,2006,6112,KALIMANTAN BARAT,KUBU RAYA,0
3897,2007,6112,KALIMANTAN BARAT,KUBU RAYA,0
3898,2008,6112,KALIMANTAN BARAT,KUBU RAYA,0
3899,2009,6112,KALIMANTAN BARAT,KUBU RAYA,0
3900,2010,6112,KALIMANTAN BARAT,KUBU RAYA,0
3901,2011,6112,KALIMANTAN BARAT,KUBU RAYA,0
3902,2012,6112,KALIMANTAN BARAT,KUBU RAYA,0
3903,2013,6112,KALIMANTAN BARAT,KUBU RAYA,0
3904,2014,6112,KALIMANTAN BARAT,KUBU RAYA,0
3905,2015,6112,KALIMANTAN BARAT,KUBU RAYA,0
3906,2016,6112,KALIMANTAN BARAT,KUBU RAYA,1
3907,2017,6112,KALIMANTAN BARAT,KUBU RAYA,1
3908,2018,6112,KALIMANTAN BARAT,KUBU RAYA,1
3909,2019,6112,KALIMANTAN BARAT,KUBU RAYA,1
3910,2020,6112,KALIMANTAN BARAT,KUBU RAYA,1
3911,2021,6112,KALIMANTAN BARAT,KUBU RAYA,1
3912,2022,6112,KALIMANTAN BARAT,KUBU RAYA,1
3913,2023,6112,KALIMANTAN BARAT,KUBU RAYA,1
3914,2024,6112,KALIMANTAN BARAT,KUBU RAYA,1
3915,2025,6112,KALIMANTAN BARAT,KUBU RAYA,1
3916,2004,6103,KALIMANTAN BARAT,LANDAK,0
3917,2005,6103,KALIMANTAN BARAT,LANDAK,0
3918,2006,6103,KALIMANTAN BARAT,LANDAK,0
3919,2007,6103,KALIMANTAN BARAT,LANDAK,0
3920,2008,6103,KALIMANTAN BARAT,LANDAK,0
3921,2009,6103,KALIMANTAN BARAT,LANDAK,0
3922,2010,6103,KALIMANTAN BARAT,LANDAK,0
3923,2011,6103,KALIMANTAN BARAT,LANDAK,0
3924,2012,6103,KALIMANTAN BARAT,LANDAK,0
3925,2013,6103,KALIMANTAN BARAT,LANDAK,0
3926,2014,6103,KALIMANTAN BARAT,LANDAK,0
3927,2015,6103,KALIMANTAN BARAT,LANDAK,0
3928,2016,6103,KALIMANTAN BARAT,LANDAK,0
3929,2017,6103,KALIMANTAN BARAT,LANDAK,0
3930,2018,6103,KALIMANTAN BARAT,LANDAK,0
3931,2019,6103,KALIMANTAN BARAT,LANDAK,0
3932,2020,6103,KALIMANTAN BARAT,LANDAK,0
3933,2021,6103,KALIMANTAN BARAT,LANDAK,0
3934,2022,6103,KALIMANTAN BARAT,LANDAK,0
3935,2023,6103,KALIMANTAN BARAT,LANDAK,0
3936,2024,6103,KALIMANTAN BARAT,LANDAK,0
3937,2025,6103,KALIMANTAN BARAT,LANDAK,0
3938,2004,6110,KALIMANTAN BARAT,MELAWI,0
3939,2005,6110,KALIMANTAN BARAT,MELAWI,0
3940,2006,6110,KALIMANTAN BARAT,MELAWI,0
3941,2007,6110,KALIMANTAN BARAT,MELAWI,0
3942,2008,6110,KALIMANTAN BARAT,MELAWI,0
3943,2009,6110,KALIMANTAN BARAT,MELAWI,0
3944,2010,6110,KALIMANTAN BARAT,MELAWI,0
3945,2011,6110,KALIMANTAN BARAT,MELAWI,0
3946,2012,6110,KALIMANTAN BARAT,MELAWI,0
3947,2013,6110,KALIMANTAN BARAT,MELAWI,0
3948,2014,6110,KALIMANTAN BARAT,MELAWI,0
3949,2015,6110,KALIMANTAN BARAT,MELAWI,0
3950,2016,6110,KALIMANTAN BARAT,MELAWI,0
3951,2017,6110,KALIMANTAN BARAT,MELAWI,1
3952,2018,6110,KALIMANTAN BARAT,MELAWI,1
3953,2019,6110,KALIMANTAN BARAT,MELAWI,1
3954,2020,6110,KALIMANTAN BARAT,MELAWI,1
3955,2021,6110,KALIMANTAN BARAT,MELAWI,1
3956,2022,6110,KALIMANTAN BARAT,MELAWI,1
3957,2023,6110,KALIMANTAN BARAT,MELAWI,1
3958,2024,6110,KALIMANTAN BARAT,MELAWI,1
3959,2025,6110,KALIMANTAN BARAT,MELAWI,1
3960,2004,6104,KALIMANTAN BARAT,MEMPAWAH,0
3961,2005,6104,KALIMANTAN BARAT,MEMPAWAH,0
3962,2006,6104,KALIMANTAN BARAT,MEMPAWAH,0
3963,2007,6104,KALIMANTAN BARAT,MEMPAWAH,0
3964,2008,6104,KALIMANTAN BARAT,MEMPAWAH,0
3965,2009,6104,KALIMANTAN BARAT,MEMPAWAH,0
3966,2010,6104,KALIMANTAN BARAT,MEMPAWAH,0
3967,2011,6104,KALIMANTAN BARAT,MEMPAWAH,0
3968,2012,6104,KALIMANTAN BARAT,MEMPAWAH,0
3969,2013,6104,KALIMANTAN BARAT,MEMPAWAH,0
3970,2014,6104,KALIMANTAN BARAT,MEMPAWAH,0
3971,2015,6104,KALIMANTAN BARAT,MEMPAWAH,0
3972,2016,6104,KALIMANTAN BARAT,MEMPAWAH,0
3973,2017,6104,KALIMANTAN BARAT,MEMPAWAH,0
3974,2018,6104,KALIMANTAN BARAT,MEMPAWAH,0
3975,2019,6104,KALIMANTAN BARAT,MEMPAWAH,0
3976,2020,6104,KALIMANTAN BARAT,MEMPAWAH,0
3977,2021,6104,KALIMANTAN BARAT,MEMPAWAH,0
3978,2022,6104,KALIMANTAN BARAT,MEMPAWAH,0
3979,2023,6104,KALIMANTAN BARAT,MEMPAWAH,0
3980,2024,6104,KALIMANTAN BARAT,MEMPAWAH,0
3981,2025,6104,KALIMANTAN BARAT,MEMPAWAH,0
3982,2004,6171,KALIMANTAN BARAT,KOTA PONTIANAK,0
3983,2005,6171,KALIMANTAN BARAT,KOTA PONTIANAK,0
3984,2006,6171,KALIMANTAN BARAT,KOTA PONTIANAK,0
3985,2007,6171,KALIMANTAN BARAT,KOTA PONTIANAK,0
3986,2008,6171,KALIMANTAN BARAT,KOTA PONTIANAK,0
3987,2009,6171,KALIMANTAN BARAT,KOTA PONTIANAK,0
3988,2010,6171,KALIMANTAN BARAT,KOTA PONTIANAK,0
3989,2011,6171,KALIMANTAN BARAT,KOTA PONTIANAK,0
3990,2012,6171,KALIMANTAN BARAT,KOTA PONTIANAK,0
3991,2013,6171,KALIMANTAN BARAT,KOTA PONTIANAK,0
3992,2014,6171,KALIMANTAN BARAT,KOTA PONTIANAK,0
3993,2015,6171,KALIMANTAN BARAT,KOTA PONTIANAK,0
3994,2016,6171,KALIMANTAN BARAT,KOTA PONTIANAK,0
3995,2017,6171,KALIMANTAN BARAT,KOTA PONTIANAK,0
3996,2018,6171,KALIMANTAN BARAT,KOTA PONTIANAK,0
3997,2019,6171,KALIMANTAN BARAT,KOTA PONTIANAK,0
3998,2020,6171,KALIMANTAN BARAT,KOTA PONTIANAK,0
3999,2021,6171,KALIMANTAN BARAT,KOTA PONTIANAK,0
4000,2022,6171,KALIMANTAN BARAT,KOTA PONTIANAK,0
4001,2023,6171,KALIMANTAN BARAT,KOTA PONTIANAK,0
4002,2024,6171,KALIMANTAN BARAT,KOTA PONTIANAK,0
4003,2025,6171,KALIMANTAN BARAT,KOTA PONTIANAK,0
4004,2004,6101,KALIMANTAN BARAT,SAMBAS,0
4005,2005,6101,KALIMANTAN BARAT,SAMBAS,0
4006,2006,6101,KALIMANTAN BARAT,SAMBAS,0
4007,2007,6101,KALIMANTAN BARAT,SAMBAS,0
4008,2008,6101,KALIMANTAN BARAT,SAMBAS,0
4009,2009,6101,KALIMANTAN BARAT,SAMBAS,0
4010,2010,6101,KALIMANTAN BARAT,SAMBAS,0
4011,2011,6101,KALIMANTAN BARAT,SAMBAS,0
4012,2012,6101,KALIMANTAN BARAT,SAMBAS,0
4013,2013,6101,KALIMANTAN BARAT,SAMBAS,0
4014,2014,6101,KALIMANTAN BARAT,SAMBAS,0
4015,2015,6101,KALIMANTAN BARAT,SAMBAS,0
4016,2016,6101,KALIMANTAN BARAT,SAMBAS,0
4017,2017,6101,KALIMANTAN BARAT,SAMBAS,0
4018,2018,6101,KALIMANTAN BARAT,SAMBAS,0
4019,2019,6101,KALIMANTAN BARAT,SAMBAS,0
4020,2020,6101,KALIMANTAN BARAT,SAMBAS,0
4021,2021,6101,KALIMANTAN BARAT,SAMBAS,0
4022,2022,6101,KALIMANTAN BARAT,SAMBAS,1
4023,2023,6101,KALIMANTAN BARAT,SAMBAS,1
4024,2024,6101,KALIMANTAN BARAT,SAMBAS,1
4025,2025,6101,KALIMANTAN BARAT,SAMBAS,1
4026,2004,6105,KALIMANTAN BARAT,SANGGAU,0
4027,2005,6105,KALIMANTAN BARAT,SANGGAU,0
4028,2006,6105,KALIMANTAN BARAT,SANGGAU,0
4029,2007,6105,KALIMANTAN BARAT,SANGGAU,0
4030,2008,6105,KALIMANTAN BARAT,SANGGAU,0
4031,2009,6105,KALIMANTAN BARAT,SANGGAU,0
4032,2010,6105,KALIMANTAN BARAT,SANGGAU,0
4033,2011,6105,KALIMANTAN BARAT,SANGGAU,0
4034,2012,6105,KALIMANTAN BARAT,SANGGAU,0
4035,2013,6105,KALIMANTAN BARAT,SANGGAU,0
4036,2014,6105,KALIMANTAN BARAT,SANGGAU,0
4037,2015,6105,KALIMANTAN BARAT,SANGGAU,0
4038,2016,6105,KALIMANTAN BARAT,SANGGAU,0
4039,2017,6105,KALIMANTAN BARAT,SANGGAU,0
4040,2018,6105,KALIMANTAN BARAT,SANGGAU,0
4041,2019,6105,KALIMANTAN BARAT,SANGGAU,1
4042,2020,6105,KALIMANTAN BARAT,SANGGAU,1
4043,2021,6105,KALIMANTAN BARAT,SANGGAU,1
4044,2022,6105,KALIMANTAN BARAT,SANGGAU,1
4045,2023,6105,KALIMANTAN BARAT,SANGGAU,1
4046,2024,6105,KALIMANTAN BARAT,SANGGAU,1
4047,2025,6105,KALIMANTAN BARAT,SANGGAU,1
4048,2004,6109,KALIMANTAN BARAT,SEKADAU,0
4049,2005,6109,KALIMANTAN BARAT,SEKADAU,0
4050,2006,6109,KALIMANTAN BARAT,SEKADAU,0
4051,2007,6109,KALIMANTAN BARAT,SEKADAU,0
4052,2008,6109,KALIMANTAN BARAT,SEKADAU,0
4053,2009,6109,KALIMANTAN BARAT,SEKADAU,0
4054,2010,6109,KALIMANTAN BARAT,SEKADAU,0
4055,2011,6109,KALIMANTAN BARAT,SEKADAU,0
4056,2012,6109,KALIMANTAN BARAT,SEKADAU,0
4057,2013,6109,KALIMANTAN BARAT,SEKADAU,0
4058,2014,6109,KALIMANTAN BARAT,SEKADAU,0
4059,2015,6109,KALIMANTAN BARAT,SEKADAU,0
4060,2016,6109,KALIMANTAN BARAT,SEKADAU,0
4061,2017,6109,KALIMANTAN BARAT,SEKADAU,0
4062,2018,6109,KALIMANTAN BARAT,SEKADAU,0
4063,2019,6109,KALIMANTAN BARAT,SEKADAU,0
4064,2020,6109,KALIMANTAN BARAT,SEKADAU,0
4065,2021,6109,KALIMANTAN BARAT,SEKADAU,0
4066,2022,6109,KALIMANTAN BARAT,SEKADAU,0
4067,2023,6109,KALIMANTAN BARAT,SEKADAU,0
4068,2024,6109,KALIMANTAN BARAT,SEKADAU,0
4069,2025,6109,KALIMANTAN BARAT,SEKADAU,0
4070,2004,6172,KALIMANTAN BARAT,KOTA SINGKAWANG,0
4071,2005,6172,KALIMANTAN BARAT,KOTA SINGKAWANG,0
4072,2006,6172,KALIMANTAN BARAT,KOTA SINGKAWANG,0
4073,2007,6172,KALIMANTAN BARAT,KOTA SINGKAWANG,0
4074,2008,6172,KALIMANTAN BARAT,KOTA SINGKAWANG,0
4075,2009,6172,KALIMANTAN BARAT,KOTA SINGKAWANG,0
4076,2010,6172,KALIMANTAN BARAT,KOTA SINGKAWANG,0
4077,2011,6172,KALIMANTAN BARAT,KOTA SINGKAWANG,0
4078,2012,6172,KALIMANTAN BARAT,KOTA SINGKAWANG,0
4079,2013,6172,KALIMANTAN BARAT,KOTA SINGKAWANG,0
4080,2014,6172,KALIMANTAN BARAT,KOTA SINGKAWANG,0
4081,2015,6172,KALIMANTAN BARAT,KOTA SINGKAWANG,0
4082,2016,6172,KALIMANTAN BARAT,KOTA SINGKAWANG,0
4083,2017,6172,KALIMANTAN BARAT,KOTA SINGKAWANG,1
4084,2018,6172,KALIMANTAN BARAT,KOTA SINGKAWANG,1
4085,2019,6172,KALIMANTAN BARAT,KOTA SINGKAWANG,1
4086,2020,6172,KALIMANTAN BARAT,KOTA SINGKAWANG,1
4087,2021,6172,KALIMANTAN BARAT,KOTA SINGKAWANG,1
4088,2022,6172,KALIMANTAN BARAT,KOTA SINGKAWANG,1
4089,2023,6172,KALIMANTAN BARAT,KOTA SINGKAWANG,1
4090,2024,6172,KALIMANTAN BARAT,KOTA SINGKAWANG,1
4091,2025,6172,KALIMANTAN BARAT,KOTA SINGKAWANG,1
4092,2004,6107,KALIMANTAN BARAT,SINTANG,0
4093,2005,6107,KALIMANTAN BARAT,SINTANG,0
4094,2006,6107,KALIMANTAN BARAT,SINTANG,0
4095,2007,6107,KALIMANTAN BARAT,SINTANG,0
4096,2008,6107,KALIMANTAN BARAT,SINTANG,0
4097,2009,6107,KALIMANTAN BARAT,SINTANG,0
4098,2010,6107,KALIMANTAN BARAT,SINTANG,0
4099,2011,6107,KALIMANTAN BARAT,SINTANG,0
4100,2012,6107,KALIMANTAN BARAT,SINTANG,0
4101,2013,6107,KALIMANTAN BARAT,SINTANG,0
4102,2014,6107,KALIMANTAN BARAT,SINTANG,0
4103,2015,6107,KALIMANTAN BARAT,SINTANG,1
4104,2016,6107,KALIMANTAN BARAT,SINTANG,1
4105,2017,6107,KALIMANTAN BARAT,SINTANG,1
4106,2018,6107,KALIMANTAN BARAT,SINTANG,1
4107,2019,6107,KALIMANTAN BARAT,SINTANG,1
4108,2020,6107,KALIMANTAN BARAT,SINTANG,1
4109,2021,6107,KALIMANTAN BARAT,SINTANG,1
4110,2022,6107,KALIMANTAN BARAT,SINTANG,1
4111,2023,6107,KALIMANTAN BARAT,SINTANG,1
4112,2024,6107,KALIMANTAN BARAT,SINTANG,1
4113,2025,6107,KALIMANTAN BARAT,SINTANG,1
4114,2004,6311,KALIMANTAN SELATAN,BALANGAN,0
4115,2005,6311,KALIMANTAN SELATAN,BALANGAN,0
4116,2006,6311,KALIMANTAN SELATAN,BALANGAN,0
4117,2007,6311,KALIMANTAN SELATAN,BALANGAN,0
4118,2008,6311,KALIMANTAN SELATAN,BALANGAN,0
4119,2009,6311,KALIMANTAN SELATAN,BALANGAN,0
4120,2010,6311,KALIMANTAN SELATAN,BALANGAN,0
4121,2011,6311,KALIMANTAN SELATAN,BALANGAN,0
4122,2012,6311,KALIMANTAN SELATAN,BALANGAN,0
4123,2013,6311,KALIMANTAN SELATAN,BALANGAN,0
4124,2014,6311,KALIMANTAN SELATAN,BALANGAN,0
4125,2015,6311,KALIMANTAN SELATAN,BALANGAN,0
4126,2016,6311,KALIMANTAN SELATAN,BALANGAN,1
4127,2017,6311,KALIMANTAN SELATAN,BALANGAN,1
4128,2018,6311,KALIMANTAN SELATAN,BALANGAN,1
4129,2019,6311,KALIMANTAN SELATAN,BALANGAN,1
4130,2020,6311,KALIMANTAN SELATAN,BALANGAN,1
4131,2021,6311,KALIMANTAN SELATAN,BALANGAN,1
4132,2022,6311,KALIMANTAN SELATAN,BALANGAN,1
4133,2023,6311,KALIMANTAN SELATAN,BALANGAN,1
4134,2024,6311,KALIMANTAN SELATAN,BALANGAN,1
4135,2025,6311,KALIMANTAN SELATAN,BALANGAN,1
4136,2004,6303,KALIMANTAN SELATAN,BANJAR,0
4137,2005,6303,KALIMANTAN SELATAN,BANJAR,0
4138,2006,6303,KALIMANTAN SELATAN,BANJAR,0
4139,2007,6303,KALIMANTAN SELATAN,BANJAR,0
4140,2008,6303,KALIMANTAN SELATAN,BANJAR,0
4141,2009,6303,KALIMANTAN SELATAN,BANJAR,0
4142,2010,6303,KALIMANTAN SELATAN,BANJAR,0
4143,2011,6303,KALIMANTAN SELATAN,BANJAR,0
4144,2012,6303,KALIMANTAN SELATAN,BANJAR,0
4145,2013,6303,KALIMANTAN SELATAN,BANJAR,0
4146,2014,6303,KALIMANTAN SELATAN,BANJAR,0
4147,2015,6303,KALIMANTAN SELATAN,BANJAR,0
4148,2016,6303,KALIMANTAN SELATAN,BANJAR,0
4149,2017,6303,KALIMANTAN SELATAN,BANJAR,0
4150,2018,6303,KALIMANTAN SELATAN,BANJAR,0
4151,2019,6303,KALIMANTAN SELATAN,BANJAR,0
4152,2020,6303,KALIMANTAN SELATAN,BANJAR,0
4153,2021,6303,KALIMANTAN SELATAN,BANJAR,0
4154,2022,6303,KALIMANTAN SELATAN,BANJAR,0
4155,2023,6303,KALIMANTAN SELATAN,BANJAR,0
4156,2024,6303,KALIMANTAN SELATAN,BANJAR,0
4157,2025,6303,KALIMANTAN SELATAN,BANJAR,0
4158,2004,6372,KALIMANTAN SELATAN,KOTA BANJAR BARU,0
4159,2005,6372,KALIMANTAN SELATAN,KOTA BANJAR BARU,0
4160,2006,6372,KALIMANTAN SELATAN,KOTA BANJAR BARU,0
4161,2007,6372,KALIMANTAN SELATAN,KOTA BANJAR BARU,0
4162,2008,6372,KALIMANTAN SELATAN,KOTA BANJAR BARU,0
4163,2009,6372,KALIMANTAN SELATAN,KOTA BANJAR BARU,0
4164,2010,6372,KALIMANTAN SELATAN,KOTA BANJAR BARU,0
4165,2011,6372,KALIMANTAN SELATAN,KOTA BANJAR BARU,0
4166,2012,6372,KALIMANTAN SELATAN,KOTA BANJAR BARU,0
4167,2013,6372,KALIMANTAN SELATAN,KOTA BANJAR BARU,0
4168,2014,6372,KALIMANTAN SELATAN,KOTA BANJAR BARU,0
4169,2015,6372,KALIMANTAN SELATAN,KOTA BANJAR BARU,0
4170,2016,6372,KALIMANTAN SELATAN,KOTA BANJAR BARU,0
4171,2017,6372,KALIMANTAN SELATAN,KOTA BANJAR BARU,0
4172,2018,6372,KALIMANTAN SELATAN,KOTA BANJAR BARU,0
4173,2019,6372,KALIMANTAN SELATAN,KOTA BANJAR BARU,0
4174,2020,6372,KALIMANTAN SELATAN,KOTA BANJAR BARU,0
4175,2021,6372,KALIMANTAN SELATAN,KOTA BANJAR BARU,0
4176,2022,6372,KALIMANTAN SELATAN,KOTA BANJAR BARU,0
4177,2023,6372,KALIMANTAN SELATAN,KOTA BANJAR BARU,0
4178,2024,6372,KALIMANTAN SELATAN,KOTA BANJAR BARU,0
4179,2025,6372,KALIMANTAN SELATAN,KOTA BANJAR BARU,0
4180,2004,6371,KALIMANTAN SELATAN,KOTA BANJARMASIN,0
4181,2005,6371,KALIMANTAN SELATAN,KOTA BANJARMASIN,0
4182,2006,6371,KALIMANTAN SELATAN,KOTA BANJARMASIN,0
4183,2007,6371,KALIMANTAN SELATAN,KOTA BANJARMASIN,0
4184,2008,6371,KALIMANTAN SELATAN,KOTA BANJARMASIN,0
4185,2009,6371,KALIMANTAN SELATAN,KOTA BANJARMASIN,0
4186,2010,6371,KALIMANTAN SELATAN,KOTA BANJARMASIN,0
4187,2011,6371,KALIMANTAN SELATAN,KOTA BANJARMASIN,0
4188,2012,6371,KALIMANTAN SELATAN,KOTA BANJARMASIN,0
4189,2013,6371,KALIMANTAN SELATAN,KOTA BANJARMASIN,0
4190,2014,6371,KALIMANTAN SELATAN,KOTA BANJARMASIN,0
4191,2015,6371,KALIMANTAN SELATAN,KOTA BANJARMASIN,0
4192,2016,6371,KALIMANTAN SELATAN,KOTA BANJARMASIN,0
4193,2017,6371,KALIMANTAN SELATAN,KOTA BANJARMASIN,0
4194,2018,6371,KALIMANTAN SELATAN,KOTA BANJARMASIN,0
4195,2019,6371,KALIMANTAN SELATAN,KOTA BANJARMASIN,0
4196,2020,6371,KALIMANTAN SELATAN,KOTA BANJARMASIN,0
4197,2021,6371,KALIMANTAN SELATAN,KOTA BANJARMASIN,0
4198,2022,6371,KALIMANTAN SELATAN,KOTA BANJARMASIN,0
4199,2023,6371,KALIMANTAN SELATAN,KOTA BANJARMASIN,0
4200,2024,6371,KALIMANTAN SELATAN,KOTA BANJARMASIN,0
4201,2025,6371,KALIMANTAN SELATAN,KOTA BANJARMASIN,0
4202,2004,6304,KALIMANTAN SELATAN,BARITO KUALA,0
4203,2005,6304,KALIMANTAN SELATAN,BARITO KUALA,0
4204,2006,6304,KALIMANTAN SELATAN,BARITO KUALA,0
4205,2007,6304,KALIMANTAN SELATAN,BARITO KUALA,0
4206,2008,6304,KALIMANTAN SELATAN,BARITO KUALA,0
4207,2009,6304,KALIMANTAN SELATAN,BARITO KUALA,0
4208,2010,6304,KALIMANTAN SELATAN,BARITO KUALA,0
4209,2011,6304,KALIMANTAN SELATAN,BARITO KUALA,0
4210,2012,6304,KALIMANTAN SELATAN,BARITO KUALA,0
4211,2013,6304,KALIMANTAN SELATAN,BARITO KUALA,0
4212,2014,6304,KALIMANTAN SELATAN,BARITO KUALA,0
4213,2015,6304,KALIMANTAN SELATAN,BARITO KUALA,1
4214,2016,6304,KALIMANTAN SELATAN,BARITO KUALA,1
4215,2017,6304,KALIMANTAN SELATAN,BARITO KUALA,1
4216,2018,6304,KALIMANTAN SELATAN,BARITO KUALA,1
4217,2019,6304,KALIMANTAN SELATAN,BARITO KUALA,1
4218,2020,6304,KALIMANTAN SELATAN,BARITO KUALA,1
4219,2021,6304,KALIMANTAN SELATAN,BARITO KUALA,1
4220,2022,6304,KALIMANTAN SELATAN,BARITO KUALA,1
4221,2023,6304,KALIMANTAN SELATAN,BARITO KUALA,1
4222,2024,6304,KALIMANTAN SELATAN,BARITO KUALA,1
4223,2025,6304,KALIMANTAN SELATAN,BARITO KUALA,1
4224,2004,6306,KALIMANTAN SELATAN,HULU SUNGAI SELATAN,0
4225,2005,6306,KALIMANTAN SELATAN,HULU SUNGAI SELATAN,0
4226,2006,6306,KALIMANTAN SELATAN,HULU SUNGAI SELATAN,0
4227,2007,6306,KALIMANTAN SELATAN,HULU SUNGAI SELATAN,0
4228,2008,6306,KALIMANTAN SELATAN,HULU SUNGAI SELATAN,0
4229,2009,6306,KALIMANTAN SELATAN,HULU SUNGAI SELATAN,0
4230,2010,6306,KALIMANTAN SELATAN,HULU SUNGAI SELATAN,0
4231,2011,6306,KALIMANTAN SELATAN,HULU SUNGAI SELATAN,0
4232,2012,6306,KALIMANTAN SELATAN,HULU SUNGAI SELATAN,0
4233,2013,6306,KALIMANTAN SELATAN,HULU SUNGAI SELATAN,0
4234,2014,6306,KALIMANTAN SELATAN,HULU SUNGAI SELATAN,0
4235,2015,6306,KALIMANTAN SELATAN,HULU SUNGAI SELATAN,0
4236,2016,6306,KALIMANTAN SELATAN,HULU SUNGAI SELATAN,0
4237,2017,6306,KALIMANTAN SELATAN,HULU SUNGAI SELATAN,0
4238,2018,6306,KALIMANTAN SELATAN,HULU SUNGAI SELATAN,0
4239,2019,6306,KALIMANTAN SELATAN,HULU SUNGAI SELATAN,0
4240,2020,6306,KALIMANTAN SELATAN,HULU SUNGAI SELATAN,0
4241,2021,6306,KALIMANTAN SELATAN,HULU SUNGAI SELATAN,1
4242,2022,6306,KALIMANTAN SELATAN,HULU SUNGAI SELATAN,1
4243,2023,6306,KALIMANTAN SELATAN,HULU SUNGAI SELATAN,1
4244,2024,6306,KALIMANTAN SELATAN,HULU SUNGAI SELATAN,1
4245,2025,6306,KALIMANTAN SELATAN,HULU SUNGAI SELATAN,1
4246,2004,6307,KALIMANTAN SELATAN,HULU SUNGAI TENGAH,0
4247,2005,6307,KALIMANTAN SELATAN,HULU SUNGAI TENGAH,0
4248,2006,6307,KALIMANTAN SELATAN,HULU SUNGAI TENGAH,0
4249,2007,6307,KALIMANTAN SELATAN,HULU SUNGAI TENGAH,0
4250,2008,6307,KALIMANTAN SELATAN,HULU SUNGAI TENGAH,0
4251,2009,6307,KALIMANTAN SELATAN,HULU SUNGAI TENGAH,0
4252,2010,6307,KALIMANTAN SELATAN,HULU SUNGAI TENGAH,0
4253,2011,6307,KALIMANTAN SELATAN,HULU SUNGAI TENGAH,0
4254,2012,6307,KALIMANTAN SELATAN,HULU SUNGAI TENGAH,0
4255,2013,6307,KALIMANTAN SELATAN,HULU SUNGAI TENGAH,0
4256,2014,6307,KALIMANTAN SELATAN,HULU SUNGAI TENGAH,0
4257,2015,6307,KALIMANTAN SELATAN,HULU SUNGAI TENGAH,0
4258,2016,6307,KALIMANTAN SELATAN,HULU SUNGAI TENGAH,0
4259,2017,6307,KALIMANTAN SELATAN,HULU SUNGAI TENGAH,0
4260,2018,6307,KALIMANTAN SELATAN,HULU SUNGAI TENGAH,0
4261,2019,6307,KALIMANTAN SELATAN,HULU SUNGAI TENGAH,0
4262,2020,6307,KALIMANTAN SELATAN,HULU SUNGAI TENGAH,0
4263,2021,6307,KALIMANTAN SELATAN,HULU SUNGAI TENGAH,0
4264,2022,6307,KALIMANTAN SELATAN,HULU SUNGAI TENGAH,0
4265,2023,6307,KALIMANTAN SELATAN,HULU SUNGAI TENGAH,0
4266,2024,6307,KALIMANTAN SELATAN,HULU SUNGAI TENGAH,0
4267,2025,6307,KALIMANTAN SELATAN,HULU SUNGAI TENGAH,0
4268,2004,6308,KALIMANTAN SELATAN,HULU SUNGAI UTARA,0
4269,2005,6308,KALIMANTAN SELATAN,HULU SUNGAI UTARA,0
4270,2006,6308,KALIMANTAN SELATAN,HULU SUNGAI UTARA,0
4271,2007,6308,KALIMANTAN SELATAN,HULU SUNGAI UTARA,0
4272,2008,6308,KALIMANTAN SELATAN,HULU SUNGAI UTARA,0
4273,2009,6308,KALIMANTAN SELATAN,HULU SUNGAI UTARA,0
4274,2010,6308,KALIMANTAN SELATAN,HULU SUNGAI UTARA,0
4275,2011,6308,KALIMANTAN SELATAN,HULU SUNGAI UTARA,0
4276,2012,6308,KALIMANTAN SELATAN,HULU SUNGAI UTARA,0
4277,2013,6308,KALIMANTAN SELATAN,HULU SUNGAI UTARA,0
4278,2014,6308,KALIMANTAN SELATAN,HULU SUNGAI UTARA,0
4279,2015,6308,KALIMANTAN SELATAN,HULU SUNGAI UTARA,0
4280,2016,6308,KALIMANTAN SELATAN,HULU SUNGAI UTARA,1
4281,2017,6308,KALIMANTAN SELATAN,HULU SUNGAI UTARA,1
4282,2018,6308,KALIMANTAN SELATAN,HULU SUNGAI UTARA,1
4283,2019,6308,KALIMANTAN SELATAN,HULU SUNGAI UTARA,1
4284,2020,6308,KALIMANTAN SELATAN,HULU SUNGAI UTARA,1
4285,2021,6308,KALIMANTAN SELATAN,HULU SUNGAI UTARA,1
4286,2022,6308,KALIMANTAN SELATAN,HULU SUNGAI UTARA,1
4287,2023,6308,KALIMANTAN SELATAN,HULU SUNGAI UTARA,1
4288,2024,6308,KALIMANTAN SELATAN,HULU SUNGAI UTARA,1
4289,2025,6308,KALIMANTAN SELATAN,HULU SUNGAI UTARA,1
4290,2004,6302,KALIMANTAN SELATAN,KOTABARU,0
4291,2005,6302,KALIMANTAN SELATAN,KOTABARU,0
4292,2006,6302,KALIMANTAN SELATAN,KOTABARU,0
4293,2007,6302,KALIMANTAN SELATAN,KOTABARU,0
4294,2008,6302,KALIMANTAN SELATAN,KOTABARU,0
4295,2009,6302,KALIMANTAN SELATAN,KOTABARU,0
4296,2010,6302,KALIMANTAN SELATAN,KOTABARU,0
4297,2011,6302,KALIMANTAN SELATAN,KOTABARU,0
4298,2012,6302,KALIMANTAN SELATAN,KOTABARU,0
4299,2013,6302,KALIMANTAN SELATAN,KOTABARU,0
4300,2014,6302,KALIMANTAN SELATAN,KOTABARU,1
4301,2015,6302,KALIMANTAN SELATAN,KOTABARU,1
4302,2016,6302,KALIMANTAN SELATAN,KOTABARU,1
4303,2017,6302,KALIMANTAN SELATAN,KOTABARU,1
4304,2018,6302,KALIMANTAN SELATAN,KOTABARU,1
4305,2019,6302,KALIMANTAN SELATAN,KOTABARU,1
4306,2020,6302,KALIMANTAN SELATAN,KOTABARU,1
4307,2021,6302,KALIMANTAN SELATAN,KOTABARU,1
4308,2022,6302,KALIMANTAN SELATAN,KOTABARU,1
4309,2023,6302,KALIMANTAN SELATAN,KOTABARU,1
4310,2024,6302,KALIMANTAN SELATAN,KOTABARU,1
4311,2025,6302,KALIMANTAN SELATAN,KOTABARU,1
4312,2004,6309,KALIMANTAN SELATAN,TABALONG,0
4313,2005,6309,KALIMANTAN SELATAN,TABALONG,0
4314,2006,6309,KALIMANTAN SELATAN,TABALONG,0
4315,2007,6309,KALIMANTAN SELATAN,TABALONG,0
4316,2008,6309,KALIMANTAN SELATAN,TABALONG,0
4317,2009,6309,KALIMANTAN SELATAN,TABALONG,0
4318,2010,6309,KALIMANTAN SELATAN,TABALONG,0
4319,2011,6309,KALIMANTAN SELATAN,TABALONG,0
4320,2012,6309,KALIMANTAN SELATAN,TABALONG,0
4321,2013,6309,KALIMANTAN SELATAN,TABALONG,0
4322,2014,6309,KALIMANTAN SELATAN,TABALONG,0
4323,2015,6309,KALIMANTAN SELATAN,TABALONG,0
4324,2016,6309,KALIMANTAN SELATAN,TABALONG,0
4325,2017,6309,KALIMANTAN SELATAN,TABALONG,1
4326,2018,6309,KALIMANTAN SELATAN,TABALONG,1
4327,2019,6309,KALIMANTAN SELATAN,TABALONG,1
4328,2020,6309,KALIMANTAN SELATAN,TABALONG,1
4329,2021,6309,KALIMANTAN SELATAN,TABALONG,1
4330,2022,6309,KALIMANTAN SELATAN,TABALONG,1
4331,2023,6309,KALIMANTAN SELATAN,TABALONG,1
4332,2024,6309,KALIMANTAN SELATAN,TABALONG,1
4333,2025,6309,KALIMANTAN SELATAN,TABALONG,1
4334,2004,6310,KALIMANTAN SELATAN,TANAH BUMBU,0
4335,2005,6310,KALIMANTAN SELATAN,TANAH BUMBU,0
4336,2006,6310,KALIMANTAN SELATAN,TANAH BUMBU,0
4337,2007,6310,KALIMANTAN SELATAN,TANAH BUMBU,0
4338,2008,6310,KALIMANTAN SELATAN,TANAH BUMBU,0
4339,2009,6310,KALIMANTAN SELATAN,TANAH BUMBU,0
4340,2010,6310,KALIMANTAN SELATAN,TANAH BUMBU,0
4341,2011,6310,KALIMANTAN SELATAN,TANAH BUMBU,0
4342,2012,6310,KALIMANTAN SELATAN,TANAH BUMBU,0
4343,2013,6310,KALIMANTAN SELATAN,TANAH BUMBU,0
4344,2014,6310,KALIMANTAN SELATAN,TANAH BUMBU,0
4345,2015,6310,KALIMANTAN SELATAN,TANAH BUMBU,0
4346,2016,6310,KALIMANTAN SELATAN,TANAH BUMBU,0
4347,2017,6310,KALIMANTAN SELATAN,TANAH BUMBU,0
4348,2018,6310,KALIMANTAN SELATAN,TANAH BUMBU,0
4349,2019,6310,KALIMANTAN SELATAN,TANAH BUMBU,0
4350,2020,6310,KALIMANTAN SELATAN,TANAH BUMBU,0
4351,2021,6310,KALIMANTAN SELATAN,TANAH BUMBU,0
4352,2022,6310,KALIMANTAN SELATAN,TANAH BUMBU,0
4353,2023,6310,KALIMANTAN SELATAN,TANAH BUMBU,1
4354,2024,6310,KALIMANTAN SELATAN,TANAH BUMBU,1
4355,2025,6310,KALIMANTAN SELATAN,TANAH BUMBU,1
4356,2004,6301,KALIMANTAN SELATAN,TANAH LAUT,0
4357,2005,6301,KALIMANTAN SELATAN,TANAH LAUT,0
4358,2006,6301,KALIMANTAN SELATAN,TANAH LAUT,0
4359,2007,6301,KALIMANTAN SELATAN,TANAH LAUT,0
4360,2008,6301,KALIMANTAN SELATAN,TANAH LAUT,0
4361,2009,6301,KALIMANTAN SELATAN,TANAH LAUT,0
4362,2010,6301,KALIMANTAN SELATAN,TANAH LAUT,0
4363,2011,6301,KALIMANTAN SELATAN,TANAH LAUT,0
4364,2012,6301,KALIMANTAN SELATAN,TANAH LAUT,0
4365,2013,6301,KALIMANTAN SELATAN,TANAH LAUT,0
4366,2014,6301,KALIMANTAN SELATAN,TANAH LAUT,0
4367,2015,6301,KALIMANTAN SELATAN,TANAH LAUT,0
4368,2016,6301,KALIMANTAN SELATAN,TANAH LAUT,0
4369,2017,6301,KALIMANTAN SELATAN,TANAH LAUT,0
4370,2018,6301,KALIMANTAN SELATAN,TANAH LAUT,0
4371,2019,6301,KALIMANTAN SELATAN,TANAH LAUT,0
4372,2020,6301,KALIMANTAN SELATAN,TANAH LAUT,0
4373,2021,6301,KALIMANTAN SELATAN,TANAH LAUT,0
4374,2022,6301,KALIMANTAN SELATAN,TANAH LAUT,0
4375,2023,6301,KALIMANTAN SELATAN,TANAH LAUT,0
4376,2024,6301,KALIMANTAN SELATAN,TANAH LAUT,0
4377,2025,6301,KALIMANTAN SELATAN,TANAH LAUT,0
4378,2004,6305,KALIMANTAN SELATAN,TAPIN,0
4379,2005,6305,KALIMANTAN SELATAN,TAPIN,0
4380,2006,6305,KALIMANTAN SELATAN,TAPIN,0
4381,2007,6305,KALIMANTAN SELATAN,TAPIN,0
4382,2008,6305,KALIMANTAN SELATAN,TAPIN,0
4383,2009,6305,KALIMANTAN SELATAN,TAPIN,0
4384,2010,6305,KALIMANTAN SELATAN,TAPIN,0
4385,2011,6305,KALIMANTAN SELATAN,TAPIN,0
4386,2012,6305,KALIMANTAN SELATAN,TAPIN,0
4387,2013,6305,KALIMANTAN SELATAN,TAPIN,0
4388,2014,6305,KALIMANTAN SELATAN,TAPIN,0
4389,2015,6305,KALIMANTAN SELATAN,TAPIN,1
4390,2016,6305,KALIMANTAN SELATAN,TAPIN,1
4391,2017,6305,KALIMANTAN SELATAN,TAPIN,1
4392,2018,6305,KALIMANTAN SELATAN,TAPIN,1
4393,2019,6305,KALIMANTAN SELATAN,TAPIN,1
4394,2020,6305,KALIMANTAN SELATAN,TAPIN,1
4395,2021,6305,KALIMANTAN SELATAN,TAPIN,1
4396,2022,6305,KALIMANTAN SELATAN,TAPIN,1
4397,2023,6305,KALIMANTAN SELATAN,TAPIN,1
4398,2024,6305,KALIMANTAN SELATAN,TAPIN,1
4399,2025,6305,KALIMANTAN SELATAN,TAPIN,1
4400,2004,6204,KALIMANTAN TENGAH,BARITO SELATAN,0
4401,2005,6204,KALIMANTAN TENGAH,BARITO SELATAN,0
4402,2006,6204,KALIMANTAN TENGAH,BARITO SELATAN,0
4403,2007,6204,KALIMANTAN TENGAH,BARITO SELATAN,0
4404,2008,6204,KALIMANTAN TENGAH,BARITO SELATAN,0
4405,2009,6204,KALIMANTAN TENGAH,BARITO SELATAN,0
4406,2010,6204,KALIMANTAN TENGAH,BARITO SELATAN,0
4407,2011,6204,KALIMANTAN TENGAH,BARITO SELATAN,0
4408,2012,6204,KALIMANTAN TENGAH,BARITO SELATAN,0
4409,2013,6204,KALIMANTAN TENGAH,BARITO SELATAN,0
4410,2014,6204,KALIMANTAN TENGAH,BARITO SELATAN,0
4411,2015,6204,KALIMANTAN TENGAH,BARITO SELATAN,0
4412,2016,6204,KALIMANTAN TENGAH,BARITO SELATAN,0
4413,2017,6204,KALIMANTAN TENGAH,BARITO SELATAN,0
4414,2018,6204,KALIMANTAN TENGAH,BARITO SELATAN,0
4415,2019,6204,KALIMANTAN TENGAH,BARITO SELATAN,0
4416,2020,6204,KALIMANTAN TENGAH,BARITO SELATAN,0
4417,2021,6204,KALIMANTAN TENGAH,BARITO SELATAN,0
4418,2022,6204,KALIMANTAN TENGAH,BARITO SELATAN,0
4419,2023,6204,KALIMANTAN TENGAH,BARITO SELATAN,0
4420,2024,6204,KALIMANTAN TENGAH,BARITO SELATAN,0
4421,2025,6204,KALIMANTAN TENGAH,BARITO SELATAN,0
4422,2004,6212,KALIMANTAN TENGAH,BARITO TIMUR,0
4423,2005,6212,KALIMANTAN TENGAH,BARITO TIMUR,0
4424,2006,6212,KALIMANTAN TENGAH,BARITO TIMUR,0
4425,2007,6212,KALIMANTAN TENGAH,BARITO TIMUR,0
4426,2008,6212,KALIMANTAN TENGAH,BARITO TIMUR,0
4427,2009,6212,KALIMANTAN TENGAH,BARITO TIMUR,0
4428,2010,6212,KALIMANTAN TENGAH,BARITO TIMUR,0
4429,2011,6212,KALIMANTAN TENGAH,BARITO TIMUR,0
4430,2012,6212,KALIMANTAN TENGAH,BARITO TIMUR,0
4431,2013,6212,KALIMANTAN TENGAH,BARITO TIMUR,0
4432,2014,6212,KALIMANTAN TENGAH,BARITO TIMUR,0
4433,2015,6212,KALIMANTAN TENGAH,BARITO TIMUR,0
4434,2016,6212,KALIMANTAN TENGAH,BARITO TIMUR,0
4435,2017,6212,KALIMANTAN TENGAH,BARITO TIMUR,0
4436,2018,6212,KALIMANTAN TENGAH,BARITO TIMUR,0
4437,2019,6212,KALIMANTAN TENGAH,BARITO TIMUR,1
4438,2020,6212,KALIMANTAN TENGAH,BARITO TIMUR,1
4439,2021,6212,KALIMANTAN TENGAH,BARITO TIMUR,1
4440,2022,6212,KALIMANTAN TENGAH,BARITO TIMUR,1
4441,2023,6212,KALIMANTAN TENGAH,BARITO TIMUR,1
4442,2024,6212,KALIMANTAN TENGAH,BARITO TIMUR,1
4443,2025,6212,KALIMANTAN TENGAH,BARITO TIMUR,1
4444,2004,6205,KALIMANTAN TENGAH,BARITO UTARA,0
4445,2005,6205,KALIMANTAN TENGAH,BARITO UTARA,0
4446,2006,6205,KALIMANTAN TENGAH,BARITO UTARA,0
4447,2007,6205,KALIMANTAN TENGAH,BARITO UTARA,0
4448,2008,6205,KALIMANTAN TENGAH,BARITO UTARA,0
4449,2009,6205,KALIMANTAN TENGAH,BARITO UTARA,0
4450,2010,6205,KALIMANTAN TENGAH,BARITO UTARA,0
4451,2011,6205,KALIMANTAN TENGAH,BARITO UTARA,0
4452,2012,6205,KALIMANTAN TENGAH,BARITO UTARA,0
4453,2013,6205,KALIMANTAN TENGAH,BARITO UTARA,0
4454,2014,6205,KALIMANTAN TENGAH,BARITO UTARA,0
4455,2015,6205,KALIMANTAN TENGAH,BARITO UTARA,0
4456,2016,6205,KALIMANTAN TENGAH,BARITO UTARA,0
4457,2017,6205,KALIMANTAN TENGAH,BARITO UTARA,0
4458,2018,6205,KALIMANTAN TENGAH,BARITO UTARA,0
4459,2019,6205,KALIMANTAN TENGAH,BARITO UTARA,0
4460,2020,6205,KALIMANTAN TENGAH,BARITO UTARA,0
4461,2021,6205,KALIMANTAN TENGAH,BARITO UTARA,0
4462,2022,6205,KALIMANTAN TENGAH,BARITO UTARA,0
4463,2023,6205,KALIMANTAN TENGAH,BARITO UTARA,0
4464,2024,6205,KALIMANTAN TENGAH,BARITO UTARA,0
4465,2025,6205,KALIMANTAN TENGAH,BARITO UTARA,0
4466,2004,6211,KALIMANTAN TENGAH,GUNUNG MAS,0
4467,2005,6211,KALIMANTAN TENGAH,GUNUNG MAS,0
4468,2006,6211,KALIMANTAN TENGAH,GUNUNG MAS,0
4469,2007,6211,KALIMANTAN TENGAH,GUNUNG MAS,0
4470,2008,6211,KALIMANTAN TENGAH,GUNUNG MAS,0
4471,2009,6211,KALIMANTAN TENGAH,GUNUNG MAS,0
4472,2010,6211,KALIMANTAN TENGAH,GUNUNG MAS,0
4473,2011,6211,KALIMANTAN TENGAH,GUNUNG MAS,0
4474,2012,6211,KALIMANTAN TENGAH,GUNUNG MAS,0
4475,2013,6211,KALIMANTAN TENGAH,GUNUNG MAS,0
4476,2014,6211,KALIMANTAN TENGAH,GUNUNG MAS,0
4477,2015,6211,KALIMANTAN TENGAH,GUNUNG MAS,0
4478,2016,6211,KALIMANTAN TENGAH,GUNUNG MAS,0
4479,2017,6211,KALIMANTAN TENGAH,GUNUNG MAS,0
4480,2018,6211,KALIMANTAN TENGAH,GUNUNG MAS,0
4481,2019,6211,KALIMANTAN TENGAH,GUNUNG MAS,0
4482,2020,6211,KALIMANTAN TENGAH,GUNUNG MAS,0
4483,2021,6211,KALIMANTAN TENGAH,GUNUNG MAS,1
4484,2022,6211,KALIMANTAN TENGAH,GUNUNG MAS,1
4485,2023,6211,KALIMANTAN TENGAH,GUNUNG MAS,1
4486,2024,6211,KALIMANTAN TENGAH,GUNUNG MAS,1
4487,2025,6211,KALIMANTAN TENGAH,GUNUNG MAS,1
4488,2004,6203,KALIMANTAN TENGAH,KAPUAS,0
4489,2005,6203,KALIMANTAN TENGAH,KAPUAS,0
4490,2006,6203,KALIMANTAN TENGAH,KAPUAS,0
4491,2007,6203,KALIMANTAN TENGAH,KAPUAS,0
4492,2008,6203,KALIMANTAN TENGAH,KAPUAS,0
4493,2009,6203,KALIMANTAN TENGAH,KAPUAS,0
4494,2010,6203,KALIMANTAN TENGAH,KAPUAS,0
4495,2011,6203,KALIMANTAN TENGAH,KAPUAS,0
4496,2012,6203,KALIMANTAN TENGAH,KAPUAS,0
4497,2013,6203,KALIMANTAN TENGAH,KAPUAS,0
4498,2014,6203,KALIMANTAN TENGAH,KAPUAS,0
4499,2015,6203,KALIMANTAN TENGAH,KAPUAS,0
4500,2016,6203,KALIMANTAN TENGAH,KAPUAS,0
4501,2017,6203,KALIMANTAN TENGAH,KAPUAS,0
4502,2018,6203,KALIMANTAN TENGAH,KAPUAS,0
4503,2019,6203,KALIMANTAN TENGAH,KAPUAS,0
4504,2020,6203,KALIMANTAN TENGAH,KAPUAS,0
4505,2021,6203,KALIMANTAN TENGAH,KAPUAS,0
4506,2022,6203,KALIMANTAN TENGAH,KAPUAS,0
4507,2023,6203,KALIMANTAN TENGAH,KAPUAS,0
4508,2024,6203,KALIMANTAN TENGAH,KAPUAS,0
4509,2025,6203,KALIMANTAN TENGAH,KAPUAS,0
4510,2004,6209,KALIMANTAN TENGAH,KATINGAN,0
4511,2005,6209,KALIMANTAN TENGAH,KATINGAN,0
4512,2006,6209,KALIMANTAN TENGAH,KATINGAN,0
4513,2007,6209,KALIMANTAN TENGAH,KATINGAN,0
4514,2008,6209,KALIMANTAN TENGAH,KATINGAN,0
4515,2009,6209,KALIMANTAN TENGAH,KATINGAN,0
4516,2010,6209,KALIMANTAN TENGAH,KATINGAN,0
4517,2011,6209,KALIMANTAN TENGAH,KATINGAN,0
4518,2012,6209,KALIMANTAN TENGAH,KATINGAN,0
4519,2013,6209,KALIMANTAN TENGAH,KATINGAN,0
4520,2014,6209,KALIMANTAN TENGAH,KATINGAN,0
4521,2015,6209,KALIMANTAN TENGAH,KATINGAN,0
4522,2016,6209,KALIMANTAN TENGAH,KATINGAN,0
4523,2017,6209,KALIMANTAN TENGAH,KATINGAN,0
4524,2018,6209,KALIMANTAN TENGAH,KATINGAN,0
4525,2019,6209,KALIMANTAN TENGAH,KATINGAN,0
4526,2020,6209,KALIMANTAN TENGAH,KATINGAN,0
4527,2021,6209,KALIMANTAN TENGAH,KATINGAN,0
4528,2022,6209,KALIMANTAN TENGAH,KATINGAN,0
4529,2023,6209,KALIMANTAN TENGAH,KATINGAN,1
4530,2024,6209,KALIMANTAN TENGAH,KATINGAN,1
4531,2025,6209,KALIMANTAN TENGAH,KATINGAN,1
4532,2004,6201,KALIMANTAN TENGAH,KOTAWARINGIN BARAT,0
4533,2005,6201,KALIMANTAN TENGAH,KOTAWARINGIN BARAT,0
4534,2006,6201,KALIMANTAN TENGAH,KOTAWARINGIN BARAT,0
4535,2007,6201,KALIMANTAN TENGAH,KOTAWARINGIN BARAT,0
4536,2008,6201,KALIMANTAN TENGAH,KOTAWARINGIN BARAT,0
4537,2009,6201,KALIMANTAN TENGAH,KOTAWARINGIN BARAT,0
4538,2010,6201,KALIMANTAN TENGAH,KOTAWARINGIN BARAT,0
4539,2011,6201,KALIMANTAN TENGAH,KOTAWARINGIN BARAT,0
4540,2012,6201,KALIMANTAN TENGAH,KOTAWARINGIN BARAT,0
4541,2013,6201,KALIMANTAN TENGAH,KOTAWARINGIN BARAT,0
4542,2014,6201,KALIMANTAN TENGAH,KOTAWARINGIN BARAT,0
4543,2015,6201,KALIMANTAN TENGAH,KOTAWARINGIN BARAT,0
4544,2016,6201,KALIMANTAN TENGAH,KOTAWARINGIN BARAT,0
4545,2017,6201,KALIMANTAN TENGAH,KOTAWARINGIN BARAT,0
4546,2018,6201,KALIMANTAN TENGAH,KOTAWARINGIN BARAT,0
4547,2019,6201,KALIMANTAN TENGAH,KOTAWARINGIN BARAT,0
4548,2020,6201,KALIMANTAN TENGAH,KOTAWARINGIN BARAT,0
4549,2021,6201,KALIMANTAN TENGAH,KOTAWARINGIN BARAT,0
4550,2022,6201,KALIMANTAN TENGAH,KOTAWARINGIN BARAT,0
4551,2023,6201,KALIMANTAN TENGAH,KOTAWARINGIN BARAT,0
4552,2024,6201,KALIMANTAN TENGAH,KOTAWARINGIN BARAT,0
4553,2025,6201,KALIMANTAN TENGAH,KOTAWARINGIN BARAT,0
4554,2004,6202,KALIMANTAN TENGAH,KOTAWARINGIN TIMUR,0
4555,2005,6202,KALIMANTAN TENGAH,KOTAWARINGIN TIMUR,0
4556,2006,6202,KALIMANTAN TENGAH,KOTAWARINGIN TIMUR,0
4557,2007,6202,KALIMANTAN TENGAH,KOTAWARINGIN TIMUR,0
4558,2008,6202,KALIMANTAN TENGAH,KOTAWARINGIN TIMUR,0
4559,2009,6202,KALIMANTAN TENGAH,KOTAWARINGIN TIMUR,0
4560,2010,6202,KALIMANTAN TENGAH,KOTAWARINGIN TIMUR,0
4561,2011,6202,KALIMANTAN TENGAH,KOTAWARINGIN TIMUR,0
4562,2012,6202,KALIMANTAN TENGAH,KOTAWARINGIN TIMUR,0
4563,2013,6202,KALIMANTAN TENGAH,KOTAWARINGIN TIMUR,0
4564,2014,6202,KALIMANTAN TENGAH,KOTAWARINGIN TIMUR,0
4565,2015,6202,KALIMANTAN TENGAH,KOTAWARINGIN TIMUR,1
4566,2016,6202,KALIMANTAN TENGAH,KOTAWARINGIN TIMUR,1
4567,2017,6202,KALIMANTAN TENGAH,KOTAWARINGIN TIMUR,1
4568,2018,6202,KALIMANTAN TENGAH,KOTAWARINGIN TIMUR,1
4569,2019,6202,KALIMANTAN TENGAH,KOTAWARINGIN TIMUR,1
4570,2020,6202,KALIMANTAN TENGAH,KOTAWARINGIN TIMUR,1
4571,2021,6202,KALIMANTAN TENGAH,KOTAWARINGIN TIMUR,1
4572,2022,6202,KALIMANTAN TENGAH,KOTAWARINGIN TIMUR,1
4573,2023,6202,KALIMANTAN TENGAH,KOTAWARINGIN TIMUR,1
4574,2024,6202,KALIMANTAN TENGAH,KOTAWARINGIN TIMUR,1
4575,2025,6202,KALIMANTAN TENGAH,KOTAWARINGIN TIMUR,1
4576,2004,6207,KALIMANTAN TENGAH,LAMANDAU,0
4577,2005,6207,KALIMANTAN TENGAH,LAMANDAU,0
4578,2006,6207,KALIMANTAN TENGAH,LAMANDAU,0
4579,2007,6207,KALIMANTAN TENGAH,LAMANDAU,0
4580,2008,6207,KALIMANTAN TENGAH,LAMANDAU,0
4581,2009,6207,KALIMANTAN TENGAH,LAMANDAU,0
4582,2010,6207,KALIMANTAN TENGAH,LAMANDAU,0
4583,2011,6207,KALIMANTAN TENGAH,LAMANDAU,0
4584,2012,6207,KALIMANTAN TENGAH,LAMANDAU,0
4585,2013,6207,KALIMANTAN TENGAH,LAMANDAU,0
4586,2014,6207,KALIMANTAN TENGAH,LAMANDAU,0
4587,2015,6207,KALIMANTAN TENGAH,LAMANDAU,1
4588,2016,6207,KALIMANTAN TENGAH,LAMANDAU,1
4589,2017,6207,KALIMANTAN TENGAH,LAMANDAU,1
4590,2018,6207,KALIMANTAN TENGAH,LAMANDAU,1
4591,2019,6207,KALIMANTAN TENGAH,LAMANDAU,1
4592,2020,6207,KALIMANTAN TENGAH,LAMANDAU,1
4593,2021,6207,KALIMANTAN TENGAH,LAMANDAU,1
4594,2022,6207,KALIMANTAN TENGAH,LAMANDAU,1
4595,2023,6207,KALIMANTAN TENGAH,LAMANDAU,1
4596,2024,6207,KALIMANTAN TENGAH,LAMANDAU,1
4597,2025,6207,KALIMANTAN TENGAH,LAMANDAU,1
4598,2004,6213,KALIMANTAN TENGAH,MURUNG RAYA,0
4599,2005,6213,KALIMANTAN TENGAH,MURUNG RAYA,0
4600,2006,6213,KALIMANTAN TENGAH,MURUNG RAYA,0
4601,2007,6213,KALIMANTAN TENGAH,MURUNG RAYA,0
4602,2008,6213,KALIMANTAN TENGAH,MURUNG RAYA,0
4603,2009,6213,KALIMANTAN TENGAH,MURUNG RAYA,0
4604,2010,6213,KALIMANTAN TENGAH,MURUNG RAYA,0
4605,2011,6213,KALIMANTAN TENGAH,MURUNG RAYA,0
4606,2012,6213,KALIMANTAN TENGAH,MURUNG RAYA,0
4607,2013,6213,KALIMANTAN TENGAH,MURUNG RAYA,0
4608,2014,6213,KALIMANTAN TENGAH,MURUNG RAYA,0
4609,2015,6213,KALIMANTAN TENGAH,MURUNG RAYA,0
4610,2016,6213,KALIMANTAN TENGAH,MURUNG RAYA,0
4611,2017,6213,KALIMANTAN TENGAH,MURUNG RAYA,0
4612,2018,6213,KALIMANTAN TENGAH,MURUNG RAYA,0
4613,2019,6213,KALIMANTAN TENGAH,MURUNG RAYA,0
4614,2020,6213,KALIMANTAN TENGAH,MURUNG RAYA,0
4615,2021,6213,KALIMANTAN TENGAH,MURUNG RAYA,0
4616,2022,6213,KALIMANTAN TENGAH,MURUNG RAYA,0
4617,2023,6213,KALIMANTAN TENGAH,MURUNG RAYA,0
4618,2024,6213,KALIMANTAN TENGAH,MURUNG RAYA,0
4619,2025,6213,KALIMANTAN TENGAH,MURUNG RAYA,0
4620,2004,6271,KALIMANTAN TENGAH,KOTA PALANGKA RAYA,0
4621,2005,6271,KALIMANTAN TENGAH,KOTA PALANGKA RAYA,0
4622,2006,6271,KALIMANTAN TENGAH,KOTA PALANGKA RAYA,0
4623,2007,6271,KALIMANTAN TENGAH,KOTA PALANGKA RAYA,0
4624,2008,6271,KALIMANTAN TENGAH,KOTA PALANGKA RAYA,0
4625,2009,6271,KALIMANTAN TENGAH,KOTA PALANGKA RAYA,0
4626,2010,6271,KALIMANTAN TENGAH,KOTA PALANGKA RAYA,0
4627,2011,6271,KALIMANTAN TENGAH,KOTA PALANGKA RAYA,0
4628,2012,6271,KALIMANTAN TENGAH,KOTA PALANGKA RAYA,0
4629,2013,6271,KALIMANTAN TENGAH,KOTA PALANGKA RAYA,0
4630,2014,6271,KALIMANTAN TENGAH,KOTA PALANGKA RAYA,0
4631,2015,6271,KALIMANTAN TENGAH,KOTA PALANGKA RAYA,0
4632,2016,6271,KALIMANTAN TENGAH,KOTA PALANGKA RAYA,0
4633,2017,6271,KALIMANTAN TENGAH,KOTA PALANGKA RAYA,0
4634,2018,6271,KALIMANTAN TENGAH,KOTA PALANGKA RAYA,0
4635,2019,6271,KALIMANTAN TENGAH,KOTA PALANGKA RAYA,0
4636,2020,6271,KALIMANTAN TENGAH,KOTA PALANGKA RAYA,0
4637,2021,6271,KALIMANTAN TENGAH,KOTA PALANGKA RAYA,1
4638,2022,6271,KALIMANTAN TENGAH,KOTA PALANGKA RAYA,1
4639,2023,6271,KALIMANTAN TENGAH,KOTA PALANGKA RAYA,1
4640,2024,6271,KALIMANTAN TENGAH,KOTA PALANGKA RAYA,1
4641,2025,6271,KALIMANTAN TENGAH,KOTA PALANGKA RAYA,1
4642,2004,6210,KALIMANTAN TENGAH,PULANG PISAU,0
4643,2005,6210,KALIMANTAN TENGAH,PULANG PISAU,0
4644,2006,6210,KALIMANTAN TENGAH,PULANG PISAU,0
4645,2007,6210,KALIMANTAN TENGAH,PULANG PISAU,0
4646,2008,6210,KALIMANTAN TENGAH,PULANG PISAU,0
4647,2009,6210,KALIMANTAN TENGAH,PULANG PISAU,0
4648,2010,6210,KALIMANTAN TENGAH,PULANG PISAU,0
4649,2011,6210,KALIMANTAN TENGAH,PULANG PISAU,0
4650,2012,6210,KALIMANTAN TENGAH,PULANG PISAU,0
4651,2013,6210,KALIMANTAN TENGAH,PULANG PISAU,0
4652,2014,6210,KALIMANTAN TENGAH,PULANG PISAU,0
4653,2015,6210,KALIMANTAN TENGAH,PULANG PISAU,0
4654,2016,6210,KALIMANTAN TENGAH,PULANG PISAU,0
4655,2017,6210,KALIMANTAN TENGAH,PULANG PISAU,0
4656,2018,6210,KALIMANTAN TENGAH,PULANG PISAU,0
4657,2019,6210,KALIMANTAN TENGAH,PULANG PISAU,0
4658,2020,6210,KALIMANTAN TENGAH,PULANG PISAU,0
4659,2021,6210,KALIMANTAN TENGAH,PULANG PISAU,0
4660,2022,6210,KALIMANTAN TENGAH,PULANG PISAU,0
4661,2023,6210,KALIMANTAN TENGAH,PULANG PISAU,0
4662,2024,6210,KALIMANTAN TENGAH,PULANG PISAU,1
4663,2025,6210,KALIMANTAN TENGAH,PULANG PISAU,1
4664,2004,6208,KALIMANTAN TENGAH,SERUYAN,0
4665,2005,6208,KALIMANTAN TENGAH,SERUYAN,0
4666,2006,6208,KALIMANTAN TENGAH,SERUYAN,0
4667,2007,6208,KALIMANTAN TENGAH,SERUYAN,0
4668,2008,6208,KALIMANTAN TENGAH,SERUYAN,0
4669,2009,6208,KALIMANTAN TENGAH,SERUYAN,0
4670,2010,6208,KALIMANTAN TENGAH,SERUYAN,0
4671,2011,6208,KALIMANTAN TENGAH,SERUYAN,0
4672,2012,6208,KALIMANTAN TENGAH,SERUYAN,0
4673,2013,6208,KALIMANTAN TENGAH,SERUYAN,0
4674,2014,6208,KALIMANTAN TENGAH,SERUYAN,0
4675,2015,6208,KALIMANTAN TENGAH,SERUYAN,0
4676,2016,6208,KALIMANTAN TENGAH,SERUYAN,0
4677,2017,6208,KALIMANTAN TENGAH,SERUYAN,0
4678,2018,6208,KALIMANTAN TENGAH,SERUYAN,0
4679,2019,6208,KALIMANTAN TENGAH,SERUYAN,0
4680,2020,6208,KALIMANTAN TENGAH,SERUYAN,0
4681,2021,6208,KALIMANTAN TENGAH,SERUYAN,0
4682,2022,6208,KALIMANTAN TENGAH,SERUYAN,0
4683,2023,6208,KALIMANTAN TENGAH,SERUYAN,0
4684,2024,6208,KALIMANTAN TENGAH,SERUYAN,0
4685,2025,6208,KALIMANTAN TENGAH,SERUYAN,0
4686,2004,6206,KALIMANTAN TENGAH,SUKAMARA,0
4687,2005,6206,KALIMANTAN TENGAH,SUKAMARA,0
4688,2006,6206,KALIMANTAN TENGAH,SUKAMARA,0
4689,2007,6206,KALIMANTAN TENGAH,SUKAMARA,0
4690,2008,6206,KALIMANTAN TENGAH,SUKAMARA,0
4691,2009,6206,KALIMANTAN TENGAH,SUKAMARA,0
4692,2010,6206,KALIMANTAN TENGAH,SUKAMARA,0
4693,2011,6206,KALIMANTAN TENGAH,SUKAMARA,0
4694,2012,6206,KALIMANTAN TENGAH,SUKAMARA,0
4695,2013,6206,KALIMANTAN TENGAH,SUKAMARA,0
4696,2014,6206,KALIMANTAN TENGAH,SUKAMARA,0
4697,2015,6206,KALIMANTAN TENGAH,SUKAMARA,0
4698,2016,6206,KALIMANTAN TENGAH,SUKAMARA,0
4699,2017,6206,KALIMANTAN TENGAH,SUKAMARA,0
4700,2018,6206,KALIMANTAN TENGAH,SUKAMARA,0
4701,2019,6206,KALIMANTAN TENGAH,SUKAMARA,0
4702,2020,6206,KALIMANTAN TENGAH,SUKAMARA,0
4703,2021,6206,KALIMANTAN TENGAH,SUKAMARA,0
4704,2022,6206,KALIMANTAN TENGAH,SUKAMARA,1
4705,2023,6206,KALIMANTAN TENGAH,SUKAMARA,1
4706,2024,6206,KALIMANTAN TENGAH,SUKAMARA,1
4707,2025,6206,KALIMANTAN TENGAH,SUKAMARA,1
4708,2004,6471,KALIMANTAN TIMUR,KOTA BALIKPAPAN,0
4709,2005,6471,KALIMANTAN TIMUR,KOTA BALIKPAPAN,0
4710,2006,6471,KALIMANTAN TIMUR,KOTA BALIKPAPAN,0
4711,2007,6471,KALIMANTAN TIMUR,KOTA BALIKPAPAN,0
4712,2008,6471,KALIMANTAN TIMUR,KOTA BALIKPAPAN,0
4713,2009,6471,KALIMANTAN TIMUR,KOTA BALIKPAPAN,0
4714,2010,6471,KALIMANTAN TIMUR,KOTA BALIKPAPAN,0
4715,2011,6471,KALIMANTAN TIMUR,KOTA BALIKPAPAN,0
4716,2012,6471,KALIMANTAN TIMUR,KOTA BALIKPAPAN,0
4717,2013,6471,KALIMANTAN TIMUR,KOTA BALIKPAPAN,0
4718,2014,6471,KALIMANTAN TIMUR,KOTA BALIKPAPAN,0
4719,2015,6471,KALIMANTAN TIMUR,KOTA BALIKPAPAN,0
4720,2016,6471,KALIMANTAN TIMUR,KOTA BALIKPAPAN,0
4721,2017,6471,KALIMANTAN TIMUR,KOTA BALIKPAPAN,0
4722,2018,6471,KALIMANTAN TIMUR,KOTA BALIKPAPAN,0
4723,2019,6471,KALIMANTAN TIMUR,KOTA BALIKPAPAN,0
4724,2020,6471,KALIMANTAN TIMUR,KOTA BALIKPAPAN,0
4725,2021,6471,KALIMANTAN TIMUR,KOTA BALIKPAPAN,0
4726,2022,6471,KALIMANTAN TIMUR,KOTA BALIKPAPAN,0
4727,2023,6471,KALIMANTAN TIMUR,KOTA BALIKPAPAN,0
4728,2024,6471,KALIMANTAN TIMUR,KOTA BALIKPAPAN,0
4729,2025,6471,KALIMANTAN TIMUR,KOTA BALIKPAPAN,0
4730,2004,6405,KALIMANTAN TIMUR,BERAU,0
4731,2005,6405,KALIMANTAN TIMUR,BERAU,0
4732,2006,6405,KALIMANTAN TIMUR,BERAU,0
4733,2007,6405,KALIMANTAN TIMUR,BERAU,0
4734,2008,6405,KALIMANTAN TIMUR,BERAU,0
4735,2009,6405,KALIMANTAN TIMUR,BERAU,0
4736,2010,6405,KALIMANTAN TIMUR,BERAU,0
4737,2011,6405,KALIMANTAN TIMUR,BERAU,0
4738,2012,6405,KALIMANTAN TIMUR,BERAU,0
4739,2013,6405,KALIMANTAN TIMUR,BERAU,0
4740,2014,6405,KALIMANTAN TIMUR,BERAU,0
4741,2015,6405,KALIMANTAN TIMUR,BERAU,0
4742,2016,6405,KALIMANTAN TIMUR,BERAU,0
4743,2017,6405,KALIMANTAN TIMUR,BERAU,0
4744,2018,6405,KALIMANTAN TIMUR,BERAU,0
4745,2019,6405,KALIMANTAN TIMUR,BERAU,0
4746,2020,6405,KALIMANTAN TIMUR,BERAU,0
4747,2021,6405,KALIMANTAN TIMUR,BERAU,0
4748,2022,6405,KALIMANTAN TIMUR,BERAU,0
4749,2023,6405,KALIMANTAN TIMUR,BERAU,0
4750,2024,6405,KALIMANTAN TIMUR,BERAU,0
4751,2025,6405,KALIMANTAN TIMUR,BERAU,0
4752,2004,6474,KALIMANTAN TIMUR,KOTA BONTANG,0
4753,2005,6474,KALIMANTAN TIMUR,KOTA BONTANG,0
4754,2006,6474,KALIMANTAN TIMUR,KOTA BONTANG,0
4755,2007,6474,KALIMANTAN TIMUR,KOTA BONTANG,0
4756,2008,6474,KALIMANTAN TIMUR,KOTA BONTANG,0
4757,2009,6474,KALIMANTAN TIMUR,KOTA BONTANG,0
4758,2010,6474,KALIMANTAN TIMUR,KOTA BONTANG,0
4759,2011,6474,KALIMANTAN TIMUR,KOTA BONTANG,0
4760,2012,6474,KALIMANTAN TIMUR,KOTA BONTANG,1
4761,2013,6474,KALIMANTAN TIMUR,KOTA BONTANG,1
4762,2014,6474,KALIMANTAN TIMUR,KOTA BONTANG,1
4763,2015,6474,KALIMANTAN TIMUR,KOTA BONTANG,1
4764,2016,6474,KALIMANTAN TIMUR,KOTA BONTANG,1
4765,2017,6474,KALIMANTAN TIMUR,KOTA BONTANG,1
4766,2018,6474,KALIMANTAN TIMUR,KOTA BONTANG,1
4767,2019,6474,KALIMANTAN TIMUR,KOTA BONTANG,1
4768,2020,6474,KALIMANTAN TIMUR,KOTA BONTANG,1
4769,2021,6474,KALIMANTAN TIMUR,KOTA BONTANG,1
4770,2022,6474,KALIMANTAN TIMUR,KOTA BONTANG,1
4771,2023,6474,KALIMANTAN TIMUR,KOTA BONTANG,1
4772,2024,6474,KALIMANTAN TIMUR,KOTA BONTANG,1
4773,2025,6474,KALIMANTAN TIMUR,KOTA BONTANG,1
4774,2004,6402,KALIMANTAN TIMUR,KUTAI BARAT,0
4775,2005,6402,KALIMANTAN TIMUR,KUTAI BARAT,0
4776,2006,6402,KALIMANTAN TIMUR,KUTAI BARAT,0
4777,2007,6402,KALIMANTAN TIMUR,KUTAI BARAT,0
4778,2008,6402,KALIMANTAN TIMUR,KUTAI BARAT,0
4779,2009,6402,KALIMANTAN TIMUR,KUTAI BARAT,0
4780,2010,6402,KALIMANTAN TIMUR,KUTAI BARAT,0
4781,2011,6402,KALIMANTAN TIMUR,KUTAI BARAT,0
4782,2012,6402,KALIMANTAN TIMUR,KUTAI BARAT,0
4783,2013,6402,KALIMANTAN TIMUR,KUTAI BARAT,0
4784,2014,6402,KALIMANTAN TIMUR,KUTAI BARAT,0
4785,2015,6402,KALIMANTAN TIMUR,KUTAI BARAT,0
4786,2016,6402,KALIMANTAN TIMUR,KUTAI BARAT,0
4787,2017,6402,KALIMANTAN TIMUR,KUTAI BARAT,0
4788,2018,6402,KALIMANTAN TIMUR,KUTAI BARAT,0
4789,2019,6402,KALIMANTAN TIMUR,KUTAI BARAT,1
4790,2020,6402,KALIMANTAN TIMUR,KUTAI BARAT,1
4791,2021,6402,KALIMANTAN TIMUR,KUTAI BARAT,1
4792,2022,6402,KALIMANTAN TIMUR,KUTAI BARAT,1
4793,2023,6402,KALIMANTAN TIMUR,KUTAI BARAT,1
4794,2024,6402,KALIMANTAN TIMUR,KUTAI BARAT,1
4795,2025,6402,KALIMANTAN TIMUR,KUTAI BARAT,1
4796,2004,6403,KALIMANTAN TIMUR,KUTAI KARTANEGARA,0
4797,2005,6403,KALIMANTAN TIMUR,KUTAI KARTANEGARA,0
4798,2006,6403,KALIMANTAN TIMUR,KUTAI KARTANEGARA,0
4799,2007,6403,KALIMANTAN TIMUR,KUTAI KARTANEGARA,0
4800,2008,6403,KALIMANTAN TIMUR,KUTAI KARTANEGARA,0
4801,2009,6403,KALIMANTAN TIMUR,KUTAI KARTANEGARA,0
4802,2010,6403,KALIMANTAN TIMUR,KUTAI KARTANEGARA,0
4803,2011,6403,KALIMANTAN TIMUR,KUTAI KARTANEGARA,0
4804,2012,6403,KALIMANTAN TIMUR,KUTAI KARTANEGARA,0
4805,2013,6403,KALIMANTAN TIMUR,KUTAI KARTANEGARA,0
4806,2014,6403,KALIMANTAN TIMUR,KUTAI KARTANEGARA,0
4807,2015,6403,KALIMANTAN TIMUR,KUTAI KARTANEGARA,0
4808,2016,6403,KALIMANTAN TIMUR,KUTAI KARTANEGARA,0
4809,2017,6403,KALIMANTAN TIMUR,KUTAI KARTANEGARA,0
4810,2018,6403,KALIMANTAN TIMUR,KUTAI KARTANEGARA,0
4811,2019,6403,KALIMANTAN TIMUR,KUTAI KARTANEGARA,0
4812,2020,6403,KALIMANTAN TIMUR,KUTAI KARTANEGARA,0
4813,2021,6403,KALIMANTAN TIMUR,KUTAI KARTANEGARA,0
4814,2022,6403,KALIMANTAN TIMUR,KUTAI KARTANEGARA,0
4815,2023,6403,KALIMANTAN TIMUR,KUTAI KARTANEGARA,0
4816,2024,6403,KALIMANTAN TIMUR,KUTAI KARTANEGARA,0
4817,2025,6403,KALIMANTAN TIMUR,KUTAI KARTANEGARA,0
4818,2004,6404,KALIMANTAN TIMUR,KUTAI TIMUR,0
4819,2005,6404,KALIMANTAN TIMUR,KUTAI TIMUR,0
4820,2006,6404,KALIMANTAN TIMUR,KUTAI TIMUR,0
4821,2007,6404,KALIMANTAN TIMUR,KUTAI TIMUR,0
4822,2008,6404,KALIMANTAN TIMUR,KUTAI TIMUR,0
4823,2009,6404,KALIMANTAN TIMUR,KUTAI TIMUR,0
4824,2010,6404,KALIMANTAN TIMUR,KUTAI TIMUR,0
4825,2011,6404,KALIMANTAN TIMUR,KUTAI TIMUR,0
4826,2012,6404,KALIMANTAN TIMUR,KUTAI TIMUR,0
4827,2013,6404,KALIMANTAN TIMUR,KUTAI TIMUR,0
4828,2014,6404,KALIMANTAN TIMUR,KUTAI TIMUR,0
4829,2015,6404,KALIMANTAN TIMUR,KUTAI TIMUR,0
4830,2016,6404,KALIMANTAN TIMUR,KUTAI TIMUR,0
4831,2017,6404,KALIMANTAN TIMUR,KUTAI TIMUR,0
4832,2018,6404,KALIMANTAN TIMUR,KUTAI TIMUR,0
4833,2019,6404,KALIMANTAN TIMUR,KUTAI TIMUR,0
4834,2020,6404,KALIMANTAN TIMUR,KUTAI TIMUR,0
4835,2021,6404,KALIMANTAN TIMUR,KUTAI TIMUR,0
4836,2022,6404,KALIMANTAN TIMUR,KUTAI TIMUR,0
4837,2023,6404,KALIMANTAN TIMUR,KUTAI TIMUR,1
4838,2024,6404,KALIMANTAN TIMUR,KUTAI TIMUR,1
4839,2025,6404,KALIMANTAN TIMUR,KUTAI TIMUR,1
4840,2004,6411,KALIMANTAN TIMUR,MAHAKAM HULU,0
4841,2005,6411,KALIMANTAN TIMUR,MAHAKAM HULU,0
4842,2006,6411,KALIMANTAN TIMUR,MAHAKAM HULU,0
4843,2007,6411,KALIMANTAN TIMUR,MAHAKAM HULU,0
4844,2008,6411,KALIMANTAN TIMUR,MAHAKAM HULU,0
4845,2009,6411,KALIMANTAN TIMUR,MAHAKAM HULU,0
4846,2010,6411,KALIMANTAN TIMUR,MAHAKAM HULU,0
4847,2011,6411,KALIMANTAN TIMUR,MAHAKAM HULU,0
4848,2012,6411,KALIMANTAN TIMUR,MAHAKAM HULU,0
4849,2013,6411,KALIMANTAN TIMUR,MAHAKAM HULU,0
4850,2014,6411,KALIMANTAN TIMUR,MAHAKAM HULU,0
4851,2015,6411,KALIMANTAN TIMUR,MAHAKAM HULU,0
4852,2016,6411,KALIMANTAN TIMUR,MAHAKAM HULU,0
4853,2017,6411,KALIMANTAN TIMUR,MAHAKAM HULU,0
4854,2018,6411,KALIMANTAN TIMUR,MAHAKAM HULU,0
4855,2019,6411,KALIMANTAN TIMUR,MAHAKAM HULU,0
4856,2020,6411,KALIMANTAN TIMUR,MAHAKAM HULU,0
4857,2021,6411,KALIMANTAN TIMUR,MAHAKAM HULU,0
4858,2022,6411,KALIMANTAN TIMUR,MAHAKAM HULU,0
4859,2023,6411,KALIMANTAN TIMUR,MAHAKAM HULU,0
4860,2024,6411,KALIMANTAN TIMUR,MAHAKAM HULU,0
4861,2025,6411,KALIMANTAN TIMUR,MAHAKAM HULU,0
4862,2004,6401,KALIMANTAN TIMUR,PASER,0
4863,2005,6401,KALIMANTAN TIMUR,PASER,0
4864,2006,6401,KALIMANTAN TIMUR,PASER,0
4865,2007,6401,KALIMANTAN TIMUR,PASER,0
4866,2008,6401,KALIMANTAN TIMUR,PASER,0
4867,2009,6401,KALIMANTAN TIMUR,PASER,0
4868,2010,6401,KALIMANTAN TIMUR,PASER,0
4869,2011,6401,KALIMANTAN TIMUR,PASER,0
4870,2012,6401,KALIMANTAN TIMUR,PASER,0
4871,2013,6401,KALIMANTAN TIMUR,PASER,0
4872,2014,6401,KALIMANTAN TIMUR,PASER,0
4873,2015,6401,KALIMANTAN TIMUR,PASER,0
4874,2016,6401,KALIMANTAN TIMUR,PASER,1
4875,2017,6401,KALIMANTAN TIMUR,PASER,1
4876,2018,6401,KALIMANTAN TIMUR,PASER,1
4877,2019,6401,KALIMANTAN TIMUR,PASER,1
4878,2020,6401,KALIMANTAN TIMUR,PASER,1
4879,2021,6401,KALIMANTAN TIMUR,PASER,1
4880,2022,6401,KALIMANTAN TIMUR,PASER,1
4881,2023,6401,KALIMANTAN TIMUR,PASER,1
4882,2024,6401,KALIMANTAN TIMUR,PASER,1
4883,2025,6401,KALIMANTAN TIMUR,PASER,1
4884,2004,6409,KALIMANTAN TIMUR,PENAJAM PASER UTARA,0
4885,2005,6409,KALIMANTAN TIMUR,PENAJAM PASER UTARA,0
4886,2006,6409,KALIMANTAN TIMUR,PENAJAM PASER UTARA,0
4887,2007,6409,KALIMANTAN TIMUR,PENAJAM PASER UTARA,0
4888,2008,6409,KALIMANTAN TIMUR,PENAJAM PASER UTARA,0
4889,2009,6409,KALIMANTAN TIMUR,PENAJAM PASER UTARA,0
4890,2010,6409,KALIMANTAN TIMUR,PENAJAM PASER UTARA,0
4891,2011,6409,KALIMANTAN TIMUR,PENAJAM PASER UTARA,0
4892,2012,6409,KALIMANTAN TIMUR,PENAJAM PASER UTARA,0
4893,2013,6409,KALIMANTAN TIMUR,PENAJAM PASER UTARA,0
4894,2014,6409,KALIMANTAN TIMUR,PENAJAM PASER UTARA,0
4895,2015,6409,KALIMANTAN TIMUR,PENAJAM PASER UTARA,0
4896,2016,6409,KALIMANTAN TIMUR,PENAJAM PASER UTARA,0
4897,2017,6409,KALIMANTAN TIMUR,PENAJAM PASER UTARA,0
4898,2018,6409,KALIMANTAN TIMUR,PENAJAM PASER UTARA,0
4899,2019,6409,KALIMANTAN TIMUR,PENAJAM PASER UTARA,0
4900,2020,6409,KALIMANTAN TIMUR,PENAJAM PASER UTARA,0
4901,2021,6409,KALIMANTAN TIMUR,PENAJAM PASER UTARA,0
4902,2022,6409,KALIMANTAN TIMUR,PENAJAM PASER UTARA,0
4903,2023,6409,KALIMANTAN TIMUR,PENAJAM PASER UTARA,1
4904,2024,6409,KALIMANTAN TIMUR,PENAJAM PASER UTARA,1
4905,2025,6409,KALIMANTAN TIMUR,PENAJAM PASER UTARA,1
4906,2004,6472,KALIMANTAN TIMUR,KOTA SAMARINDA,0
4907,2005,6472,KALIMANTAN TIMUR,KOTA SAMARINDA,0
4908,2006,6472,KALIMANTAN TIMUR,KOTA SAMARINDA,0
4909,2007,6472,KALIMANTAN TIMUR,KOTA SAMARINDA,0
4910,2008,6472,KALIMANTAN TIMUR,KOTA SAMARINDA,0
4911,2009,6472,KALIMANTAN TIMUR,KOTA SAMARINDA,0
4912,2010,6472,KALIMANTAN TIMUR,KOTA SAMARINDA,0
4913,2011,6472,KALIMANTAN TIMUR,KOTA SAMARINDA,0
4914,2012,6472,KALIMANTAN TIMUR,KOTA SAMARINDA,0
4915,2013,6472,KALIMANTAN TIMUR,KOTA SAMARINDA,0
4916,2014,6472,KALIMANTAN TIMUR,KOTA SAMARINDA,0
4917,2015,6472,KALIMANTAN TIMUR,KOTA SAMARINDA,0
4918,2016,6472,KALIMANTAN TIMUR,KOTA SAMARINDA,0
4919,2017,6472,KALIMANTAN TIMUR,KOTA SAMARINDA,0
4920,2018,6472,KALIMANTAN TIMUR,KOTA SAMARINDA,0
4921,2019,6472,KALIMANTAN TIMUR,KOTA SAMARINDA,0
4922,2020,6472,KALIMANTAN TIMUR,KOTA SAMARINDA,0
4923,2021,6472,KALIMANTAN TIMUR,KOTA SAMARINDA,0
4924,2022,6472,KALIMANTAN TIMUR,KOTA SAMARINDA,0
4925,2023,6472,KALIMANTAN TIMUR,KOTA SAMARINDA,0
4926,2024,6472,KALIMANTAN TIMUR,KOTA SAMARINDA,0
4927,2025,6472,KALIMANTAN TIMUR,KOTA SAMARINDA,0
4928,2004,6502,KALIMANTAN UTARA,BULUNGAN,0
4929,2005,6502,KALIMANTAN UTARA,BULUNGAN,0
4930,2006,6502,KALIMANTAN UTARA,BULUNGAN,0
4931,2007,6502,KALIMANTAN UTARA,BULUNGAN,0
4932,2008,6502,KALIMANTAN UTARA,BULUNGAN,0
4933,2009,6502,KALIMANTAN UTARA,BULUNGAN,0
4934,2010,6502,KALIMANTAN UTARA,BULUNGAN,0
4935,2011,6502,KALIMANTAN UTARA,BULUNGAN,0
4936,2012,6502,KALIMANTAN UTARA,BULUNGAN,0
4937,2013,6502,KALIMANTAN UTARA,BULUNGAN,0
4938,2014,6502,KALIMANTAN UTARA,BULUNGAN,0
4939,2015,6502,KALIMANTAN UTARA,BULUNGAN,0
4940,2016,6502,KALIMANTAN UTARA,BULUNGAN,0
4941,2017,6502,KALIMANTAN UTARA,BULUNGAN,0
4942,2018,6502,KALIMANTAN UTARA,BULUNGAN,0
4943,2019,6502,KALIMANTAN UTARA,BULUNGAN,0
4944,2020,6502,KALIMANTAN UTARA,BULUNGAN,0
4945,2021,6502,KALIMANTAN UTARA,BULUNGAN,0
4946,2022,6502,KALIMANTAN UTARA,BULUNGAN,0
4947,2023,6502,KALIMANTAN UTARA,BULUNGAN,0
4948,2024,6502,KALIMANTAN UTARA,BULUNGAN,0
4949,2025,6502,KALIMANTAN UTARA,BULUNGAN,0
4950,2004,6501,KALIMANTAN UTARA,MALINAU,0
4951,2005,6501,KALIMANTAN UTARA,MALINAU,0
4952,2006,6501,KALIMANTAN UTARA,MALINAU,0
4953,2007,6501,KALIMANTAN UTARA,MALINAU,0
4954,2008,6501,KALIMANTAN UTARA,MALINAU,0
4955,2009,6501,KALIMANTAN UTARA,MALINAU,0
4956,2010,6501,KALIMANTAN UTARA,MALINAU,0
4957,2011,6501,KALIMANTAN UTARA,MALINAU,0
4958,2012,6501,KALIMANTAN UTARA,MALINAU,0
4959,2013,6501,KALIMANTAN UTARA,MALINAU,0
4960,2014,6501,KALIMANTAN UTARA,MALINAU,0
4961,2015,6501,KALIMANTAN UTARA,MALINAU,0
4962,2016,6501,KALIMANTAN UTARA,MALINAU,0
4963,2017,6501,KALIMANTAN UTARA,MALINAU,0
4964,2018,6501,KALIMANTAN UTARA,MALINAU,0
4965,2019,6501,KALIMANTAN UTARA,MALINAU,0
4966,2020,6501,KALIMANTAN UTARA,MALINAU,0
4967,2021,6501,KALIMANTAN UTARA,MALINAU,0
4968,2022,6501,KALIMANTAN UTARA,MALINAU,0
4969,2023,6501,KALIMANTAN UTARA,MALINAU,0
4970,2024,6501,KALIMANTAN UTARA,MALINAU,0
4971,2025,6501,KALIMANTAN UTARA,MALINAU,0
4972,2004,6504,KALIMANTAN UTARA,NUNUKAN,0
4973,2005,6504,KALIMANTAN UTARA,NUNUKAN,0
4974,2006,6504,KALIMANTAN UTARA,NUNUKAN,0
4975,2007,6504,KALIMANTAN UTARA,NUNUKAN,0
4976,2008,6504,KALIMANTAN UTARA,NUNUKAN,0
4977,2009,6504,KALIMANTAN UTARA,NUNUKAN,0
4978,2010,6504,KALIMANTAN UTARA,NUNUKAN,0
4979,2011,6504,KALIMANTAN UTARA,NUNUKAN,0
4980,2012,6504,KALIMANTAN UTARA,NUNUKAN,0
4981,2013,6504,KALIMANTAN UTARA,NUNUKAN,0
4982,2014,6504,KALIMANTAN UTARA,NUNUKAN,0
4983,2015,6504,KALIMANTAN UTARA,NUNUKAN,1
4984,2016,6504,KALIMANTAN UTARA,NUNUKAN,1
4985,2017,6504,KALIMANTAN UTARA,NUNUKAN,1
4986,2018,6504,KALIMANTAN UTARA,NUNUKAN,1
4987,2019,6504,KALIMANTAN UTARA,NUNUKAN,1
4988,2020,6504,KALIMANTAN UTARA,NUNUKAN,1
4989,2021,6504,KALIMANTAN UTARA,NUNUKAN,1
4990,2022,6504,KALIMANTAN UTARA,NUNUKAN,1
4991,2023,6504,KALIMANTAN UTARA,NUNUKAN,1
4992,2024,6504,KALIMANTAN UTARA,NUNUKAN,1
4993,2025,6504,KALIMANTAN UTARA,NUNUKAN,1
4994,2004,6503,KALIMANTAN UTARA,TANA TIDUNG,0
4995,2005,6503,KALIMANTAN UTARA,TANA TIDUNG,0
4996,2006,6503,KALIMANTAN UTARA,TANA TIDUNG,0
4997,2007,6503,KALIMANTAN UTARA,TANA TIDUNG,0
4998,2008,6503,KALIMANTAN UTARA,TANA TIDUNG,0
4999,2009,6503,KALIMANTAN UTARA,TANA TIDUNG,0
5000,2010,6503,KALIMANTAN UTARA,TANA TIDUNG,0
5001,2011,6503,KALIMANTAN UTARA,TANA TIDUNG,0
5002,2012,6503,KALIMANTAN UTARA,TANA TIDUNG,0
5003,2013,6503,KALIMANTAN UTARA,TANA TIDUNG,0
5004,2014,6503,KALIMANTAN UTARA,TANA TIDUNG,0
5005,2015,6503,KALIMANTAN UTARA,TANA TIDUNG,0
5006,2016,6503,KALIMANTAN UTARA,TANA TIDUNG,0
5007,2017,6503,KALIMANTAN UTARA,TANA TIDUNG,0
5008,2018,6503,KALIMANTAN UTARA,TANA TIDUNG,0
5009,2019,6503,KALIMANTAN UTARA,TANA TIDUNG,0
5010,2020,6503,KALIMANTAN UTARA,TANA TIDUNG,0
5011,2021,6503,KALIMANTAN UTARA,TANA TIDUNG,0
5012,2022,6503,KALIMANTAN UTARA,TANA TIDUNG,0
5013,2023,6503,KALIMANTAN UTARA,TANA TIDUNG,0
5014,2024,6503,KALIMANTAN UTARA,TANA TIDUNG,0
5015,2025,6503,KALIMANTAN UTARA,TANA TIDUNG,0
5016,2004,6571,KALIMANTAN UTARA,KOTA TARAKAN,0
5017,2005,6571,KALIMANTAN UTARA,KOTA TARAKAN,0
5018,2006,6571,KALIMANTAN UTARA,KOTA TARAKAN,0
5019,2007,6571,KALIMANTAN UTARA,KOTA TARAKAN,0
5020,2008,6571,KALIMANTAN UTARA,KOTA TARAKAN,0
5021,2009,6571,KALIMANTAN UTARA,KOTA TARAKAN,0
5022,2010,6571,KALIMANTAN UTARA,KOTA TARAKAN,0
5023,2011,6571,KALIMANTAN UTARA,KOTA TARAKAN,0
5024,2012,6571,KALIMANTAN UTARA,KOTA TARAKAN,0
5025,2013,6571,KALIMANTAN UTARA,KOTA TARAKAN,0
5026,2014,6571,KALIMANTAN UTARA,KOTA TARAKAN,0
5027,2015,6571,KALIMANTAN UTARA,KOTA TARAKAN,0
5028,2016,6571,KALIMANTAN UTARA,KOTA TARAKAN,0
5029,2017,6571,KALIMANTAN UTARA,KOTA TARAKAN,0
5030,2018,6571,KALIMANTAN UTARA,KOTA TARAKAN,0
5031,2019,6571,KALIMANTAN UTARA,KOTA TARAKAN,0
5032,2020,6571,KALIMANTAN UTARA,KOTA TARAKAN,0
5033,2021,6571,KALIMANTAN UTARA,KOTA TARAKAN,0
5034,2022,6571,KALIMANTAN UTARA,KOTA TARAKAN,0
5035,2023,6571,KALIMANTAN UTARA,KOTA TARAKAN,0
5036,2024,6571,KALIMANTAN UTARA,KOTA TARAKAN,0
5037,2025,6571,KALIMANTAN UTARA,KOTA TARAKAN,0
5038,2004,1901,KEPULAUAN BANGKA BELITUNG,BANGKA,0
5039,2005,1901,KEPULAUAN BANGKA BELITUNG,BANGKA,0
5040,2006,1901,KEPULAUAN BANGKA BELITUNG,BANGKA,0
5041,2007,1901,KEPULAUAN BANGKA BELITUNG,BANGKA,0
5042,2008,1901,KEPULAUAN BANGKA BELITUNG,BANGKA,0
5043,2009,1901,KEPULAUAN BANGKA BELITUNG,BANGKA,0
5044,2010,1901,KEPULAUAN BANGKA BELITUNG,BANGKA,0
5045,2011,1901,KEPULAUAN BANGKA BELITUNG,BANGKA,0
5046,2012,1901,KEPULAUAN BANGKA BELITUNG,BANGKA,0
5047,2013,1901,KEPULAUAN BANGKA BELITUNG,BANGKA,0
5048,2014,1901,KEPULAUAN BANGKA BELITUNG,BANGKA,0
5049,2015,1901,KEPULAUAN BANGKA BELITUNG,BANGKA,0
5050,2016,1901,KEPULAUAN BANGKA BELITUNG,BANGKA,0
5051,2017,1901,KEPULAUAN BANGKA BELITUNG,BANGKA,0
5052,2018,1901,KEPULAUAN BANGKA BELITUNG,BANGKA,0
5053,2019,1901,KEPULAUAN BANGKA BELITUNG,BANGKA,1
5054,2020,1901,KEPULAUAN BANGKA BELITUNG,BANGKA,1
5055,2021,1901,KEPULAUAN BANGKA BELITUNG,BANGKA,1
5056,2022,1901,KEPULAUAN BANGKA BELITUNG,BANGKA,1
5057,2023,1901,KEPULAUAN BANGKA BELITUNG,BANGKA,1
5058,2024,1901,KEPULAUAN BANGKA BELITUNG,BANGKA,1
5059,2025,1901,KEPULAUAN BANGKA BELITUNG,BANGKA,1
5060,2004,1903,KEPULAUAN BANGKA BELITUNG,BANGKA BARAT,0
5061,2005,1903,KEPULAUAN BANGKA BELITUNG,BANGKA BARAT,0
5062,2006,1903,KEPULAUAN BANGKA BELITUNG,BANGKA BARAT,0
5063,2007,1903,KEPULAUAN BANGKA BELITUNG,BANGKA BARAT,0
5064,2008,1903,KEPULAUAN BANGKA BELITUNG,BANGKA BARAT,0
5065,2009,1903,KEPULAUAN BANGKA BELITUNG,BANGKA BARAT,0
5066,2010,1903,KEPULAUAN BANGKA BELITUNG,BANGKA BARAT,0
5067,2011,1903,KEPULAUAN BANGKA BELITUNG,BANGKA BARAT,1
5068,2012,1903,KEPULAUAN BANGKA BELITUNG,BANGKA BARAT,1
5069,2013,1903,KEPULAUAN BANGKA BELITUNG,BANGKA BARAT,1
5070,2014,1903,KEPULAUAN BANGKA BELITUNG,BANGKA BARAT,1
5071,2015,1903,KEPULAUAN BANGKA BELITUNG,BANGKA BARAT,1
5072,2016,1903,KEPULAUAN BANGKA BELITUNG,BANGKA BARAT,1
5073,2017,1903,KEPULAUAN BANGKA BELITUNG,BANGKA BARAT,1
5074,2018,1903,KEPULAUAN BANGKA BELITUNG,BANGKA BARAT,1
5075,2019,1903,KEPULAUAN BANGKA BELITUNG,BANGKA BARAT,1
5076,2020,1903,KEPULAUAN BANGKA BELITUNG,BANGKA BARAT,1
5077,2021,1903,KEPULAUAN BANGKA BELITUNG,BANGKA BARAT,1
5078,2022,1903,KEPULAUAN BANGKA BELITUNG,BANGKA BARAT,1
5079,2023,1903,KEPULAUAN BANGKA BELITUNG,BANGKA BARAT,1
5080,2024,1903,KEPULAUAN BANGKA BELITUNG,BANGKA BARAT,1
5081,2025,1903,KEPULAUAN BANGKA BELITUNG,BANGKA BARAT,1
5082,2004,1905,KEPULAUAN BANGKA BELITUNG,BANGKA SELATAN,0
5083,2005,1905,KEPULAUAN BANGKA BELITUNG,BANGKA SELATAN,0
5084,2006,1905,KEPULAUAN BANGKA BELITUNG,BANGKA SELATAN,0
5085,2007,1905,KEPULAUAN BANGKA BELITUNG,BANGKA SELATAN,0
5086,2008,1905,KEPULAUAN BANGKA BELITUNG,BANGKA SELATAN,0
5087,2009,1905,KEPULAUAN BANGKA BELITUNG,BANGKA SELATAN,0
5088,2010,1905,KEPULAUAN BANGKA BELITUNG,BANGKA SELATAN,0
5089,2011,1905,KEPULAUAN BANGKA BELITUNG,BANGKA SELATAN,0
5090,2012,1905,KEPULAUAN BANGKA BELITUNG,BANGKA SELATAN,0
5091,2013,1905,KEPULAUAN BANGKA BELITUNG,BANGKA SELATAN,0
5092,2014,1905,KEPULAUAN BANGKA BELITUNG,BANGKA SELATAN,0
5093,2015,1905,KEPULAUAN BANGKA BELITUNG,BANGKA SELATAN,1
5094,2016,1905,KEPULAUAN BANGKA BELITUNG,BANGKA SELATAN,1
5095,2017,1905,KEPULAUAN BANGKA BELITUNG,BANGKA SELATAN,1
5096,2018,1905,KEPULAUAN BANGKA BELITUNG,BANGKA SELATAN,1
5097,2019,1905,KEPULAUAN BANGKA BELITUNG,BANGKA SELATAN,1
5098,2020,1905,KEPULAUAN BANGKA BELITUNG,BANGKA SELATAN,1
5099,2021,1905,KEPULAUAN BANGKA BELITUNG,BANGKA SELATAN,1
5100,2022,1905,KEPULAUAN BANGKA BELITUNG,BANGKA SELATAN,1
5101,2023,1905,KEPULAUAN BANGKA BELITUNG,BANGKA SELATAN,1
5102,2024,1905,KEPULAUAN BANGKA BELITUNG,BANGKA SELATAN,1
5103,2025,1905,KEPULAUAN BANGKA BELITUNG,BANGKA SELATAN,1
5104,2004,1904,KEPULAUAN BANGKA BELITUNG,BANGKA TENGAH,0
5105,2005,1904,KEPULAUAN BANGKA BELITUNG,BANGKA TENGAH,0
5106,2006,1904,KEPULAUAN BANGKA BELITUNG,BANGKA TENGAH,0
5107,2007,1904,KEPULAUAN BANGKA BELITUNG,BANGKA TENGAH,0
5108,2008,1904,KEPULAUAN BANGKA BELITUNG,BANGKA TENGAH,0
5109,2009,1904,KEPULAUAN BANGKA BELITUNG,BANGKA TENGAH,0
5110,2010,1904,KEPULAUAN BANGKA BELITUNG,BANGKA TENGAH,0
5111,2011,1904,KEPULAUAN BANGKA BELITUNG,BANGKA TENGAH,0
5112,2012,1904,KEPULAUAN BANGKA BELITUNG,BANGKA TENGAH,0
5113,2013,1904,KEPULAUAN BANGKA BELITUNG,BANGKA TENGAH,0
5114,2014,1904,KEPULAUAN BANGKA BELITUNG,BANGKA TENGAH,1
5115,2015,1904,KEPULAUAN BANGKA BELITUNG,BANGKA TENGAH,1
5116,2016,1904,KEPULAUAN BANGKA BELITUNG,BANGKA TENGAH,1
5117,2017,1904,KEPULAUAN BANGKA BELITUNG,BANGKA TENGAH,1
5118,2018,1904,KEPULAUAN BANGKA BELITUNG,BANGKA TENGAH,1
5119,2019,1904,KEPULAUAN BANGKA BELITUNG,BANGKA TENGAH,1
5120,2020,1904,KEPULAUAN BANGKA BELITUNG,BANGKA TENGAH,1
5121,2021,1904,KEPULAUAN BANGKA BELITUNG,BANGKA TENGAH,1
5122,2022,1904,KEPULAUAN BANGKA BELITUNG,BANGKA TENGAH,1
5123,2023,1904,KEPULAUAN BANGKA BELITUNG,BANGKA TENGAH,1
5124,2024,1904,KEPULAUAN BANGKA BELITUNG,BANGKA TENGAH,1
5125,2025,1904,KEPULAUAN BANGKA BELITUNG,BANGKA TENGAH,1
5126,2004,1902,KEPULAUAN BANGKA BELITUNG,BELITUNG,0
5127,2005,1902,KEPULAUAN BANGKA BELITUNG,BELITUNG,0
5128,2006,1902,KEPULAUAN BANGKA BELITUNG,BELITUNG,0
5129,2007,1902,KEPULAUAN BANGKA BELITUNG,BELITUNG,0
5130,2008,1902,KEPULAUAN BANGKA BELITUNG,BELITUNG,0
5131,2009,1902,KEPULAUAN BANGKA BELITUNG,BELITUNG,0
5132,2010,1902,KEPULAUAN BANGKA BELITUNG,BELITUNG,0
5133,2011,1902,KEPULAUAN BANGKA BELITUNG,BELITUNG,0
5134,2012,1902,KEPULAUAN BANGKA BELITUNG,BELITUNG,0
5135,2013,1902,KEPULAUAN BANGKA BELITUNG,BELITUNG,0
5136,2014,1902,KEPULAUAN BANGKA BELITUNG,BELITUNG,0
5137,2015,1902,KEPULAUAN BANGKA BELITUNG,BELITUNG,0
5138,2016,1902,KEPULAUAN BANGKA BELITUNG,BELITUNG,0
5139,2017,1902,KEPULAUAN BANGKA BELITUNG,BELITUNG,0
5140,2018,1902,KEPULAUAN BANGKA BELITUNG,BELITUNG,1
5141,2019,1902,KEPULAUAN BANGKA BELITUNG,BELITUNG,1
5142,2020,1902,KEPULAUAN BANGKA BELITUNG,BELITUNG,1
5143,2021,1902,KEPULAUAN BANGKA BELITUNG,BELITUNG,1
5144,2022,1902,KEPULAUAN BANGKA BELITUNG,BELITUNG,1
5145,2023,1902,KEPULAUAN BANGKA BELITUNG,BELITUNG,1
5146,2024,1902,KEPULAUAN BANGKA BELITUNG,BELITUNG,1
5147,2025,1902,KEPULAUAN BANGKA BELITUNG,BELITUNG,1
5148,2004,1906,KEPULAUAN BANGKA BELITUNG,BELITUNG TIMUR,0
5149,2005,1906,KEPULAUAN BANGKA BELITUNG,BELITUNG TIMUR,0
5150,2006,1906,KEPULAUAN BANGKA BELITUNG,BELITUNG TIMUR,0
5151,2007,1906,KEPULAUAN BANGKA BELITUNG,BELITUNG TIMUR,0
5152,2008,1906,KEPULAUAN BANGKA BELITUNG,BELITUNG TIMUR,0
5153,2009,1906,KEPULAUAN BANGKA BELITUNG,BELITUNG TIMUR,0
5154,2010,1906,KEPULAUAN BANGKA BELITUNG,BELITUNG TIMUR,0
5155,2011,1906,KEPULAUAN BANGKA BELITUNG,BELITUNG TIMUR,0
5156,2012,1906,KEPULAUAN BANGKA BELITUNG,BELITUNG TIMUR,0
5157,2013,1906,KEPULAUAN BANGKA BELITUNG,BELITUNG TIMUR,0
5158,2014,1906,KEPULAUAN BANGKA BELITUNG,BELITUNG TIMUR,0
5159,2015,1906,KEPULAUAN BANGKA BELITUNG,BELITUNG TIMUR,0
5160,2016,1906,KEPULAUAN BANGKA BELITUNG,BELITUNG TIMUR,0
5161,2017,1906,KEPULAUAN BANGKA BELITUNG,BELITUNG TIMUR,0
5162,2018,1906,KEPULAUAN BANGKA BELITUNG,BELITUNG TIMUR,0
5163,2019,1906,KEPULAUAN BANGKA BELITUNG,BELITUNG TIMUR,0
5164,2020,1906,KEPULAUAN BANGKA BELITUNG,BELITUNG TIMUR,0
5165,2021,1906,KEPULAUAN BANGKA BELITUNG,BELITUNG TIMUR,0
5166,2022,1906,KEPULAUAN BANGKA BELITUNG,BELITUNG TIMUR,0
5167,2023,1906,KEPULAUAN BANGKA BELITUNG,BELITUNG TIMUR,0
5168,2024,1906,KEPULAUAN BANGKA BELITUNG,BELITUNG TIMUR,0
5169,2025,1906,KEPULAUAN BANGKA BELITUNG,BELITUNG TIMUR,0
5170,2004,1971,KEPULAUAN BANGKA BELITUNG,KOTA PANGKALPINANG,0
5171,2005,1971,KEPULAUAN BANGKA BELITUNG,KOTA PANGKALPINANG,0
5172,2006,1971,KEPULAUAN BANGKA BELITUNG,KOTA PANGKALPINANG,0
5173,2007,1971,KEPULAUAN BANGKA BELITUNG,KOTA PANGKALPINANG,0
5174,2008,1971,KEPULAUAN BANGKA BELITUNG,KOTA PANGKALPINANG,0
5175,2009,1971,KEPULAUAN BANGKA BELITUNG,KOTA PANGKALPINANG,0
5176,2010,1971,KEPULAUAN BANGKA BELITUNG,KOTA PANGKALPINANG,0
5177,2011,1971,KEPULAUAN BANGKA BELITUNG,KOTA PANGKALPINANG,0
5178,2012,1971,KEPULAUAN BANGKA BELITUNG,KOTA PANGKALPINANG,0
5179,2013,1971,KEPULAUAN BANGKA BELITUNG,KOTA PANGKALPINANG,0
5180,2014,1971,KEPULAUAN BANGKA BELITUNG,KOTA PANGKALPINANG,0
5181,2015,1971,KEPULAUAN BANGKA BELITUNG,KOTA PANGKALPINANG,0
5182,2016,1971,KEPULAUAN BANGKA BELITUNG,KOTA PANGKALPINANG,0
5183,2017,1971,KEPULAUAN BANGKA BELITUNG,KOTA PANGKALPINANG,0
5184,2018,1971,KEPULAUAN BANGKA BELITUNG,KOTA PANGKALPINANG,0
5185,2019,1971,KEPULAUAN BANGKA BELITUNG,KOTA PANGKALPINANG,0
5186,2020,1971,KEPULAUAN BANGKA BELITUNG,KOTA PANGKALPINANG,1
5187,2021,1971,KEPULAUAN BANGKA BELITUNG,KOTA PANGKALPINANG,1
5188,2022,1971,KEPULAUAN BANGKA BELITUNG,KOTA PANGKALPINANG,1
5189,2023,1971,KEPULAUAN BANGKA BELITUNG,KOTA PANGKALPINANG,1
5190,2024,1971,KEPULAUAN BANGKA BELITUNG,KOTA PANGKALPINANG,1
5191,2025,1971,KEPULAUAN BANGKA BELITUNG,KOTA PANGKALPINANG,1
5192,2004,2171,KEPULAUAN RIAU,KOTA B A T A M,0
5193,2005,2171,KEPULAUAN RIAU,KOTA B A T A M,0
5194,2006,2171,KEPULAUAN RIAU,KOTA B A T A M,0
5195,2007,2171,KEPULAUAN RIAU,KOTA B A T A M,0
5196,2008,2171,KEPULAUAN RIAU,KOTA B A T A M,0
5197,2009,2171,KEPULAUAN RIAU,KOTA B A T A M,0
5198,2010,2171,KEPULAUAN RIAU,KOTA B A T A M,0
5199,2011,2171,KEPULAUAN RIAU,KOTA B A T A M,0
5200,2012,2171,KEPULAUAN RIAU,KOTA B A T A M,0
5201,2013,2171,KEPULAUAN RIAU,KOTA B A T A M,0
5202,2014,2171,KEPULAUAN RIAU,KOTA B A T A M,0
5203,2015,2171,KEPULAUAN RIAU,KOTA B A T A M,0
5204,2016,2171,KEPULAUAN RIAU,KOTA B A T A M,0
5205,2017,2171,KEPULAUAN RIAU,KOTA B A T A M,0
5206,2018,2171,KEPULAUAN RIAU,KOTA B A T A M,0
5207,2019,2171,KEPULAUAN RIAU,KOTA B A T A M,0
5208,2020,2171,KEPULAUAN RIAU,KOTA B A T A M,0
5209,2021,2171,KEPULAUAN RIAU,KOTA B A T A M,0
5210,2022,2171,KEPULAUAN RIAU,KOTA B A T A M,0
5211,2023,2171,KEPULAUAN RIAU,KOTA B A T A M,0
5212,2024,2171,KEPULAUAN RIAU,KOTA B A T A M,0
5213,2025,2171,KEPULAUAN RIAU,KOTA B A T A M,0
5214,2004,2102,KEPULAUAN RIAU,BINTAN,0
5215,2005,2102,KEPULAUAN RIAU,BINTAN,0
5216,2006,2102,KEPULAUAN RIAU,BINTAN,0
5217,2007,2102,KEPULAUAN RIAU,BINTAN,0
5218,2008,2102,KEPULAUAN RIAU,BINTAN,0
5219,2009,2102,KEPULAUAN RIAU,BINTAN,0
5220,2010,2102,KEPULAUAN RIAU,BINTAN,0
5221,2011,2102,KEPULAUAN RIAU,BINTAN,0
5222,2012,2102,KEPULAUAN RIAU,BINTAN,0
5223,2013,2102,KEPULAUAN RIAU,BINTAN,0
5224,2014,2102,KEPULAUAN RIAU,BINTAN,0
5225,2015,2102,KEPULAUAN RIAU,BINTAN,0
5226,2016,2102,KEPULAUAN RIAU,BINTAN,0
5227,2017,2102,KEPULAUAN RIAU,BINTAN,0
5228,2018,2102,KEPULAUAN RIAU,BINTAN,0
5229,2019,2102,KEPULAUAN RIAU,BINTAN,0
5230,2020,2102,KEPULAUAN RIAU,BINTAN,0
5231,2021,2102,KEPULAUAN RIAU,BINTAN,0
5232,2022,2102,KEPULAUAN RIAU,BINTAN,0
5233,2023,2102,KEPULAUAN RIAU,BINTAN,0
5234,2024,2102,KEPULAUAN RIAU,BINTAN,0
5235,2025,2102,KEPULAUAN RIAU,BINTAN,0
5236,2004,2101,KEPULAUAN RIAU,KARIMUN,0
5237,2005,2101,KEPULAUAN RIAU,KARIMUN,0
5238,2006,2101,KEPULAUAN RIAU,KARIMUN,0
5239,2007,2101,KEPULAUAN RIAU,KARIMUN,0
5240,2008,2101,KEPULAUAN RIAU,KARIMUN,0
5241,2009,2101,KEPULAUAN RIAU,KARIMUN,0
5242,2010,2101,KEPULAUAN RIAU,KARIMUN,0
5243,2011,2101,KEPULAUAN RIAU,KARIMUN,0
5244,2012,2101,KEPULAUAN RIAU,KARIMUN,0
5245,2013,2101,KEPULAUAN RIAU,KARIMUN,0
5246,2014,2101,KEPULAUAN RIAU,KARIMUN,0
5247,2015,2101,KEPULAUAN RIAU,KARIMUN,0
5248,2016,2101,KEPULAUAN RIAU,KARIMUN,0
5249,2017,2101,KEPULAUAN RIAU,KARIMUN,0
5250,2018,2101,KEPULAUAN RIAU,KARIMUN,1
5251,2019,2101,KEPULAUAN RIAU,KARIMUN,1
5252,2020,2101,KEPULAUAN RIAU,KARIMUN,1
5253,2021,2101,KEPULAUAN RIAU,KARIMUN,1
5254,2022,2101,KEPULAUAN RIAU,KARIMUN,1
5255,2023,2101,KEPULAUAN RIAU,KARIMUN,1
5256,2024,2101,KEPULAUAN RIAU,KARIMUN,1
5257,2025,2101,KEPULAUAN RIAU,KARIMUN,1
5258,2004,2105,KEPULAUAN RIAU,KEPULAUAN ANAMBAS,0
5259,2005,2105,KEPULAUAN RIAU,KEPULAUAN ANAMBAS,0
5260,2006,2105,KEPULAUAN RIAU,KEPULAUAN ANAMBAS,0
5261,2007,2105,KEPULAUAN RIAU,KEPULAUAN ANAMBAS,0
5262,2008,2105,KEPULAUAN RIAU,KEPULAUAN ANAMBAS,0
5263,2009,2105,KEPULAUAN RIAU,KEPULAUAN ANAMBAS,0
5264,2010,2105,KEPULAUAN RIAU,KEPULAUAN ANAMBAS,0
5265,2011,2105,KEPULAUAN RIAU,KEPULAUAN ANAMBAS,0
5266,2012,2105,KEPULAUAN RIAU,KEPULAUAN ANAMBAS,0
5267,2013,2105,KEPULAUAN RIAU,KEPULAUAN ANAMBAS,0
5268,2014,2105,KEPULAUAN RIAU,KEPULAUAN ANAMBAS,0
5269,2015,2105,KEPULAUAN RIAU,KEPULAUAN ANAMBAS,0
5270,2016,2105,KEPULAUAN RIAU,KEPULAUAN ANAMBAS,0
5271,2017,2105,KEPULAUAN RIAU,KEPULAUAN ANAMBAS,0
5272,2018,2105,KEPULAUAN RIAU,KEPULAUAN ANAMBAS,0
5273,2019,2105,KEPULAUAN RIAU,KEPULAUAN ANAMBAS,0
5274,2020,2105,KEPULAUAN RIAU,KEPULAUAN ANAMBAS,0
5275,2021,2105,KEPULAUAN RIAU,KEPULAUAN ANAMBAS,0
5276,2022,2105,KEPULAUAN RIAU,KEPULAUAN ANAMBAS,0
5277,2023,2105,KEPULAUAN RIAU,KEPULAUAN ANAMBAS,0
5278,2024,2105,KEPULAUAN RIAU,KEPULAUAN ANAMBAS,0
5279,2025,2105,KEPULAUAN RIAU,KEPULAUAN ANAMBAS,0
5280,2004,2104,KEPULAUAN RIAU,LINGGA,0
5281,2005,2104,KEPULAUAN RIAU,LINGGA,0
5282,2006,2104,KEPULAUAN RIAU,LINGGA,0
5283,2007,2104,KEPULAUAN RIAU,LINGGA,0
5284,2008,2104,KEPULAUAN RIAU,LINGGA,0
5285,2009,2104,KEPULAUAN RIAU,LINGGA,0
5286,2010,2104,KEPULAUAN RIAU,LINGGA,0
5287,2011,2104,KEPULAUAN RIAU,LINGGA,0
5288,2012,2104,KEPULAUAN RIAU,LINGGA,0
5289,2013,2104,KEPULAUAN RIAU,LINGGA,0
5290,2014,2104,KEPULAUAN RIAU,LINGGA,0
5291,2015,2104,KEPULAUAN RIAU,LINGGA,0
5292,2016,2104,KEPULAUAN RIAU,LINGGA,0
5293,2017,2104,KEPULAUAN RIAU,LINGGA,0
5294,2018,2104,KEPULAUAN RIAU,LINGGA,0
5295,2019,2104,KEPULAUAN RIAU,LINGGA,0
5296,2020,2104,KEPULAUAN RIAU,LINGGA,0
5297,2021,2104,KEPULAUAN RIAU,LINGGA,0
5298,2022,2104,KEPULAUAN RIAU,LINGGA,0
5299,2023,2104,KEPULAUAN RIAU,LINGGA,0
5300,2024,2104,KEPULAUAN RIAU,LINGGA,0
5301,2025,2104,KEPULAUAN RIAU,LINGGA,0
5302,2004,2103,KEPULAUAN RIAU,NATUNA,0
5303,2005,2103,KEPULAUAN RIAU,NATUNA,0
5304,2006,2103,KEPULAUAN RIAU,NATUNA,0
5305,2007,2103,KEPULAUAN RIAU,NATUNA,0
5306,2008,2103,KEPULAUAN RIAU,NATUNA,0
5307,2009,2103,KEPULAUAN RIAU,NATUNA,0
5308,2010,2103,KEPULAUAN RIAU,NATUNA,0
5309,2011,2103,KEPULAUAN RIAU,NATUNA,0
5310,2012,2103,KEPULAUAN RIAU,NATUNA,0
5311,2013,2103,KEPULAUAN RIAU,NATUNA,0
5312,2014,2103,KEPULAUAN RIAU,NATUNA,0
5313,2015,2103,KEPULAUAN RIAU,NATUNA,0
5314,2016,2103,KEPULAUAN RIAU,NATUNA,0
5315,2017,2103,KEPULAUAN RIAU,NATUNA,0
5316,2018,2103,KEPULAUAN RIAU,NATUNA,0
5317,2019,2103,KEPULAUAN RIAU,NATUNA,0
5318,2020,2103,KEPULAUAN RIAU,NATUNA,0
5319,2021,2103,KEPULAUAN RIAU,NATUNA,0
5320,2022,2103,KEPULAUAN RIAU,NATUNA,0
5321,2023,2103,KEPULAUAN RIAU,NATUNA,0
5322,2024,2103,KEPULAUAN RIAU,NATUNA,0
5323,2025,2103,KEPULAUAN RIAU,NATUNA,0
5324,2004,2172,KEPULAUAN RIAU,KOTA TANJUNG PINANG,0
5325,2005,2172,KEPULAUAN RIAU,KOTA TANJUNG PINANG,0
5326,2006,2172,KEPULAUAN RIAU,KOTA TANJUNG PINANG,0
5327,2007,2172,KEPULAUAN RIAU,KOTA TANJUNG PINANG,0
5328,2008,2172,KEPULAUAN RIAU,KOTA TANJUNG PINANG,0
5329,2009,2172,KEPULAUAN RIAU,KOTA TANJUNG PINANG,0
5330,2010,2172,KEPULAUAN RIAU,KOTA TANJUNG PINANG,0
5331,2011,2172,KEPULAUAN RIAU,KOTA TANJUNG PINANG,0
5332,2012,2172,KEPULAUAN RIAU,KOTA TANJUNG PINANG,0
5333,2013,2172,KEPULAUAN RIAU,KOTA TANJUNG PINANG,0
5334,2014,2172,KEPULAUAN RIAU,KOTA TANJUNG PINANG,0
5335,2015,2172,KEPULAUAN RIAU,KOTA TANJUNG PINANG,0
5336,2016,2172,KEPULAUAN RIAU,KOTA TANJUNG PINANG,0
5337,2017,2172,KEPULAUAN RIAU,KOTA TANJUNG PINANG,0
5338,2018,2172,KEPULAUAN RIAU,KOTA TANJUNG PINANG,0
5339,2019,2172,KEPULAUAN RIAU,KOTA TANJUNG PINANG,0
5340,2020,2172,KEPULAUAN RIAU,KOTA TANJUNG PINANG,0
5341,2021,2172,KEPULAUAN RIAU,KOTA TANJUNG PINANG,0
5342,2022,2172,KEPULAUAN RIAU,KOTA TANJUNG PINANG,0
5343,2023,2172,KEPULAUAN RIAU,KOTA TANJUNG PINANG,0
5344,2024,2172,KEPULAUAN RIAU,KOTA TANJUNG PINANG,0
5345,2025,2172,KEPULAUAN RIAU,KOTA TANJUNG PINANG,0
5346,2004,1871,LAMPUNG,KOTA BANDAR LAMPUNG,0
5347,2005,1871,LAMPUNG,KOTA BANDAR LAMPUNG,0
5348,2006,1871,LAMPUNG,KOTA BANDAR LAMPUNG,0
5349,2007,1871,LAMPUNG,KOTA BANDAR LAMPUNG,0
5350,2008,1871,LAMPUNG,KOTA BANDAR LAMPUNG,0
5351,2009,1871,LAMPUNG,KOTA BANDAR LAMPUNG,0
5352,2010,1871,LAMPUNG,KOTA BANDAR LAMPUNG,0
5353,2011,1871,LAMPUNG,KOTA BANDAR LAMPUNG,0
5354,2012,1871,LAMPUNG,KOTA BANDAR LAMPUNG,0
5355,2013,1871,LAMPUNG,KOTA BANDAR LAMPUNG,0
5356,2014,1871,LAMPUNG,KOTA BANDAR LAMPUNG,0
5357,2015,1871,LAMPUNG,KOTA BANDAR LAMPUNG,0
5358,2016,1871,LAMPUNG,KOTA BANDAR LAMPUNG,0
5359,2017,1871,LAMPUNG,KOTA BANDAR LAMPUNG,0
5360,2018,1871,LAMPUNG,KOTA BANDAR LAMPUNG,0
5361,2019,1871,LAMPUNG,KOTA BANDAR LAMPUNG,1
5362,2020,1871,LAMPUNG,KOTA BANDAR LAMPUNG,1
5363,2021,1871,LAMPUNG,KOTA BANDAR LAMPUNG,1
5364,2022,1871,LAMPUNG,KOTA BANDAR LAMPUNG,1
5365,2023,1871,LAMPUNG,KOTA BANDAR LAMPUNG,1
5366,2024,1871,LAMPUNG,KOTA BANDAR LAMPUNG,1
5367,2025,1871,LAMPUNG,KOTA BANDAR LAMPUNG,1
5368,2004,1801,LAMPUNG,LAMPUNG BARAT,0
5369,2005,1801,LAMPUNG,LAMPUNG BARAT,0
5370,2006,1801,LAMPUNG,LAMPUNG BARAT,0
5371,2007,1801,LAMPUNG,LAMPUNG BARAT,0
5372,2008,1801,LAMPUNG,LAMPUNG BARAT,0
5373,2009,1801,LAMPUNG,LAMPUNG BARAT,0
5374,2010,1801,LAMPUNG,LAMPUNG BARAT,0
5375,2011,1801,LAMPUNG,LAMPUNG BARAT,0
5376,2012,1801,LAMPUNG,LAMPUNG BARAT,0
5377,2013,1801,LAMPUNG,LAMPUNG BARAT,0
5378,2014,1801,LAMPUNG,LAMPUNG BARAT,0
5379,2015,1801,LAMPUNG,LAMPUNG BARAT,0
5380,2016,1801,LAMPUNG,LAMPUNG BARAT,0
5381,2017,1801,LAMPUNG,LAMPUNG BARAT,0
5382,2018,1801,LAMPUNG,LAMPUNG BARAT,0
5383,2019,1801,LAMPUNG,LAMPUNG BARAT,0
5384,2020,1801,LAMPUNG,LAMPUNG BARAT,0
5385,2021,1801,LAMPUNG,LAMPUNG BARAT,0
5386,2022,1801,LAMPUNG,LAMPUNG BARAT,0
5387,2023,1801,LAMPUNG,LAMPUNG BARAT,0
5388,2024,1801,LAMPUNG,LAMPUNG BARAT,0
5389,2025,1801,LAMPUNG,LAMPUNG BARAT,0
5390,2004,1803,LAMPUNG,LAMPUNG SELATAN,0
5391,2005,1803,LAMPUNG,LAMPUNG SELATAN,0
5392,2006,1803,LAMPUNG,LAMPUNG SELATAN,0
5393,2007,1803,LAMPUNG,LAMPUNG SELATAN,0
5394,2008,1803,LAMPUNG,LAMPUNG SELATAN,0
5395,2009,1803,LAMPUNG,LAMPUNG SELATAN,0
5396,2010,1803,LAMPUNG,LAMPUNG SELATAN,0
5397,2011,1803,LAMPUNG,LAMPUNG SELATAN,0
5398,2012,1803,LAMPUNG,LAMPUNG SELATAN,0
5399,2013,1803,LAMPUNG,LAMPUNG SELATAN,0
5400,2014,1803,LAMPUNG,LAMPUNG SELATAN,0
5401,2015,1803,LAMPUNG,LAMPUNG SELATAN,0
5402,2016,1803,LAMPUNG,LAMPUNG SELATAN,0
5403,2017,1803,LAMPUNG,LAMPUNG SELATAN,0
5404,2018,1803,LAMPUNG,LAMPUNG SELATAN,0
5405,2019,1803,LAMPUNG,LAMPUNG SELATAN,0
5406,2020,1803,LAMPUNG,LAMPUNG SELATAN,0
5407,2021,1803,LAMPUNG,LAMPUNG SELATAN,0
5408,2022,1803,LAMPUNG,LAMPUNG SELATAN,0
5409,2023,1803,LAMPUNG,LAMPUNG SELATAN,0
5410,2024,1803,LAMPUNG,LAMPUNG SELATAN,0
5411,2025,1803,LAMPUNG,LAMPUNG SELATAN,0
5412,2004,1805,LAMPUNG,LAMPUNG TENGAH,0
5413,2005,1805,LAMPUNG,LAMPUNG TENGAH,0
5414,2006,1805,LAMPUNG,LAMPUNG TENGAH,0
5415,2007,1805,LAMPUNG,LAMPUNG TENGAH,0
5416,2008,1805,LAMPUNG,LAMPUNG TENGAH,0
5417,2009,1805,LAMPUNG,LAMPUNG TENGAH,0
5418,2010,1805,LAMPUNG,LAMPUNG TENGAH,0
5419,2011,1805,LAMPUNG,LAMPUNG TENGAH,0
5420,2012,1805,LAMPUNG,LAMPUNG TENGAH,0
5421,2013,1805,LAMPUNG,LAMPUNG TENGAH,0
5422,2014,1805,LAMPUNG,LAMPUNG TENGAH,0
5423,2015,1805,LAMPUNG,LAMPUNG TENGAH,0
5424,2016,1805,LAMPUNG,LAMPUNG TENGAH,0
5425,2017,1805,LAMPUNG,LAMPUNG TENGAH,0
5426,2018,1805,LAMPUNG,LAMPUNG TENGAH,0
5427,2019,1805,LAMPUNG,LAMPUNG TENGAH,0
5428,2020,1805,LAMPUNG,LAMPUNG TENGAH,0
5429,2021,1805,LAMPUNG,LAMPUNG TENGAH,0
5430,2022,1805,LAMPUNG,LAMPUNG TENGAH,0
5431,2023,1805,LAMPUNG,LAMPUNG TENGAH,0
5432,2024,1805,LAMPUNG,LAMPUNG TENGAH,0
5433,2025,1805,LAMPUNG,LAMPUNG TENGAH,0
5434,2004,1804,LAMPUNG,LAMPUNG TIMUR,0
5435,2005,1804,LAMPUNG,LAMPUNG TIMUR,0
5436,2006,1804,LAMPUNG,LAMPUNG TIMUR,0
5437,2007,1804,LAMPUNG,LAMPUNG TIMUR,0
5438,2008,1804,LAMPUNG,LAMPUNG TIMUR,0
5439,2009,1804,LAMPUNG,LAMPUNG TIMUR,0
5440,2010,1804,LAMPUNG,LAMPUNG TIMUR,0
5441,2011,1804,LAMPUNG,LAMPUNG TIMUR,0
5442,2012,1804,LAMPUNG,LAMPUNG TIMUR,0
5443,2013,1804,LAMPUNG,LAMPUNG TIMUR,1
5444,2014,1804,LAMPUNG,LAMPUNG TIMUR,1
5445,2015,1804,LAMPUNG,LAMPUNG TIMUR,1
5446,2016,1804,LAMPUNG,LAMPUNG TIMUR,1
5447,2017,1804,LAMPUNG,LAMPUNG TIMUR,1
5448,2018,1804,LAMPUNG,LAMPUNG TIMUR,1
5449,2019,1804,LAMPUNG,LAMPUNG TIMUR,1
5450,2020,1804,LAMPUNG,LAMPUNG TIMUR,1
5451,2021,1804,LAMPUNG,LAMPUNG TIMUR,1
5452,2022,1804,LAMPUNG,LAMPUNG TIMUR,1
5453,2023,1804,LAMPUNG,LAMPUNG TIMUR,1
5454,2024,1804,LAMPUNG,LAMPUNG TIMUR,1
5455,2025,1804,LAMPUNG,LAMPUNG TIMUR,1
5456,2004,1806,LAMPUNG,LAMPUNG UTARA,0
5457,2005,1806,LAMPUNG,LAMPUNG UTARA,0
5458,2006,1806,LAMPUNG,LAMPUNG UTARA,0
5459,2007,1806,LAMPUNG,LAMPUNG UTARA,0
5460,2008,1806,LAMPUNG,LAMPUNG UTARA,0
5461,2009,1806,LAMPUNG,LAMPUNG UTARA,0
5462,2010,1806,LAMPUNG,LAMPUNG UTARA,0
5463,2011,1806,LAMPUNG,LAMPUNG UTARA,0
5464,2012,1806,LAMPUNG,LAMPUNG UTARA,0
5465,2013,1806,LAMPUNG,LAMPUNG UTARA,0
5466,2014,1806,LAMPUNG,LAMPUNG UTARA,0
5467,2015,1806,LAMPUNG,LAMPUNG UTARA,0
5468,2016,1806,LAMPUNG,LAMPUNG UTARA,0
5469,2017,1806,LAMPUNG,LAMPUNG UTARA,1
5470,2018,1806,LAMPUNG,LAMPUNG UTARA,1
5471,2019,1806,LAMPUNG,LAMPUNG UTARA,1
5472,2020,1806,LAMPUNG,LAMPUNG UTARA,1
5473,2021,1806,LAMPUNG,LAMPUNG UTARA,1
5474,2022,1806,LAMPUNG,LAMPUNG UTARA,1
5475,2023,1806,LAMPUNG,LAMPUNG UTARA,1
5476,2024,1806,LAMPUNG,LAMPUNG UTARA,1
5477,2025,1806,LAMPUNG,LAMPUNG UTARA,1
5478,2004,1811,LAMPUNG,MESUJI,0
5479,2005,1811,LAMPUNG,MESUJI,0
5480,2006,1811,LAMPUNG,MESUJI,0
5481,2007,1811,LAMPUNG,MESUJI,0
5482,2008,1811,LAMPUNG,MESUJI,0
5483,2009,1811,LAMPUNG,MESUJI,0
5484,2010,1811,LAMPUNG,MESUJI,0
5485,2011,1811,LAMPUNG,MESUJI,0
5486,2012,1811,LAMPUNG,MESUJI,0
5487,2013,1811,LAMPUNG,MESUJI,0
5488,2014,1811,LAMPUNG,MESUJI,0
5489,2015,1811,LAMPUNG,MESUJI,0
5490,2016,1811,LAMPUNG,MESUJI,0
5491,2017,1811,LAMPUNG,MESUJI,0
5492,2018,1811,LAMPUNG,MESUJI,0
5493,2019,1811,LAMPUNG,MESUJI,0
5494,2020,1811,LAMPUNG,MESUJI,0
5495,2021,1811,LAMPUNG,MESUJI,0
5496,2022,1811,LAMPUNG,MESUJI,0
5497,2023,1811,LAMPUNG,MESUJI,0
5498,2024,1811,LAMPUNG,MESUJI,0
5499,2025,1811,LAMPUNG,MESUJI,0
5500,2004,1872,LAMPUNG,KOTA METRO,0
5501,2005,1872,LAMPUNG,KOTA METRO,0
5502,2006,1872,LAMPUNG,KOTA METRO,0
5503,2007,1872,LAMPUNG,KOTA METRO,0
5504,2008,1872,LAMPUNG,KOTA METRO,0
5505,2009,1872,LAMPUNG,KOTA METRO,0
5506,2010,1872,LAMPUNG,KOTA METRO,0
5507,2011,1872,LAMPUNG,KOTA METRO,0
5508,2012,1872,LAMPUNG,KOTA METRO,0
5509,2013,1872,LAMPUNG,KOTA METRO,0
5510,2014,1872,LAMPUNG,KOTA METRO,1
5511,2015,1872,LAMPUNG,KOTA METRO,1
5512,2016,1872,LAMPUNG,KOTA METRO,1
5513,2017,1872,LAMPUNG,KOTA METRO,1
5514,2018,1872,LAMPUNG,KOTA METRO,1
5515,2019,1872,LAMPUNG,KOTA METRO,1
5516,2020,1872,LAMPUNG,KOTA METRO,1
5517,2021,1872,LAMPUNG,KOTA METRO,1
5518,2022,1872,LAMPUNG,KOTA METRO,1
5519,2023,1872,LAMPUNG,KOTA METRO,1
5520,2024,1872,LAMPUNG,KOTA METRO,1
5521,2025,1872,LAMPUNG,KOTA METRO,1
5522,2004,1809,LAMPUNG,PESAWARAN,0
5523,2005,1809,LAMPUNG,PESAWARAN,0
5524,2006,1809,LAMPUNG,PESAWARAN,0
5525,2007,1809,LAMPUNG,PESAWARAN,0
5526,2008,1809,LAMPUNG,PESAWARAN,0
5527,2009,1809,LAMPUNG,PESAWARAN,0
5528,2010,1809,LAMPUNG,PESAWARAN,0
5529,2011,1809,LAMPUNG,PESAWARAN,0
5530,2012,1809,LAMPUNG,PESAWARAN,0
5531,2013,1809,LAMPUNG,PESAWARAN,0
5532,2014,1809,LAMPUNG,PESAWARAN,0
5533,2015,1809,LAMPUNG,PESAWARAN,0
5534,2016,1809,LAMPUNG,PESAWARAN,0
5535,2017,1809,LAMPUNG,PESAWARAN,0
5536,2018,1809,LAMPUNG,PESAWARAN,0
5537,2019,1809,LAMPUNG,PESAWARAN,1
5538,2020,1809,LAMPUNG,PESAWARAN,1
5539,2021,1809,LAMPUNG,PESAWARAN,1
5540,2022,1809,LAMPUNG,PESAWARAN,1
5541,2023,1809,LAMPUNG,PESAWARAN,1
5542,2024,1809,LAMPUNG,PESAWARAN,1
5543,2025,1809,LAMPUNG,PESAWARAN,1
5544,2004,1813,LAMPUNG,PESISIR BARAT,0
5545,2005,1813,LAMPUNG,PESISIR BARAT,0
5546,2006,1813,LAMPUNG,PESISIR BARAT,0
5547,2007,1813,LAMPUNG,PESISIR BARAT,0
5548,2008,1813,LAMPUNG,PESISIR BARAT,0
5549,2009,1813,LAMPUNG,PESISIR BARAT,0
5550,2010,1813,LAMPUNG,PESISIR BARAT,0
5551,2011,1813,LAMPUNG,PESISIR BARAT,0
5552,2012,1813,LAMPUNG,PESISIR BARAT,0
5553,2013,1813,LAMPUNG,PESISIR BARAT,0
5554,2014,1813,LAMPUNG,PESISIR BARAT,0
5555,2015,1813,LAMPUNG,PESISIR BARAT,0
5556,2016,1813,LAMPUNG,PESISIR BARAT,0
5557,2017,1813,LAMPUNG,PESISIR BARAT,0
5558,2018,1813,LAMPUNG,PESISIR BARAT,0
5559,2019,1813,LAMPUNG,PESISIR BARAT,0
5560,2020,1813,LAMPUNG,PESISIR BARAT,0
5561,2021,1813,LAMPUNG,PESISIR BARAT,0
5562,2022,1813,LAMPUNG,PESISIR BARAT,1
5563,2023,1813,LAMPUNG,PESISIR BARAT,1
5564,2024,1813,LAMPUNG,PESISIR BARAT,1
5565,2025,1813,LAMPUNG,PESISIR BARAT,1
5566,2004,1810,LAMPUNG,PRINGSEWU,0
5567,2005,1810,LAMPUNG,PRINGSEWU,0
5568,2006,1810,LAMPUNG,PRINGSEWU,0
5569,2007,1810,LAMPUNG,PRINGSEWU,0
5570,2008,1810,LAMPUNG,PRINGSEWU,0
5571,2009,1810,LAMPUNG,PRINGSEWU,0
5572,2010,1810,LAMPUNG,PRINGSEWU,0
5573,2011,1810,LAMPUNG,PRINGSEWU,0
5574,2012,1810,LAMPUNG,PRINGSEWU,0
5575,2013,1810,LAMPUNG,PRINGSEWU,0
5576,2014,1810,LAMPUNG,PRINGSEWU,0
5577,2015,1810,LAMPUNG,PRINGSEWU,1
5578,2016,1810,LAMPUNG,PRINGSEWU,1
5579,2017,1810,LAMPUNG,PRINGSEWU,1
5580,2018,1810,LAMPUNG,PRINGSEWU,1
5581,2019,1810,LAMPUNG,PRINGSEWU,1
5582,2020,1810,LAMPUNG,PRINGSEWU,1
5583,2021,1810,LAMPUNG,PRINGSEWU,1
5584,2022,1810,LAMPUNG,PRINGSEWU,1
5585,2023,1810,LAMPUNG,PRINGSEWU,1
5586,2024,1810,LAMPUNG,PRINGSEWU,1
5587,2025,1810,LAMPUNG,PRINGSEWU,1
5588,2004,1802,LAMPUNG,TANGGAMUS,0
5589,2005,1802,LAMPUNG,TANGGAMUS,0
5590,2006,1802,LAMPUNG,TANGGAMUS,0
5591,2007,1802,LAMPUNG,TANGGAMUS,0
5592,2008,1802,LAMPUNG,TANGGAMUS,0
5593,2009,1802,LAMPUNG,TANGGAMUS,0
5594,2010,1802,LAMPUNG,TANGGAMUS,0
5595,2011,1802,LAMPUNG,TANGGAMUS,0
5596,2012,1802,LAMPUNG,TANGGAMUS,0
5597,2013,1802,LAMPUNG,TANGGAMUS,0
5598,2014,1802,LAMPUNG,TANGGAMUS,0
5599,2015,1802,LAMPUNG,TANGGAMUS,0
5600,2016,1802,LAMPUNG,TANGGAMUS,0
5601,2017,1802,LAMPUNG,TANGGAMUS,0
5602,2018,1802,LAMPUNG,TANGGAMUS,0
5603,2019,1802,LAMPUNG,TANGGAMUS,0
5604,2020,1802,LAMPUNG,TANGGAMUS,0
5605,2021,1802,LAMPUNG,TANGGAMUS,0
5606,2022,1802,LAMPUNG,TANGGAMUS,0
5607,2023,1802,LAMPUNG,TANGGAMUS,0
5608,2024,1802,LAMPUNG,TANGGAMUS,1
5609,2025,1802,LAMPUNG,TANGGAMUS,1
5610,2004,1812,LAMPUNG,TULANG BAWANG BARAT,0
5611,2005,1812,LAMPUNG,TULANG BAWANG BARAT,0
5612,2006,1812,LAMPUNG,TULANG BAWANG BARAT,0
5613,2007,1812,LAMPUNG,TULANG BAWANG BARAT,0
5614,2008,1812,LAMPUNG,TULANG BAWANG BARAT,0
5615,2009,1812,LAMPUNG,TULANG BAWANG BARAT,0
5616,2010,1812,LAMPUNG,TULANG BAWANG BARAT,0
5617,2011,1812,LAMPUNG,TULANG BAWANG BARAT,0
5618,2012,1812,LAMPUNG,TULANG BAWANG BARAT,0
5619,2013,1812,LAMPUNG,TULANG BAWANG BARAT,0
5620,2014,1812,LAMPUNG,TULANG BAWANG BARAT,0
5621,2015,1812,LAMPUNG,TULANG BAWANG BARAT,0
5622,2016,1812,LAMPUNG,TULANG BAWANG BARAT,0
5623,2017,1812,LAMPUNG,TULANG BAWANG BARAT,0
5624,2018,1812,LAMPUNG,TULANG BAWANG BARAT,0
5625,2019,1812,LAMPUNG,TULANG BAWANG BARAT,0
5626,2020,1812,LAMPUNG,TULANG BAWANG BARAT,0
5627,2021,1812,LAMPUNG,TULANG BAWANG BARAT,0
5628,2022,1812,LAMPUNG,TULANG BAWANG BARAT,0
5629,2023,1812,LAMPUNG,TULANG BAWANG BARAT,0
5630,2024,1812,LAMPUNG,TULANG BAWANG BARAT,0
5631,2025,1812,LAMPUNG,TULANG BAWANG BARAT,0
5632,2004,1808,LAMPUNG,TULANGBAWANG,0
5633,2005,1808,LAMPUNG,TULANGBAWANG,0
5634,2006,1808,LAMPUNG,TULANGBAWANG,0
5635,2007,1808,LAMPUNG,TULANGBAWANG,0
5636,2008,1808,LAMPUNG,TULANGBAWANG,0
5637,2009,1808,LAMPUNG,TULANGBAWANG,0
5638,2010,1808,LAMPUNG,TULANGBAWANG,0
5639,2011,1808,LAMPUNG,TULANGBAWANG,0
5640,2012,1808,LAMPUNG,TULANGBAWANG,0
5641,2013,1808,LAMPUNG,TULANGBAWANG,0
5642,2014,1808,LAMPUNG,TULANGBAWANG,0
5643,2015,1808,LAMPUNG,TULANGBAWANG,0
5644,2016,1808,LAMPUNG,TULANGBAWANG,0
5645,2017,1808,LAMPUNG,TULANGBAWANG,0
5646,2018,1808,LAMPUNG,TULANGBAWANG,0
5647,2019,1808,LAMPUNG,TULANGBAWANG,0
5648,2020,1808,LAMPUNG,TULANGBAWANG,0
5649,2021,1808,LAMPUNG,TULANGBAWANG,0
5650,2022,1808,LAMPUNG,TULANGBAWANG,0
5651,2023,1808,LAMPUNG,TULANGBAWANG,0
5652,2024,1808,LAMPUNG,TULANGBAWANG,0
5653,2025,1808,LAMPUNG,TULANGBAWANG,0
5654,2004,1807,LAMPUNG,WAY KANAN,0
5655,2005,1807,LAMPUNG,WAY KANAN,0
5656,2006,1807,LAMPUNG,WAY KANAN,0
5657,2007,1807,LAMPUNG,WAY KANAN,0
5658,2008,1807,LAMPUNG,WAY KANAN,0
5659,2009,1807,LAMPUNG,WAY KANAN,0
5660,2010,1807,LAMPUNG,WAY KANAN,0
5661,2011,1807,LAMPUNG,WAY KANAN,0
5662,2012,1807,LAMPUNG,WAY KANAN,0
5663,2013,1807,LAMPUNG,WAY KANAN,0
5664,2014,1807,LAMPUNG,WAY KANAN,0
5665,2015,1807,LAMPUNG,WAY KANAN,0
5666,2016,1807,LAMPUNG,WAY KANAN,0
5667,2017,1807,LAMPUNG,WAY KANAN,0
5668,2018,1807,LAMPUNG,WAY KANAN,0
5669,2019,1807,LAMPUNG,WAY KANAN,0
5670,2020,1807,LAMPUNG,WAY KANAN,0
5671,2021,1807,LAMPUNG,WAY KANAN,0
5672,2022,1807,LAMPUNG,WAY KANAN,0
5673,2023,1807,LAMPUNG,WAY KANAN,0
5674,2024,1807,LAMPUNG,WAY KANAN,0
5675,2025,1807,LAMPUNG,WAY KANAN,0
5676,2004,8171,MALUKU,KOTA AMBON,0
5677,2005,8171,MALUKU,KOTA AMBON,0
5678,2006,8171,MALUKU,KOTA AMBON,0
5679,2007,8171,MALUKU,KOTA AMBON,0
5680,2008,8171,MALUKU,KOTA AMBON,0
5681,2009,8171,MALUKU,KOTA AMBON,0
5682,2010,8171,MALUKU,KOTA AMBON,0
5683,2011,8171,MALUKU,KOTA AMBON,0
5684,2012,8171,MALUKU,KOTA AMBON,0
5685,2013,8171,MALUKU,KOTA AMBON,0
5686,2014,8171,MALUKU,KOTA AMBON,0
5687,2015,8171,MALUKU,KOTA AMBON,0
5688,2016,8171,MALUKU,KOTA AMBON,0
5689,2017,8171,MALUKU,KOTA AMBON,0
5690,2018,8171,MALUKU,KOTA AMBON,0
5691,2019,8171,MALUKU,KOTA AMBON,0
5692,2020,8171,MALUKU,KOTA AMBON,0
5693,2021,8171,MALUKU,KOTA AMBON,0
5694,2022,8171,MALUKU,KOTA AMBON,0
5695,2023,8171,MALUKU,KOTA AMBON,0
5696,2024,8171,MALUKU,KOTA AMBON,0
5697,2025,8171,MALUKU,KOTA AMBON,0
5698,2004,8104,MALUKU,BURU,0
5699,2005,8104,MALUKU,BURU,0
5700,2006,8104,MALUKU,BURU,0
5701,2007,8104,MALUKU,BURU,0
5702,2008,8104,MALUKU,BURU,0
5703,2009,8104,MALUKU,BURU,0
5704,2010,8104,MALUKU,BURU,0
5705,2011,8104,MALUKU,BURU,0
5706,2012,8104,MALUKU,BURU,0
5707,2013,8104,MALUKU,BURU,0
5708,2014,8104,MALUKU,BURU,0
5709,2015,8104,MALUKU,BURU,0
5710,2016,8104,MALUKU,BURU,0
5711,2017,8104,MALUKU,BURU,0
5712,2018,8104,MALUKU,BURU,0
5713,2019,8104,MALUKU,BURU,0
5714,2020,8104,MALUKU,BURU,0
5715,2021,8104,MALUKU,BURU,0
5716,2022,8104,MALUKU,BURU,0
5717,2023,8104,MALUKU,BURU,0
5718,2024,8104,MALUKU,BURU,0
5719,2025,8104,MALUKU,BURU,0
5720,2004,8109,MALUKU,BURU SELATAN,0
5721,2005,8109,MALUKU,BURU SELATAN,0
5722,2006,8109,MALUKU,BURU SELATAN,0
5723,2007,8109,MALUKU,BURU SELATAN,0
5724,2008,8109,MALUKU,BURU SELATAN,0
5725,2009,8109,MALUKU,BURU SELATAN,0
5726,2010,8109,MALUKU,BURU SELATAN,0
5727,2011,8109,MALUKU,BURU SELATAN,0
5728,2012,8109,MALUKU,BURU SELATAN,0
5729,2013,8109,MALUKU,BURU SELATAN,0
5730,2014,8109,MALUKU,BURU SELATAN,0
5731,2015,8109,MALUKU,BURU SELATAN,0
5732,2016,8109,MALUKU,BURU SELATAN,0
5733,2017,8109,MALUKU,BURU SELATAN,0
5734,2018,8109,MALUKU,BURU SELATAN,0
5735,2019,8109,MALUKU,BURU SELATAN,0
5736,2020,8109,MALUKU,BURU SELATAN,0
5737,2021,8109,MALUKU,BURU SELATAN,0
5738,2022,8109,MALUKU,BURU SELATAN,0
5739,2023,8109,MALUKU,BURU SELATAN,0
5740,2024,8109,MALUKU,BURU SELATAN,0
5741,2025,8109,MALUKU,BURU SELATAN,0
5742,2004,8105,MALUKU,KEPULAUAN ARU,0
5743,2005,8105,MALUKU,KEPULAUAN ARU,0
5744,2006,8105,MALUKU,KEPULAUAN ARU,0
5745,2007,8105,MALUKU,KEPULAUAN ARU,0
5746,2008,8105,MALUKU,KEPULAUAN ARU,0
5747,2009,8105,MALUKU,KEPULAUAN ARU,0
5748,2010,8105,MALUKU,KEPULAUAN ARU,0
5749,2011,8105,MALUKU,KEPULAUAN ARU,0
5750,2012,8105,MALUKU,KEPULAUAN ARU,0
5751,2013,8105,MALUKU,KEPULAUAN ARU,0
5752,2014,8105,MALUKU,KEPULAUAN ARU,0
5753,2015,8105,MALUKU,KEPULAUAN ARU,0
5754,2016,8105,MALUKU,KEPULAUAN ARU,0
5755,2017,8105,MALUKU,KEPULAUAN ARU,0
5756,2018,8105,MALUKU,KEPULAUAN ARU,0
5757,2019,8105,MALUKU,KEPULAUAN ARU,0
5758,2020,8105,MALUKU,KEPULAUAN ARU,0
5759,2021,8105,MALUKU,KEPULAUAN ARU,0
5760,2022,8105,MALUKU,KEPULAUAN ARU,0
5761,2023,8105,MALUKU,KEPULAUAN ARU,0
5762,2024,8105,MALUKU,KEPULAUAN ARU,0
5763,2025,8105,MALUKU,KEPULAUAN ARU,0
5764,2004,8101,MALUKU,KEPULAUAN TANIMBAR,0
5765,2005,8101,MALUKU,KEPULAUAN TANIMBAR,0
5766,2006,8101,MALUKU,KEPULAUAN TANIMBAR,0
5767,2007,8101,MALUKU,KEPULAUAN TANIMBAR,0
5768,2008,8101,MALUKU,KEPULAUAN TANIMBAR,0
5769,2009,8101,MALUKU,KEPULAUAN TANIMBAR,0
5770,2010,8101,MALUKU,KEPULAUAN TANIMBAR,0
5771,2011,8101,MALUKU,KEPULAUAN TANIMBAR,0
5772,2012,8101,MALUKU,KEPULAUAN TANIMBAR,0
5773,2013,8101,MALUKU,KEPULAUAN TANIMBAR,0
5774,2014,8101,MALUKU,KEPULAUAN TANIMBAR,0
5775,2015,8101,MALUKU,KEPULAUAN TANIMBAR,0
5776,2016,8101,MALUKU,KEPULAUAN TANIMBAR,0
5777,2017,8101,MALUKU,KEPULAUAN TANIMBAR,1
5778,2018,8101,MALUKU,KEPULAUAN TANIMBAR,1
5779,2019,8101,MALUKU,KEPULAUAN TANIMBAR,1
5780,2020,8101,MALUKU,KEPULAUAN TANIMBAR,1
5781,2021,8101,MALUKU,KEPULAUAN TANIMBAR,1
5782,2022,8101,MALUKU,KEPULAUAN TANIMBAR,1
5783,2023,8101,MALUKU,KEPULAUAN TANIMBAR,1
5784,2024,8101,MALUKU,KEPULAUAN TANIMBAR,1
5785,2025,8101,MALUKU,KEPULAUAN TANIMBAR,1
5786,2004,8108,MALUKU,MALUKU BARAT DAYA,0
5787,2005,8108,MALUKU,MALUKU BARAT DAYA,0
5788,2006,8108,MALUKU,MALUKU BARAT DAYA,0
5789,2007,8108,MALUKU,MALUKU BARAT DAYA,0
5790,2008,8108,MALUKU,MALUKU BARAT DAYA,0
5791,2009,8108,MALUKU,MALUKU BARAT DAYA,0
5792,2010,8108,MALUKU,MALUKU BARAT DAYA,0
5793,2011,8108,MALUKU,MALUKU BARAT DAYA,0
5794,2012,8108,MALUKU,MALUKU BARAT DAYA,0
5795,2013,8108,MALUKU,MALUKU BARAT DAYA,0
5796,2014,8108,MALUKU,MALUKU BARAT DAYA,0
5797,2015,8108,MALUKU,MALUKU BARAT DAYA,0
5798,2016,8108,MALUKU,MALUKU BARAT DAYA,0
5799,2017,8108,MALUKU,MALUKU BARAT DAYA,0
5800,2018,8108,MALUKU,MALUKU BARAT DAYA,0
5801,2019,8108,MALUKU,MALUKU BARAT DAYA,0
5802,2020,8108,MALUKU,MALUKU BARAT DAYA,0
5803,2021,8108,MALUKU,MALUKU BARAT DAYA,0
5804,2022,8108,MALUKU,MALUKU BARAT DAYA,0
5805,2023,8108,MALUKU,MALUKU BARAT DAYA,0
5806,2024,8108,MALUKU,MALUKU BARAT DAYA,0
5807,2025,8108,MALUKU,MALUKU BARAT DAYA,0
5808,2004,8103,MALUKU,MALUKU TENGAH,0
5809,2005,8103,MALUKU,MALUKU TENGAH,0
5810,2006,8103,MALUKU,MALUKU TENGAH,0
5811,2007,8103,MALUKU,MALUKU TENGAH,0
5812,2008,8103,MALUKU,MALUKU TENGAH,0
5813,2009,8103,MALUKU,MALUKU TENGAH,0
5814,2010,8103,MALUKU,MALUKU TENGAH,0
5815,2011,8103,MALUKU,MALUKU TENGAH,0
5816,2012,8103,MALUKU,MALUKU TENGAH,0
5817,2013,8103,MALUKU,MALUKU TENGAH,0
5818,2014,8103,MALUKU,MALUKU TENGAH,0
5819,2015,8103,MALUKU,MALUKU TENGAH,0
5820,2016,8103,MALUKU,MALUKU TENGAH,0
5821,2017,8103,MALUKU,MALUKU TENGAH,0
5822,2018,8103,MALUKU,MALUKU TENGAH,0
5823,2019,8103,MALUKU,MALUKU TENGAH,0
5824,2020,8103,MALUKU,MALUKU TENGAH,0
5825,2021,8103,MALUKU,MALUKU TENGAH,0
5826,2022,8103,MALUKU,MALUKU TENGAH,1
5827,2023,8103,MALUKU,MALUKU TENGAH,1
5828,2024,8103,MALUKU,MALUKU TENGAH,1
5829,2025,8103,MALUKU,MALUKU TENGAH,1
5830,2004,8102,MALUKU,MALUKU TENGGARA,0
5831,2005,8102,MALUKU,MALUKU TENGGARA,0
5832,2006,8102,MALUKU,MALUKU TENGGARA,0
5833,2007,8102,MALUKU,MALUKU TENGGARA,0
5834,2008,8102,MALUKU,MALUKU TENGGARA,0
5835,2009,8102,MALUKU,MALUKU TENGGARA,0
5836,2010,8102,MALUKU,MALUKU TENGGARA,0
5837,2011,8102,MALUKU,MALUKU TENGGARA,0
5838,2012,8102,MALUKU,MALUKU TENGGARA,0
5839,2013,8102,MALUKU,MALUKU TENGGARA,0
5840,2014,8102,MALUKU,MALUKU TENGGARA,0
5841,2015,8102,MALUKU,MALUKU TENGGARA,0
5842,2016,8102,MALUKU,MALUKU TENGGARA,0
5843,2017,8102,MALUKU,MALUKU TENGGARA,0
5844,2018,8102,MALUKU,MALUKU TENGGARA,0
5845,2019,8102,MALUKU,MALUKU TENGGARA,0
5846,2020,8102,MALUKU,MALUKU TENGGARA,0
5847,2021,8102,MALUKU,MALUKU TENGGARA,0
5848,2022,8102,MALUKU,MALUKU TENGGARA,0
5849,2023,8102,MALUKU,MALUKU TENGGARA,0
5850,2024,8102,MALUKU,MALUKU TENGGARA,0
5851,2025,8102,MALUKU,MALUKU TENGGARA,0
5852,2004,8106,MALUKU,SERAM BAGIAN BARAT,0
5853,2005,8106,MALUKU,SERAM BAGIAN BARAT,0
5854,2006,8106,MALUKU,SERAM BAGIAN BARAT,0
5855,2007,8106,MALUKU,SERAM BAGIAN BARAT,0
5856,2008,8106,MALUKU,SERAM BAGIAN BARAT,0
5857,2009,8106,MALUKU,SERAM BAGIAN BARAT,0
5858,2010,8106,MALUKU,SERAM BAGIAN BARAT,0
5859,2011,8106,MALUKU,SERAM BAGIAN BARAT,0
5860,2012,8106,MALUKU,SERAM BAGIAN BARAT,0
5861,2013,8106,MALUKU,SERAM BAGIAN BARAT,0
5862,2014,8106,MALUKU,SERAM BAGIAN BARAT,0
5863,2015,8106,MALUKU,SERAM BAGIAN BARAT,0
5864,2016,8106,MALUKU,SERAM BAGIAN BARAT,0
5865,2017,8106,MALUKU,SERAM BAGIAN BARAT,0
5866,2018,8106,MALUKU,SERAM BAGIAN BARAT,0
5867,2019,8106,MALUKU,SERAM BAGIAN BARAT,1
5868,2020,8106,MALUKU,SERAM BAGIAN BARAT,1
5869,2021,8106,MALUKU,SERAM BAGIAN BARAT,1
5870,2022,8106,MALUKU,SERAM BAGIAN BARAT,1
5871,2023,8106,MALUKU,SERAM BAGIAN BARAT,1
5872,2024,8106,MALUKU,SERAM BAGIAN BARAT,1
5873,2025,8106,MALUKU,SERAM BAGIAN BARAT,1
5874,2004,8107,MALUKU,SERAM BAGIAN TIMUR,0
5875,2005,8107,MALUKU,SERAM BAGIAN TIMUR,0
5876,2006,8107,MALUKU,SERAM BAGIAN TIMUR,0
5877,2007,8107,MALUKU,SERAM BAGIAN TIMUR,0
5878,2008,8107,MALUKU,SERAM BAGIAN TIMUR,0
5879,2009,8107,MALUKU,SERAM BAGIAN TIMUR,0
5880,2010,8107,MALUKU,SERAM BAGIAN TIMUR,0
5881,2011,8107,MALUKU,SERAM BAGIAN TIMUR,0
5882,2012,8107,MALUKU,SERAM BAGIAN TIMUR,0
5883,2013,8107,MALUKU,SERAM BAGIAN TIMUR,0
5884,2014,8107,MALUKU,SERAM BAGIAN TIMUR,0
5885,2015,8107,MALUKU,SERAM BAGIAN TIMUR,0
5886,2016,8107,MALUKU,SERAM BAGIAN TIMUR,0
5887,2017,8107,MALUKU,SERAM BAGIAN TIMUR,0
5888,2018,8107,MALUKU,SERAM BAGIAN TIMUR,0
5889,2019,8107,MALUKU,SERAM BAGIAN TIMUR,0
5890,2020,8107,MALUKU,SERAM BAGIAN TIMUR,0
5891,2021,8107,MALUKU,SERAM BAGIAN TIMUR,0
5892,2022,8107,MALUKU,SERAM BAGIAN TIMUR,0
5893,2023,8107,MALUKU,SERAM BAGIAN TIMUR,0
5894,2024,8107,MALUKU,SERAM BAGIAN TIMUR,0
5895,2025,8107,MALUKU,SERAM BAGIAN TIMUR,0
5896,2004,8172,MALUKU,KOTA TUAL,0
5897,2005,8172,MALUKU,KOTA TUAL,0
5898,2006,8172,MALUKU,KOTA TUAL,0
5899,2007,8172,MALUKU,KOTA TUAL,0
5900,2008,8172,MALUKU,KOTA TUAL,0
5901,2009,8172,MALUKU,KOTA TUAL,0
5902,2010,8172,MALUKU,KOTA TUAL,0
5903,2011,8172,MALUKU,KOTA TUAL,0
5904,2012,8172,MALUKU,KOTA TUAL,0
5905,2013,8172,MALUKU,KOTA TUAL,0
5906,2014,8172,MALUKU,KOTA TUAL,0
5907,2015,8172,MALUKU,KOTA TUAL,0
5908,2016,8172,MALUKU,KOTA TUAL,0
5909,2017,8172,MALUKU,KOTA TUAL,0
5910,2018,8172,MALUKU,KOTA TUAL,0
5911,2019,8172,MALUKU,KOTA TUAL,1
5912,2020,8172,MALUKU,KOTA TUAL,1
5913,2021,8172,MALUKU,KOTA TUAL,1
5914,2022,8172,MALUKU,KOTA TUAL,1
5915,2023,8172,MALUKU,KOTA TUAL,1
5916,2024,8172,MALUKU,KOTA TUAL,1
5917,2025,8172,MALUKU,KOTA TUAL,1
5918,2004,8201,MALUKU UTARA,HALMAHERA BARAT,0
5919,2005,8201,MALUKU UTARA,HALMAHERA BARAT,0
5920,2006,8201,MALUKU UTARA,HALMAHERA BARAT,0
5921,2007,8201,MALUKU UTARA,HALMAHERA BARAT,0
5922,2008,8201,MALUKU UTARA,HALMAHERA BARAT,0
5923,2009,8201,MALUKU UTARA,HALMAHERA BARAT,0
5924,2010,8201,MALUKU UTARA,HALMAHERA BARAT,0
5925,2011,8201,MALUKU UTARA,HALMAHERA BARAT,0
5926,2012,8201,MALUKU UTARA,HALMAHERA BARAT,0
5927,2013,8201,MALUKU UTARA,HALMAHERA BARAT,0
5928,2014,8201,MALUKU UTARA,HALMAHERA BARAT,0
5929,2015,8201,MALUKU UTARA,HALMAHERA BARAT,0
5930,2016,8201,MALUKU UTARA,HALMAHERA BARAT,0
5931,2017,8201,MALUKU UTARA,HALMAHERA BARAT,0
5932,2018,8201,MALUKU UTARA,HALMAHERA BARAT,0
5933,2019,8201,MALUKU UTARA,HALMAHERA BARAT,0
5934,2020,8201,MALUKU UTARA,HALMAHERA BARAT,0
5935,2021,8201,MALUKU UTARA,HALMAHERA BARAT,0
5936,2022,8201,MALUKU UTARA,HALMAHERA BARAT,0
5937,2023,8201,MALUKU UTARA,HALMAHERA BARAT,0
5938,2024,8201,MALUKU UTARA,HALMAHERA BARAT,0
5939,2025,8201,MALUKU UTARA,HALMAHERA BARAT,0
5940,2004,8204,MALUKU UTARA,HALMAHERA SELATAN,0
5941,2005,8204,MALUKU UTARA,HALMAHERA SELATAN,0
5942,2006,8204,MALUKU UTARA,HALMAHERA SELATAN,0
5943,2007,8204,MALUKU UTARA,HALMAHERA SELATAN,0
5944,2008,8204,MALUKU UTARA,HALMAHERA SELATAN,0
5945,2009,8204,MALUKU UTARA,HALMAHERA SELATAN,0
5946,2010,8204,MALUKU UTARA,HALMAHERA SELATAN,0
5947,2011,8204,MALUKU UTARA,HALMAHERA SELATAN,0
5948,2012,8204,MALUKU UTARA,HALMAHERA SELATAN,0
5949,2013,8204,MALUKU UTARA,HALMAHERA SELATAN,0
5950,2014,8204,MALUKU UTARA,HALMAHERA SELATAN,0
5951,2015,8204,MALUKU UTARA,HALMAHERA SELATAN,0
5952,2016,8204,MALUKU UTARA,HALMAHERA SELATAN,0
5953,2017,8204,MALUKU UTARA,HALMAHERA SELATAN,0
5954,2018,8204,MALUKU UTARA,HALMAHERA SELATAN,0
5955,2019,8204,MALUKU UTARA,HALMAHERA SELATAN,0
5956,2020,8204,MALUKU UTARA,HALMAHERA SELATAN,0
5957,2021,8204,MALUKU UTARA,HALMAHERA SELATAN,0
5958,2022,8204,MALUKU UTARA,HALMAHERA SELATAN,0
5959,2023,8204,MALUKU UTARA,HALMAHERA SELATAN,0
5960,2024,8204,MALUKU UTARA,HALMAHERA SELATAN,0
5961,2025,8204,MALUKU UTARA,HALMAHERA SELATAN,0
5962,2004,8202,MALUKU UTARA,HALMAHERA TENGAH,0
5963,2005,8202,MALUKU UTARA,HALMAHERA TENGAH,0
5964,2006,8202,MALUKU UTARA,HALMAHERA TENGAH,0
5965,2007,8202,MALUKU UTARA,HALMAHERA TENGAH,0
5966,2008,8202,MALUKU UTARA,HALMAHERA TENGAH,0
5967,2009,8202,MALUKU UTARA,HALMAHERA TENGAH,0
5968,2010,8202,MALUKU UTARA,HALMAHERA TENGAH,0
5969,2011,8202,MALUKU UTARA,HALMAHERA TENGAH,0
5970,2012,8202,MALUKU UTARA,HALMAHERA TENGAH,0
5971,2013,8202,MALUKU UTARA,HALMAHERA TENGAH,0
5972,2014,8202,MALUKU UTARA,HALMAHERA TENGAH,0
5973,2015,8202,MALUKU UTARA,HALMAHERA TENGAH,0
5974,2016,8202,MALUKU UTARA,HALMAHERA TENGAH,0
5975,2017,8202,MALUKU UTARA,HALMAHERA TENGAH,0
5976,2018,8202,MALUKU UTARA,HALMAHERA TENGAH,0
5977,2019,8202,MALUKU UTARA,HALMAHERA TENGAH,0
5978,2020,8202,MALUKU UTARA,HALMAHERA TENGAH,0
5979,2021,8202,MALUKU UTARA,HALMAHERA TENGAH,0
5980,2022,8202,MALUKU UTARA,HALMAHERA TENGAH,0
5981,2023,8202,MALUKU UTARA,HALMAHERA TENGAH,0
5982,2024,8202,MALUKU UTARA,HALMAHERA TENGAH,0
5983,2025,8202,MALUKU UTARA,HALMAHERA TENGAH,0
5984,2004,8206,MALUKU UTARA,HALMAHERA TIMUR,0
5985,2005,8206,MALUKU UTARA,HALMAHERA TIMUR,0
5986,2006,8206,MALUKU UTARA,HALMAHERA TIMUR,0
5987,2007,8206,MALUKU UTARA,HALMAHERA TIMUR,0
5988,2008,8206,MALUKU UTARA,HALMAHERA TIMUR,0
5989,2009,8206,MALUKU UTARA,HALMAHERA TIMUR,0
5990,2010,8206,MALUKU UTARA,HALMAHERA TIMUR,0
5991,2011,8206,MALUKU UTARA,HALMAHERA TIMUR,0
5992,2012,8206,MALUKU UTARA,HALMAHERA TIMUR,0
5993,2013,8206,MALUKU UTARA,HALMAHERA TIMUR,0
5994,2014,8206,MALUKU UTARA,HALMAHERA TIMUR,0
5995,2015,8206,MALUKU UTARA,HALMAHERA TIMUR,0
5996,2016,8206,MALUKU UTARA,HALMAHERA TIMUR,0
5997,2017,8206,MALUKU UTARA,HALMAHERA TIMUR,0
5998,2018,8206,MALUKU UTARA,HALMAHERA TIMUR,0
5999,2019,8206,MALUKU UTARA,HALMAHERA TIMUR,0
6000,2020,8206,MALUKU UTARA,HALMAHERA TIMUR,0
6001,2021,8206,MALUKU UTARA,HALMAHERA TIMUR,0
6002,2022,8206,MALUKU UTARA,HALMAHERA TIMUR,1
6003,2023,8206,MALUKU UTARA,HALMAHERA TIMUR,1
6004,2024,8206,MALUKU UTARA,HALMAHERA TIMUR,1
6005,2025,8206,MALUKU UTARA,HALMAHERA TIMUR,1
6006,2004,8205,MALUKU UTARA,HALMAHERA UTARA,0
6007,2005,8205,MALUKU UTARA,HALMAHERA UTARA,0
6008,2006,8205,MALUKU UTARA,HALMAHERA UTARA,0
6009,2007,8205,MALUKU UTARA,HALMAHERA UTARA,0
6010,2008,8205,MALUKU UTARA,HALMAHERA UTARA,0
6011,2009,8205,MALUKU UTARA,HALMAHERA UTARA,0
6012,2010,8205,MALUKU UTARA,HALMAHERA UTARA,0
6013,2011,8205,MALUKU UTARA,HALMAHERA UTARA,0
6014,2012,8205,MALUKU UTARA,HALMAHERA UTARA,0
6015,2013,8205,MALUKU UTARA,HALMAHERA UTARA,0
6016,2014,8205,MALUKU UTARA,HALMAHERA UTARA,0
6017,2015,8205,MALUKU UTARA,HALMAHERA UTARA,0
6018,2016,8205,MALUKU UTARA,HALMAHERA UTARA,0
6019,2017,8205,MALUKU UTARA,HALMAHERA UTARA,0
6020,2018,8205,MALUKU UTARA,HALMAHERA UTARA,0
6021,2019,8205,MALUKU UTARA,HALMAHERA UTARA,0
6022,2020,8205,MALUKU UTARA,HALMAHERA UTARA,0
6023,2021,8205,MALUKU UTARA,HALMAHERA UTARA,0
6024,2022,8205,MALUKU UTARA,HALMAHERA UTARA,0
6025,2023,8205,MALUKU UTARA,HALMAHERA UTARA,0
6026,2024,8205,MALUKU UTARA,HALMAHERA UTARA,0
6027,2025,8205,MALUKU UTARA,HALMAHERA UTARA,0
6028,2004,8203,MALUKU UTARA,KEPULAUAN SULA,0
6029,2005,8203,MALUKU UTARA,KEPULAUAN SULA,0
6030,2006,8203,MALUKU UTARA,KEPULAUAN SULA,0
6031,2007,8203,MALUKU UTARA,KEPULAUAN SULA,0
6032,2008,8203,MALUKU UTARA,KEPULAUAN SULA,0
6033,2009,8203,MALUKU UTARA,KEPULAUAN SULA,0
6034,2010,8203,MALUKU UTARA,KEPULAUAN SULA,0
6035,2011,8203,MALUKU UTARA,KEPULAUAN SULA,0
6036,2012,8203,MALUKU UTARA,KEPULAUAN SULA,0
6037,2013,8203,MALUKU UTARA,KEPULAUAN SULA,0
6038,2014,8203,MALUKU UTARA,KEPULAUAN SULA,0
6039,2015,8203,MALUKU UTARA,KEPULAUAN SULA,0
6040,2016,8203,MALUKU UTARA,KEPULAUAN SULA,0
6041,2017,8203,MALUKU UTARA,KEPULAUAN SULA,0
6042,2018,8203,MALUKU UTARA,KEPULAUAN SULA,0
6043,2019,8203,MALUKU UTARA,KEPULAUAN SULA,0
6044,2020,8203,MALUKU UTARA,KEPULAUAN SULA,0
6045,2021,8203,MALUKU UTARA,KEPULAUAN SULA,0
6046,2022,8203,MALUKU UTARA,KEPULAUAN SULA,0
6047,2023,8203,MALUKU UTARA,KEPULAUAN SULA,0
6048,2024,8203,MALUKU UTARA,KEPULAUAN SULA,0
6049,2025,8203,MALUKU UTARA,KEPULAUAN SULA,0
6050,2004,8207,MALUKU UTARA,PULAU MOROTAI,0
6051,2005,8207,MALUKU UTARA,PULAU MOROTAI,0
6052,2006,8207,MALUKU UTARA,PULAU MOROTAI,0
6053,2007,8207,MALUKU UTARA,PULAU MOROTAI,0
6054,2008,8207,MALUKU UTARA,PULAU MOROTAI,0
6055,2009,8207,MALUKU UTARA,PULAU MOROTAI,0
6056,2010,8207,MALUKU UTARA,PULAU MOROTAI,0
6057,2011,8207,MALUKU UTARA,PULAU MOROTAI,0
6058,2012,8207,MALUKU UTARA,PULAU MOROTAI,0
6059,2013,8207,MALUKU UTARA,PULAU MOROTAI,0
6060,2014,8207,MALUKU UTARA,PULAU MOROTAI,0
6061,2015,8207,MALUKU UTARA,PULAU MOROTAI,0
6062,2016,8207,MALUKU UTARA,PULAU MOROTAI,0
6063,2017,8207,MALUKU UTARA,PULAU MOROTAI,0
6064,2018,8207,MALUKU UTARA,PULAU MOROTAI,0
6065,2019,8207,MALUKU UTARA,PULAU MOROTAI,0
6066,2020,8207,MALUKU UTARA,PULAU MOROTAI,0
6067,2021,8207,MALUKU UTARA,PULAU MOROTAI,0
6068,2022,8207,MALUKU UTARA,PULAU MOROTAI,0
6069,2023,8207,MALUKU UTARA,PULAU MOROTAI,0
6070,2024,8207,MALUKU UTARA,PULAU MOROTAI,0
6071,2025,8207,MALUKU UTARA,PULAU MOROTAI,0
6072,2004,8208,MALUKU UTARA,PULAU TALIABU,0
6073,2005,8208,MALUKU UTARA,PULAU TALIABU,0
6074,2006,8208,MALUKU UTARA,PULAU TALIABU,0
6075,2007,8208,MALUKU UTARA,PULAU TALIABU,0
6076,2008,8208,MALUKU UTARA,PULAU TALIABU,0
6077,2009,8208,MALUKU UTARA,PULAU TALIABU,0
6078,2010,8208,MALUKU UTARA,PULAU TALIABU,0
6079,2011,8208,MALUKU UTARA,PULAU TALIABU,0
6080,2012,8208,MALUKU UTARA,PULAU TALIABU,0
6081,2013,8208,MALUKU UTARA,PULAU TALIABU,0
6082,2014,8208,MALUKU UTARA,PULAU TALIABU,0
6083,2015,8208,MALUKU UTARA,PULAU TALIABU,0
6084,2016,8208,MALUKU UTARA,PULAU TALIABU,0
6085,2017,8208,MALUKU UTARA,PULAU TALIABU,0
6086,2018,8208,MALUKU UTARA,PULAU TALIABU,0
6087,2019,8208,MALUKU UTARA,PULAU TALIABU,0
6088,2020,8208,MALUKU UTARA,PULAU TALIABU,0
6089,2021,8208,MALUKU UTARA,PULAU TALIABU,0
6090,2022,8208,MALUKU UTARA,PULAU TALIABU,0
6091,2023,8208,MALUKU UTARA,PULAU TALIABU,0
6092,2024,8208,MALUKU UTARA,PULAU TALIABU,0
6093,2025,8208,MALUKU UTARA,PULAU TALIABU,0
6094,2004,8271,MALUKU UTARA,KOTA TERNATE,0
6095,2005,8271,MALUKU UTARA,KOTA TERNATE,0
6096,2006,8271,MALUKU UTARA,KOTA TERNATE,0
6097,2007,8271,MALUKU UTARA,KOTA TERNATE,0
6098,2008,8271,MALUKU UTARA,KOTA TERNATE,0
6099,2009,8271,MALUKU UTARA,KOTA TERNATE,0
6100,2010,8271,MALUKU UTARA,KOTA TERNATE,0
6101,2011,8271,MALUKU UTARA,KOTA TERNATE,0
6102,2012,8271,MALUKU UTARA,KOTA TERNATE,0
6103,2013,8271,MALUKU UTARA,KOTA TERNATE,1
6104,2014,8271,MALUKU UTARA,KOTA TERNATE,1
6105,2015,8271,MALUKU UTARA,KOTA TERNATE,1
6106,2016,8271,MALUKU UTARA,KOTA TERNATE,1
6107,2017,8271,MALUKU UTARA,KOTA TERNATE,1
6108,2018,8271,MALUKU UTARA,KOTA TERNATE,1
6109,2019,8271,MALUKU UTARA,KOTA TERNATE,1
6110,2020,8271,MALUKU UTARA,KOTA TERNATE,1
6111,2021,8271,MALUKU UTARA,KOTA TERNATE,1
6112,2022,8271,MALUKU UTARA,KOTA TERNATE,1
6113,2023,8271,MALUKU UTARA,KOTA TERNATE,1
6114,2024,8271,MALUKU UTARA,KOTA TERNATE,1
6115,2025,8271,MALUKU UTARA,KOTA TERNATE,1
6116,2004,8272,MALUKU UTARA,KOTA TIDORE KEPULAUAN,0
6117,2005,8272,MALUKU UTARA,KOTA TIDORE KEPULAUAN,0
6118,2006,8272,MALUKU UTARA,KOTA TIDORE KEPULAUAN,0
6119,2007,8272,MALUKU UTARA,KOTA TIDORE KEPULAUAN,0
6120,2008,8272,MALUKU UTARA,KOTA TIDORE KEPULAUAN,0
6121,2009,8272,MALUKU UTARA,KOTA TIDORE KEPULAUAN,0
6122,2010,8272,MALUKU UTARA,KOTA TIDORE KEPULAUAN,0
6123,2011,8272,MALUKU UTARA,KOTA TIDORE KEPULAUAN,0
6124,2012,8272,MALUKU UTARA,KOTA TIDORE KEPULAUAN,0
6125,2013,8272,MALUKU UTARA,KOTA TIDORE KEPULAUAN,0
6126,2014,8272,MALUKU UTARA,KOTA TIDORE KEPULAUAN,0
6127,2015,8272,MALUKU UTARA,KOTA TIDORE KEPULAUAN,0
6128,2016,8272,MALUKU UTARA,KOTA TIDORE KEPULAUAN,0
6129,2017,8272,MALUKU UTARA,KOTA TIDORE KEPULAUAN,0
6130,2018,8272,MALUKU UTARA,KOTA TIDORE KEPULAUAN,0
6131,2019,8272,MALUKU UTARA,KOTA TIDORE KEPULAUAN,0
6132,2020,8272,MALUKU UTARA,KOTA TIDORE KEPULAUAN,0
6133,2021,8272,MALUKU UTARA,KOTA TIDORE KEPULAUAN,0
6134,2022,8272,MALUKU UTARA,KOTA TIDORE KEPULAUAN,0
6135,2023,8272,MALUKU UTARA,KOTA TIDORE KEPULAUAN,0
6136,2024,8272,MALUKU UTARA,KOTA TIDORE KEPULAUAN,0
6137,2025,8272,MALUKU UTARA,KOTA TIDORE KEPULAUAN,0
6138,2004,5206,NUSA TENGGARA BARAT,BIMA,0
6139,2005,5206,NUSA TENGGARA BARAT,BIMA,0
6140,2006,5206,NUSA TENGGARA BARAT,BIMA,0
6141,2007,5206,NUSA TENGGARA BARAT,BIMA,0
6142,2008,5206,NUSA TENGGARA BARAT,BIMA,0
6143,2009,5206,NUSA TENGGARA BARAT,BIMA,0
6144,2010,5206,NUSA TENGGARA BARAT,BIMA,0
6145,2011,5206,NUSA TENGGARA BARAT,BIMA,0
6146,2012,5206,NUSA TENGGARA BARAT,BIMA,0
6147,2013,5206,NUSA TENGGARA BARAT,BIMA,0
6148,2014,5206,NUSA TENGGARA BARAT,BIMA,0
6149,2015,5206,NUSA TENGGARA BARAT,BIMA,0
6150,2016,5206,NUSA TENGGARA BARAT,BIMA,0
6151,2017,5206,NUSA TENGGARA BARAT,BIMA,0
6152,2018,5206,NUSA TENGGARA BARAT,BIMA,0
6153,2019,5206,NUSA TENGGARA BARAT,BIMA,1
6154,2020,5206,NUSA TENGGARA BARAT,BIMA,1
6155,2021,5206,NUSA TENGGARA BARAT,BIMA,1
6156,2022,5206,NUSA TENGGARA BARAT,BIMA,1
6157,2023,5206,NUSA TENGGARA BARAT,BIMA,1
6158,2024,5206,NUSA TENGGARA BARAT,BIMA,1
6159,2025,5206,NUSA TENGGARA BARAT,BIMA,1
6160,2004,5272,NUSA TENGGARA BARAT,KOTA BIMA,0
6161,2005,5272,NUSA TENGGARA BARAT,KOTA BIMA,0
6162,2006,5272,NUSA TENGGARA BARAT,KOTA BIMA,0
6163,2007,5272,NUSA TENGGARA BARAT,KOTA BIMA,0
6164,2008,5272,NUSA TENGGARA BARAT,KOTA BIMA,0
6165,2009,5272,NUSA TENGGARA BARAT,KOTA BIMA,0
6166,2010,5272,NUSA TENGGARA BARAT,KOTA BIMA,0
6167,2011,5272,NUSA TENGGARA BARAT,KOTA BIMA,0
6168,2012,5272,NUSA TENGGARA BARAT,KOTA BIMA,0
6169,2013,5272,NUSA TENGGARA BARAT,KOTA BIMA,0
6170,2014,5272,NUSA TENGGARA BARAT,KOTA BIMA,0
6171,2015,5272,NUSA TENGGARA BARAT,KOTA BIMA,0
6172,2016,5272,NUSA TENGGARA BARAT,KOTA BIMA,0
6173,2017,5272,NUSA TENGGARA BARAT,KOTA BIMA,0
6174,2018,5272,NUSA TENGGARA BARAT,KOTA BIMA,1
6175,2019,5272,NUSA TENGGARA BARAT,KOTA BIMA,1
6176,2020,5272,NUSA TENGGARA BARAT,KOTA BIMA,1
6177,2021,5272,NUSA TENGGARA BARAT,KOTA BIMA,1
6178,2022,5272,NUSA TENGGARA BARAT,KOTA BIMA,1
6179,2023,5272,NUSA TENGGARA BARAT,KOTA BIMA,1
6180,2024,5272,NUSA TENGGARA BARAT,KOTA BIMA,1
6181,2025,5272,NUSA TENGGARA BARAT,KOTA BIMA,1
6182,2004,5205,NUSA TENGGARA BARAT,DOMPU,0
6183,2005,5205,NUSA TENGGARA BARAT,DOMPU,0
6184,2006,5205,NUSA TENGGARA BARAT,DOMPU,0
6185,2007,5205,NUSA TENGGARA BARAT,DOMPU,0
6186,2008,5205,NUSA TENGGARA BARAT,DOMPU,0
6187,2009,5205,NUSA TENGGARA BARAT,DOMPU,0
6188,2010,5205,NUSA TENGGARA BARAT,DOMPU,0
6189,2011,5205,NUSA TENGGARA BARAT,DOMPU,0
6190,2012,5205,NUSA TENGGARA BARAT,DOMPU,0
6191,2013,5205,NUSA TENGGARA BARAT,DOMPU,0
6192,2014,5205,NUSA TENGGARA BARAT,DOMPU,0
6193,2015,5205,NUSA TENGGARA BARAT,DOMPU,0
6194,2016,5205,NUSA TENGGARA BARAT,DOMPU,0
6195,2017,5205,NUSA TENGGARA BARAT,DOMPU,0
6196,2018,5205,NUSA TENGGARA BARAT,DOMPU,0
6197,2019,5205,NUSA TENGGARA BARAT,DOMPU,0
6198,2020,5205,NUSA TENGGARA BARAT,DOMPU,0
6199,2021,5205,NUSA TENGGARA BARAT,DOMPU,0
6200,2022,5205,NUSA TENGGARA BARAT,DOMPU,0
6201,2023,5205,NUSA TENGGARA BARAT,DOMPU,0
6202,2024,5205,NUSA TENGGARA BARAT,DOMPU,1
6203,2025,5205,NUSA TENGGARA BARAT,DOMPU,1
6204,2004,5201,NUSA TENGGARA BARAT,LOMBOK BARAT,0
6205,2005,5201,NUSA TENGGARA BARAT,LOMBOK BARAT,0
6206,2006,5201,NUSA TENGGARA BARAT,LOMBOK BARAT,0
6207,2007,5201,NUSA TENGGARA BARAT,LOMBOK BARAT,0
6208,2008,5201,NUSA TENGGARA BARAT,LOMBOK BARAT,0
6209,2009,5201,NUSA TENGGARA BARAT,LOMBOK BARAT,0
6210,2010,5201,NUSA TENGGARA BARAT,LOMBOK BARAT,0
6211,2011,5201,NUSA TENGGARA BARAT,LOMBOK BARAT,0
6212,2012,5201,NUSA TENGGARA BARAT,LOMBOK BARAT,0
6213,2013,5201,NUSA TENGGARA BARAT,LOMBOK BARAT,0
6214,2014,5201,NUSA TENGGARA BARAT,LOMBOK BARAT,0
6215,2015,5201,NUSA TENGGARA BARAT,LOMBOK BARAT,0
6216,2016,5201,NUSA TENGGARA BARAT,LOMBOK BARAT,0
6217,2017,5201,NUSA TENGGARA BARAT,LOMBOK BARAT,0
6218,2018,5201,NUSA TENGGARA BARAT,LOMBOK BARAT,0
6219,2019,5201,NUSA TENGGARA BARAT,LOMBOK BARAT,0
6220,2020,5201,NUSA TENGGARA BARAT,LOMBOK BARAT,0
6221,2021,5201,NUSA TENGGARA BARAT,LOMBOK BARAT,0
6222,2022,5201,NUSA TENGGARA BARAT,LOMBOK BARAT,0
6223,2023,5201,NUSA TENGGARA BARAT,LOMBOK BARAT,0
6224,2024,5201,NUSA TENGGARA BARAT,LOMBOK BARAT,0
6225,2025,5201,NUSA TENGGARA BARAT,LOMBOK BARAT,0
6226,2004,5202,NUSA TENGGARA BARAT,LOMBOK TENGAH,0
6227,2005,5202,NUSA TENGGARA BARAT,LOMBOK TENGAH,0
6228,2006,5202,NUSA TENGGARA BARAT,LOMBOK TENGAH,0
6229,2007,5202,NUSA TENGGARA BARAT,LOMBOK TENGAH,0
6230,2008,5202,NUSA TENGGARA BARAT,LOMBOK TENGAH,0
6231,2009,5202,NUSA TENGGARA BARAT,LOMBOK TENGAH,1
6232,2010,5202,NUSA TENGGARA BARAT,LOMBOK TENGAH,1
6233,2011,5202,NUSA TENGGARA BARAT,LOMBOK TENGAH,1
6234,2012,5202,NUSA TENGGARA BARAT,LOMBOK TENGAH,1
6235,2013,5202,NUSA TENGGARA BARAT,LOMBOK TENGAH,1
6236,2014,5202,NUSA TENGGARA BARAT,LOMBOK TENGAH,1
6237,2015,5202,NUSA TENGGARA BARAT,LOMBOK TENGAH,1
6238,2016,5202,NUSA TENGGARA BARAT,LOMBOK TENGAH,1
6239,2017,5202,NUSA TENGGARA BARAT,LOMBOK TENGAH,1
6240,2018,5202,NUSA TENGGARA BARAT,LOMBOK TENGAH,1
6241,2019,5202,NUSA TENGGARA BARAT,LOMBOK TENGAH,1
6242,2020,5202,NUSA TENGGARA BARAT,LOMBOK TENGAH,1
6243,2021,5202,NUSA TENGGARA BARAT,LOMBOK TENGAH,1
6244,2022,5202,NUSA TENGGARA BARAT,LOMBOK TENGAH,1
6245,2023,5202,NUSA TENGGARA BARAT,LOMBOK TENGAH,1
6246,2024,5202,NUSA TENGGARA BARAT,LOMBOK TENGAH,1
6247,2025,5202,NUSA TENGGARA BARAT,LOMBOK TENGAH,1
6248,2004,5203,NUSA TENGGARA BARAT,LOMBOK TIMUR,0
6249,2005,5203,NUSA TENGGARA BARAT,LOMBOK TIMUR,0
6250,2006,5203,NUSA TENGGARA BARAT,LOMBOK TIMUR,0
6251,2007,5203,NUSA TENGGARA BARAT,LOMBOK TIMUR,0
6252,2008,5203,NUSA TENGGARA BARAT,LOMBOK TIMUR,0
6253,2009,5203,NUSA TENGGARA BARAT,LOMBOK TIMUR,0
6254,2010,5203,NUSA TENGGARA BARAT,LOMBOK TIMUR,0
6255,2011,5203,NUSA TENGGARA BARAT,LOMBOK TIMUR,0
6256,2012,5203,NUSA TENGGARA BARAT,LOMBOK TIMUR,0
6257,2013,5203,NUSA TENGGARA BARAT,LOMBOK TIMUR,0
6258,2014,5203,NUSA TENGGARA BARAT,LOMBOK TIMUR,0
6259,2015,5203,NUSA TENGGARA BARAT,LOMBOK TIMUR,0
6260,2016,5203,NUSA TENGGARA BARAT,LOMBOK TIMUR,0
6261,2017,5203,NUSA TENGGARA BARAT,LOMBOK TIMUR,0
6262,2018,5203,NUSA TENGGARA BARAT,LOMBOK TIMUR,0
6263,2019,5203,NUSA TENGGARA BARAT,LOMBOK TIMUR,0
6264,2020,5203,NUSA TENGGARA BARAT,LOMBOK TIMUR,0
6265,2021,5203,NUSA TENGGARA BARAT,LOMBOK TIMUR,0
6266,2022,5203,NUSA TENGGARA BARAT,LOMBOK TIMUR,0
6267,2023,5203,NUSA TENGGARA BARAT,LOMBOK TIMUR,0
6268,2024,5203,NUSA TENGGARA BARAT,LOMBOK TIMUR,0
6269,2025,5203,NUSA TENGGARA BARAT,LOMBOK TIMUR,0
6270,2004,5208,NUSA TENGGARA BARAT,LOMBOK UTARA,0
6271,2005,5208,NUSA TENGGARA BARAT,LOMBOK UTARA,0
6272,2006,5208,NUSA TENGGARA BARAT,LOMBOK UTARA,0
6273,2007,5208,NUSA TENGGARA BARAT,LOMBOK UTARA,0
6274,2008,5208,NUSA TENGGARA BARAT,LOMBOK UTARA,0
6275,2009,5208,NUSA TENGGARA BARAT,LOMBOK UTARA,0
6276,2010,5208,NUSA TENGGARA BARAT,LOMBOK UTARA,0
6277,2011,5208,NUSA TENGGARA BARAT,LOMBOK UTARA,0
6278,2012,5208,NUSA TENGGARA BARAT,LOMBOK UTARA,0
6279,2013,5208,NUSA TENGGARA BARAT,LOMBOK UTARA,0
6280,2014,5208,NUSA TENGGARA BARAT,LOMBOK UTARA,0
6281,2015,5208,NUSA TENGGARA BARAT,LOMBOK UTARA,0
6282,2016,5208,NUSA TENGGARA BARAT,LOMBOK UTARA,0
6283,2017,5208,NUSA TENGGARA BARAT,LOMBOK UTARA,1
6284,2018,5208,NUSA TENGGARA BARAT,LOMBOK UTARA,1
6285,2019,5208,NUSA TENGGARA BARAT,LOMBOK UTARA,1
6286,2020,5208,NUSA TENGGARA BARAT,LOMBOK UTARA,1
6287,2021,5208,NUSA TENGGARA BARAT,LOMBOK UTARA,1
6288,2022,5208,NUSA TENGGARA BARAT,LOMBOK UTARA,1
6289,2023,5208,NUSA TENGGARA BARAT,LOMBOK UTARA,1
6290,2024,5208,NUSA TENGGARA BARAT,LOMBOK UTARA,1
6291,2025,5208,NUSA TENGGARA BARAT,LOMBOK UTARA,1
6292,2004,5271,NUSA TENGGARA BARAT,KOTA MATARAM,0
6293,2005,5271,NUSA TENGGARA BARAT,KOTA MATARAM,0
6294,2006,5271,NUSA TENGGARA BARAT,KOTA MATARAM,0
6295,2007,5271,NUSA TENGGARA BARAT,KOTA MATARAM,0
6296,2008,5271,NUSA TENGGARA BARAT,KOTA MATARAM,0
6297,2009,5271,NUSA TENGGARA BARAT,KOTA MATARAM,0
6298,2010,5271,NUSA TENGGARA BARAT,KOTA MATARAM,0
6299,2011,5271,NUSA TENGGARA BARAT,KOTA MATARAM,0
6300,2012,5271,NUSA TENGGARA BARAT,KOTA MATARAM,1
6301,2013,5271,NUSA TENGGARA BARAT,KOTA MATARAM,1
6302,2014,5271,NUSA TENGGARA BARAT,KOTA MATARAM,1
6303,2015,5271,NUSA TENGGARA BARAT,KOTA MATARAM,1
6304,2016,5271,NUSA TENGGARA BARAT,KOTA MATARAM,1
6305,2017,5271,NUSA TENGGARA BARAT,KOTA MATARAM,1
6306,2018,5271,NUSA TENGGARA BARAT,KOTA MATARAM,1
6307,2019,5271,NUSA TENGGARA BARAT,KOTA MATARAM,1
6308,2020,5271,NUSA TENGGARA BARAT,KOTA MATARAM,1
6309,2021,5271,NUSA TENGGARA BARAT,KOTA MATARAM,1
6310,2022,5271,NUSA TENGGARA BARAT,KOTA MATARAM,1
6311,2023,5271,NUSA TENGGARA BARAT,KOTA MATARAM,1
6312,2024,5271,NUSA TENGGARA BARAT,KOTA MATARAM,1
6313,2025,5271,NUSA TENGGARA BARAT,KOTA MATARAM,1
6314,2004,5204,NUSA TENGGARA BARAT,SUMBAWA,0
6315,2005,5204,NUSA TENGGARA BARAT,SUMBAWA,0
6316,2006,5204,NUSA TENGGARA BARAT,SUMBAWA,0
6317,2007,5204,NUSA TENGGARA BARAT,SUMBAWA,0
6318,2008,5204,NUSA TENGGARA BARAT,SUMBAWA,0
6319,2009,5204,NUSA TENGGARA BARAT,SUMBAWA,0
6320,2010,5204,NUSA TENGGARA BARAT,SUMBAWA,0
6321,2011,5204,NUSA TENGGARA BARAT,SUMBAWA,0
6322,2012,5204,NUSA TENGGARA BARAT,SUMBAWA,0
6323,2013,5204,NUSA TENGGARA BARAT,SUMBAWA,0
6324,2014,5204,NUSA TENGGARA BARAT,SUMBAWA,0
6325,2015,5204,NUSA TENGGARA BARAT,SUMBAWA,0
6326,2016,5204,NUSA TENGGARA BARAT,SUMBAWA,0
6327,2017,5204,NUSA TENGGARA BARAT,SUMBAWA,0
6328,2018,5204,NUSA TENGGARA BARAT,SUMBAWA,0
6329,2019,5204,NUSA TENGGARA BARAT,SUMBAWA,0
6330,2020,5204,NUSA TENGGARA BARAT,SUMBAWA,0
6331,2021,5204,NUSA TENGGARA BARAT,SUMBAWA,0
6332,2022,5204,NUSA TENGGARA BARAT,SUMBAWA,0
6333,2023,5204,NUSA TENGGARA BARAT,SUMBAWA,0
6334,2024,5204,NUSA TENGGARA BARAT,SUMBAWA,0
6335,2025,5204,NUSA TENGGARA BARAT,SUMBAWA,0
6336,2004,5207,NUSA TENGGARA BARAT,SUMBAWA BARAT,0
6337,2005,5207,NUSA TENGGARA BARAT,SUMBAWA BARAT,0
6338,2006,5207,NUSA TENGGARA BARAT,SUMBAWA BARAT,0
6339,2007,5207,NUSA TENGGARA BARAT,SUMBAWA BARAT,0
6340,2008,5207,NUSA TENGGARA BARAT,SUMBAWA BARAT,0
6341,2009,5207,NUSA TENGGARA BARAT,SUMBAWA BARAT,0
6342,2010,5207,NUSA TENGGARA BARAT,SUMBAWA BARAT,0
6343,2011,5207,NUSA TENGGARA BARAT,SUMBAWA BARAT,0
6344,2012,5207,NUSA TENGGARA BARAT,SUMBAWA BARAT,0
6345,2013,5207,NUSA TENGGARA BARAT,SUMBAWA BARAT,0
6346,2014,5207,NUSA TENGGARA BARAT,SUMBAWA BARAT,0
6347,2015,5207,NUSA TENGGARA BARAT,SUMBAWA BARAT,0
6348,2016,5207,NUSA TENGGARA BARAT,SUMBAWA BARAT,0
6349,2017,5207,NUSA TENGGARA BARAT,SUMBAWA BARAT,0
6350,2018,5207,NUSA TENGGARA BARAT,SUMBAWA BARAT,0
6351,2019,5207,NUSA TENGGARA BARAT,SUMBAWA BARAT,0
6352,2020,5207,NUSA TENGGARA BARAT,SUMBAWA BARAT,0
6353,2021,5207,NUSA TENGGARA BARAT,SUMBAWA BARAT,0
6354,2022,5207,NUSA TENGGARA BARAT,SUMBAWA BARAT,0
6355,2023,5207,NUSA TENGGARA BARAT,SUMBAWA BARAT,0
6356,2024,5207,NUSA TENGGARA BARAT,SUMBAWA BARAT,0
6357,2025,5207,NUSA TENGGARA BARAT,SUMBAWA BARAT,0
6358,2004,5307,NUSA TENGGARA TIMUR,ALOR,0
6359,2005,5307,NUSA TENGGARA TIMUR,ALOR,0
6360,2006,5307,NUSA TENGGARA TIMUR,ALOR,0
6361,2007,5307,NUSA TENGGARA TIMUR,ALOR,0
6362,2008,5307,NUSA TENGGARA TIMUR,ALOR,0
6363,2009,5307,NUSA TENGGARA TIMUR,ALOR,0
6364,2010,5307,NUSA TENGGARA TIMUR,ALOR,0
6365,2011,5307,NUSA TENGGARA TIMUR,ALOR,0
6366,2012,5307,NUSA TENGGARA TIMUR,ALOR,0
6367,2013,5307,NUSA TENGGARA TIMUR,ALOR,0
6368,2014,5307,NUSA TENGGARA TIMUR,ALOR,0
6369,2015,5307,NUSA TENGGARA TIMUR,ALOR,0
6370,2016,5307,NUSA TENGGARA TIMUR,ALOR,0
6371,2017,5307,NUSA TENGGARA TIMUR,ALOR,0
6372,2018,5307,NUSA TENGGARA TIMUR,ALOR,0
6373,2019,5307,NUSA TENGGARA TIMUR,ALOR,0
6374,2020,5307,NUSA TENGGARA TIMUR,ALOR,0
6375,2021,5307,NUSA TENGGARA TIMUR,ALOR,0
6376,2022,5307,NUSA TENGGARA TIMUR,ALOR,0
6377,2023,5307,NUSA TENGGARA TIMUR,ALOR,0
6378,2024,5307,NUSA TENGGARA TIMUR,ALOR,0
6379,2025,5307,NUSA TENGGARA TIMUR,ALOR,0
6380,2004,5306,NUSA TENGGARA TIMUR,BELU,0
6381,2005,5306,NUSA TENGGARA TIMUR,BELU,0
6382,2006,5306,NUSA TENGGARA TIMUR,BELU,0
6383,2007,5306,NUSA TENGGARA TIMUR,BELU,0
6384,2008,5306,NUSA TENGGARA TIMUR,BELU,0
6385,2009,5306,NUSA TENGGARA TIMUR,BELU,0
6386,2010,5306,NUSA TENGGARA TIMUR,BELU,0
6387,2011,5306,NUSA TENGGARA TIMUR,BELU,0
6388,2012,5306,NUSA TENGGARA TIMUR,BELU,0
6389,2013,5306,NUSA TENGGARA TIMUR,BELU,0
6390,2014,5306,NUSA TENGGARA TIMUR,BELU,0
6391,2015,5306,NUSA TENGGARA TIMUR,BELU,0
6392,2016,5306,NUSA TENGGARA TIMUR,BELU,0
6393,2017,5306,NUSA TENGGARA TIMUR,BELU,0
6394,2018,5306,NUSA TENGGARA TIMUR,BELU,0
6395,2019,5306,NUSA TENGGARA TIMUR,BELU,0
6396,2020,5306,NUSA TENGGARA TIMUR,BELU,0
6397,2021,5306,NUSA TENGGARA TIMUR,BELU,0
6398,2022,5306,NUSA TENGGARA TIMUR,BELU,0
6399,2023,5306,NUSA TENGGARA TIMUR,BELU,0
6400,2024,5306,NUSA TENGGARA TIMUR,BELU,0
6401,2025,5306,NUSA TENGGARA TIMUR,BELU,0
6402,2004,5311,NUSA TENGGARA TIMUR,ENDE,0
6403,2005,5311,NUSA TENGGARA TIMUR,ENDE,0
6404,2006,5311,NUSA TENGGARA TIMUR,ENDE,0
6405,2007,5311,NUSA TENGGARA TIMUR,ENDE,0
6406,2008,5311,NUSA TENGGARA TIMUR,ENDE,0
6407,2009,5311,NUSA TENGGARA TIMUR,ENDE,0
6408,2010,5311,NUSA TENGGARA TIMUR,ENDE,0
6409,2011,5311,NUSA TENGGARA TIMUR,ENDE,0
6410,2012,5311,NUSA TENGGARA TIMUR,ENDE,0
6411,2013,5311,NUSA TENGGARA TIMUR,ENDE,0
6412,2014,5311,NUSA TENGGARA TIMUR,ENDE,0
6413,2015,5311,NUSA TENGGARA TIMUR,ENDE,0
6414,2016,5311,NUSA TENGGARA TIMUR,ENDE,0
6415,2017,5311,NUSA TENGGARA TIMUR,ENDE,0
6416,2018,5311,NUSA TENGGARA TIMUR,ENDE,0
6417,2019,5311,NUSA TENGGARA TIMUR,ENDE,0
6418,2020,5311,NUSA TENGGARA TIMUR,ENDE,0
6419,2021,5311,NUSA TENGGARA TIMUR,ENDE,0
6420,2022,5311,NUSA TENGGARA TIMUR,ENDE,0
6421,2023,5311,NUSA TENGGARA TIMUR,ENDE,0
6422,2024,5311,NUSA TENGGARA TIMUR,ENDE,0
6423,2025,5311,NUSA TENGGARA TIMUR,ENDE,0
6424,2004,5309,NUSA TENGGARA TIMUR,FLORES TIMUR,0
6425,2005,5309,NUSA TENGGARA TIMUR,FLORES TIMUR,0
6426,2006,5309,NUSA TENGGARA TIMUR,FLORES TIMUR,0
6427,2007,5309,NUSA TENGGARA TIMUR,FLORES TIMUR,0
6428,2008,5309,NUSA TENGGARA TIMUR,FLORES TIMUR,0
6429,2009,5309,NUSA TENGGARA TIMUR,FLORES TIMUR,0
6430,2010,5309,NUSA TENGGARA TIMUR,FLORES TIMUR,0
6431,2011,5309,NUSA TENGGARA TIMUR,FLORES TIMUR,0
6432,2012,5309,NUSA TENGGARA TIMUR,FLORES TIMUR,0
6433,2013,5309,NUSA TENGGARA TIMUR,FLORES TIMUR,0
6434,2014,5309,NUSA TENGGARA TIMUR,FLORES TIMUR,0
6435,2015,5309,NUSA TENGGARA TIMUR,FLORES TIMUR,0
6436,2016,5309,NUSA TENGGARA TIMUR,FLORES TIMUR,0
6437,2017,5309,NUSA TENGGARA TIMUR,FLORES TIMUR,0
6438,2018,5309,NUSA TENGGARA TIMUR,FLORES TIMUR,0
6439,2019,5309,NUSA TENGGARA TIMUR,FLORES TIMUR,0
6440,2020,5309,NUSA TENGGARA TIMUR,FLORES TIMUR,0
6441,2021,5309,NUSA TENGGARA TIMUR,FLORES TIMUR,0
6442,2022,5309,NUSA TENGGARA TIMUR,FLORES TIMUR,0
6443,2023,5309,NUSA TENGGARA TIMUR,FLORES TIMUR,0
6444,2024,5309,NUSA TENGGARA TIMUR,FLORES TIMUR,0
6445,2025,5309,NUSA TENGGARA TIMUR,FLORES TIMUR,0
6446,2004,5303,NUSA TENGGARA TIMUR,KUPANG,0
6447,2005,5303,NUSA TENGGARA TIMUR,KUPANG,0
6448,2006,5303,NUSA TENGGARA TIMUR,KUPANG,0
6449,2007,5303,NUSA TENGGARA TIMUR,KUPANG,0
6450,2008,5303,NUSA TENGGARA TIMUR,KUPANG,0
6451,2009,5303,NUSA TENGGARA TIMUR,KUPANG,0
6452,2010,5303,NUSA TENGGARA TIMUR,KUPANG,0
6453,2011,5303,NUSA TENGGARA TIMUR,KUPANG,0
6454,2012,5303,NUSA TENGGARA TIMUR,KUPANG,0
6455,2013,5303,NUSA TENGGARA TIMUR,KUPANG,0
6456,2014,5303,NUSA TENGGARA TIMUR,KUPANG,0
6457,2015,5303,NUSA TENGGARA TIMUR,KUPANG,0
6458,2016,5303,NUSA TENGGARA TIMUR,KUPANG,0
6459,2017,5303,NUSA TENGGARA TIMUR,KUPANG,0
6460,2018,5303,NUSA TENGGARA TIMUR,KUPANG,0
6461,2019,5303,NUSA TENGGARA TIMUR,KUPANG,0
6462,2020,5303,NUSA TENGGARA TIMUR,KUPANG,0
6463,2021,5303,NUSA TENGGARA TIMUR,KUPANG,0
6464,2022,5303,NUSA TENGGARA TIMUR,KUPANG,0
6465,2023,5303,NUSA TENGGARA TIMUR,KUPANG,0
6466,2024,5303,NUSA TENGGARA TIMUR,KUPANG,0
6467,2025,5303,NUSA TENGGARA TIMUR,KUPANG,0
6468,2004,5371,NUSA TENGGARA TIMUR,KOTA KUPANG,0
6469,2005,5371,NUSA TENGGARA TIMUR,KOTA KUPANG,0
6470,2006,5371,NUSA TENGGARA TIMUR,KOTA KUPANG,0
6471,2007,5371,NUSA TENGGARA TIMUR,KOTA KUPANG,0
6472,2008,5371,NUSA TENGGARA TIMUR,KOTA KUPANG,0
6473,2009,5371,NUSA TENGGARA TIMUR,KOTA KUPANG,0
6474,2010,5371,NUSA TENGGARA TIMUR,KOTA KUPANG,0
6475,2011,5371,NUSA TENGGARA TIMUR,KOTA KUPANG,0
6476,2012,5371,NUSA TENGGARA TIMUR,KOTA KUPANG,0
6477,2013,5371,NUSA TENGGARA TIMUR,KOTA KUPANG,0
6478,2014,5371,NUSA TENGGARA TIMUR,KOTA KUPANG,0
6479,2015,5371,NUSA TENGGARA TIMUR,KOTA KUPANG,0
6480,2016,5371,NUSA TENGGARA TIMUR,KOTA KUPANG,0
6481,2017,5371,NUSA TENGGARA TIMUR,KOTA KUPANG,0
6482,2018,5371,NUSA TENGGARA TIMUR,KOTA KUPANG,0
6483,2019,5371,NUSA TENGGARA TIMUR,KOTA KUPANG,0
6484,2020,5371,NUSA TENGGARA TIMUR,KOTA KUPANG,0
6485,2021,5371,NUSA TENGGARA TIMUR,KOTA KUPANG,0
6486,2022,5371,NUSA TENGGARA TIMUR,KOTA KUPANG,0
6487,2023,5371,NUSA TENGGARA TIMUR,KOTA KUPANG,0
6488,2024,5371,NUSA TENGGARA TIMUR,KOTA KUPANG,0
6489,2025,5371,NUSA TENGGARA TIMUR,KOTA KUPANG,0
6490,2004,5308,NUSA TENGGARA TIMUR,LEMBATA,0
6491,2005,5308,NUSA TENGGARA TIMUR,LEMBATA,0
6492,2006,5308,NUSA TENGGARA TIMUR,LEMBATA,0
6493,2007,5308,NUSA TENGGARA TIMUR,LEMBATA,0
6494,2008,5308,NUSA TENGGARA TIMUR,LEMBATA,0
6495,2009,5308,NUSA TENGGARA TIMUR,LEMBATA,0
6496,2010,5308,NUSA TENGGARA TIMUR,LEMBATA,0
6497,2011,5308,NUSA TENGGARA TIMUR,LEMBATA,0
6498,2012,5308,NUSA TENGGARA TIMUR,LEMBATA,0
6499,2013,5308,NUSA TENGGARA TIMUR,LEMBATA,0
6500,2014,5308,NUSA TENGGARA TIMUR,LEMBATA,0
6501,2015,5308,NUSA TENGGARA TIMUR,LEMBATA,0
6502,2016,5308,NUSA TENGGARA TIMUR,LEMBATA,0
6503,2017,5308,NUSA TENGGARA TIMUR,LEMBATA,0
6504,2018,5308,NUSA TENGGARA TIMUR,LEMBATA,0
6505,2019,5308,NUSA TENGGARA TIMUR,LEMBATA,0
6506,2020,5308,NUSA TENGGARA TIMUR,LEMBATA,0
6507,2021,5308,NUSA TENGGARA TIMUR,LEMBATA,0
6508,2022,5308,NUSA TENGGARA TIMUR,LEMBATA,0
6509,2023,5308,NUSA TENGGARA TIMUR,LEMBATA,0
6510,2024,5308,NUSA TENGGARA TIMUR,LEMBATA,0
6511,2025,5308,NUSA TENGGARA TIMUR,LEMBATA,0
6512,2004,5321,NUSA TENGGARA TIMUR,MALAKA,0
6513,2005,5321,NUSA TENGGARA TIMUR,MALAKA,0
6514,2006,5321,NUSA TENGGARA TIMUR,MALAKA,0
6515,2007,5321,NUSA TENGGARA TIMUR,MALAKA,0
6516,2008,5321,NUSA TENGGARA TIMUR,MALAKA,0
6517,2009,5321,NUSA TENGGARA TIMUR,MALAKA,0
6518,2010,5321,NUSA TENGGARA TIMUR,MALAKA,0
6519,2011,5321,NUSA TENGGARA TIMUR,MALAKA,0
6520,2012,5321,NUSA TENGGARA TIMUR,MALAKA,0
6521,2013,5321,NUSA TENGGARA TIMUR,MALAKA,0
6522,2014,5321,NUSA TENGGARA TIMUR,MALAKA,0
6523,2015,5321,NUSA TENGGARA TIMUR,MALAKA,0
6524,2016,5321,NUSA TENGGARA TIMUR,MALAKA,0
6525,2017,5321,NUSA TENGGARA TIMUR,MALAKA,0
6526,2018,5321,NUSA TENGGARA TIMUR,MALAKA,0
6527,2019,5321,NUSA TENGGARA TIMUR,MALAKA,0
6528,2020,5321,NUSA TENGGARA TIMUR,MALAKA,0
6529,2021,5321,NUSA TENGGARA TIMUR,MALAKA,0
6530,2022,5321,NUSA TENGGARA TIMUR,MALAKA,0
6531,2023,5321,NUSA TENGGARA TIMUR,MALAKA,0
6532,2024,5321,NUSA TENGGARA TIMUR,MALAKA,0
6533,2025,5321,NUSA TENGGARA TIMUR,MALAKA,0
6534,2004,5313,NUSA TENGGARA TIMUR,MANGGARAI,0
6535,2005,5313,NUSA TENGGARA TIMUR,MANGGARAI,0
6536,2006,5313,NUSA TENGGARA TIMUR,MANGGARAI,0
6537,2007,5313,NUSA TENGGARA TIMUR,MANGGARAI,0
6538,2008,5313,NUSA TENGGARA TIMUR,MANGGARAI,0
6539,2009,5313,NUSA TENGGARA TIMUR,MANGGARAI,0
6540,2010,5313,NUSA TENGGARA TIMUR,MANGGARAI,0
6541,2011,5313,NUSA TENGGARA TIMUR,MANGGARAI,0
6542,2012,5313,NUSA TENGGARA TIMUR,MANGGARAI,0
6543,2013,5313,NUSA TENGGARA TIMUR,MANGGARAI,0
6544,2014,5313,NUSA TENGGARA TIMUR,MANGGARAI,0
6545,2015,5313,NUSA TENGGARA TIMUR,MANGGARAI,0
6546,2016,5313,NUSA TENGGARA TIMUR,MANGGARAI,0
6547,2017,5313,NUSA TENGGARA TIMUR,MANGGARAI,0
6548,2018,5313,NUSA TENGGARA TIMUR,MANGGARAI,1
6549,2019,5313,NUSA TENGGARA TIMUR,MANGGARAI,1
6550,2020,5313,NUSA TENGGARA TIMUR,MANGGARAI,1
6551,2021,5313,NUSA TENGGARA TIMUR,MANGGARAI,1
6552,2022,5313,NUSA TENGGARA TIMUR,MANGGARAI,1
6553,2023,5313,NUSA TENGGARA TIMUR,MANGGARAI,1
6554,2024,5313,NUSA TENGGARA TIMUR,MANGGARAI,1
6555,2025,5313,NUSA TENGGARA TIMUR,MANGGARAI,1
6556,2004,5315,NUSA TENGGARA TIMUR,MANGGARAI BARAT,0
6557,2005,5315,NUSA TENGGARA TIMUR,MANGGARAI BARAT,0
6558,2006,5315,NUSA TENGGARA TIMUR,MANGGARAI BARAT,0
6559,2007,5315,NUSA TENGGARA TIMUR,MANGGARAI BARAT,0
6560,2008,5315,NUSA TENGGARA TIMUR,MANGGARAI BARAT,0
6561,2009,5315,NUSA TENGGARA TIMUR,MANGGARAI BARAT,0
6562,2010,5315,NUSA TENGGARA TIMUR,MANGGARAI BARAT,0
6563,2011,5315,NUSA TENGGARA TIMUR,MANGGARAI BARAT,0
6564,2012,5315,NUSA TENGGARA TIMUR,MANGGARAI BARAT,0
6565,2013,5315,NUSA TENGGARA TIMUR,MANGGARAI BARAT,0
6566,2014,5315,NUSA TENGGARA TIMUR,MANGGARAI BARAT,0
6567,2015,5315,NUSA TENGGARA TIMUR,MANGGARAI BARAT,0
6568,2016,5315,NUSA TENGGARA TIMUR,MANGGARAI BARAT,0
6569,2017,5315,NUSA TENGGARA TIMUR,MANGGARAI BARAT,1
6570,2018,5315,NUSA TENGGARA TIMUR,MANGGARAI BARAT,1
6571,2019,5315,NUSA TENGGARA TIMUR,MANGGARAI BARAT,1
6572,2020,5315,NUSA TENGGARA TIMUR,MANGGARAI BARAT,1
6573,2021,5315,NUSA TENGGARA TIMUR,MANGGARAI BARAT,1
6574,2022,5315,NUSA TENGGARA TIMUR,MANGGARAI BARAT,1
6575,2023,5315,NUSA TENGGARA TIMUR,MANGGARAI BARAT,1
6576,2024,5315,NUSA TENGGARA TIMUR,MANGGARAI BARAT,1
6577,2025,5315,NUSA TENGGARA TIMUR,MANGGARAI BARAT,1
6578,2004,5319,NUSA TENGGARA TIMUR,MANGGARAI TIMUR,0
6579,2005,5319,NUSA TENGGARA TIMUR,MANGGARAI TIMUR,0
6580,2006,5319,NUSA TENGGARA TIMUR,MANGGARAI TIMUR,0
6581,2007,5319,NUSA TENGGARA TIMUR,MANGGARAI TIMUR,0
6582,2008,5319,NUSA TENGGARA TIMUR,MANGGARAI TIMUR,0
6583,2009,5319,NUSA TENGGARA TIMUR,MANGGARAI TIMUR,0
6584,2010,5319,NUSA TENGGARA TIMUR,MANGGARAI TIMUR,0
6585,2011,5319,NUSA TENGGARA TIMUR,MANGGARAI TIMUR,0
6586,2012,5319,NUSA TENGGARA TIMUR,MANGGARAI TIMUR,0
6587,2013,5319,NUSA TENGGARA TIMUR,MANGGARAI TIMUR,0
6588,2014,5319,NUSA TENGGARA TIMUR,MANGGARAI TIMUR,0
6589,2015,5319,NUSA TENGGARA TIMUR,MANGGARAI TIMUR,0
6590,2016,5319,NUSA TENGGARA TIMUR,MANGGARAI TIMUR,0
6591,2017,5319,NUSA TENGGARA TIMUR,MANGGARAI TIMUR,0
6592,2018,5319,NUSA TENGGARA TIMUR,MANGGARAI TIMUR,0
6593,2019,5319,NUSA TENGGARA TIMUR,MANGGARAI TIMUR,0
6594,2020,5319,NUSA TENGGARA TIMUR,MANGGARAI TIMUR,0
6595,2021,5319,NUSA TENGGARA TIMUR,MANGGARAI TIMUR,0
6596,2022,5319,NUSA TENGGARA TIMUR,MANGGARAI TIMUR,0
6597,2023,5319,NUSA TENGGARA TIMUR,MANGGARAI TIMUR,0
6598,2024,5319,NUSA TENGGARA TIMUR,MANGGARAI TIMUR,0
6599,2025,5319,NUSA TENGGARA TIMUR,MANGGARAI TIMUR,0
6600,2004,5318,NUSA TENGGARA TIMUR,NAGEKEO,0
6601,2005,5318,NUSA TENGGARA TIMUR,NAGEKEO,0
6602,2006,5318,NUSA TENGGARA TIMUR,NAGEKEO,0
6603,2007,5318,NUSA TENGGARA TIMUR,NAGEKEO,0
6604,2008,5318,NUSA TENGGARA TIMUR,NAGEKEO,0
6605,2009,5318,NUSA TENGGARA TIMUR,NAGEKEO,0
6606,2010,5318,NUSA TENGGARA TIMUR,NAGEKEO,0
6607,2011,5318,NUSA TENGGARA TIMUR,NAGEKEO,0
6608,2012,5318,NUSA TENGGARA TIMUR,NAGEKEO,0
6609,2013,5318,NUSA TENGGARA TIMUR,NAGEKEO,0
6610,2014,5318,NUSA TENGGARA TIMUR,NAGEKEO,0
6611,2015,5318,NUSA TENGGARA TIMUR,NAGEKEO,0
6612,2016,5318,NUSA TENGGARA TIMUR,NAGEKEO,0
6613,2017,5318,NUSA TENGGARA TIMUR,NAGEKEO,0
6614,2018,5318,NUSA TENGGARA TIMUR,NAGEKEO,0
6615,2019,5318,NUSA TENGGARA TIMUR,NAGEKEO,0
6616,2020,5318,NUSA TENGGARA TIMUR,NAGEKEO,0
6617,2021,5318,NUSA TENGGARA TIMUR,NAGEKEO,0
6618,2022,5318,NUSA TENGGARA TIMUR,NAGEKEO,0
6619,2023,5318,NUSA TENGGARA TIMUR,NAGEKEO,0
6620,2024,5318,NUSA TENGGARA TIMUR,NAGEKEO,0
6621,2025,5318,NUSA TENGGARA TIMUR,NAGEKEO,0
6622,2004,5312,NUSA TENGGARA TIMUR,NGADA,0
6623,2005,5312,NUSA TENGGARA TIMUR,NGADA,0
6624,2006,5312,NUSA TENGGARA TIMUR,NGADA,0
6625,2007,5312,NUSA TENGGARA TIMUR,NGADA,0
6626,2008,5312,NUSA TENGGARA TIMUR,NGADA,0
6627,2009,5312,NUSA TENGGARA TIMUR,NGADA,0
6628,2010,5312,NUSA TENGGARA TIMUR,NGADA,0
6629,2011,5312,NUSA TENGGARA TIMUR,NGADA,0
6630,2012,5312,NUSA TENGGARA TIMUR,NGADA,0
6631,2013,5312,NUSA TENGGARA TIMUR,NGADA,0
6632,2014,5312,NUSA TENGGARA TIMUR,NGADA,0
6633,2015,5312,NUSA TENGGARA TIMUR,NGADA,0
6634,2016,5312,NUSA TENGGARA TIMUR,NGADA,0
6635,2017,5312,NUSA TENGGARA TIMUR,NGADA,0
6636,2018,5312,NUSA TENGGARA TIMUR,NGADA,0
6637,2019,5312,NUSA TENGGARA TIMUR,NGADA,0
6638,2020,5312,NUSA TENGGARA TIMUR,NGADA,0
6639,2021,5312,NUSA TENGGARA TIMUR,NGADA,0
6640,2022,5312,NUSA TENGGARA TIMUR,NGADA,0
6641,2023,5312,NUSA TENGGARA TIMUR,NGADA,0
6642,2024,5312,NUSA TENGGARA TIMUR,NGADA,0
6643,2025,5312,NUSA TENGGARA TIMUR,NGADA,0
6644,2004,5314,NUSA TENGGARA TIMUR,ROTE NDAO,0
6645,2005,5314,NUSA TENGGARA TIMUR,ROTE NDAO,0
6646,2006,5314,NUSA TENGGARA TIMUR,ROTE NDAO,0
6647,2007,5314,NUSA TENGGARA TIMUR,ROTE NDAO,0
6648,2008,5314,NUSA TENGGARA TIMUR,ROTE NDAO,0
6649,2009,5314,NUSA TENGGARA TIMUR,ROTE NDAO,0
6650,2010,5314,NUSA TENGGARA TIMUR,ROTE NDAO,0
6651,2011,5314,NUSA TENGGARA TIMUR,ROTE NDAO,0
6652,2012,5314,NUSA TENGGARA TIMUR,ROTE NDAO,0
6653,2013,5314,NUSA TENGGARA TIMUR,ROTE NDAO,0
6654,2014,5314,NUSA TENGGARA TIMUR,ROTE NDAO,0
6655,2015,5314,NUSA TENGGARA TIMUR,ROTE NDAO,0
6656,2016,5314,NUSA TENGGARA TIMUR,ROTE NDAO,0
6657,2017,5314,NUSA TENGGARA TIMUR,ROTE NDAO,0
6658,2018,5314,NUSA TENGGARA TIMUR,ROTE NDAO,0
6659,2019,5314,NUSA TENGGARA TIMUR,ROTE NDAO,0
6660,2020,5314,NUSA TENGGARA TIMUR,ROTE NDAO,0
6661,2021,5314,NUSA TENGGARA TIMUR,ROTE NDAO,0
6662,2022,5314,NUSA TENGGARA TIMUR,ROTE NDAO,0
6663,2023,5314,NUSA TENGGARA TIMUR,ROTE NDAO,0
6664,2024,5314,NUSA TENGGARA TIMUR,ROTE NDAO,0
6665,2025,5314,NUSA TENGGARA TIMUR,ROTE NDAO,0
6666,2004,5320,NUSA TENGGARA TIMUR,SABU RAIJUA,0
6667,2005,5320,NUSA TENGGARA TIMUR,SABU RAIJUA,0
6668,2006,5320,NUSA TENGGARA TIMUR,SABU RAIJUA,0
6669,2007,5320,NUSA TENGGARA TIMUR,SABU RAIJUA,0
6670,2008,5320,NUSA TENGGARA TIMUR,SABU RAIJUA,0
6671,2009,5320,NUSA TENGGARA TIMUR,SABU RAIJUA,0
6672,2010,5320,NUSA TENGGARA TIMUR,SABU RAIJUA,0
6673,2011,5320,NUSA TENGGARA TIMUR,SABU RAIJUA,0
6674,2012,5320,NUSA TENGGARA TIMUR,SABU RAIJUA,0
6675,2013,5320,NUSA TENGGARA TIMUR,SABU RAIJUA,0
6676,2014,5320,NUSA TENGGARA TIMUR,SABU RAIJUA,0
6677,2015,5320,NUSA TENGGARA TIMUR,SABU RAIJUA,0
6678,2016,5320,NUSA TENGGARA TIMUR,SABU RAIJUA,0
6679,2017,5320,NUSA TENGGARA TIMUR,SABU RAIJUA,0
6680,2018,5320,NUSA TENGGARA TIMUR,SABU RAIJUA,0
6681,2019,5320,NUSA TENGGARA TIMUR,SABU RAIJUA,0
6682,2020,5320,NUSA TENGGARA TIMUR,SABU RAIJUA,0
6683,2021,5320,NUSA TENGGARA TIMUR,SABU RAIJUA,0
6684,2022,5320,NUSA TENGGARA TIMUR,SABU RAIJUA,0
6685,2023,5320,NUSA TENGGARA TIMUR,SABU RAIJUA,0
6686,2024,5320,NUSA TENGGARA TIMUR,SABU RAIJUA,0
6687,2025,5320,NUSA TENGGARA TIMUR,SABU RAIJUA,0
6688,2004,5310,NUSA TENGGARA TIMUR,SIKKA,0
6689,2005,5310,NUSA TENGGARA TIMUR,SIKKA,0
6690,2006,5310,NUSA TENGGARA TIMUR,SIKKA,0
6691,2007,5310,NUSA TENGGARA TIMUR,SIKKA,0
6692,2008,5310,NUSA TENGGARA TIMUR,SIKKA,0
6693,2009,5310,NUSA TENGGARA TIMUR,SIKKA,0
6694,2010,5310,NUSA TENGGARA TIMUR,SIKKA,0
6695,2011,5310,NUSA TENGGARA TIMUR,SIKKA,0
6696,2012,5310,NUSA TENGGARA TIMUR,SIKKA,1
6697,2013,5310,NUSA TENGGARA TIMUR,SIKKA,1
6698,2014,5310,NUSA TENGGARA TIMUR,SIKKA,1
6699,2015,5310,NUSA TENGGARA TIMUR,SIKKA,1
6700,2016,5310,NUSA TENGGARA TIMUR,SIKKA,1
6701,2017,5310,NUSA TENGGARA TIMUR,SIKKA,1
6702,2018,5310,NUSA TENGGARA TIMUR,SIKKA,1
6703,2019,5310,NUSA TENGGARA TIMUR,SIKKA,1
6704,2020,5310,NUSA TENGGARA TIMUR,SIKKA,1
6705,2021,5310,NUSA TENGGARA TIMUR,SIKKA,1
6706,2022,5310,NUSA TENGGARA TIMUR,SIKKA,1
6707,2023,5310,NUSA TENGGARA TIMUR,SIKKA,1
6708,2024,5310,NUSA TENGGARA TIMUR,SIKKA,1
6709,2025,5310,NUSA TENGGARA TIMUR,SIKKA,1
6710,2004,5301,NUSA TENGGARA TIMUR,SUMBA BARAT,0
6711,2005,5301,NUSA TENGGARA TIMUR,SUMBA BARAT,0
6712,2006,5301,NUSA TENGGARA TIMUR,SUMBA BARAT,0
6713,2007,5301,NUSA TENGGARA TIMUR,SUMBA BARAT,0
6714,2008,5301,NUSA TENGGARA TIMUR,SUMBA BARAT,0
6715,2009,5301,NUSA TENGGARA TIMUR,SUMBA BARAT,0
6716,2010,5301,NUSA TENGGARA TIMUR,SUMBA BARAT,0
6717,2011,5301,NUSA TENGGARA TIMUR,SUMBA BARAT,0
6718,2012,5301,NUSA TENGGARA TIMUR,SUMBA BARAT,0
6719,2013,5301,NUSA TENGGARA TIMUR,SUMBA BARAT,0
6720,2014,5301,NUSA TENGGARA TIMUR,SUMBA BARAT,0
6721,2015,5301,NUSA TENGGARA TIMUR,SUMBA BARAT,0
6722,2016,5301,NUSA TENGGARA TIMUR,SUMBA BARAT,0
6723,2017,5301,NUSA TENGGARA TIMUR,SUMBA BARAT,0
6724,2018,5301,NUSA TENGGARA TIMUR,SUMBA BARAT,0
6725,2019,5301,NUSA TENGGARA TIMUR,SUMBA BARAT,0
6726,2020,5301,NUSA TENGGARA TIMUR,SUMBA BARAT,0
6727,2021,5301,NUSA TENGGARA TIMUR,SUMBA BARAT,0
6728,2022,5301,NUSA TENGGARA TIMUR,SUMBA BARAT,0
6729,2023,5301,NUSA TENGGARA TIMUR,SUMBA BARAT,0
6730,2024,5301,NUSA TENGGARA TIMUR,SUMBA BARAT,0
6731,2025,5301,NUSA TENGGARA TIMUR,SUMBA BARAT,0
6732,2004,5317,NUSA TENGGARA TIMUR,SUMBA BARAT DAYA,0
6733,2005,5317,NUSA TENGGARA TIMUR,SUMBA BARAT DAYA,0
6734,2006,5317,NUSA TENGGARA TIMUR,SUMBA BARAT DAYA,0
6735,2007,5317,NUSA TENGGARA TIMUR,SUMBA BARAT DAYA,0
6736,2008,5317,NUSA TENGGARA TIMUR,SUMBA BARAT DAYA,0
6737,2009,5317,NUSA TENGGARA TIMUR,SUMBA BARAT DAYA,0
6738,2010,5317,NUSA TENGGARA TIMUR,SUMBA BARAT DAYA,0
6739,2011,5317,NUSA TENGGARA TIMUR,SUMBA BARAT DAYA,0
6740,2012,5317,NUSA TENGGARA TIMUR,SUMBA BARAT DAYA,0
6741,2013,5317,NUSA TENGGARA TIMUR,SUMBA BARAT DAYA,0
6742,2014,5317,NUSA TENGGARA TIMUR,SUMBA BARAT DAYA,0
6743,2015,5317,NUSA TENGGARA TIMUR,SUMBA BARAT DAYA,0
6744,2016,5317,NUSA TENGGARA TIMUR,SUMBA BARAT DAYA,0
6745,2017,5317,NUSA TENGGARA TIMUR,SUMBA BARAT DAYA,0
6746,2018,5317,NUSA TENGGARA TIMUR,SUMBA BARAT DAYA,0
6747,2019,5317,NUSA TENGGARA TIMUR,SUMBA BARAT DAYA,0
6748,2020,5317,NUSA TENGGARA TIMUR,SUMBA BARAT DAYA,0
6749,2021,5317,NUSA TENGGARA TIMUR,SUMBA BARAT DAYA,0
6750,2022,5317,NUSA TENGGARA TIMUR,SUMBA BARAT DAYA,0
6751,2023,5317,NUSA TENGGARA TIMUR,SUMBA BARAT DAYA,0
6752,2024,5317,NUSA TENGGARA TIMUR,SUMBA BARAT DAYA,0
6753,2025,5317,NUSA TENGGARA TIMUR,SUMBA BARAT DAYA,0
6754,2004,5316,NUSA TENGGARA TIMUR,SUMBA TENGAH,0
6755,2005,5316,NUSA TENGGARA TIMUR,SUMBA TENGAH,0
6756,2006,5316,NUSA TENGGARA TIMUR,SUMBA TENGAH,0
6757,2007,5316,NUSA TENGGARA TIMUR,SUMBA TENGAH,0
6758,2008,5316,NUSA TENGGARA TIMUR,SUMBA TENGAH,0
6759,2009,5316,NUSA TENGGARA TIMUR,SUMBA TENGAH,0
6760,2010,5316,NUSA TENGGARA TIMUR,SUMBA TENGAH,0
6761,2011,5316,NUSA TENGGARA TIMUR,SUMBA TENGAH,0
6762,2012,5316,NUSA TENGGARA TIMUR,SUMBA TENGAH,0
6763,2013,5316,NUSA TENGGARA TIMUR,SUMBA TENGAH,0
6764,2014,5316,NUSA TENGGARA TIMUR,SUMBA TENGAH,0
6765,2015,5316,NUSA TENGGARA TIMUR,SUMBA TENGAH,0
6766,2016,5316,NUSA TENGGARA TIMUR,SUMBA TENGAH,0
6767,2017,5316,NUSA TENGGARA TIMUR,SUMBA TENGAH,0
6768,2018,5316,NUSA TENGGARA TIMUR,SUMBA TENGAH,0
6769,2019,5316,NUSA TENGGARA TIMUR,SUMBA TENGAH,0
6770,2020,5316,NUSA TENGGARA TIMUR,SUMBA TENGAH,0
6771,2021,5316,NUSA TENGGARA TIMUR,SUMBA TENGAH,0
6772,2022,5316,NUSA TENGGARA TIMUR,SUMBA TENGAH,0
6773,2023,5316,NUSA TENGGARA TIMUR,SUMBA TENGAH,0
6774,2024,5316,NUSA TENGGARA TIMUR,SUMBA TENGAH,0
6775,2025,5316,NUSA TENGGARA TIMUR,SUMBA TENGAH,0
6776,2004,5302,NUSA TENGGARA TIMUR,SUMBA TIMUR,0
6777,2005,5302,NUSA TENGGARA TIMUR,SUMBA TIMUR,0
6778,2006,5302,NUSA TENGGARA TIMUR,SUMBA TIMUR,0
6779,2007,5302,NUSA TENGGARA TIMUR,SUMBA TIMUR,0
6780,2008,5302,NUSA TENGGARA TIMUR,SUMBA TIMUR,0
6781,2009,5302,NUSA TENGGARA TIMUR,SUMBA TIMUR,0
6782,2010,5302,NUSA TENGGARA TIMUR,SUMBA TIMUR,0
6783,2011,5302,NUSA TENGGARA TIMUR,SUMBA TIMUR,0
6784,2012,5302,NUSA TENGGARA TIMUR,SUMBA TIMUR,0
6785,2013,5302,NUSA TENGGARA TIMUR,SUMBA TIMUR,0
6786,2014,5302,NUSA TENGGARA TIMUR,SUMBA TIMUR,0
6787,2015,5302,NUSA TENGGARA TIMUR,SUMBA TIMUR,0
6788,2016,5302,NUSA TENGGARA TIMUR,SUMBA TIMUR,0
6789,2017,5302,NUSA TENGGARA TIMUR,SUMBA TIMUR,0
6790,2018,5302,NUSA TENGGARA TIMUR,SUMBA TIMUR,0
6791,2019,5302,NUSA TENGGARA TIMUR,SUMBA TIMUR,0
6792,2020,5302,NUSA TENGGARA TIMUR,SUMBA TIMUR,0
6793,2021,5302,NUSA TENGGARA TIMUR,SUMBA TIMUR,0
6794,2022,5302,NUSA TENGGARA TIMUR,SUMBA TIMUR,0
6795,2023,5302,NUSA TENGGARA TIMUR,SUMBA TIMUR,0
6796,2024,5302,NUSA TENGGARA TIMUR,SUMBA TIMUR,0
6797,2025,5302,NUSA TENGGARA TIMUR,SUMBA TIMUR,0
6798,2004,5304,NUSA TENGGARA TIMUR,TIMOR TENGAH SELATAN,0
6799,2005,5304,NUSA TENGGARA TIMUR,TIMOR TENGAH SELATAN,0
6800,2006,5304,NUSA TENGGARA TIMUR,TIMOR TENGAH SELATAN,0
6801,2007,5304,NUSA TENGGARA TIMUR,TIMOR TENGAH SELATAN,0
6802,2008,5304,NUSA TENGGARA TIMUR,TIMOR TENGAH SELATAN,0
6803,2009,5304,NUSA TENGGARA TIMUR,TIMOR TENGAH SELATAN,0
6804,2010,5304,NUSA TENGGARA TIMUR,TIMOR TENGAH SELATAN,0
6805,2011,5304,NUSA TENGGARA TIMUR,TIMOR TENGAH SELATAN,0
6806,2012,5304,NUSA TENGGARA TIMUR,TIMOR TENGAH SELATAN,0
6807,2013,5304,NUSA TENGGARA TIMUR,TIMOR TENGAH SELATAN,0
6808,2014,5304,NUSA TENGGARA TIMUR,TIMOR TENGAH SELATAN,0
6809,2015,5304,NUSA TENGGARA TIMUR,TIMOR TENGAH SELATAN,0
6810,2016,5304,NUSA TENGGARA TIMUR,TIMOR TENGAH SELATAN,0
6811,2017,5304,NUSA TENGGARA TIMUR,TIMOR TENGAH SELATAN,0
6812,2018,5304,NUSA TENGGARA TIMUR,TIMOR TENGAH SELATAN,0
6813,2019,5304,NUSA TENGGARA TIMUR,TIMOR TENGAH SELATAN,0
6814,2020,5304,NUSA TENGGARA TIMUR,TIMOR TENGAH SELATAN,1
6815,2021,5304,NUSA TENGGARA TIMUR,TIMOR TENGAH SELATAN,1
6816,2022,5304,NUSA TENGGARA TIMUR,TIMOR TENGAH SELATAN,1
6817,2023,5304,NUSA TENGGARA TIMUR,TIMOR TENGAH SELATAN,1
6818,2024,5304,NUSA TENGGARA TIMUR,TIMOR TENGAH SELATAN,1
6819,2025,5304,NUSA TENGGARA TIMUR,TIMOR TENGAH SELATAN,1
6820,2004,5305,NUSA TENGGARA TIMUR,TIMOR TENGAH UTARA,0
6821,2005,5305,NUSA TENGGARA TIMUR,TIMOR TENGAH UTARA,0
6822,2006,5305,NUSA TENGGARA TIMUR,TIMOR TENGAH UTARA,0
6823,2007,5305,NUSA TENGGARA TIMUR,TIMOR TENGAH UTARA,0
6824,2008,5305,NUSA TENGGARA TIMUR,TIMOR TENGAH UTARA,0
6825,2009,5305,NUSA TENGGARA TIMUR,TIMOR TENGAH UTARA,0
6826,2010,5305,NUSA TENGGARA TIMUR,TIMOR TENGAH UTARA,0
6827,2011,5305,NUSA TENGGARA TIMUR,TIMOR TENGAH UTARA,0
6828,2012,5305,NUSA TENGGARA TIMUR,TIMOR TENGAH UTARA,0
6829,2013,5305,NUSA TENGGARA TIMUR,TIMOR TENGAH UTARA,0
6830,2014,5305,NUSA TENGGARA TIMUR,TIMOR TENGAH UTARA,0
6831,2015,5305,NUSA TENGGARA TIMUR,TIMOR TENGAH UTARA,0
6832,2016,5305,NUSA TENGGARA TIMUR,TIMOR TENGAH UTARA,0
6833,2017,5305,NUSA TENGGARA TIMUR,TIMOR TENGAH UTARA,0
6834,2018,5305,NUSA TENGGARA TIMUR,TIMOR TENGAH UTARA,0
6835,2019,5305,NUSA TENGGARA TIMUR,TIMOR TENGAH UTARA,0
6836,2020,5305,NUSA TENGGARA TIMUR,TIMOR TENGAH UTARA,0
6837,2021,5305,NUSA TENGGARA TIMUR,TIMOR TENGAH UTARA,0
6838,2022,5305,NUSA TENGGARA TIMUR,TIMOR TENGAH UTARA,0
6839,2023,5305,NUSA TENGGARA TIMUR,TIMOR TENGAH UTARA,0
6840,2024,5305,NUSA TENGGARA TIMUR,TIMOR TENGAH UTARA,0
6841,2025,5305,NUSA TENGGARA TIMUR,TIMOR TENGAH UTARA,0
6842,2004,9110,PAPUA BARAT,MAYBRAT,0
6843,2005,9110,PAPUA BARAT,MAYBRAT,0
6844,2006,9110,PAPUA BARAT,MAYBRAT,0
6845,2007,9110,PAPUA BARAT,MAYBRAT,0
6846,2008,9110,PAPUA BARAT,MAYBRAT,0
6847,2009,9110,PAPUA BARAT,MAYBRAT,0
6848,2010,9110,PAPUA BARAT,MAYBRAT,0
6849,2011,9110,PAPUA BARAT,MAYBRAT,0
6850,2012,9110,PAPUA BARAT,MAYBRAT,0
6851,2013,9110,PAPUA BARAT,MAYBRAT,0
6852,2014,9110,PAPUA BARAT,MAYBRAT,0
6853,2015,9110,PAPUA BARAT,MAYBRAT,0
6854,2016,9110,PAPUA BARAT,MAYBRAT,0
6855,2017,9110,PAPUA BARAT,MAYBRAT,0
6856,2018,9110,PAPUA BARAT,MAYBRAT,0
6857,2019,9110,PAPUA BARAT,MAYBRAT,0
6858,2020,9110,PAPUA BARAT,MAYBRAT,0
6859,2021,9110,PAPUA BARAT,MAYBRAT,0
6860,2022,9110,PAPUA BARAT,MAYBRAT,0
6861,2023,9110,PAPUA BARAT,MAYBRAT,0
6862,2024,9110,PAPUA BARAT,MAYBRAT,0
6863,2025,9110,PAPUA BARAT,MAYBRAT,0
6864,2004,9108,PAPUA BARAT,RAJA AMPAT,0
6865,2005,9108,PAPUA BARAT,RAJA AMPAT,0
6866,2006,9108,PAPUA BARAT,RAJA AMPAT,0
6867,2007,9108,PAPUA BARAT,RAJA AMPAT,0
6868,2008,9108,PAPUA BARAT,RAJA AMPAT,0
6869,2009,9108,PAPUA BARAT,RAJA AMPAT,0
6870,2010,9108,PAPUA BARAT,RAJA AMPAT,0
6871,2011,9108,PAPUA BARAT,RAJA AMPAT,0
6872,2012,9108,PAPUA BARAT,RAJA AMPAT,0
6873,2013,9108,PAPUA BARAT,RAJA AMPAT,0
6874,2014,9108,PAPUA BARAT,RAJA AMPAT,0
6875,2015,9108,PAPUA BARAT,RAJA AMPAT,0
6876,2016,9108,PAPUA BARAT,RAJA AMPAT,0
6877,2017,9108,PAPUA BARAT,RAJA AMPAT,0
6878,2018,9108,PAPUA BARAT,RAJA AMPAT,0
6879,2019,9108,PAPUA BARAT,RAJA AMPAT,0
6880,2020,9108,PAPUA BARAT,RAJA AMPAT,0
6881,2021,9108,PAPUA BARAT,RAJA AMPAT,0
6882,2022,9108,PAPUA BARAT,RAJA AMPAT,0
6883,2023,9108,PAPUA BARAT,RAJA AMPAT,0
6884,2024,9108,PAPUA BARAT,RAJA AMPAT,0
6885,2025,9108,PAPUA BARAT,RAJA AMPAT,0
6886,2004,9107,PAPUA BARAT,SORONG,0
6887,2005,9107,PAPUA BARAT,SORONG,0
6888,2006,9107,PAPUA BARAT,SORONG,0
6889,2007,9107,PAPUA BARAT,SORONG,0
6890,2008,9107,PAPUA BARAT,SORONG,0
6891,2009,9107,PAPUA BARAT,SORONG,0
6892,2010,9107,PAPUA BARAT,SORONG,0
6893,2011,9107,PAPUA BARAT,SORONG,0
6894,2012,9107,PAPUA BARAT,SORONG,0
6895,2013,9107,PAPUA BARAT,SORONG,0
6896,2014,9107,PAPUA BARAT,SORONG,0
6897,2015,9107,PAPUA BARAT,SORONG,1
6898,2016,9107,PAPUA BARAT,SORONG,1
6899,2017,9107,PAPUA BARAT,SORONG,1
6900,2018,9107,PAPUA BARAT,SORONG,1
6901,2019,9107,PAPUA BARAT,SORONG,1
6902,2020,9107,PAPUA BARAT,SORONG,1
6903,2021,9107,PAPUA BARAT,SORONG,1
6904,2022,9107,PAPUA BARAT,SORONG,1
6905,2023,9107,PAPUA BARAT,SORONG,1
6906,2024,9107,PAPUA BARAT,SORONG,1
6907,2025,9107,PAPUA BARAT,SORONG,1
6908,2004,9171,PAPUA BARAT,SORONG,0
6909,2005,9171,PAPUA BARAT,SORONG,0
6910,2006,9171,PAPUA BARAT,SORONG,0
6911,2007,9171,PAPUA BARAT,SORONG,0
6912,2008,9171,PAPUA BARAT,SORONG,0
6913,2009,9171,PAPUA BARAT,SORONG,0
6914,2010,9171,PAPUA BARAT,SORONG,0
6915,2011,9171,PAPUA BARAT,SORONG,0
6916,2012,9171,PAPUA BARAT,SORONG,0
6917,2013,9171,PAPUA BARAT,SORONG,0
6918,2014,9171,PAPUA BARAT,SORONG,0
6919,2015,9171,PAPUA BARAT,SORONG,0
6920,2016,9171,PAPUA BARAT,SORONG,0
6921,2017,9171,PAPUA BARAT,SORONG,0
6922,2018,9171,PAPUA BARAT,SORONG,0
6923,2019,9171,PAPUA BARAT,SORONG,0
6924,2020,9171,PAPUA BARAT,SORONG,0
6925,2021,9171,PAPUA BARAT,SORONG,0
6926,2022,9171,PAPUA BARAT,SORONG,0
6927,2023,9171,PAPUA BARAT,SORONG,0
6928,2024,9171,PAPUA BARAT,SORONG,0
6929,2025,9171,PAPUA BARAT,SORONG,0
6930,2004,9106,PAPUA BARAT,SORONG SELATAN,0
6931,2005,9106,PAPUA BARAT,SORONG SELATAN,0
6932,2006,9106,PAPUA BARAT,SORONG SELATAN,0
6933,2007,9106,PAPUA BARAT,SORONG SELATAN,0
6934,2008,9106,PAPUA BARAT,SORONG SELATAN,0
6935,2009,9106,PAPUA BARAT,SORONG SELATAN,0
6936,2010,9106,PAPUA BARAT,SORONG SELATAN,0
6937,2011,9106,PAPUA BARAT,SORONG SELATAN,0
6938,2012,9106,PAPUA BARAT,SORONG SELATAN,0
6939,2013,9106,PAPUA BARAT,SORONG SELATAN,0
6940,2014,9106,PAPUA BARAT,SORONG SELATAN,0
6941,2015,9106,PAPUA BARAT,SORONG SELATAN,0
6942,2016,9106,PAPUA BARAT,SORONG SELATAN,0
6943,2017,9106,PAPUA BARAT,SORONG SELATAN,0
6944,2018,9106,PAPUA BARAT,SORONG SELATAN,0
6945,2019,9106,PAPUA BARAT,SORONG SELATAN,0
6946,2020,9106,PAPUA BARAT,SORONG SELATAN,0
6947,2021,9106,PAPUA BARAT,SORONG SELATAN,0
6948,2022,9106,PAPUA BARAT,SORONG SELATAN,0
6949,2023,9106,PAPUA BARAT,SORONG SELATAN,0
6950,2024,9106,PAPUA BARAT,SORONG SELATAN,0
6951,2025,9106,PAPUA BARAT,SORONG SELATAN,0
6952,2004,9109,PAPUA BARAT,TAMBRAUW,0
6953,2005,9109,PAPUA BARAT,TAMBRAUW,0
6954,2006,9109,PAPUA BARAT,TAMBRAUW,0
6955,2007,9109,PAPUA BARAT,TAMBRAUW,0
6956,2008,9109,PAPUA BARAT,TAMBRAUW,0
6957,2009,9109,PAPUA BARAT,TAMBRAUW,0
6958,2010,9109,PAPUA BARAT,TAMBRAUW,0
6959,2011,9109,PAPUA BARAT,TAMBRAUW,0
6960,2012,9109,PAPUA BARAT,TAMBRAUW,0
6961,2013,9109,PAPUA BARAT,TAMBRAUW,0
6962,2014,9109,PAPUA BARAT,TAMBRAUW,0
6963,2015,9109,PAPUA BARAT,TAMBRAUW,0
6964,2016,9109,PAPUA BARAT,TAMBRAUW,1
6965,2017,9109,PAPUA BARAT,TAMBRAUW,1
6966,2018,9109,PAPUA BARAT,TAMBRAUW,1
6967,2019,9109,PAPUA BARAT,TAMBRAUW,1
6968,2020,9109,PAPUA BARAT,TAMBRAUW,1
6969,2021,9109,PAPUA BARAT,TAMBRAUW,1
6970,2022,9109,PAPUA BARAT,TAMBRAUW,1
6971,2023,9109,PAPUA BARAT,TAMBRAUW,1
6972,2024,9109,PAPUA BARAT,TAMBRAUW,1
6973,2025,9109,PAPUA BARAT,TAMBRAUW,1
6974,2004,9101,PAPUA BARAT,FAKFAK,0
6975,2005,9101,PAPUA BARAT,FAKFAK,0
6976,2006,9101,PAPUA BARAT,FAKFAK,0
6977,2007,9101,PAPUA BARAT,FAKFAK,0
6978,2008,9101,PAPUA BARAT,FAKFAK,0
6979,2009,9101,PAPUA BARAT,FAKFAK,0
6980,2010,9101,PAPUA BARAT,FAKFAK,0
6981,2011,9101,PAPUA BARAT,FAKFAK,0
6982,2012,9101,PAPUA BARAT,FAKFAK,0
6983,2013,9101,PAPUA BARAT,FAKFAK,0
6984,2014,9101,PAPUA BARAT,FAKFAK,0
6985,2015,9101,PAPUA BARAT,FAKFAK,0
6986,2016,9101,PAPUA BARAT,FAKFAK,0
6987,2017,9101,PAPUA BARAT,FAKFAK,0
6988,2018,9101,PAPUA BARAT,FAKFAK,0
6989,2019,9101,PAPUA BARAT,FAKFAK,0
6990,2020,9101,PAPUA BARAT,FAKFAK,0
6991,2021,9101,PAPUA BARAT,FAKFAK,0
6992,2022,9101,PAPUA BARAT,FAKFAK,0
6993,2023,9101,PAPUA BARAT,FAKFAK,0
6994,2024,9101,PAPUA BARAT,FAKFAK,0
6995,2025,9101,PAPUA BARAT,FAKFAK,0
6996,2004,9102,PAPUA BARAT,KAIMANA,0
6997,2005,9102,PAPUA BARAT,KAIMANA,0
6998,2006,9102,PAPUA BARAT,KAIMANA,0
6999,2007,9102,PAPUA BARAT,KAIMANA,0
7000,2008,9102,PAPUA BARAT,KAIMANA,0
7001,2009,9102,PAPUA BARAT,KAIMANA,0
7002,2010,9102,PAPUA BARAT,KAIMANA,0
7003,2011,9102,PAPUA BARAT,KAIMANA,0
7004,2012,9102,PAPUA BARAT,KAIMANA,0
7005,2013,9102,PAPUA BARAT,KAIMANA,0
7006,2014,9102,PAPUA BARAT,KAIMANA,0
7007,2015,9102,PAPUA BARAT,KAIMANA,0
7008,2016,9102,PAPUA BARAT,KAIMANA,0
7009,2017,9102,PAPUA BARAT,KAIMANA,0
7010,2018,9102,PAPUA BARAT,KAIMANA,0
7011,2019,9102,PAPUA BARAT,KAIMANA,0
7012,2020,9102,PAPUA BARAT,KAIMANA,0
7013,2021,9102,PAPUA BARAT,KAIMANA,0
7014,2022,9102,PAPUA BARAT,KAIMANA,0
7015,2023,9102,PAPUA BARAT,KAIMANA,0
7016,2024,9102,PAPUA BARAT,KAIMANA,0
7017,2025,9102,PAPUA BARAT,KAIMANA,0
7018,2004,9105,PAPUA BARAT,MANOKWARI,0
7019,2005,9105,PAPUA BARAT,MANOKWARI,0
7020,2006,9105,PAPUA BARAT,MANOKWARI,0
7021,2007,9105,PAPUA BARAT,MANOKWARI,0
7022,2008,9105,PAPUA BARAT,MANOKWARI,0
7023,2009,9105,PAPUA BARAT,MANOKWARI,0
7024,2010,9105,PAPUA BARAT,MANOKWARI,0
7025,2011,9105,PAPUA BARAT,MANOKWARI,0
7026,2012,9105,PAPUA BARAT,MANOKWARI,0
7027,2013,9105,PAPUA BARAT,MANOKWARI,0
7028,2014,9105,PAPUA BARAT,MANOKWARI,0
7029,2015,9105,PAPUA BARAT,MANOKWARI,0
7030,2016,9105,PAPUA BARAT,MANOKWARI,0
7031,2017,9105,PAPUA BARAT,MANOKWARI,0
7032,2018,9105,PAPUA BARAT,MANOKWARI,0
7033,2019,9105,PAPUA BARAT,MANOKWARI,0
7034,2020,9105,PAPUA BARAT,MANOKWARI,0
7035,2021,9105,PAPUA BARAT,MANOKWARI,0
7036,2022,9105,PAPUA BARAT,MANOKWARI,0
7037,2023,9105,PAPUA BARAT,MANOKWARI,0
7038,2024,9105,PAPUA BARAT,MANOKWARI,0
7039,2025,9105,PAPUA BARAT,MANOKWARI,0
7040,2004,9111,PAPUA BARAT,MANOKWARI SELATAN,0
7041,2005,9111,PAPUA BARAT,MANOKWARI SELATAN,0
7042,2006,9111,PAPUA BARAT,MANOKWARI SELATAN,0
7043,2007,9111,PAPUA BARAT,MANOKWARI SELATAN,0
7044,2008,9111,PAPUA BARAT,MANOKWARI SELATAN,0
7045,2009,9111,PAPUA BARAT,MANOKWARI SELATAN,0
7046,2010,9111,PAPUA BARAT,MANOKWARI SELATAN,0
7047,2011,9111,PAPUA BARAT,MANOKWARI SELATAN,0
7048,2012,9111,PAPUA BARAT,MANOKWARI SELATAN,0
7049,2013,9111,PAPUA BARAT,MANOKWARI SELATAN,0
7050,2014,9111,PAPUA BARAT,MANOKWARI SELATAN,0
7051,2015,9111,PAPUA BARAT,MANOKWARI SELATAN,0
7052,2016,9111,PAPUA BARAT,MANOKWARI SELATAN,0
7053,2017,9111,PAPUA BARAT,MANOKWARI SELATAN,0
7054,2018,9111,PAPUA BARAT,MANOKWARI SELATAN,0
7055,2019,9111,PAPUA BARAT,MANOKWARI SELATAN,0
7056,2020,9111,PAPUA BARAT,MANOKWARI SELATAN,0
7057,2021,9111,PAPUA BARAT,MANOKWARI SELATAN,0
7058,2022,9111,PAPUA BARAT,MANOKWARI SELATAN,0
7059,2023,9111,PAPUA BARAT,MANOKWARI SELATAN,0
7060,2024,9111,PAPUA BARAT,MANOKWARI SELATAN,0
7061,2025,9111,PAPUA BARAT,MANOKWARI SELATAN,0
7062,2004,9112,PAPUA BARAT,PEGUNUNGAN ARFAK,0
7063,2005,9112,PAPUA BARAT,PEGUNUNGAN ARFAK,0
7064,2006,9112,PAPUA BARAT,PEGUNUNGAN ARFAK,0
7065,2007,9112,PAPUA BARAT,PEGUNUNGAN ARFAK,0
7066,2008,9112,PAPUA BARAT,PEGUNUNGAN ARFAK,0
7067,2009,9112,PAPUA BARAT,PEGUNUNGAN ARFAK,0
7068,2010,9112,PAPUA BARAT,PEGUNUNGAN ARFAK,0
7069,2011,9112,PAPUA BARAT,PEGUNUNGAN ARFAK,0
7070,2012,9112,PAPUA BARAT,PEGUNUNGAN ARFAK,0
7071,2013,9112,PAPUA BARAT,PEGUNUNGAN ARFAK,0
7072,2014,9112,PAPUA BARAT,PEGUNUNGAN ARFAK,0
7073,2015,9112,PAPUA BARAT,PEGUNUNGAN ARFAK,0
7074,2016,9112,PAPUA BARAT,PEGUNUNGAN ARFAK,0
7075,2017,9112,PAPUA BARAT,PEGUNUNGAN ARFAK,0
7076,2018,9112,PAPUA BARAT,PEGUNUNGAN ARFAK,0
7077,2019,9112,PAPUA BARAT,PEGUNUNGAN ARFAK,0
7078,2020,9112,PAPUA BARAT,PEGUNUNGAN ARFAK,0
7079,2021,9112,PAPUA BARAT,PEGUNUNGAN ARFAK,0
7080,2022,9112,PAPUA BARAT,PEGUNUNGAN ARFAK,0
7081,2023,9112,PAPUA BARAT,PEGUNUNGAN ARFAK,0
7082,2024,9112,PAPUA BARAT,PEGUNUNGAN ARFAK,0
7083,2025,9112,PAPUA BARAT,PEGUNUNGAN ARFAK,0
7084,2004,9104,PAPUA BARAT,TELUK BINTUNI,0
7085,2005,9104,PAPUA BARAT,TELUK BINTUNI,0
7086,2006,9104,PAPUA BARAT,TELUK BINTUNI,0
7087,2007,9104,PAPUA BARAT,TELUK BINTUNI,0
7088,2008,9104,PAPUA BARAT,TELUK BINTUNI,0
7089,2009,9104,PAPUA BARAT,TELUK BINTUNI,0
7090,2010,9104,PAPUA BARAT,TELUK BINTUNI,0
7091,2011,9104,PAPUA BARAT,TELUK BINTUNI,0
7092,2012,9104,PAPUA BARAT,TELUK BINTUNI,0
7093,2013,9104,PAPUA BARAT,TELUK BINTUNI,0
7094,2014,9104,PAPUA BARAT,TELUK BINTUNI,0
7095,2015,9104,PAPUA BARAT,TELUK BINTUNI,0
7096,2016,9104,PAPUA BARAT,TELUK BINTUNI,0
7097,2017,9104,PAPUA BARAT,TELUK BINTUNI,0
7098,2018,9104,PAPUA BARAT,TELUK BINTUNI,0
7099,2019,9104,PAPUA BARAT,TELUK BINTUNI,0
7100,2020,9104,PAPUA BARAT,TELUK BINTUNI,0
7101,2021,9104,PAPUA BARAT,TELUK BINTUNI,0
7102,2022,9104,PAPUA BARAT,TELUK BINTUNI,0
7103,2023,9104,PAPUA BARAT,TELUK BINTUNI,0
7104,2024,9104,PAPUA BARAT,TELUK BINTUNI,0
7105,2025,9104,PAPUA BARAT,TELUK BINTUNI,0
7106,2004,9103,PAPUA BARAT,TELUK WONDAMA,0
7107,2005,9103,PAPUA BARAT,TELUK WONDAMA,0
7108,2006,9103,PAPUA BARAT,TELUK WONDAMA,0
7109,2007,9103,PAPUA BARAT,TELUK WONDAMA,0
7110,2008,9103,PAPUA BARAT,TELUK WONDAMA,0
7111,2009,9103,PAPUA BARAT,TELUK WONDAMA,0
7112,2010,9103,PAPUA BARAT,TELUK WONDAMA,0
7113,2011,9103,PAPUA BARAT,TELUK WONDAMA,0
7114,2012,9103,PAPUA BARAT,TELUK WONDAMA,0
7115,2013,9103,PAPUA BARAT,TELUK WONDAMA,0
7116,2014,9103,PAPUA BARAT,TELUK WONDAMA,0
7117,2015,9103,PAPUA BARAT,TELUK WONDAMA,0
7118,2016,9103,PAPUA BARAT,TELUK WONDAMA,0
7119,2017,9103,PAPUA BARAT,TELUK WONDAMA,0
7120,2018,9103,PAPUA BARAT,TELUK WONDAMA,0
7121,2019,9103,PAPUA BARAT,TELUK WONDAMA,0
7122,2020,9103,PAPUA BARAT,TELUK WONDAMA,0
7123,2021,9103,PAPUA BARAT,TELUK WONDAMA,0
7124,2022,9103,PAPUA BARAT,TELUK WONDAMA,0
7125,2023,9103,PAPUA BARAT,TELUK WONDAMA,0
7126,2024,9103,PAPUA BARAT,TELUK WONDAMA,0
7127,2025,9103,PAPUA BARAT,TELUK WONDAMA,0
7128,2004,9409,PAPUA,BIAK NUMFOR,0
7129,2005,9409,PAPUA,BIAK NUMFOR,0
7130,2006,9409,PAPUA,BIAK NUMFOR,0
7131,2007,9409,PAPUA,BIAK NUMFOR,0
7132,2008,9409,PAPUA,BIAK NUMFOR,0
7133,2009,9409,PAPUA,BIAK NUMFOR,0
7134,2010,9409,PAPUA,BIAK NUMFOR,0
7135,2011,9409,PAPUA,BIAK NUMFOR,0
7136,2012,9409,PAPUA,BIAK NUMFOR,0
7137,2013,9409,PAPUA,BIAK NUMFOR,0
7138,2014,9409,PAPUA,BIAK NUMFOR,0
7139,2015,9409,PAPUA,BIAK NUMFOR,0
7140,2016,9409,PAPUA,BIAK NUMFOR,0
7141,2017,9409,PAPUA,BIAK NUMFOR,0
7142,2018,9409,PAPUA,BIAK NUMFOR,0
7143,2019,9409,PAPUA,BIAK NUMFOR,0
7144,2020,9409,PAPUA,BIAK NUMFOR,0
7145,2021,9409,PAPUA,BIAK NUMFOR,0
7146,2022,9409,PAPUA,BIAK NUMFOR,0
7147,2023,9409,PAPUA,BIAK NUMFOR,0
7148,2024,9409,PAPUA,BIAK NUMFOR,0
7149,2025,9409,PAPUA,BIAK NUMFOR,0
7150,2004,9403,PAPUA,JAYAPURA,0
7151,2005,9403,PAPUA,JAYAPURA,0
7152,2006,9403,PAPUA,JAYAPURA,0
7153,2007,9403,PAPUA,JAYAPURA,0
7154,2008,9403,PAPUA,JAYAPURA,0
7155,2009,9403,PAPUA,JAYAPURA,0
7156,2010,9403,PAPUA,JAYAPURA,0
7157,2011,9403,PAPUA,JAYAPURA,0
7158,2012,9403,PAPUA,JAYAPURA,0
7159,2013,9403,PAPUA,JAYAPURA,0
7160,2014,9403,PAPUA,JAYAPURA,0
7161,2015,9403,PAPUA,JAYAPURA,0
7162,2016,9403,PAPUA,JAYAPURA,0
7163,2017,9403,PAPUA,JAYAPURA,0
7164,2018,9403,PAPUA,JAYAPURA,0
7165,2019,9403,PAPUA,JAYAPURA,0
7166,2020,9403,PAPUA,JAYAPURA,0
7167,2021,9403,PAPUA,JAYAPURA,0
7168,2022,9403,PAPUA,JAYAPURA,0
7169,2023,9403,PAPUA,JAYAPURA,0
7170,2024,9403,PAPUA,JAYAPURA,0
7171,2025,9403,PAPUA,JAYAPURA,0
7172,2004,9471,PAPUA,KOTA JAYAPURA,0
7173,2005,9471,PAPUA,KOTA JAYAPURA,0
7174,2006,9471,PAPUA,KOTA JAYAPURA,0
7175,2007,9471,PAPUA,KOTA JAYAPURA,0
7176,2008,9471,PAPUA,KOTA JAYAPURA,0
7177,2009,9471,PAPUA,KOTA JAYAPURA,0
7178,2010,9471,PAPUA,KOTA JAYAPURA,0
7179,2011,9471,PAPUA,KOTA JAYAPURA,0
7180,2012,9471,PAPUA,KOTA JAYAPURA,0
7181,2013,9471,PAPUA,KOTA JAYAPURA,0
7182,2014,9471,PAPUA,KOTA JAYAPURA,0
7183,2015,9471,PAPUA,KOTA JAYAPURA,0
7184,2016,9471,PAPUA,KOTA JAYAPURA,0
7185,2017,9471,PAPUA,KOTA JAYAPURA,0
7186,2018,9471,PAPUA,KOTA JAYAPURA,0
7187,2019,9471,PAPUA,KOTA JAYAPURA,0
7188,2020,9471,PAPUA,KOTA JAYAPURA,0
7189,2021,9471,PAPUA,KOTA JAYAPURA,0
7190,2022,9471,PAPUA,KOTA JAYAPURA,0
7191,2023,9471,PAPUA,KOTA JAYAPURA,0
7192,2024,9471,PAPUA,KOTA JAYAPURA,0
7193,2025,9471,PAPUA,KOTA JAYAPURA,0
7194,2004,9420,PAPUA,KEEROM,0
7195,2005,9420,PAPUA,KEEROM,0
7196,2006,9420,PAPUA,KEEROM,0
7197,2007,9420,PAPUA,KEEROM,0
7198,2008,9420,PAPUA,KEEROM,0
7199,2009,9420,PAPUA,KEEROM,0
7200,2010,9420,PAPUA,KEEROM,0
7201,2011,9420,PAPUA,KEEROM,0
7202,2012,9420,PAPUA,KEEROM,0
7203,2013,9420,PAPUA,KEEROM,0
7204,2014,9420,PAPUA,KEEROM,0
7205,2015,9420,PAPUA,KEEROM,0
7206,2016,9420,PAPUA,KEEROM,0
7207,2017,9420,PAPUA,KEEROM,0
7208,2018,9420,PAPUA,KEEROM,0
7209,2019,9420,PAPUA,KEEROM,0
7210,2020,9420,PAPUA,KEEROM,0
7211,2021,9420,PAPUA,KEEROM,0
7212,2022,9420,PAPUA,KEEROM,0
7213,2023,9420,PAPUA,KEEROM,0
7214,2024,9420,PAPUA,KEEROM,0
7215,2025,9420,PAPUA,KEEROM,0
7216,2004,9408,PAPUA,KEPULAUAN YAPEN,0
7217,2005,9408,PAPUA,KEPULAUAN YAPEN,0
7218,2006,9408,PAPUA,KEPULAUAN YAPEN,0
7219,2007,9408,PAPUA,KEPULAUAN YAPEN,0
7220,2008,9408,PAPUA,KEPULAUAN YAPEN,0
7221,2009,9408,PAPUA,KEPULAUAN YAPEN,0
7222,2010,9408,PAPUA,KEPULAUAN YAPEN,0
7223,2011,9408,PAPUA,KEPULAUAN YAPEN,0
7224,2012,9408,PAPUA,KEPULAUAN YAPEN,0
7225,2013,9408,PAPUA,KEPULAUAN YAPEN,0
7226,2014,9408,PAPUA,KEPULAUAN YAPEN,0
7227,2015,9408,PAPUA,KEPULAUAN YAPEN,0
7228,2016,9408,PAPUA,KEPULAUAN YAPEN,0
7229,2017,9408,PAPUA,KEPULAUAN YAPEN,0
7230,2018,9408,PAPUA,KEPULAUAN YAPEN,0
7231,2019,9408,PAPUA,KEPULAUAN YAPEN,0
7232,2020,9408,PAPUA,KEPULAUAN YAPEN,0
7233,2021,9408,PAPUA,KEPULAUAN YAPEN,0
7234,2022,9408,PAPUA,KEPULAUAN YAPEN,0
7235,2023,9408,PAPUA,KEPULAUAN YAPEN,0
7236,2024,9408,PAPUA,KEPULAUAN YAPEN,0
7237,2025,9408,PAPUA,KEPULAUAN YAPEN,0
7238,2004,9428,PAPUA,MAMBERAMO RAYA,0
7239,2005,9428,PAPUA,MAMBERAMO RAYA,0
7240,2006,9428,PAPUA,MAMBERAMO RAYA,0
7241,2007,9428,PAPUA,MAMBERAMO RAYA,0
7242,2008,9428,PAPUA,MAMBERAMO RAYA,0
7243,2009,9428,PAPUA,MAMBERAMO RAYA,0
7244,2010,9428,PAPUA,MAMBERAMO RAYA,0
7245,2011,9428,PAPUA,MAMBERAMO RAYA,0
7246,2012,9428,PAPUA,MAMBERAMO RAYA,0
7247,2013,9428,PAPUA,MAMBERAMO RAYA,0
7248,2014,9428,PAPUA,MAMBERAMO RAYA,0
7249,2015,9428,PAPUA,MAMBERAMO RAYA,0
7250,2016,9428,PAPUA,MAMBERAMO RAYA,0
7251,2017,9428,PAPUA,MAMBERAMO RAYA,0
7252,2018,9428,PAPUA,MAMBERAMO RAYA,0
7253,2019,9428,PAPUA,MAMBERAMO RAYA,0
7254,2020,9428,PAPUA,MAMBERAMO RAYA,0
7255,2021,9428,PAPUA,MAMBERAMO RAYA,0
7256,2022,9428,PAPUA,MAMBERAMO RAYA,0
7257,2023,9428,PAPUA,MAMBERAMO RAYA,0
7258,2024,9428,PAPUA,MAMBERAMO RAYA,0
7259,2025,9428,PAPUA,MAMBERAMO RAYA,0
7260,2004,9402,PAPUA,JAYAWIJAYA,0
7261,2005,9402,PAPUA,JAYAWIJAYA,0
7262,2006,9402,PAPUA,JAYAWIJAYA,0
7263,2007,9402,PAPUA,JAYAWIJAYA,0
7264,2008,9402,PAPUA,JAYAWIJAYA,0
7265,2009,9402,PAPUA,JAYAWIJAYA,0
7266,2010,9402,PAPUA,JAYAWIJAYA,0
7267,2011,9402,PAPUA,JAYAWIJAYA,0
7268,2012,9402,PAPUA,JAYAWIJAYA,0
7269,2013,9402,PAPUA,JAYAWIJAYA,0
7270,2014,9402,PAPUA,JAYAWIJAYA,0
7271,2015,9402,PAPUA,JAYAWIJAYA,0
7272,2016,9402,PAPUA,JAYAWIJAYA,0
7273,2017,9402,PAPUA,JAYAWIJAYA,0
7274,2018,9402,PAPUA,JAYAWIJAYA,0
7275,2019,9402,PAPUA,JAYAWIJAYA,0
7276,2020,9402,PAPUA,JAYAWIJAYA,0
7277,2021,9402,PAPUA,JAYAWIJAYA,0
7278,2022,9402,PAPUA,JAYAWIJAYA,0
7279,2023,9402,PAPUA,JAYAWIJAYA,0
7280,2024,9402,PAPUA,JAYAWIJAYA,0
7281,2025,9402,PAPUA,JAYAWIJAYA,0
7282,2004,9430,PAPUA,LANNY JAYA,0
7283,2005,9430,PAPUA,LANNY JAYA,0
7284,2006,9430,PAPUA,LANNY JAYA,0
7285,2007,9430,PAPUA,LANNY JAYA,0
7286,2008,9430,PAPUA,LANNY JAYA,0
7287,2009,9430,PAPUA,LANNY JAYA,0
7288,2010,9430,PAPUA,LANNY JAYA,0
7289,2011,9430,PAPUA,LANNY JAYA,0
7290,2012,9430,PAPUA,LANNY JAYA,0
7291,2013,9430,PAPUA,LANNY JAYA,0
7292,2014,9430,PAPUA,LANNY JAYA,0
7293,2015,9430,PAPUA,LANNY JAYA,0
7294,2016,9430,PAPUA,LANNY JAYA,0
7295,2017,9430,PAPUA,LANNY JAYA,0
7296,2018,9430,PAPUA,LANNY JAYA,0
7297,2019,9430,PAPUA,LANNY JAYA,0
7298,2020,9430,PAPUA,LANNY JAYA,0
7299,2021,9430,PAPUA,LANNY JAYA,0
7300,2022,9430,PAPUA,LANNY JAYA,0
7301,2023,9430,PAPUA,LANNY JAYA,0
7302,2024,9430,PAPUA,LANNY JAYA,0
7303,2025,9430,PAPUA,LANNY JAYA,0
7304,2004,9431,PAPUA,MAMBERAMO TENGAH,0
7305,2005,9431,PAPUA,MAMBERAMO TENGAH,0
7306,2006,9431,PAPUA,MAMBERAMO TENGAH,0
7307,2007,9431,PAPUA,MAMBERAMO TENGAH,0
7308,2008,9431,PAPUA,MAMBERAMO TENGAH,0
7309,2009,9431,PAPUA,MAMBERAMO TENGAH,0
7310,2010,9431,PAPUA,MAMBERAMO TENGAH,0
7311,2011,9431,PAPUA,MAMBERAMO TENGAH,0
7312,2012,9431,PAPUA,MAMBERAMO TENGAH,0
7313,2013,9431,PAPUA,MAMBERAMO TENGAH,0
7314,2014,9431,PAPUA,MAMBERAMO TENGAH,0
7315,2015,9431,PAPUA,MAMBERAMO TENGAH,0
7316,2016,9431,PAPUA,MAMBERAMO TENGAH,0
7317,2017,9431,PAPUA,MAMBERAMO TENGAH,0
7318,2018,9431,PAPUA,MAMBERAMO TENGAH,0
7319,2019,9431,PAPUA,MAMBERAMO TENGAH,0
7320,2020,9431,PAPUA,MAMBERAMO TENGAH,0
7321,2021,9431,PAPUA,MAMBERAMO TENGAH,0
7322,2022,9431,PAPUA,MAMBERAMO TENGAH,0
7323,2023,9431,PAPUA,MAMBERAMO TENGAH,0
7324,2024,9431,PAPUA,MAMBERAMO TENGAH,0
7325,2025,9431,PAPUA,MAMBERAMO TENGAH,0
7326,2004,9429,PAPUA,NDUGA,0
7327,2005,9429,PAPUA,NDUGA,0
7328,2006,9429,PAPUA,NDUGA,0
7329,2007,9429,PAPUA,NDUGA,0
7330,2008,9429,PAPUA,NDUGA,0
7331,2009,9429,PAPUA,NDUGA,0
7332,2010,9429,PAPUA,NDUGA,0
7333,2011,9429,PAPUA,NDUGA,0
7334,2012,9429,PAPUA,NDUGA,0
7335,2013,9429,PAPUA,NDUGA,0
7336,2014,9429,PAPUA,NDUGA,0
7337,2015,9429,PAPUA,NDUGA,0
7338,2016,9429,PAPUA,NDUGA,0
7339,2017,9429,PAPUA,NDUGA,0
7340,2018,9429,PAPUA,NDUGA,0
7341,2019,9429,PAPUA,NDUGA,0
7342,2020,9429,PAPUA,NDUGA,0
7343,2021,9429,PAPUA,NDUGA,0
7344,2022,9429,PAPUA,NDUGA,0
7345,2023,9429,PAPUA,NDUGA,0
7346,2024,9429,PAPUA,NDUGA,0
7347,2025,9429,PAPUA,NDUGA,0
7348,2004,9417,PAPUA,PEGUNUNGAN BINTANG,0
7349,2005,9417,PAPUA,PEGUNUNGAN BINTANG,0
7350,2006,9417,PAPUA,PEGUNUNGAN BINTANG,0
7351,2007,9417,PAPUA,PEGUNUNGAN BINTANG,0
7352,2008,9417,PAPUA,PEGUNUNGAN BINTANG,0
7353,2009,9417,PAPUA,PEGUNUNGAN BINTANG,0
7354,2010,9417,PAPUA,PEGUNUNGAN BINTANG,0
7355,2011,9417,PAPUA,PEGUNUNGAN BINTANG,0
7356,2012,9417,PAPUA,PEGUNUNGAN BINTANG,0
7357,2013,9417,PAPUA,PEGUNUNGAN BINTANG,0
7358,2014,9417,PAPUA,PEGUNUNGAN BINTANG,0
7359,2015,9417,PAPUA,PEGUNUNGAN BINTANG,0
7360,2016,9417,PAPUA,PEGUNUNGAN BINTANG,0
7361,2017,9417,PAPUA,PEGUNUNGAN BINTANG,0
7362,2018,9417,PAPUA,PEGUNUNGAN BINTANG,0
7363,2019,9417,PAPUA,PEGUNUNGAN BINTANG,0
7364,2020,9417,PAPUA,PEGUNUNGAN BINTANG,0
7365,2021,9417,PAPUA,PEGUNUNGAN BINTANG,0
7366,2022,9417,PAPUA,PEGUNUNGAN BINTANG,0
7367,2023,9417,PAPUA,PEGUNUNGAN BINTANG,0
7368,2024,9417,PAPUA,PEGUNUNGAN BINTANG,0
7369,2025,9417,PAPUA,PEGUNUNGAN BINTANG,0
7370,2004,9418,PAPUA,TOLIKARA,0
7371,2005,9418,PAPUA,TOLIKARA,0
7372,2006,9418,PAPUA,TOLIKARA,0
7373,2007,9418,PAPUA,TOLIKARA,0
7374,2008,9418,PAPUA,TOLIKARA,0
7375,2009,9418,PAPUA,TOLIKARA,0
7376,2010,9418,PAPUA,TOLIKARA,0
7377,2011,9418,PAPUA,TOLIKARA,0
7378,2012,9418,PAPUA,TOLIKARA,0
7379,2013,9418,PAPUA,TOLIKARA,0
7380,2014,9418,PAPUA,TOLIKARA,0
7381,2015,9418,PAPUA,TOLIKARA,0
7382,2016,9418,PAPUA,TOLIKARA,0
7383,2017,9418,PAPUA,TOLIKARA,0
7384,2018,9418,PAPUA,TOLIKARA,0
7385,2019,9418,PAPUA,TOLIKARA,0
7386,2020,9418,PAPUA,TOLIKARA,0
7387,2021,9418,PAPUA,TOLIKARA,0
7388,2022,9418,PAPUA,TOLIKARA,0
7389,2023,9418,PAPUA,TOLIKARA,0
7390,2024,9418,PAPUA,TOLIKARA,0
7391,2025,9418,PAPUA,TOLIKARA,0
7392,2004,9416,PAPUA,YAHUKIMO,0
7393,2005,9416,PAPUA,YAHUKIMO,0
7394,2006,9416,PAPUA,YAHUKIMO,0
7395,2007,9416,PAPUA,YAHUKIMO,0
7396,2008,9416,PAPUA,YAHUKIMO,0
7397,2009,9416,PAPUA,YAHUKIMO,0
7398,2010,9416,PAPUA,YAHUKIMO,0
7399,2011,9416,PAPUA,YAHUKIMO,0
7400,2012,9416,PAPUA,YAHUKIMO,0
7401,2013,9416,PAPUA,YAHUKIMO,0
7402,2014,9416,PAPUA,YAHUKIMO,0
7403,2015,9416,PAPUA,YAHUKIMO,0
7404,2016,9416,PAPUA,YAHUKIMO,0
7405,2017,9416,PAPUA,YAHUKIMO,0
7406,2018,9416,PAPUA,YAHUKIMO,0
7407,2019,9416,PAPUA,YAHUKIMO,0
7408,2020,9416,PAPUA,YAHUKIMO,0
7409,2021,9416,PAPUA,YAHUKIMO,0
7410,2022,9416,PAPUA,YAHUKIMO,0
7411,2023,9416,PAPUA,YAHUKIMO,0
7412,2024,9416,PAPUA,YAHUKIMO,0
7413,2025,9416,PAPUA,YAHUKIMO,0
7414,2004,9432,PAPUA,YALIMO,0
7415,2005,9432,PAPUA,YALIMO,0
7416,2006,9432,PAPUA,YALIMO,0
7417,2007,9432,PAPUA,YALIMO,0
7418,2008,9432,PAPUA,YALIMO,0
7419,2009,9432,PAPUA,YALIMO,0
7420,2010,9432,PAPUA,YALIMO,0
7421,2011,9432,PAPUA,YALIMO,0
7422,2012,9432,PAPUA,YALIMO,0
7423,2013,9432,PAPUA,YALIMO,0
7424,2014,9432,PAPUA,YALIMO,0
7425,2015,9432,PAPUA,YALIMO,0
7426,2016,9432,PAPUA,YALIMO,0
7427,2017,9432,PAPUA,YALIMO,0
7428,2018,9432,PAPUA,YALIMO,0
7429,2019,9432,PAPUA,YALIMO,0
7430,2020,9432,PAPUA,YALIMO,0
7431,2021,9432,PAPUA,YALIMO,0
7432,2022,9432,PAPUA,YALIMO,0
7433,2023,9432,PAPUA,YALIMO,0
7434,2024,9432,PAPUA,YALIMO,0
7435,2025,9432,PAPUA,YALIMO,0
7436,2004,9419,PAPUA,SARMI,0
7437,2005,9419,PAPUA,SARMI,0
7438,2006,9419,PAPUA,SARMI,0
7439,2007,9419,PAPUA,SARMI,0
7440,2008,9419,PAPUA,SARMI,0
7441,2009,9419,PAPUA,SARMI,0
7442,2010,9419,PAPUA,SARMI,0
7443,2011,9419,PAPUA,SARMI,0
7444,2012,9419,PAPUA,SARMI,0
7445,2013,9419,PAPUA,SARMI,0
7446,2014,9419,PAPUA,SARMI,0
7447,2015,9419,PAPUA,SARMI,0
7448,2016,9419,PAPUA,SARMI,0
7449,2017,9419,PAPUA,SARMI,0
7450,2018,9419,PAPUA,SARMI,0
7451,2019,9419,PAPUA,SARMI,0
7452,2020,9419,PAPUA,SARMI,0
7453,2021,9419,PAPUA,SARMI,0
7454,2022,9419,PAPUA,SARMI,0
7455,2023,9419,PAPUA,SARMI,0
7456,2024,9419,PAPUA,SARMI,0
7457,2025,9419,PAPUA,SARMI,0
7458,2004,9415,PAPUA,ASMAT,0
7459,2005,9415,PAPUA,ASMAT,0
7460,2006,9415,PAPUA,ASMAT,0
7461,2007,9415,PAPUA,ASMAT,0
7462,2008,9415,PAPUA,ASMAT,0
7463,2009,9415,PAPUA,ASMAT,0
7464,2010,9415,PAPUA,ASMAT,0
7465,2011,9415,PAPUA,ASMAT,0
7466,2012,9415,PAPUA,ASMAT,0
7467,2013,9415,PAPUA,ASMAT,0
7468,2014,9415,PAPUA,ASMAT,0
7469,2015,9415,PAPUA,ASMAT,0
7470,2016,9415,PAPUA,ASMAT,0
7471,2017,9415,PAPUA,ASMAT,0
7472,2018,9415,PAPUA,ASMAT,0
7473,2019,9415,PAPUA,ASMAT,0
7474,2020,9415,PAPUA,ASMAT,0
7475,2021,9415,PAPUA,ASMAT,0
7476,2022,9415,PAPUA,ASMAT,0
7477,2023,9415,PAPUA,ASMAT,0
7478,2024,9415,PAPUA,ASMAT,0
7479,2025,9415,PAPUA,ASMAT,0
7480,2004,9413,PAPUA,BOVEN DIGOEL,0
7481,2005,9413,PAPUA,BOVEN DIGOEL,0
7482,2006,9413,PAPUA,BOVEN DIGOEL,0
7483,2007,9413,PAPUA,BOVEN DIGOEL,0
7484,2008,9413,PAPUA,BOVEN DIGOEL,0
7485,2009,9413,PAPUA,BOVEN DIGOEL,0
7486,2010,9413,PAPUA,BOVEN DIGOEL,0
7487,2011,9413,PAPUA,BOVEN DIGOEL,0
7488,2012,9413,PAPUA,BOVEN DIGOEL,0
7489,2013,9413,PAPUA,BOVEN DIGOEL,0
7490,2014,9413,PAPUA,BOVEN DIGOEL,0
7491,2015,9413,PAPUA,BOVEN DIGOEL,0
7492,2016,9413,PAPUA,BOVEN DIGOEL,0
7493,2017,9413,PAPUA,BOVEN DIGOEL,0
7494,2018,9413,PAPUA,BOVEN DIGOEL,0
7495,2019,9413,PAPUA,BOVEN DIGOEL,0
7496,2020,9413,PAPUA,BOVEN DIGOEL,0
7497,2021,9413,PAPUA,BOVEN DIGOEL,0
7498,2022,9413,PAPUA,BOVEN DIGOEL,0
7499,2023,9413,PAPUA,BOVEN DIGOEL,0
7500,2024,9413,PAPUA,BOVEN DIGOEL,0
7501,2025,9413,PAPUA,BOVEN DIGOEL,0
7502,2004,9414,PAPUA,MAPPI,0
7503,2005,9414,PAPUA,MAPPI,0
7504,2006,9414,PAPUA,MAPPI,0
7505,2007,9414,PAPUA,MAPPI,0
7506,2008,9414,PAPUA,MAPPI,0
7507,2009,9414,PAPUA,MAPPI,0
7508,2010,9414,PAPUA,MAPPI,0
7509,2011,9414,PAPUA,MAPPI,0
7510,2012,9414,PAPUA,MAPPI,0
7511,2013,9414,PAPUA,MAPPI,0
7512,2014,9414,PAPUA,MAPPI,0
7513,2015,9414,PAPUA,MAPPI,0
7514,2016,9414,PAPUA,MAPPI,0
7515,2017,9414,PAPUA,MAPPI,0
7516,2018,9414,PAPUA,MAPPI,0
7517,2019,9414,PAPUA,MAPPI,0
7518,2020,9414,PAPUA,MAPPI,0
7519,2021,9414,PAPUA,MAPPI,0
7520,2022,9414,PAPUA,MAPPI,0
7521,2023,9414,PAPUA,MAPPI,0
7522,2024,9414,PAPUA,MAPPI,0
7523,2025,9414,PAPUA,MAPPI,0
7524,2004,9401,PAPUA,MERAUKE,0
7525,2005,9401,PAPUA,MERAUKE,0
7526,2006,9401,PAPUA,MERAUKE,0
7527,2007,9401,PAPUA,MERAUKE,0
7528,2008,9401,PAPUA,MERAUKE,0
7529,2009,9401,PAPUA,MERAUKE,0
7530,2010,9401,PAPUA,MERAUKE,0
7531,2011,9401,PAPUA,MERAUKE,0
7532,2012,9401,PAPUA,MERAUKE,0
7533,2013,9401,PAPUA,MERAUKE,0
7534,2014,9401,PAPUA,MERAUKE,0
7535,2015,9401,PAPUA,MERAUKE,0
7536,2016,9401,PAPUA,MERAUKE,0
7537,2017,9401,PAPUA,MERAUKE,0
7538,2018,9401,PAPUA,MERAUKE,0
7539,2019,9401,PAPUA,MERAUKE,0
7540,2020,9401,PAPUA,MERAUKE,0
7541,2021,9401,PAPUA,MERAUKE,0
7542,2022,9401,PAPUA,MERAUKE,0
7543,2023,9401,PAPUA,MERAUKE,0
7544,2024,9401,PAPUA,MERAUKE,0
7545,2025,9401,PAPUA,MERAUKE,0
7546,2004,9427,PAPUA,SUPIORI,0
7547,2005,9427,PAPUA,SUPIORI,0
7548,2006,9427,PAPUA,SUPIORI,0
7549,2007,9427,PAPUA,SUPIORI,0
7550,2008,9427,PAPUA,SUPIORI,0
7551,2009,9427,PAPUA,SUPIORI,0
7552,2010,9427,PAPUA,SUPIORI,0
7553,2011,9427,PAPUA,SUPIORI,0
7554,2012,9427,PAPUA,SUPIORI,0
7555,2013,9427,PAPUA,SUPIORI,0
7556,2014,9427,PAPUA,SUPIORI,0
7557,2015,9427,PAPUA,SUPIORI,0
7558,2016,9427,PAPUA,SUPIORI,0
7559,2017,9427,PAPUA,SUPIORI,0
7560,2018,9427,PAPUA,SUPIORI,0
7561,2019,9427,PAPUA,SUPIORI,0
7562,2020,9427,PAPUA,SUPIORI,0
7563,2021,9427,PAPUA,SUPIORI,0
7564,2022,9427,PAPUA,SUPIORI,0
7565,2023,9427,PAPUA,SUPIORI,0
7566,2024,9427,PAPUA,SUPIORI,0
7567,2025,9427,PAPUA,SUPIORI,0
7568,2004,9436,PAPUA,DEIYAI,0
7569,2005,9436,PAPUA,DEIYAI,0
7570,2006,9436,PAPUA,DEIYAI,0
7571,2007,9436,PAPUA,DEIYAI,0
7572,2008,9436,PAPUA,DEIYAI,0
7573,2009,9436,PAPUA,DEIYAI,0
7574,2010,9436,PAPUA,DEIYAI,0
7575,2011,9436,PAPUA,DEIYAI,0
7576,2012,9436,PAPUA,DEIYAI,0
7577,2013,9436,PAPUA,DEIYAI,0
7578,2014,9436,PAPUA,DEIYAI,0
7579,2015,9436,PAPUA,DEIYAI,0
7580,2016,9436,PAPUA,DEIYAI,0
7581,2017,9436,PAPUA,DEIYAI,0
7582,2018,9436,PAPUA,DEIYAI,0
7583,2019,9436,PAPUA,DEIYAI,0
7584,2020,9436,PAPUA,DEIYAI,0
7585,2021,9436,PAPUA,DEIYAI,0
7586,2022,9436,PAPUA,DEIYAI,0
7587,2023,9436,PAPUA,DEIYAI,0
7588,2024,9436,PAPUA,DEIYAI,0
7589,2025,9436,PAPUA,DEIYAI,0
7590,2004,9434,PAPUA,DOGIYAI,0
7591,2005,9434,PAPUA,DOGIYAI,0
7592,2006,9434,PAPUA,DOGIYAI,0
7593,2007,9434,PAPUA,DOGIYAI,0
7594,2008,9434,PAPUA,DOGIYAI,0
7595,2009,9434,PAPUA,DOGIYAI,0
7596,2010,9434,PAPUA,DOGIYAI,0
7597,2011,9434,PAPUA,DOGIYAI,0
7598,2012,9434,PAPUA,DOGIYAI,0
7599,2013,9434,PAPUA,DOGIYAI,0
7600,2014,9434,PAPUA,DOGIYAI,0
7601,2015,9434,PAPUA,DOGIYAI,0
7602,2016,9434,PAPUA,DOGIYAI,0
7603,2017,9434,PAPUA,DOGIYAI,0
7604,2018,9434,PAPUA,DOGIYAI,0
7605,2019,9434,PAPUA,DOGIYAI,0
7606,2020,9434,PAPUA,DOGIYAI,0
7607,2021,9434,PAPUA,DOGIYAI,0
7608,2022,9434,PAPUA,DOGIYAI,0
7609,2023,9434,PAPUA,DOGIYAI,0
7610,2024,9434,PAPUA,DOGIYAI,0
7611,2025,9434,PAPUA,DOGIYAI,0
7612,2004,9435,PAPUA,INTAN JAYA,0
7613,2005,9435,PAPUA,INTAN JAYA,0
7614,2006,9435,PAPUA,INTAN JAYA,0
7615,2007,9435,PAPUA,INTAN JAYA,0
7616,2008,9435,PAPUA,INTAN JAYA,0
7617,2009,9435,PAPUA,INTAN JAYA,0
7618,2010,9435,PAPUA,INTAN JAYA,0
7619,2011,9435,PAPUA,INTAN JAYA,0
7620,2012,9435,PAPUA,INTAN JAYA,0
7621,2013,9435,PAPUA,INTAN JAYA,0
7622,2014,9435,PAPUA,INTAN JAYA,0
7623,2015,9435,PAPUA,INTAN JAYA,0
7624,2016,9435,PAPUA,INTAN JAYA,0
7625,2017,9435,PAPUA,INTAN JAYA,0
7626,2018,9435,PAPUA,INTAN JAYA,0
7627,2019,9435,PAPUA,INTAN JAYA,0
7628,2020,9435,PAPUA,INTAN JAYA,0
7629,2021,9435,PAPUA,INTAN JAYA,0
7630,2022,9435,PAPUA,INTAN JAYA,0
7631,2023,9435,PAPUA,INTAN JAYA,0
7632,2024,9435,PAPUA,INTAN JAYA,0
7633,2025,9435,PAPUA,INTAN JAYA,0
7634,2004,9412,PAPUA,MIMIKA,0
7635,2005,9412,PAPUA,MIMIKA,0
7636,2006,9412,PAPUA,MIMIKA,0
7637,2007,9412,PAPUA,MIMIKA,0
7638,2008,9412,PAPUA,MIMIKA,0
7639,2009,9412,PAPUA,MIMIKA,0
7640,2010,9412,PAPUA,MIMIKA,0
7641,2011,9412,PAPUA,MIMIKA,0
7642,2012,9412,PAPUA,MIMIKA,0
7643,2013,9412,PAPUA,MIMIKA,0
7644,2014,9412,PAPUA,MIMIKA,0
7645,2015,9412,PAPUA,MIMIKA,0
7646,2016,9412,PAPUA,MIMIKA,0
7647,2017,9412,PAPUA,MIMIKA,0
7648,2018,9412,PAPUA,MIMIKA,0
7649,2019,9412,PAPUA,MIMIKA,0
7650,2020,9412,PAPUA,MIMIKA,0
7651,2021,9412,PAPUA,MIMIKA,0
7652,2022,9412,PAPUA,MIMIKA,0
7653,2023,9412,PAPUA,MIMIKA,0
7654,2024,9412,PAPUA,MIMIKA,0
7655,2025,9412,PAPUA,MIMIKA,0
7656,2004,9404,PAPUA,NABIRE,0
7657,2005,9404,PAPUA,NABIRE,0
7658,2006,9404,PAPUA,NABIRE,0
7659,2007,9404,PAPUA,NABIRE,0
7660,2008,9404,PAPUA,NABIRE,0
7661,2009,9404,PAPUA,NABIRE,0
7662,2010,9404,PAPUA,NABIRE,0
7663,2011,9404,PAPUA,NABIRE,0
7664,2012,9404,PAPUA,NABIRE,0
7665,2013,9404,PAPUA,NABIRE,0
7666,2014,9404,PAPUA,NABIRE,0
7667,2015,9404,PAPUA,NABIRE,0
7668,2016,9404,PAPUA,NABIRE,0
7669,2017,9404,PAPUA,NABIRE,0
7670,2018,9404,PAPUA,NABIRE,0
7671,2019,9404,PAPUA,NABIRE,0
7672,2020,9404,PAPUA,NABIRE,0
7673,2021,9404,PAPUA,NABIRE,0
7674,2022,9404,PAPUA,NABIRE,0
7675,2023,9404,PAPUA,NABIRE,0
7676,2024,9404,PAPUA,NABIRE,0
7677,2025,9404,PAPUA,NABIRE,0
7678,2004,9410,PAPUA,PANIAI,0
7679,2005,9410,PAPUA,PANIAI,0
7680,2006,9410,PAPUA,PANIAI,0
7681,2007,9410,PAPUA,PANIAI,0
7682,2008,9410,PAPUA,PANIAI,0
7683,2009,9410,PAPUA,PANIAI,0
7684,2010,9410,PAPUA,PANIAI,0
7685,2011,9410,PAPUA,PANIAI,0
7686,2012,9410,PAPUA,PANIAI,0
7687,2013,9410,PAPUA,PANIAI,0
7688,2014,9410,PAPUA,PANIAI,0
7689,2015,9410,PAPUA,PANIAI,0
7690,2016,9410,PAPUA,PANIAI,0
7691,2017,9410,PAPUA,PANIAI,0
7692,2018,9410,PAPUA,PANIAI,0
7693,2019,9410,PAPUA,PANIAI,0
7694,2020,9410,PAPUA,PANIAI,0
7695,2021,9410,PAPUA,PANIAI,0
7696,2022,9410,PAPUA,PANIAI,0
7697,2023,9410,PAPUA,PANIAI,0
7698,2024,9410,PAPUA,PANIAI,0
7699,2025,9410,PAPUA,PANIAI,0
7700,2004,9433,PAPUA,PUNCAK,0
7701,2005,9433,PAPUA,PUNCAK,0
7702,2006,9433,PAPUA,PUNCAK,0
7703,2007,9433,PAPUA,PUNCAK,0
7704,2008,9433,PAPUA,PUNCAK,0
7705,2009,9433,PAPUA,PUNCAK,0
7706,2010,9433,PAPUA,PUNCAK,0
7707,2011,9433,PAPUA,PUNCAK,0
7708,2012,9433,PAPUA,PUNCAK,0
7709,2013,9433,PAPUA,PUNCAK,0
7710,2014,9433,PAPUA,PUNCAK,0
7711,2015,9433,PAPUA,PUNCAK,0
7712,2016,9433,PAPUA,PUNCAK,0
7713,2017,9433,PAPUA,PUNCAK,0
7714,2018,9433,PAPUA,PUNCAK,0
7715,2019,9433,PAPUA,PUNCAK,0
7716,2020,9433,PAPUA,PUNCAK,0
7717,2021,9433,PAPUA,PUNCAK,0
7718,2022,9433,PAPUA,PUNCAK,0
7719,2023,9433,PAPUA,PUNCAK,0
7720,2024,9433,PAPUA,PUNCAK,0
7721,2025,9433,PAPUA,PUNCAK,0
7722,2004,9411,PAPUA,PUNCAK JAYA,0
7723,2005,9411,PAPUA,PUNCAK JAYA,0
7724,2006,9411,PAPUA,PUNCAK JAYA,0
7725,2007,9411,PAPUA,PUNCAK JAYA,0
7726,2008,9411,PAPUA,PUNCAK JAYA,0
7727,2009,9411,PAPUA,PUNCAK JAYA,0
7728,2010,9411,PAPUA,PUNCAK JAYA,0
7729,2011,9411,PAPUA,PUNCAK JAYA,0
7730,2012,9411,PAPUA,PUNCAK JAYA,0
7731,2013,9411,PAPUA,PUNCAK JAYA,0
7732,2014,9411,PAPUA,PUNCAK JAYA,0
7733,2015,9411,PAPUA,PUNCAK JAYA,0
7734,2016,9411,PAPUA,PUNCAK JAYA,0
7735,2017,9411,PAPUA,PUNCAK JAYA,0
7736,2018,9411,PAPUA,PUNCAK JAYA,0
7737,2019,9411,PAPUA,PUNCAK JAYA,0
7738,2020,9411,PAPUA,PUNCAK JAYA,0
7739,2021,9411,PAPUA,PUNCAK JAYA,0
7740,2022,9411,PAPUA,PUNCAK JAYA,0
7741,2023,9411,PAPUA,PUNCAK JAYA,0
7742,2024,9411,PAPUA,PUNCAK JAYA,0
7743,2025,9411,PAPUA,PUNCAK JAYA,0
7744,2004,9426,PAPUA,WAROPEN,0
7745,2005,9426,PAPUA,WAROPEN,0
7746,2006,9426,PAPUA,WAROPEN,0
7747,2007,9426,PAPUA,WAROPEN,0
7748,2008,9426,PAPUA,WAROPEN,0
7749,2009,9426,PAPUA,WAROPEN,0
7750,2010,9426,PAPUA,WAROPEN,0
7751,2011,9426,PAPUA,WAROPEN,0
7752,2012,9426,PAPUA,WAROPEN,0
7753,2013,9426,PAPUA,WAROPEN,0
7754,2014,9426,PAPUA,WAROPEN,0
7755,2015,9426,PAPUA,WAROPEN,0
7756,2016,9426,PAPUA,WAROPEN,0
7757,2017,9426,PAPUA,WAROPEN,0
7758,2018,9426,PAPUA,WAROPEN,0
7759,2019,9426,PAPUA,WAROPEN,0
7760,2020,9426,PAPUA,WAROPEN,0
7761,2021,9426,PAPUA,WAROPEN,0
7762,2022,9426,PAPUA,WAROPEN,0
7763,2023,9426,PAPUA,WAROPEN,0
7764,2024,9426,PAPUA,WAROPEN,0
7765,2025,9426,PAPUA,WAROPEN,0
7766,2004,1408,RIAU,BENGKALIS,0
7767,2005,1408,RIAU,BENGKALIS,0
7768,2006,1408,RIAU,BENGKALIS,0
7769,2007,1408,RIAU,BENGKALIS,0
7770,2008,1408,RIAU,BENGKALIS,0
7771,2009,1408,RIAU,BENGKALIS,0
7772,2010,1408,RIAU,BENGKALIS,0
7773,2011,1408,RIAU,BENGKALIS,0
7774,2012,1408,RIAU,BENGKALIS,0
7775,2013,1408,RIAU,BENGKALIS,0
7776,2014,1408,RIAU,BENGKALIS,0
7777,2015,1408,RIAU,BENGKALIS,0
7778,2016,1408,RIAU,BENGKALIS,0
7779,2017,1408,RIAU,BENGKALIS,0
7780,2018,1408,RIAU,BENGKALIS,0
7781,2019,1408,RIAU,BENGKALIS,0
7782,2020,1408,RIAU,BENGKALIS,0
7783,2021,1408,RIAU,BENGKALIS,0
7784,2022,1408,RIAU,BENGKALIS,1
7785,2023,1408,RIAU,BENGKALIS,1
7786,2024,1408,RIAU,BENGKALIS,1
7787,2025,1408,RIAU,BENGKALIS,1
7788,2004,1473,RIAU,KOTA D U M A I,0
7789,2005,1473,RIAU,KOTA D U M A I,0
7790,2006,1473,RIAU,KOTA D U M A I,0
7791,2007,1473,RIAU,KOTA D U M A I,0
7792,2008,1473,RIAU,KOTA D U M A I,0
7793,2009,1473,RIAU,KOTA D U M A I,0
7794,2010,1473,RIAU,KOTA D U M A I,0
7795,2011,1473,RIAU,KOTA D U M A I,0
7796,2012,1473,RIAU,KOTA D U M A I,0
7797,2013,1473,RIAU,KOTA D U M A I,0
7798,2014,1473,RIAU,KOTA D U M A I,0
7799,2015,1473,RIAU,KOTA D U M A I,0
7800,2016,1473,RIAU,KOTA D U M A I,0
7801,2017,1473,RIAU,KOTA D U M A I,0
7802,2018,1473,RIAU,KOTA D U M A I,0
7803,2019,1473,RIAU,KOTA D U M A I,0
7804,2020,1473,RIAU,KOTA D U M A I,0
7805,2021,1473,RIAU,KOTA D U M A I,0
7806,2022,1473,RIAU,KOTA D U M A I,0
7807,2023,1473,RIAU,KOTA D U M A I,0
7808,2024,1473,RIAU,KOTA D U M A I,0
7809,2025,1473,RIAU,KOTA D U M A I,0
7810,2004,1403,RIAU,INDRAGIRI HILIR,0
7811,2005,1403,RIAU,INDRAGIRI HILIR,0
7812,2006,1403,RIAU,INDRAGIRI HILIR,0
7813,2007,1403,RIAU,INDRAGIRI HILIR,0
7814,2008,1403,RIAU,INDRAGIRI HILIR,0
7815,2009,1403,RIAU,INDRAGIRI HILIR,0
7816,2010,1403,RIAU,INDRAGIRI HILIR,0
7817,2011,1403,RIAU,INDRAGIRI HILIR,0
7818,2012,1403,RIAU,INDRAGIRI HILIR,0
7819,2013,1403,RIAU,INDRAGIRI HILIR,0
7820,2014,1403,RIAU,INDRAGIRI HILIR,0
7821,2015,1403,RIAU,INDRAGIRI HILIR,0
7822,2016,1403,RIAU,INDRAGIRI HILIR,0
7823,2017,1403,RIAU,INDRAGIRI HILIR,0
7824,2018,1403,RIAU,INDRAGIRI HILIR,0
7825,2019,1403,RIAU,INDRAGIRI HILIR,0
7826,2020,1403,RIAU,INDRAGIRI HILIR,0
7827,2021,1403,RIAU,INDRAGIRI HILIR,0
7828,2022,1403,RIAU,INDRAGIRI HILIR,0
7829,2023,1403,RIAU,INDRAGIRI HILIR,0
7830,2024,1403,RIAU,INDRAGIRI HILIR,0
7831,2025,1403,RIAU,INDRAGIRI HILIR,0
7832,2004,1402,RIAU,INDRAGIRI HULU,0
7833,2005,1402,RIAU,INDRAGIRI HULU,0
7834,2006,1402,RIAU,INDRAGIRI HULU,0
7835,2007,1402,RIAU,INDRAGIRI HULU,0
7836,2008,1402,RIAU,INDRAGIRI HULU,0
7837,2009,1402,RIAU,INDRAGIRI HULU,0
7838,2010,1402,RIAU,INDRAGIRI HULU,0
7839,2011,1402,RIAU,INDRAGIRI HULU,0
7840,2012,1402,RIAU,INDRAGIRI HULU,0
7841,2013,1402,RIAU,INDRAGIRI HULU,0
7842,2014,1402,RIAU,INDRAGIRI HULU,0
7843,2015,1402,RIAU,INDRAGIRI HULU,0
7844,2016,1402,RIAU,INDRAGIRI HULU,0
7845,2017,1402,RIAU,INDRAGIRI HULU,0
7846,2018,1402,RIAU,INDRAGIRI HULU,0
7847,2019,1402,RIAU,INDRAGIRI HULU,0
7848,2020,1402,RIAU,INDRAGIRI HULU,0
7849,2021,1402,RIAU,INDRAGIRI HULU,0
7850,2022,1402,RIAU,INDRAGIRI HULU,0
7851,2023,1402,RIAU,INDRAGIRI HULU,0
7852,2024,1402,RIAU,INDRAGIRI HULU,0
7853,2025,1402,RIAU,INDRAGIRI HULU,0
7854,2004,1406,RIAU,KAMPAR,0
7855,2005,1406,RIAU,KAMPAR,0
7856,2006,1406,RIAU,KAMPAR,0
7857,2007,1406,RIAU,KAMPAR,0
7858,2008,1406,RIAU,KAMPAR,0
7859,2009,1406,RIAU,KAMPAR,0
7860,2010,1406,RIAU,KAMPAR,0
7861,2011,1406,RIAU,KAMPAR,0
7862,2012,1406,RIAU,KAMPAR,0
7863,2013,1406,RIAU,KAMPAR,0
7864,2014,1406,RIAU,KAMPAR,0
7865,2015,1406,RIAU,KAMPAR,0
7866,2016,1406,RIAU,KAMPAR,0
7867,2017,1406,RIAU,KAMPAR,0
7868,2018,1406,RIAU,KAMPAR,0
7869,2019,1406,RIAU,KAMPAR,0
7870,2020,1406,RIAU,KAMPAR,0
7871,2021,1406,RIAU,KAMPAR,0
7872,2022,1406,RIAU,KAMPAR,0
7873,2023,1406,RIAU,KAMPAR,0
7874,2024,1406,RIAU,KAMPAR,0
7875,2025,1406,RIAU,KAMPAR,0
7876,2004,1410,RIAU,KEPULAUAN MERANTI,0
7877,2005,1410,RIAU,KEPULAUAN MERANTI,0
7878,2006,1410,RIAU,KEPULAUAN MERANTI,0
7879,2007,1410,RIAU,KEPULAUAN MERANTI,0
7880,2008,1410,RIAU,KEPULAUAN MERANTI,0
7881,2009,1410,RIAU,KEPULAUAN MERANTI,0
7882,2010,1410,RIAU,KEPULAUAN MERANTI,0
7883,2011,1410,RIAU,KEPULAUAN MERANTI,0
7884,2012,1410,RIAU,KEPULAUAN MERANTI,0
7885,2013,1410,RIAU,KEPULAUAN MERANTI,0
7886,2014,1410,RIAU,KEPULAUAN MERANTI,0
7887,2015,1410,RIAU,KEPULAUAN MERANTI,0
7888,2016,1410,RIAU,KEPULAUAN MERANTI,0
7889,2017,1410,RIAU,KEPULAUAN MERANTI,0
7890,2018,1410,RIAU,KEPULAUAN MERANTI,0
7891,2019,1410,RIAU,KEPULAUAN MERANTI,0
7892,2020,1410,RIAU,KEPULAUAN MERANTI,0
7893,2021,1410,RIAU,KEPULAUAN MERANTI,0
7894,2022,1410,RIAU,KEPULAUAN MERANTI,0
7895,2023,1410,RIAU,KEPULAUAN MERANTI,0
7896,2024,1410,RIAU,KEPULAUAN MERANTI,0
7897,2025,1410,RIAU,KEPULAUAN MERANTI,0
7898,2004,1401,RIAU,KUANTAN SINGINGI,0
7899,2005,1401,RIAU,KUANTAN SINGINGI,0
7900,2006,1401,RIAU,KUANTAN SINGINGI,0
7901,2007,1401,RIAU,KUANTAN SINGINGI,0
7902,2008,1401,RIAU,KUANTAN SINGINGI,0
7903,2009,1401,RIAU,KUANTAN SINGINGI,0
7904,2010,1401,RIAU,KUANTAN SINGINGI,0
7905,2011,1401,RIAU,KUANTAN SINGINGI,0
7906,2012,1401,RIAU,KUANTAN SINGINGI,0
7907,2013,1401,RIAU,KUANTAN SINGINGI,0
7908,2014,1401,RIAU,KUANTAN SINGINGI,0
7909,2015,1401,RIAU,KUANTAN SINGINGI,0
7910,2016,1401,RIAU,KUANTAN SINGINGI,0
7911,2017,1401,RIAU,KUANTAN SINGINGI,0
7912,2018,1401,RIAU,KUANTAN SINGINGI,0
7913,2019,1401,RIAU,KUANTAN SINGINGI,0
7914,2020,1401,RIAU,KUANTAN SINGINGI,0
7915,2021,1401,RIAU,KUANTAN SINGINGI,0
7916,2022,1401,RIAU,KUANTAN SINGINGI,0
7917,2023,1401,RIAU,KUANTAN SINGINGI,0
7918,2024,1401,RIAU,KUANTAN SINGINGI,0
7919,2025,1401,RIAU,KUANTAN SINGINGI,0
7920,2004,1471,RIAU,KOTA PEKANBARU,0
7921,2005,1471,RIAU,KOTA PEKANBARU,0
7922,2006,1471,RIAU,KOTA PEKANBARU,0
7923,2007,1471,RIAU,KOTA PEKANBARU,0
7924,2008,1471,RIAU,KOTA PEKANBARU,0
7925,2009,1471,RIAU,KOTA PEKANBARU,0
7926,2010,1471,RIAU,KOTA PEKANBARU,0
7927,2011,1471,RIAU,KOTA PEKANBARU,0
7928,2012,1471,RIAU,KOTA PEKANBARU,0
7929,2013,1471,RIAU,KOTA PEKANBARU,0
7930,2014,1471,RIAU,KOTA PEKANBARU,0
7931,2015,1471,RIAU,KOTA PEKANBARU,0
7932,2016,1471,RIAU,KOTA PEKANBARU,0
7933,2017,1471,RIAU,KOTA PEKANBARU,0
7934,2018,1471,RIAU,KOTA PEKANBARU,0
7935,2019,1471,RIAU,KOTA PEKANBARU,0
7936,2020,1471,RIAU,KOTA PEKANBARU,0
7937,2021,1471,RIAU,KOTA PEKANBARU,0
7938,2022,1471,RIAU,KOTA PEKANBARU,0
7939,2023,1471,RIAU,KOTA PEKANBARU,1
7940,2024,1471,RIAU,KOTA PEKANBARU,1
7941,2025,1471,RIAU,KOTA PEKANBARU,1
7942,2004,1404,RIAU,PELALAWAN,0
7943,2005,1404,RIAU,PELALAWAN,0
7944,2006,1404,RIAU,PELALAWAN,0
7945,2007,1404,RIAU,PELALAWAN,0
7946,2008,1404,RIAU,PELALAWAN,0
7947,2009,1404,RIAU,PELALAWAN,0
7948,2010,1404,RIAU,PELALAWAN,0
7949,2011,1404,RIAU,PELALAWAN,0
7950,2012,1404,RIAU,PELALAWAN,0
7951,2013,1404,RIAU,PELALAWAN,0
7952,2014,1404,RIAU,PELALAWAN,0
7953,2015,1404,RIAU,PELALAWAN,0
7954,2016,1404,RIAU,PELALAWAN,0
7955,2017,1404,RIAU,PELALAWAN,0
7956,2018,1404,RIAU,PELALAWAN,0
7957,2019,1404,RIAU,PELALAWAN,0
7958,2020,1404,RIAU,PELALAWAN,0
7959,2021,1404,RIAU,PELALAWAN,0
7960,2022,1404,RIAU,PELALAWAN,0
7961,2023,1404,RIAU,PELALAWAN,0
7962,2024,1404,RIAU,PELALAWAN,0
7963,2025,1404,RIAU,PELALAWAN,0
7964,2004,1409,RIAU,ROKAN HILIR,0
7965,2005,1409,RIAU,ROKAN HILIR,0
7966,2006,1409,RIAU,ROKAN HILIR,0
7967,2007,1409,RIAU,ROKAN HILIR,0
7968,2008,1409,RIAU,ROKAN HILIR,0
7969,2009,1409,RIAU,ROKAN HILIR,0
7970,2010,1409,RIAU,ROKAN HILIR,0
7971,2011,1409,RIAU,ROKAN HILIR,0
7972,2012,1409,RIAU,ROKAN HILIR,0
7973,2013,1409,RIAU,ROKAN HILIR,0
7974,2014,1409,RIAU,ROKAN HILIR,0
7975,2015,1409,RIAU,ROKAN HILIR,0
7976,2016,1409,RIAU,ROKAN HILIR,0
7977,2017,1409,RIAU,ROKAN HILIR,0
7978,2018,1409,RIAU,ROKAN HILIR,0
7979,2019,1409,RIAU,ROKAN HILIR,0
7980,2020,1409,RIAU,ROKAN HILIR,0
7981,2021,1409,RIAU,ROKAN HILIR,0
7982,2022,1409,RIAU,ROKAN HILIR,0
7983,2023,1409,RIAU,ROKAN HILIR,0
7984,2024,1409,RIAU,ROKAN HILIR,0
7985,2025,1409,RIAU,ROKAN HILIR,0
7986,2004,1407,RIAU,ROKAN HULU,0
7987,2005,1407,RIAU,ROKAN HULU,0
7988,2006,1407,RIAU,ROKAN HULU,0
7989,2007,1407,RIAU,ROKAN HULU,0
7990,2008,1407,RIAU,ROKAN HULU,0
7991,2009,1407,RIAU,ROKAN HULU,0
7992,2010,1407,RIAU,ROKAN HULU,0
7993,2011,1407,RIAU,ROKAN HULU,0
7994,2012,1407,RIAU,ROKAN HULU,0
7995,2013,1407,RIAU,ROKAN HULU,0
7996,2014,1407,RIAU,ROKAN HULU,0
7997,2015,1407,RIAU,ROKAN HULU,0
7998,2016,1407,RIAU,ROKAN HULU,0
7999,2017,1407,RIAU,ROKAN HULU,0
8000,2018,1407,RIAU,ROKAN HULU,0
8001,2019,1407,RIAU,ROKAN HULU,0
8002,2020,1407,RIAU,ROKAN HULU,0
8003,2021,1407,RIAU,ROKAN HULU,0
8004,2022,1407,RIAU,ROKAN HULU,0
8005,2023,1407,RIAU,ROKAN HULU,0
8006,2024,1407,RIAU,ROKAN HULU,0
8007,2025,1407,RIAU,ROKAN HULU,0
8008,2004,1405,RIAU,S I A K,0
8009,2005,1405,RIAU,S I A K,0
8010,2006,1405,RIAU,S I A K,0
8011,2007,1405,RIAU,S I A K,0
8012,2008,1405,RIAU,S I A K,0
8013,2009,1405,RIAU,S I A K,0
8014,2010,1405,RIAU,S I A K,0
8015,2011,1405,RIAU,S I A K,0
8016,2012,1405,RIAU,S I A K,0
8017,2013,1405,RIAU,S I A K,0
8018,2014,1405,RIAU,S I A K,0
8019,2015,1405,RIAU,S I A K,0
8020,2016,1405,RIAU,S I A K,0
8021,2017,1405,RIAU,S I A K,0
8022,2018,1405,RIAU,S I A K,0
8023,2019,1405,RIAU,S I A K,0
8024,2020,1405,RIAU,S I A K,0
8025,2021,1405,RIAU,S I A K,0
8026,2022,1405,RIAU,S I A K,0
8027,2023,1405,RIAU,S I A K,0
8028,2024,1405,RIAU,S I A K,0
8029,2025,1405,RIAU,S I A K,0
8030,2004,7601,SULAWESI BARAT,MAJENE,0
8031,2005,7601,SULAWESI BARAT,MAJENE,0
8032,2006,7601,SULAWESI BARAT,MAJENE,0
8033,2007,7601,SULAWESI BARAT,MAJENE,0
8034,2008,7601,SULAWESI BARAT,MAJENE,0
8035,2009,7601,SULAWESI BARAT,MAJENE,0
8036,2010,7601,SULAWESI BARAT,MAJENE,0
8037,2011,7601,SULAWESI BARAT,MAJENE,0
8038,2012,7601,SULAWESI BARAT,MAJENE,0
8039,2013,7601,SULAWESI BARAT,MAJENE,0
8040,2014,7601,SULAWESI BARAT,MAJENE,0
8041,2015,7601,SULAWESI BARAT,MAJENE,0
8042,2016,7601,SULAWESI BARAT,MAJENE,0
8043,2017,7601,SULAWESI BARAT,MAJENE,0
8044,2018,7601,SULAWESI BARAT,MAJENE,0
8045,2019,7601,SULAWESI BARAT,MAJENE,0
8046,2020,7601,SULAWESI BARAT,MAJENE,0
8047,2021,7601,SULAWESI BARAT,MAJENE,0
8048,2022,7601,SULAWESI BARAT,MAJENE,0
8049,2023,7601,SULAWESI BARAT,MAJENE,0
8050,2024,7601,SULAWESI BARAT,MAJENE,0
8051,2025,7601,SULAWESI BARAT,MAJENE,0
8052,2004,7603,SULAWESI BARAT,MAMASA,0
8053,2005,7603,SULAWESI BARAT,MAMASA,0
8054,2006,7603,SULAWESI BARAT,MAMASA,0
8055,2007,7603,SULAWESI BARAT,MAMASA,0
8056,2008,7603,SULAWESI BARAT,MAMASA,0
8057,2009,7603,SULAWESI BARAT,MAMASA,0
8058,2010,7603,SULAWESI BARAT,MAMASA,0
8059,2011,7603,SULAWESI BARAT,MAMASA,0
8060,2012,7603,SULAWESI BARAT,MAMASA,0
8061,2013,7603,SULAWESI BARAT,MAMASA,0
8062,2014,7603,SULAWESI BARAT,MAMASA,0
8063,2015,7603,SULAWESI BARAT,MAMASA,0
8064,2016,7603,SULAWESI BARAT,MAMASA,0
8065,2017,7603,SULAWESI BARAT,MAMASA,0
8066,2018,7603,SULAWESI BARAT,MAMASA,0
8067,2019,7603,SULAWESI BARAT,MAMASA,0
8068,2020,7603,SULAWESI BARAT,MAMASA,0
8069,2021,7603,SULAWESI BARAT,MAMASA,0
8070,2022,7603,SULAWESI BARAT,MAMASA,0
8071,2023,7603,SULAWESI BARAT,MAMASA,0
8072,2024,7603,SULAWESI BARAT,MAMASA,0
8073,2025,7603,SULAWESI BARAT,MAMASA,0
8074,2004,7604,SULAWESI BARAT,MAMUJU,0
8075,2005,7604,SULAWESI BARAT,MAMUJU,0
8076,2006,7604,SULAWESI BARAT,MAMUJU,0
8077,2007,7604,SULAWESI BARAT,MAMUJU,0
8078,2008,7604,SULAWESI BARAT,MAMUJU,0
8079,2009,7604,SULAWESI BARAT,MAMUJU,0
8080,2010,7604,SULAWESI BARAT,MAMUJU,0
8081,2011,7604,SULAWESI BARAT,MAMUJU,0
8082,2012,7604,SULAWESI BARAT,MAMUJU,0
8083,2013,7604,SULAWESI BARAT,MAMUJU,0
8084,2014,7604,SULAWESI BARAT,MAMUJU,0
8085,2015,7604,SULAWESI BARAT,MAMUJU,0
8086,2016,7604,SULAWESI BARAT,MAMUJU,0
8087,2017,7604,SULAWESI BARAT,MAMUJU,0
8088,2018,7604,SULAWESI BARAT,MAMUJU,0
8089,2019,7604,SULAWESI BARAT,MAMUJU,0
8090,2020,7604,SULAWESI BARAT,MAMUJU,0
8091,2021,7604,SULAWESI BARAT,MAMUJU,0
8092,2022,7604,SULAWESI BARAT,MAMUJU,0
8093,2023,7604,SULAWESI BARAT,MAMUJU,1
8094,2024,7604,SULAWESI BARAT,MAMUJU,1
8095,2025,7604,SULAWESI BARAT,MAMUJU,1
8096,2004,7606,SULAWESI BARAT,MAMUJU TENGAH,0
8097,2005,7606,SULAWESI BARAT,MAMUJU TENGAH,0
8098,2006,7606,SULAWESI BARAT,MAMUJU TENGAH,0
8099,2007,7606,SULAWESI BARAT,MAMUJU TENGAH,0
8100,2008,7606,SULAWESI BARAT,MAMUJU TENGAH,0
8101,2009,7606,SULAWESI BARAT,MAMUJU TENGAH,0
8102,2010,7606,SULAWESI BARAT,MAMUJU TENGAH,0
8103,2011,7606,SULAWESI BARAT,MAMUJU TENGAH,0
8104,2012,7606,SULAWESI BARAT,MAMUJU TENGAH,0
8105,2013,7606,SULAWESI BARAT,MAMUJU TENGAH,0
8106,2014,7606,SULAWESI BARAT,MAMUJU TENGAH,0
8107,2015,7606,SULAWESI BARAT,MAMUJU TENGAH,0
8108,2016,7606,SULAWESI BARAT,MAMUJU TENGAH,0
8109,2017,7606,SULAWESI BARAT,MAMUJU TENGAH,0
8110,2018,7606,SULAWESI BARAT,MAMUJU TENGAH,0
8111,2019,7606,SULAWESI BARAT,MAMUJU TENGAH,0
8112,2020,7606,SULAWESI BARAT,MAMUJU TENGAH,0
8113,2021,7606,SULAWESI BARAT,MAMUJU TENGAH,0
8114,2022,7606,SULAWESI BARAT,MAMUJU TENGAH,0
8115,2023,7606,SULAWESI BARAT,MAMUJU TENGAH,0
8116,2024,7606,SULAWESI BARAT,MAMUJU TENGAH,0
8117,2025,7606,SULAWESI BARAT,MAMUJU TENGAH,0
8118,2004,7605,SULAWESI BARAT,PASANGKAYU,0
8119,2005,7605,SULAWESI BARAT,PASANGKAYU,0
8120,2006,7605,SULAWESI BARAT,PASANGKAYU,0
8121,2007,7605,SULAWESI BARAT,PASANGKAYU,0
8122,2008,7605,SULAWESI BARAT,PASANGKAYU,0
8123,2009,7605,SULAWESI BARAT,PASANGKAYU,0
8124,2010,7605,SULAWESI BARAT,PASANGKAYU,0
8125,2011,7605,SULAWESI BARAT,PASANGKAYU,0
8126,2012,7605,SULAWESI BARAT,PASANGKAYU,0
8127,2013,7605,SULAWESI BARAT,PASANGKAYU,0
8128,2014,7605,SULAWESI BARAT,PASANGKAYU,0
8129,2015,7605,SULAWESI BARAT,PASANGKAYU,0
8130,2016,7605,SULAWESI BARAT,PASANGKAYU,0
8131,2017,7605,SULAWESI BARAT,PASANGKAYU,0
8132,2018,7605,SULAWESI BARAT,PASANGKAYU,0
8133,2019,7605,SULAWESI BARAT,PASANGKAYU,1
8134,2020,7605,SULAWESI BARAT,PASANGKAYU,1
8135,2021,7605,SULAWESI BARAT,PASANGKAYU,1
8136,2022,7605,SULAWESI BARAT,PASANGKAYU,1
8137,2023,7605,SULAWESI BARAT,PASANGKAYU,1
8138,2024,7605,SULAWESI BARAT,PASANGKAYU,1
8139,2025,7605,SULAWESI BARAT,PASANGKAYU,1
8140,2004,7602,SULAWESI BARAT,POLEWALI MANDAR,0
8141,2005,7602,SULAWESI BARAT,POLEWALI MANDAR,0
8142,2006,7602,SULAWESI BARAT,POLEWALI MANDAR,0
8143,2007,7602,SULAWESI BARAT,POLEWALI MANDAR,0
8144,2008,7602,SULAWESI BARAT,POLEWALI MANDAR,0
8145,2009,7602,SULAWESI BARAT,POLEWALI MANDAR,0
8146,2010,7602,SULAWESI BARAT,POLEWALI MANDAR,0
8147,2011,7602,SULAWESI BARAT,POLEWALI MANDAR,0
8148,2012,7602,SULAWESI BARAT,POLEWALI MANDAR,0
8149,2013,7602,SULAWESI BARAT,POLEWALI MANDAR,0
8150,2014,7602,SULAWESI BARAT,POLEWALI MANDAR,0
8151,2015,7602,SULAWESI BARAT,POLEWALI MANDAR,0
8152,2016,7602,SULAWESI BARAT,POLEWALI MANDAR,0
8153,2017,7602,SULAWESI BARAT,POLEWALI MANDAR,0
8154,2018,7602,SULAWESI BARAT,POLEWALI MANDAR,0
8155,2019,7602,SULAWESI BARAT,POLEWALI MANDAR,0
8156,2020,7602,SULAWESI BARAT,POLEWALI MANDAR,0
8157,2021,7602,SULAWESI BARAT,POLEWALI MANDAR,0
8158,2022,7602,SULAWESI BARAT,POLEWALI MANDAR,0
8159,2023,7602,SULAWESI BARAT,POLEWALI MANDAR,0
8160,2024,7602,SULAWESI BARAT,POLEWALI MANDAR,0
8161,2025,7602,SULAWESI BARAT,POLEWALI MANDAR,0
8162,2004,7303,SULAWESI SELATAN,BANTAENG,0
8163,2005,7303,SULAWESI SELATAN,BANTAENG,0
8164,2006,7303,SULAWESI SELATAN,BANTAENG,0
8165,2007,7303,SULAWESI SELATAN,BANTAENG,0
8166,2008,7303,SULAWESI SELATAN,BANTAENG,0
8167,2009,7303,SULAWESI SELATAN,BANTAENG,0
8168,2010,7303,SULAWESI SELATAN,BANTAENG,0
8169,2011,7303,SULAWESI SELATAN,BANTAENG,0
8170,2012,7303,SULAWESI SELATAN,BANTAENG,0
8171,2013,7303,SULAWESI SELATAN,BANTAENG,0
8172,2014,7303,SULAWESI SELATAN,BANTAENG,0
8173,2015,7303,SULAWESI SELATAN,BANTAENG,0
8174,2016,7303,SULAWESI SELATAN,BANTAENG,0
8175,2017,7303,SULAWESI SELATAN,BANTAENG,0
8176,2018,7303,SULAWESI SELATAN,BANTAENG,0
8177,2019,7303,SULAWESI SELATAN,BANTAENG,0
8178,2020,7303,SULAWESI SELATAN,BANTAENG,0
8179,2021,7303,SULAWESI SELATAN,BANTAENG,0
8180,2022,7303,SULAWESI SELATAN,BANTAENG,0
8181,2023,7303,SULAWESI SELATAN,BANTAENG,0
8182,2024,7303,SULAWESI SELATAN,BANTAENG,0
8183,2025,7303,SULAWESI SELATAN,BANTAENG,0
8184,2004,7310,SULAWESI SELATAN,BARRU,0
8185,2005,7310,SULAWESI SELATAN,BARRU,0
8186,2006,7310,SULAWESI SELATAN,BARRU,0
8187,2007,7310,SULAWESI SELATAN,BARRU,0
8188,2008,7310,SULAWESI SELATAN,BARRU,0
8189,2009,7310,SULAWESI SELATAN,BARRU,0
8190,2010,7310,SULAWESI SELATAN,BARRU,0
8191,2011,7310,SULAWESI SELATAN,BARRU,0
8192,2012,7310,SULAWESI SELATAN,BARRU,0
8193,2013,7310,SULAWESI SELATAN,BARRU,0
8194,2014,7310,SULAWESI SELATAN,BARRU,0
8195,2015,7310,SULAWESI SELATAN,BARRU,0
8196,2016,7310,SULAWESI SELATAN,BARRU,0
8197,2017,7310,SULAWESI SELATAN,BARRU,0
8198,2018,7310,SULAWESI SELATAN,BARRU,0
8199,2019,7310,SULAWESI SELATAN,BARRU,0
8200,2020,7310,SULAWESI SELATAN,BARRU,0
8201,2021,7310,SULAWESI SELATAN,BARRU,0
8202,2022,7310,SULAWESI SELATAN,BARRU,0
8203,2023,7310,SULAWESI SELATAN,BARRU,0
8204,2024,7310,SULAWESI SELATAN,BARRU,0
8205,2025,7310,SULAWESI SELATAN,BARRU,0
8206,2004,7311,SULAWESI SELATAN,BONE,0
8207,2005,7311,SULAWESI SELATAN,BONE,0
8208,2006,7311,SULAWESI SELATAN,BONE,0
8209,2007,7311,SULAWESI SELATAN,BONE,0
8210,2008,7311,SULAWESI SELATAN,BONE,0
8211,2009,7311,SULAWESI SELATAN,BONE,0
8212,2010,7311,SULAWESI SELATAN,BONE,0
8213,2011,7311,SULAWESI SELATAN,BONE,0
8214,2012,7311,SULAWESI SELATAN,BONE,0
8215,2013,7311,SULAWESI SELATAN,BONE,0
8216,2014,7311,SULAWESI SELATAN,BONE,0
8217,2015,7311,SULAWESI SELATAN,BONE,0
8218,2016,7311,SULAWESI SELATAN,BONE,0
8219,2017,7311,SULAWESI SELATAN,BONE,0
8220,2018,7311,SULAWESI SELATAN,BONE,0
8221,2019,7311,SULAWESI SELATAN,BONE,0
8222,2020,7311,SULAWESI SELATAN,BONE,0
8223,2021,7311,SULAWESI SELATAN,BONE,0
8224,2022,7311,SULAWESI SELATAN,BONE,0
8225,2023,7311,SULAWESI SELATAN,BONE,0
8226,2024,7311,SULAWESI SELATAN,BONE,0
8227,2025,7311,SULAWESI SELATAN,BONE,0
8228,2004,7302,SULAWESI SELATAN,BULUKUMBA,0
8229,2005,7302,SULAWESI SELATAN,BULUKUMBA,0
8230,2006,7302,SULAWESI SELATAN,BULUKUMBA,0
8231,2007,7302,SULAWESI SELATAN,BULUKUMBA,0
8232,2008,7302,SULAWESI SELATAN,BULUKUMBA,0
8233,2009,7302,SULAWESI SELATAN,BULUKUMBA,0
8234,2010,7302,SULAWESI SELATAN,BULUKUMBA,0
8235,2011,7302,SULAWESI SELATAN,BULUKUMBA,0
8236,2012,7302,SULAWESI SELATAN,BULUKUMBA,0
8237,2013,7302,SULAWESI SELATAN,BULUKUMBA,0
8238,2014,7302,SULAWESI SELATAN,BULUKUMBA,0
8239,2015,7302,SULAWESI SELATAN,BULUKUMBA,0
8240,2016,7302,SULAWESI SELATAN,BULUKUMBA,0
8241,2017,7302,SULAWESI SELATAN,BULUKUMBA,0
8242,2018,7302,SULAWESI SELATAN,BULUKUMBA,0
8243,2019,7302,SULAWESI SELATAN,BULUKUMBA,0
8244,2020,7302,SULAWESI SELATAN,BULUKUMBA,0
8245,2021,7302,SULAWESI SELATAN,BULUKUMBA,0
8246,2022,7302,SULAWESI SELATAN,BULUKUMBA,0
8247,2023,7302,SULAWESI SELATAN,BULUKUMBA,0
8248,2024,7302,SULAWESI SELATAN,BULUKUMBA,1
8249,2025,7302,SULAWESI SELATAN,BULUKUMBA,1
8250,2004,7316,SULAWESI SELATAN,ENREKANG,0
8251,2005,7316,SULAWESI SELATAN,ENREKANG,0
8252,2006,7316,SULAWESI SELATAN,ENREKANG,0
8253,2007,7316,SULAWESI SELATAN,ENREKANG,0
8254,2008,7316,SULAWESI SELATAN,ENREKANG,0
8255,2009,7316,SULAWESI SELATAN,ENREKANG,0
8256,2010,7316,SULAWESI SELATAN,ENREKANG,0
8257,2011,7316,SULAWESI SELATAN,ENREKANG,0
8258,2012,7316,SULAWESI SELATAN,ENREKANG,0
8259,2013,7316,SULAWESI SELATAN,ENREKANG,0
8260,2014,7316,SULAWESI SELATAN,ENREKANG,0
8261,2015,7316,SULAWESI SELATAN,ENREKANG,0
8262,2016,7316,SULAWESI SELATAN,ENREKANG,0
8263,2017,7316,SULAWESI SELATAN,ENREKANG,0
8264,2018,7316,SULAWESI SELATAN,ENREKANG,1
8265,2019,7316,SULAWESI SELATAN,ENREKANG,1
8266,2020,7316,SULAWESI SELATAN,ENREKANG,1
8267,2021,7316,SULAWESI SELATAN,ENREKANG,1
8268,2022,7316,SULAWESI SELATAN,ENREKANG,1
8269,2023,7316,SULAWESI SELATAN,ENREKANG,1
8270,2024,7316,SULAWESI SELATAN,ENREKANG,1
8271,2025,7316,SULAWESI SELATAN,ENREKANG,1
8272,2004,7306,SULAWESI SELATAN,GOWA,0
8273,2005,7306,SULAWESI SELATAN,GOWA,0
8274,2006,7306,SULAWESI SELATAN,GOWA,0
8275,2007,7306,SULAWESI SELATAN,GOWA,0
8276,2008,7306,SULAWESI SELATAN,GOWA,0
8277,2009,7306,SULAWESI SELATAN,GOWA,0
8278,2010,7306,SULAWESI SELATAN,GOWA,0
8279,2011,7306,SULAWESI SELATAN,GOWA,0
8280,2012,7306,SULAWESI SELATAN,GOWA,0
8281,2013,7306,SULAWESI SELATAN,GOWA,0
8282,2014,7306,SULAWESI SELATAN,GOWA,0
8283,2015,7306,SULAWESI SELATAN,GOWA,0
8284,2016,7306,SULAWESI SELATAN,GOWA,0
8285,2017,7306,SULAWESI SELATAN,GOWA,0
8286,2018,7306,SULAWESI SELATAN,GOWA,0
8287,2019,7306,SULAWESI SELATAN,GOWA,0
8288,2020,7306,SULAWESI SELATAN,GOWA,0
8289,2021,7306,SULAWESI SELATAN,GOWA,0
8290,2022,7306,SULAWESI SELATAN,GOWA,0
8291,2023,7306,SULAWESI SELATAN,GOWA,0
8292,2024,7306,SULAWESI SELATAN,GOWA,0
8293,2025,7306,SULAWESI SELATAN,GOWA,0
8294,2004,7304,SULAWESI SELATAN,JENEPONTO,0
8295,2005,7304,SULAWESI SELATAN,JENEPONTO,0
8296,2006,7304,SULAWESI SELATAN,JENEPONTO,0
8297,2007,7304,SULAWESI SELATAN,JENEPONTO,0
8298,2008,7304,SULAWESI SELATAN,JENEPONTO,0
8299,2009,7304,SULAWESI SELATAN,JENEPONTO,0
8300,2010,7304,SULAWESI SELATAN,JENEPONTO,0
8301,2011,7304,SULAWESI SELATAN,JENEPONTO,0
8302,2012,7304,SULAWESI SELATAN,JENEPONTO,0
8303,2013,7304,SULAWESI SELATAN,JENEPONTO,0
8304,2014,7304,SULAWESI SELATAN,JENEPONTO,0
8305,2015,7304,SULAWESI SELATAN,JENEPONTO,0
8306,2016,7304,SULAWESI SELATAN,JENEPONTO,0
8307,2017,7304,SULAWESI SELATAN,JENEPONTO,0
8308,2018,7304,SULAWESI SELATAN,JENEPONTO,0
8309,2019,7304,SULAWESI SELATAN,JENEPONTO,0
8310,2020,7304,SULAWESI SELATAN,JENEPONTO,0
8311,2021,7304,SULAWESI SELATAN,JENEPONTO,0
8312,2022,7304,SULAWESI SELATAN,JENEPONTO,0
8313,2023,7304,SULAWESI SELATAN,JENEPONTO,0
8314,2024,7304,SULAWESI SELATAN,JENEPONTO,0
8315,2025,7304,SULAWESI SELATAN,JENEPONTO,0
8316,2004,7301,SULAWESI SELATAN,KEPULAUAN SELAYAR,0
8317,2005,7301,SULAWESI SELATAN,KEPULAUAN SELAYAR,0
8318,2006,7301,SULAWESI SELATAN,KEPULAUAN SELAYAR,0
8319,2007,7301,SULAWESI SELATAN,KEPULAUAN SELAYAR,0
8320,2008,7301,SULAWESI SELATAN,KEPULAUAN SELAYAR,0
8321,2009,7301,SULAWESI SELATAN,KEPULAUAN SELAYAR,0
8322,2010,7301,SULAWESI SELATAN,KEPULAUAN SELAYAR,0
8323,2011,7301,SULAWESI SELATAN,KEPULAUAN SELAYAR,0
8324,2012,7301,SULAWESI SELATAN,KEPULAUAN SELAYAR,0
8325,2013,7301,SULAWESI SELATAN,KEPULAUAN SELAYAR,0
8326,2014,7301,SULAWESI SELATAN,KEPULAUAN SELAYAR,0
8327,2015,7301,SULAWESI SELATAN,KEPULAUAN SELAYAR,0
8328,2016,7301,SULAWESI SELATAN,KEPULAUAN SELAYAR,0
8329,2017,7301,SULAWESI SELATAN,KEPULAUAN SELAYAR,0
8330,2018,7301,SULAWESI SELATAN,KEPULAUAN SELAYAR,0
8331,2019,7301,SULAWESI SELATAN,KEPULAUAN SELAYAR,0
8332,2020,7301,SULAWESI SELATAN,KEPULAUAN SELAYAR,0
8333,2021,7301,SULAWESI SELATAN,KEPULAUAN SELAYAR,0
8334,2022,7301,SULAWESI SELATAN,KEPULAUAN SELAYAR,0
8335,2023,7301,SULAWESI SELATAN,KEPULAUAN SELAYAR,0
8336,2024,7301,SULAWESI SELATAN,KEPULAUAN SELAYAR,0
8337,2025,7301,SULAWESI SELATAN,KEPULAUAN SELAYAR,0
8338,2004,7317,SULAWESI SELATAN,LUWU,0
8339,2005,7317,SULAWESI SELATAN,LUWU,0
8340,2006,7317,SULAWESI SELATAN,LUWU,0
8341,2007,7317,SULAWESI SELATAN,LUWU,0
8342,2008,7317,SULAWESI SELATAN,LUWU,0
8343,2009,7317,SULAWESI SELATAN,LUWU,0
8344,2010,7317,SULAWESI SELATAN,LUWU,0
8345,2011,7317,SULAWESI SELATAN,LUWU,0
8346,2012,7317,SULAWESI SELATAN,LUWU,0
8347,2013,7317,SULAWESI SELATAN,LUWU,0
8348,2014,7317,SULAWESI SELATAN,LUWU,0
8349,2015,7317,SULAWESI SELATAN,LUWU,0
8350,2016,7317,SULAWESI SELATAN,LUWU,0
8351,2017,7317,SULAWESI SELATAN,LUWU,0
8352,2018,7317,SULAWESI SELATAN,LUWU,0
8353,2019,7317,SULAWESI SELATAN,LUWU,0
8354,2020,7317,SULAWESI SELATAN,LUWU,0
8355,2021,7317,SULAWESI SELATAN,LUWU,0
8356,2022,7317,SULAWESI SELATAN,LUWU,0
8357,2023,7317,SULAWESI SELATAN,LUWU,0
8358,2024,7317,SULAWESI SELATAN,LUWU,0
8359,2025,7317,SULAWESI SELATAN,LUWU,0
8360,2004,7325,SULAWESI SELATAN,LUWU TIMUR,0
8361,2005,7325,SULAWESI SELATAN,LUWU TIMUR,0
8362,2006,7325,SULAWESI SELATAN,LUWU TIMUR,0
8363,2007,7325,SULAWESI SELATAN,LUWU TIMUR,0
8364,2008,7325,SULAWESI SELATAN,LUWU TIMUR,0
8365,2009,7325,SULAWESI SELATAN,LUWU TIMUR,0
8366,2010,7325,SULAWESI SELATAN,LUWU TIMUR,0
8367,2011,7325,SULAWESI SELATAN,LUWU TIMUR,0
8368,2012,7325,SULAWESI SELATAN,LUWU TIMUR,0
8369,2013,7325,SULAWESI SELATAN,LUWU TIMUR,0
8370,2014,7325,SULAWESI SELATAN,LUWU TIMUR,0
8371,2015,7325,SULAWESI SELATAN,LUWU TIMUR,0
8372,2016,7325,SULAWESI SELATAN,LUWU TIMUR,0
8373,2017,7325,SULAWESI SELATAN,LUWU TIMUR,0
8374,2018,7325,SULAWESI SELATAN,LUWU TIMUR,0
8375,2019,7325,SULAWESI SELATAN,LUWU TIMUR,1
8376,2020,7325,SULAWESI SELATAN,LUWU TIMUR,1
8377,2021,7325,SULAWESI SELATAN,LUWU TIMUR,1
8378,2022,7325,SULAWESI SELATAN,LUWU TIMUR,1
8379,2023,7325,SULAWESI SELATAN,LUWU TIMUR,1
8380,2024,7325,SULAWESI SELATAN,LUWU TIMUR,1
8381,2025,7325,SULAWESI SELATAN,LUWU TIMUR,1
8382,2004,7322,SULAWESI SELATAN,LUWU UTARA,0
8383,2005,7322,SULAWESI SELATAN,LUWU UTARA,0
8384,2006,7322,SULAWESI SELATAN,LUWU UTARA,0
8385,2007,7322,SULAWESI SELATAN,LUWU UTARA,0
8386,2008,7322,SULAWESI SELATAN,LUWU UTARA,0
8387,2009,7322,SULAWESI SELATAN,LUWU UTARA,0
8388,2010,7322,SULAWESI SELATAN,LUWU UTARA,0
8389,2011,7322,SULAWESI SELATAN,LUWU UTARA,0
8390,2012,7322,SULAWESI SELATAN,LUWU UTARA,0
8391,2013,7322,SULAWESI SELATAN,LUWU UTARA,0
8392,2014,7322,SULAWESI SELATAN,LUWU UTARA,0
8393,2015,7322,SULAWESI SELATAN,LUWU UTARA,0
8394,2016,7322,SULAWESI SELATAN,LUWU UTARA,0
8395,2017,7322,SULAWESI SELATAN,LUWU UTARA,0
8396,2018,7322,SULAWESI SELATAN,LUWU UTARA,0
8397,2019,7322,SULAWESI SELATAN,LUWU UTARA,0
8398,2020,7322,SULAWESI SELATAN,LUWU UTARA,0
8399,2021,7322,SULAWESI SELATAN,LUWU UTARA,0
8400,2022,7322,SULAWESI SELATAN,LUWU UTARA,0
8401,2023,7322,SULAWESI SELATAN,LUWU UTARA,0
8402,2024,7322,SULAWESI SELATAN,LUWU UTARA,0
8403,2025,7322,SULAWESI SELATAN,LUWU UTARA,0
8404,2004,7371,SULAWESI SELATAN,KOTA MAKASSAR,0
8405,2005,7371,SULAWESI SELATAN,KOTA MAKASSAR,0
8406,2006,7371,SULAWESI SELATAN,KOTA MAKASSAR,0
8407,2007,7371,SULAWESI SELATAN,KOTA MAKASSAR,0
8408,2008,7371,SULAWESI SELATAN,KOTA MAKASSAR,0
8409,2009,7371,SULAWESI SELATAN,KOTA MAKASSAR,0
8410,2010,7371,SULAWESI SELATAN,KOTA MAKASSAR,0
8411,2011,7371,SULAWESI SELATAN,KOTA MAKASSAR,0
8412,2012,7371,SULAWESI SELATAN,KOTA MAKASSAR,0
8413,2013,7371,SULAWESI SELATAN,KOTA MAKASSAR,0
8414,2014,7371,SULAWESI SELATAN,KOTA MAKASSAR,0
8415,2015,7371,SULAWESI SELATAN,KOTA MAKASSAR,0
8416,2016,7371,SULAWESI SELATAN,KOTA MAKASSAR,0
8417,2017,7371,SULAWESI SELATAN,KOTA MAKASSAR,0
8418,2018,7371,SULAWESI SELATAN,KOTA MAKASSAR,0
8419,2019,7371,SULAWESI SELATAN,KOTA MAKASSAR,0
8420,2020,7371,SULAWESI SELATAN,KOTA MAKASSAR,0
8421,2021,7371,SULAWESI SELATAN,KOTA MAKASSAR,0
8422,2022,7371,SULAWESI SELATAN,KOTA MAKASSAR,0
8423,2023,7371,SULAWESI SELATAN,KOTA MAKASSAR,0
8424,2024,7371,SULAWESI SELATAN,KOTA MAKASSAR,0
8425,2025,7371,SULAWESI SELATAN,KOTA MAKASSAR,0
8426,2004,7308,SULAWESI SELATAN,MAROS,0
8427,2005,7308,SULAWESI SELATAN,MAROS,0
8428,2006,7308,SULAWESI SELATAN,MAROS,0
8429,2007,7308,SULAWESI SELATAN,MAROS,0
8430,2008,7308,SULAWESI SELATAN,MAROS,0
8431,2009,7308,SULAWESI SELATAN,MAROS,0
8432,2010,7308,SULAWESI SELATAN,MAROS,0
8433,2011,7308,SULAWESI SELATAN,MAROS,0
8434,2012,7308,SULAWESI SELATAN,MAROS,0
8435,2013,7308,SULAWESI SELATAN,MAROS,0
8436,2014,7308,SULAWESI SELATAN,MAROS,0
8437,2015,7308,SULAWESI SELATAN,MAROS,0
8438,2016,7308,SULAWESI SELATAN,MAROS,0
8439,2017,7308,SULAWESI SELATAN,MAROS,0
8440,2018,7308,SULAWESI SELATAN,MAROS,0
8441,2019,7308,SULAWESI SELATAN,MAROS,0
8442,2020,7308,SULAWESI SELATAN,MAROS,0
8443,2021,7308,SULAWESI SELATAN,MAROS,0
8444,2022,7308,SULAWESI SELATAN,MAROS,0
8445,2023,7308,SULAWESI SELATAN,MAROS,0
8446,2024,7308,SULAWESI SELATAN,MAROS,0
8447,2025,7308,SULAWESI SELATAN,MAROS,0
8448,2004,7373,SULAWESI SELATAN,KOTA PALOPO,0
8449,2005,7373,SULAWESI SELATAN,KOTA PALOPO,0
8450,2006,7373,SULAWESI SELATAN,KOTA PALOPO,0
8451,2007,7373,SULAWESI SELATAN,KOTA PALOPO,0
8452,2008,7373,SULAWESI SELATAN,KOTA PALOPO,0
8453,2009,7373,SULAWESI SELATAN,KOTA PALOPO,0
8454,2010,7373,SULAWESI SELATAN,KOTA PALOPO,0
8455,2011,7373,SULAWESI SELATAN,KOTA PALOPO,0
8456,2012,7373,SULAWESI SELATAN,KOTA PALOPO,0
8457,2013,7373,SULAWESI SELATAN,KOTA PALOPO,0
8458,2014,7373,SULAWESI SELATAN,KOTA PALOPO,0
8459,2015,7373,SULAWESI SELATAN,KOTA PALOPO,0
8460,2016,7373,SULAWESI SELATAN,KOTA PALOPO,1
8461,2017,7373,SULAWESI SELATAN,KOTA PALOPO,1
8462,2018,7373,SULAWESI SELATAN,KOTA PALOPO,1
8463,2019,7373,SULAWESI SELATAN,KOTA PALOPO,1
8464,2020,7373,SULAWESI SELATAN,KOTA PALOPO,1
8465,2021,7373,SULAWESI SELATAN,KOTA PALOPO,1
8466,2022,7373,SULAWESI SELATAN,KOTA PALOPO,1
8467,2023,7373,SULAWESI SELATAN,KOTA PALOPO,1
8468,2024,7373,SULAWESI SELATAN,KOTA PALOPO,1
8469,2025,7373,SULAWESI SELATAN,KOTA PALOPO,1
8470,2004,7309,SULAWESI SELATAN,PANGKAJENE DAN KEPULAUAN,0
8471,2005,7309,SULAWESI SELATAN,PANGKAJENE DAN KEPULAUAN,0
8472,2006,7309,SULAWESI SELATAN,PANGKAJENE DAN KEPULAUAN,0
8473,2007,7309,SULAWESI SELATAN,PANGKAJENE DAN KEPULAUAN,0
8474,2008,7309,SULAWESI SELATAN,PANGKAJENE DAN KEPULAUAN,0
8475,2009,7309,SULAWESI SELATAN,PANGKAJENE DAN KEPULAUAN,0
8476,2010,7309,SULAWESI SELATAN,PANGKAJENE DAN KEPULAUAN,0
8477,2011,7309,SULAWESI SELATAN,PANGKAJENE DAN KEPULAUAN,0
8478,2012,7309,SULAWESI SELATAN,PANGKAJENE DAN KEPULAUAN,0
8479,2013,7309,SULAWESI SELATAN,PANGKAJENE DAN KEPULAUAN,0
8480,2014,7309,SULAWESI SELATAN,PANGKAJENE DAN KEPULAUAN,0
8481,2015,7309,SULAWESI SELATAN,PANGKAJENE DAN KEPULAUAN,0
8482,2016,7309,SULAWESI SELATAN,PANGKAJENE DAN KEPULAUAN,0
8483,2017,7309,SULAWESI SELATAN,PANGKAJENE DAN KEPULAUAN,0
8484,2018,7309,SULAWESI SELATAN,PANGKAJENE DAN KEPULAUAN,0
8485,2019,7309,SULAWESI SELATAN,PANGKAJENE DAN KEPULAUAN,0
8486,2020,7309,SULAWESI SELATAN,PANGKAJENE DAN KEPULAUAN,0
8487,2021,7309,SULAWESI SELATAN,PANGKAJENE DAN KEPULAUAN,0
8488,2022,7309,SULAWESI SELATAN,PANGKAJENE DAN KEPULAUAN,0
8489,2023,7309,SULAWESI SELATAN,PANGKAJENE DAN KEPULAUAN,0
8490,2024,7309,SULAWESI SELATAN,PANGKAJENE DAN KEPULAUAN,0
8491,2025,7309,SULAWESI SELATAN,PANGKAJENE DAN KEPULAUAN,0
8492,2004,7372,SULAWESI SELATAN,KOTA PAREPARE,0
8493,2005,7372,SULAWESI SELATAN,KOTA PAREPARE,0
8494,2006,7372,SULAWESI SELATAN,KOTA PAREPARE,0
8495,2007,7372,SULAWESI SELATAN,KOTA PAREPARE,0
8496,2008,7372,SULAWESI SELATAN,KOTA PAREPARE,0
8497,2009,7372,SULAWESI SELATAN,KOTA PAREPARE,0
8498,2010,7372,SULAWESI SELATAN,KOTA PAREPARE,0
8499,2011,7372,SULAWESI SELATAN,KOTA PAREPARE,0
8500,2012,7372,SULAWESI SELATAN,KOTA PAREPARE,0
8501,2013,7372,SULAWESI SELATAN,KOTA PAREPARE,0
8502,2014,7372,SULAWESI SELATAN,KOTA PAREPARE,0
8503,2015,7372,SULAWESI SELATAN,KOTA PAREPARE,0
8504,2016,7372,SULAWESI SELATAN,KOTA PAREPARE,0
8505,2017,7372,SULAWESI SELATAN,KOTA PAREPARE,0
8506,2018,7372,SULAWESI SELATAN,KOTA PAREPARE,0
8507,2019,7372,SULAWESI SELATAN,KOTA PAREPARE,0
8508,2020,7372,SULAWESI SELATAN,KOTA PAREPARE,0
8509,2021,7372,SULAWESI SELATAN,KOTA PAREPARE,0
8510,2022,7372,SULAWESI SELATAN,KOTA PAREPARE,0
8511,2023,7372,SULAWESI SELATAN,KOTA PAREPARE,0
8512,2024,7372,SULAWESI SELATAN,KOTA PAREPARE,0
8513,2025,7372,SULAWESI SELATAN,KOTA PAREPARE,0
8514,2004,7315,SULAWESI SELATAN,PINRANG,0
8515,2005,7315,SULAWESI SELATAN,PINRANG,0
8516,2006,7315,SULAWESI SELATAN,PINRANG,0
8517,2007,7315,SULAWESI SELATAN,PINRANG,0
8518,2008,7315,SULAWESI SELATAN,PINRANG,0
8519,2009,7315,SULAWESI SELATAN,PINRANG,0
8520,2010,7315,SULAWESI SELATAN,PINRANG,0
8521,2011,7315,SULAWESI SELATAN,PINRANG,0
8522,2012,7315,SULAWESI SELATAN,PINRANG,0
8523,2013,7315,SULAWESI SELATAN,PINRANG,0
8524,2014,7315,SULAWESI SELATAN,PINRANG,0
8525,2015,7315,SULAWESI SELATAN,PINRANG,0
8526,2016,7315,SULAWESI SELATAN,PINRANG,0
8527,2017,7315,SULAWESI SELATAN,PINRANG,0
8528,2018,7315,SULAWESI SELATAN,PINRANG,0
8529,2019,7315,SULAWESI SELATAN,PINRANG,0
8530,2020,7315,SULAWESI SELATAN,PINRANG,0
8531,2021,7315,SULAWESI SELATAN,PINRANG,0
8532,2022,7315,SULAWESI SELATAN,PINRANG,0
8533,2023,7315,SULAWESI SELATAN,PINRANG,0
8534,2024,7315,SULAWESI SELATAN,PINRANG,0
8535,2025,7315,SULAWESI SELATAN,PINRANG,0
8536,2004,7314,SULAWESI SELATAN,SIDENRENG RAPPANG,0
8537,2005,7314,SULAWESI SELATAN,SIDENRENG RAPPANG,0
8538,2006,7314,SULAWESI SELATAN,SIDENRENG RAPPANG,0
8539,2007,7314,SULAWESI SELATAN,SIDENRENG RAPPANG,0
8540,2008,7314,SULAWESI SELATAN,SIDENRENG RAPPANG,0
8541,2009,7314,SULAWESI SELATAN,SIDENRENG RAPPANG,0
8542,2010,7314,SULAWESI SELATAN,SIDENRENG RAPPANG,0
8543,2011,7314,SULAWESI SELATAN,SIDENRENG RAPPANG,0
8544,2012,7314,SULAWESI SELATAN,SIDENRENG RAPPANG,0
8545,2013,7314,SULAWESI SELATAN,SIDENRENG RAPPANG,0
8546,2014,7314,SULAWESI SELATAN,SIDENRENG RAPPANG,0
8547,2015,7314,SULAWESI SELATAN,SIDENRENG RAPPANG,0
8548,2016,7314,SULAWESI SELATAN,SIDENRENG RAPPANG,0
8549,2017,7314,SULAWESI SELATAN,SIDENRENG RAPPANG,0
8550,2018,7314,SULAWESI SELATAN,SIDENRENG RAPPANG,0
8551,2019,7314,SULAWESI SELATAN,SIDENRENG RAPPANG,0
8552,2020,7314,SULAWESI SELATAN,SIDENRENG RAPPANG,0
8553,2021,7314,SULAWESI SELATAN,SIDENRENG RAPPANG,0
8554,2022,7314,SULAWESI SELATAN,SIDENRENG RAPPANG,0
8555,2023,7314,SULAWESI SELATAN,SIDENRENG RAPPANG,0
8556,2024,7314,SULAWESI SELATAN,SIDENRENG RAPPANG,0
8557,2025,7314,SULAWESI SELATAN,SIDENRENG RAPPANG,0
8558,2004,7307,SULAWESI SELATAN,SINJAI,0
8559,2005,7307,SULAWESI SELATAN,SINJAI,0
8560,2006,7307,SULAWESI SELATAN,SINJAI,0
8561,2007,7307,SULAWESI SELATAN,SINJAI,0
8562,2008,7307,SULAWESI SELATAN,SINJAI,0
8563,2009,7307,SULAWESI SELATAN,SINJAI,0
8564,2010,7307,SULAWESI SELATAN,SINJAI,0
8565,2011,7307,SULAWESI SELATAN,SINJAI,0
8566,2012,7307,SULAWESI SELATAN,SINJAI,0
8567,2013,7307,SULAWESI SELATAN,SINJAI,0
8568,2014,7307,SULAWESI SELATAN,SINJAI,0
8569,2015,7307,SULAWESI SELATAN,SINJAI,0
8570,2016,7307,SULAWESI SELATAN,SINJAI,0
8571,2017,7307,SULAWESI SELATAN,SINJAI,0
8572,2018,7307,SULAWESI SELATAN,SINJAI,0
8573,2019,7307,SULAWESI SELATAN,SINJAI,0
8574,2020,7307,SULAWESI SELATAN,SINJAI,0
8575,2021,7307,SULAWESI SELATAN,SINJAI,0
8576,2022,7307,SULAWESI SELATAN,SINJAI,0
8577,2023,7307,SULAWESI SELATAN,SINJAI,0
8578,2024,7307,SULAWESI SELATAN,SINJAI,0
8579,2025,7307,SULAWESI SELATAN,SINJAI,0
8580,2004,7312,SULAWESI SELATAN,SOPPENG,0
8581,2005,7312,SULAWESI SELATAN,SOPPENG,0
8582,2006,7312,SULAWESI SELATAN,SOPPENG,0
8583,2007,7312,SULAWESI SELATAN,SOPPENG,0
8584,2008,7312,SULAWESI SELATAN,SOPPENG,0
8585,2009,7312,SULAWESI SELATAN,SOPPENG,0
8586,2010,7312,SULAWESI SELATAN,SOPPENG,0
8587,2011,7312,SULAWESI SELATAN,SOPPENG,0
8588,2012,7312,SULAWESI SELATAN,SOPPENG,0
8589,2013,7312,SULAWESI SELATAN,SOPPENG,0
8590,2014,7312,SULAWESI SELATAN,SOPPENG,0
8591,2015,7312,SULAWESI SELATAN,SOPPENG,0
8592,2016,7312,SULAWESI SELATAN,SOPPENG,0
8593,2017,7312,SULAWESI SELATAN,SOPPENG,0
8594,2018,7312,SULAWESI SELATAN,SOPPENG,0
8595,2019,7312,SULAWESI SELATAN,SOPPENG,0
8596,2020,7312,SULAWESI SELATAN,SOPPENG,0
8597,2021,7312,SULAWESI SELATAN,SOPPENG,0
8598,2022,7312,SULAWESI SELATAN,SOPPENG,0
8599,2023,7312,SULAWESI SELATAN,SOPPENG,0
8600,2024,7312,SULAWESI SELATAN,SOPPENG,0
8601,2025,7312,SULAWESI SELATAN,SOPPENG,0
8602,2004,7305,SULAWESI SELATAN,TAKALAR,0
8603,2005,7305,SULAWESI SELATAN,TAKALAR,0
8604,2006,7305,SULAWESI SELATAN,TAKALAR,0
8605,2007,7305,SULAWESI SELATAN,TAKALAR,0
8606,2008,7305,SULAWESI SELATAN,TAKALAR,0
8607,2009,7305,SULAWESI SELATAN,TAKALAR,0
8608,2010,7305,SULAWESI SELATAN,TAKALAR,0
8609,2011,7305,SULAWESI SELATAN,TAKALAR,0
8610,2012,7305,SULAWESI SELATAN,TAKALAR,0
8611,2013,7305,SULAWESI SELATAN,TAKALAR,0
8612,2014,7305,SULAWESI SELATAN,TAKALAR,0
8613,2015,7305,SULAWESI SELATAN,TAKALAR,0
8614,2016,7305,SULAWESI SELATAN,TAKALAR,0
8615,2017,7305,SULAWESI SELATAN,TAKALAR,0
8616,2018,7305,SULAWESI SELATAN,TAKALAR,0
8617,2019,7305,SULAWESI SELATAN,TAKALAR,0
8618,2020,7305,SULAWESI SELATAN,TAKALAR,0
8619,2021,7305,SULAWESI SELATAN,TAKALAR,0
8620,2022,7305,SULAWESI SELATAN,TAKALAR,0
8621,2023,7305,SULAWESI SELATAN,TAKALAR,0
8622,2024,7305,SULAWESI SELATAN,TAKALAR,0
8623,2025,7305,SULAWESI SELATAN,TAKALAR,0
8624,2004,7318,SULAWESI SELATAN,TANA TORAJA,0
8625,2005,7318,SULAWESI SELATAN,TANA TORAJA,0
8626,2006,7318,SULAWESI SELATAN,TANA TORAJA,0
8627,2007,7318,SULAWESI SELATAN,TANA TORAJA,0
8628,2008,7318,SULAWESI SELATAN,TANA TORAJA,0
8629,2009,7318,SULAWESI SELATAN,TANA TORAJA,0
8630,2010,7318,SULAWESI SELATAN,TANA TORAJA,0
8631,2011,7318,SULAWESI SELATAN,TANA TORAJA,0
8632,2012,7318,SULAWESI SELATAN,TANA TORAJA,0
8633,2013,7318,SULAWESI SELATAN,TANA TORAJA,0
8634,2014,7318,SULAWESI SELATAN,TANA TORAJA,0
8635,2015,7318,SULAWESI SELATAN,TANA TORAJA,0
8636,2016,7318,SULAWESI SELATAN,TANA TORAJA,0
8637,2017,7318,SULAWESI SELATAN,TANA TORAJA,1
8638,2018,7318,SULAWESI SELATAN,TANA TORAJA,1
8639,2019,7318,SULAWESI SELATAN,TANA TORAJA,1
8640,2020,7318,SULAWESI SELATAN,TANA TORAJA,1
8641,2021,7318,SULAWESI SELATAN,TANA TORAJA,1
8642,2022,7318,SULAWESI SELATAN,TANA TORAJA,1
8643,2023,7318,SULAWESI SELATAN,TANA TORAJA,1
8644,2024,7318,SULAWESI SELATAN,TANA TORAJA,1
8645,2025,7318,SULAWESI SELATAN,TANA TORAJA,1
8646,2004,7326,SULAWESI SELATAN,TORAJA UTARA,0
8647,2005,7326,SULAWESI SELATAN,TORAJA UTARA,0
8648,2006,7326,SULAWESI SELATAN,TORAJA UTARA,0
8649,2007,7326,SULAWESI SELATAN,TORAJA UTARA,0
8650,2008,7326,SULAWESI SELATAN,TORAJA UTARA,0
8651,2009,7326,SULAWESI SELATAN,TORAJA UTARA,0
8652,2010,7326,SULAWESI SELATAN,TORAJA UTARA,0
8653,2011,7326,SULAWESI SELATAN,TORAJA UTARA,0
8654,2012,7326,SULAWESI SELATAN,TORAJA UTARA,0
8655,2013,7326,SULAWESI SELATAN,TORAJA UTARA,0
8656,2014,7326,SULAWESI SELATAN,TORAJA UTARA,0
8657,2015,7326,SULAWESI SELATAN,TORAJA UTARA,0
8658,2016,7326,SULAWESI SELATAN,TORAJA UTARA,0
8659,2017,7326,SULAWESI SELATAN,TORAJA UTARA,0
8660,2018,7326,SULAWESI SELATAN,TORAJA UTARA,0
8661,2019,7326,SULAWESI SELATAN,TORAJA UTARA,0
8662,2020,7326,SULAWESI SELATAN,TORAJA UTARA,0
8663,2021,7326,SULAWESI SELATAN,TORAJA UTARA,0
8664,2022,7326,SULAWESI SELATAN,TORAJA UTARA,0
8665,2023,7326,SULAWESI SELATAN,TORAJA UTARA,0
8666,2024,7326,SULAWESI SELATAN,TORAJA UTARA,0
8667,2025,7326,SULAWESI SELATAN,TORAJA UTARA,0
8668,2004,7313,SULAWESI SELATAN,WAJO,0
8669,2005,7313,SULAWESI SELATAN,WAJO,0
8670,2006,7313,SULAWESI SELATAN,WAJO,0
8671,2007,7313,SULAWESI SELATAN,WAJO,0
8672,2008,7313,SULAWESI SELATAN,WAJO,0
8673,2009,7313,SULAWESI SELATAN,WAJO,0
8674,2010,7313,SULAWESI SELATAN,WAJO,0
8675,2011,7313,SULAWESI SELATAN,WAJO,0
8676,2012,7313,SULAWESI SELATAN,WAJO,0
8677,2013,7313,SULAWESI SELATAN,WAJO,0
8678,2014,7313,SULAWESI SELATAN,WAJO,0
8679,2015,7313,SULAWESI SELATAN,WAJO,0
8680,2016,7313,SULAWESI SELATAN,WAJO,0
8681,2017,7313,SULAWESI SELATAN,WAJO,0
8682,2018,7313,SULAWESI SELATAN,WAJO,0
8683,2019,7313,SULAWESI SELATAN,WAJO,0
8684,2020,7313,SULAWESI SELATAN,WAJO,0
8685,2021,7313,SULAWESI SELATAN,WAJO,0
8686,2022,7313,SULAWESI SELATAN,WAJO,0
8687,2023,7313,SULAWESI SELATAN,WAJO,0
8688,2024,7313,SULAWESI SELATAN,WAJO,0
8689,2025,7313,SULAWESI SELATAN,WAJO,0
8690,2004,7202,SULAWESI TENGAH,BANGGAI,0
8691,2005,7202,SULAWESI TENGAH,BANGGAI,0
8692,2006,7202,SULAWESI TENGAH,BANGGAI,0
8693,2007,7202,SULAWESI TENGAH,BANGGAI,0
8694,2008,7202,SULAWESI TENGAH,BANGGAI,0
8695,2009,7202,SULAWESI TENGAH,BANGGAI,0
8696,2010,7202,SULAWESI TENGAH,BANGGAI,0
8697,2011,7202,SULAWESI TENGAH,BANGGAI,0
8698,2012,7202,SULAWESI TENGAH,BANGGAI,0
8699,2013,7202,SULAWESI TENGAH,BANGGAI,0
8700,2014,7202,SULAWESI TENGAH,BANGGAI,0
8701,2015,7202,SULAWESI TENGAH,BANGGAI,0
8702,2016,7202,SULAWESI TENGAH,BANGGAI,0
8703,2017,7202,SULAWESI TENGAH,BANGGAI,0
8704,2018,7202,SULAWESI TENGAH,BANGGAI,0
8705,2019,7202,SULAWESI TENGAH,BANGGAI,0
8706,2020,7202,SULAWESI TENGAH,BANGGAI,0
8707,2021,7202,SULAWESI TENGAH,BANGGAI,0
8708,2022,7202,SULAWESI TENGAH,BANGGAI,0
8709,2023,7202,SULAWESI TENGAH,BANGGAI,0
8710,2024,7202,SULAWESI TENGAH,BANGGAI,0
8711,2025,7202,SULAWESI TENGAH,BANGGAI,0
8712,2004,7201,SULAWESI TENGAH,BANGGAI KEPULAUAN,0
8713,2005,7201,SULAWESI TENGAH,BANGGAI KEPULAUAN,0
8714,2006,7201,SULAWESI TENGAH,BANGGAI KEPULAUAN,0
8715,2007,7201,SULAWESI TENGAH,BANGGAI KEPULAUAN,0
8716,2008,7201,SULAWESI TENGAH,BANGGAI KEPULAUAN,0
8717,2009,7201,SULAWESI TENGAH,BANGGAI KEPULAUAN,0
8718,2010,7201,SULAWESI TENGAH,BANGGAI KEPULAUAN,0
8719,2011,7201,SULAWESI TENGAH,BANGGAI KEPULAUAN,0
8720,2012,7201,SULAWESI TENGAH,BANGGAI KEPULAUAN,0
8721,2013,7201,SULAWESI TENGAH,BANGGAI KEPULAUAN,0
8722,2014,7201,SULAWESI TENGAH,BANGGAI KEPULAUAN,0
8723,2015,7201,SULAWESI TENGAH,BANGGAI KEPULAUAN,0
8724,2016,7201,SULAWESI TENGAH,BANGGAI KEPULAUAN,0
8725,2017,7201,SULAWESI TENGAH,BANGGAI KEPULAUAN,0
8726,2018,7201,SULAWESI TENGAH,BANGGAI KEPULAUAN,0
8727,2019,7201,SULAWESI TENGAH,BANGGAI KEPULAUAN,0
8728,2020,7201,SULAWESI TENGAH,BANGGAI KEPULAUAN,0
8729,2021,7201,SULAWESI TENGAH,BANGGAI KEPULAUAN,0
8730,2022,7201,SULAWESI TENGAH,BANGGAI KEPULAUAN,0
8731,2023,7201,SULAWESI TENGAH,BANGGAI KEPULAUAN,0
8732,2024,7201,SULAWESI TENGAH,BANGGAI KEPULAUAN,0
8733,2025,7201,SULAWESI TENGAH,BANGGAI KEPULAUAN,0
8734,2004,7211,SULAWESI TENGAH,BANGGAI LAUT,0
8735,2005,7211,SULAWESI TENGAH,BANGGAI LAUT,0
8736,2006,7211,SULAWESI TENGAH,BANGGAI LAUT,0
8737,2007,7211,SULAWESI TENGAH,BANGGAI LAUT,0
8738,2008,7211,SULAWESI TENGAH,BANGGAI LAUT,0
8739,2009,7211,SULAWESI TENGAH,BANGGAI LAUT,0
8740,2010,7211,SULAWESI TENGAH,BANGGAI LAUT,0
8741,2011,7211,SULAWESI TENGAH,BANGGAI LAUT,0
8742,2012,7211,SULAWESI TENGAH,BANGGAI LAUT,0
8743,2013,7211,SULAWESI TENGAH,BANGGAI LAUT,0
8744,2014,7211,SULAWESI TENGAH,BANGGAI LAUT,0
8745,2015,7211,SULAWESI TENGAH,BANGGAI LAUT,0
8746,2016,7211,SULAWESI TENGAH,BANGGAI LAUT,0
8747,2017,7211,SULAWESI TENGAH,BANGGAI LAUT,0
8748,2018,7211,SULAWESI TENGAH,BANGGAI LAUT,0
8749,2019,7211,SULAWESI TENGAH,BANGGAI LAUT,0
8750,2020,7211,SULAWESI TENGAH,BANGGAI LAUT,0
8751,2021,7211,SULAWESI TENGAH,BANGGAI LAUT,0
8752,2022,7211,SULAWESI TENGAH,BANGGAI LAUT,0
8753,2023,7211,SULAWESI TENGAH,BANGGAI LAUT,0
8754,2024,7211,SULAWESI TENGAH,BANGGAI LAUT,0
8755,2025,7211,SULAWESI TENGAH,BANGGAI LAUT,0
8756,2004,7207,SULAWESI TENGAH,BUOL,0
8757,2005,7207,SULAWESI TENGAH,BUOL,0
8758,2006,7207,SULAWESI TENGAH,BUOL,0
8759,2007,7207,SULAWESI TENGAH,BUOL,0
8760,2008,7207,SULAWESI TENGAH,BUOL,0
8761,2009,7207,SULAWESI TENGAH,BUOL,0
8762,2010,7207,SULAWESI TENGAH,BUOL,0
8763,2011,7207,SULAWESI TENGAH,BUOL,0
8764,2012,7207,SULAWESI TENGAH,BUOL,0
8765,2013,7207,SULAWESI TENGAH,BUOL,0
8766,2014,7207,SULAWESI TENGAH,BUOL,0
8767,2015,7207,SULAWESI TENGAH,BUOL,0
8768,2016,7207,SULAWESI TENGAH,BUOL,0
8769,2017,7207,SULAWESI TENGAH,BUOL,0
8770,2018,7207,SULAWESI TENGAH,BUOL,1
8771,2019,7207,SULAWESI TENGAH,BUOL,1
8772,2020,7207,SULAWESI TENGAH,BUOL,1
8773,2021,7207,SULAWESI TENGAH,BUOL,1
8774,2022,7207,SULAWESI TENGAH,BUOL,1
8775,2023,7207,SULAWESI TENGAH,BUOL,1
8776,2024,7207,SULAWESI TENGAH,BUOL,1
8777,2025,7207,SULAWESI TENGAH,BUOL,1
8778,2004,7205,SULAWESI TENGAH,DONGGALA,0
8779,2005,7205,SULAWESI TENGAH,DONGGALA,0
8780,2006,7205,SULAWESI TENGAH,DONGGALA,0
8781,2007,7205,SULAWESI TENGAH,DONGGALA,0
8782,2008,7205,SULAWESI TENGAH,DONGGALA,0
8783,2009,7205,SULAWESI TENGAH,DONGGALA,0
8784,2010,7205,SULAWESI TENGAH,DONGGALA,0
8785,2011,7205,SULAWESI TENGAH,DONGGALA,0
8786,2012,7205,SULAWESI TENGAH,DONGGALA,0
8787,2013,7205,SULAWESI TENGAH,DONGGALA,0
8788,2014,7205,SULAWESI TENGAH,DONGGALA,1
8789,2015,7205,SULAWESI TENGAH,DONGGALA,1
8790,2016,7205,SULAWESI TENGAH,DONGGALA,1
8791,2017,7205,SULAWESI TENGAH,DONGGALA,1
8792,2018,7205,SULAWESI TENGAH,DONGGALA,1
8793,2019,7205,SULAWESI TENGAH,DONGGALA,1
8794,2020,7205,SULAWESI TENGAH,DONGGALA,1
8795,2021,7205,SULAWESI TENGAH,DONGGALA,1
8796,2022,7205,SULAWESI TENGAH,DONGGALA,1
8797,2023,7205,SULAWESI TENGAH,DONGGALA,1
8798,2024,7205,SULAWESI TENGAH,DONGGALA,1
8799,2025,7205,SULAWESI TENGAH,DONGGALA,1
8800,2004,7203,SULAWESI TENGAH,MOROWALI,0
8801,2005,7203,SULAWESI TENGAH,MOROWALI,0
8802,2006,7203,SULAWESI TENGAH,MOROWALI,0
8803,2007,7203,SULAWESI TENGAH,MOROWALI,0
8804,2008,7203,SULAWESI TENGAH,MOROWALI,0
8805,2009,7203,SULAWESI TENGAH,MOROWALI,0
8806,2010,7203,SULAWESI TENGAH,MOROWALI,0
8807,2011,7203,SULAWESI TENGAH,MOROWALI,0
8808,2012,7203,SULAWESI TENGAH,MOROWALI,0
8809,2013,7203,SULAWESI TENGAH,MOROWALI,0
8810,2014,7203,SULAWESI TENGAH,MOROWALI,0
8811,2015,7203,SULAWESI TENGAH,MOROWALI,0
8812,2016,7203,SULAWESI TENGAH,MOROWALI,0
8813,2017,7203,SULAWESI TENGAH,MOROWALI,0
8814,2018,7203,SULAWESI TENGAH,MOROWALI,0
8815,2019,7203,SULAWESI TENGAH,MOROWALI,0
8816,2020,7203,SULAWESI TENGAH,MOROWALI,0
8817,2021,7203,SULAWESI TENGAH,MOROWALI,0
8818,2022,7203,SULAWESI TENGAH,MOROWALI,1
8819,2023,7203,SULAWESI TENGAH,MOROWALI,1
8820,2024,7203,SULAWESI TENGAH,MOROWALI,1
8821,2025,7203,SULAWESI TENGAH,MOROWALI,1
8822,2004,7212,SULAWESI TENGAH,MOROWALI UTARA,0
8823,2005,7212,SULAWESI TENGAH,MOROWALI UTARA,0
8824,2006,7212,SULAWESI TENGAH,MOROWALI UTARA,0
8825,2007,7212,SULAWESI TENGAH,MOROWALI UTARA,0
8826,2008,7212,SULAWESI TENGAH,MOROWALI UTARA,0
8827,2009,7212,SULAWESI TENGAH,MOROWALI UTARA,0
8828,2010,7212,SULAWESI TENGAH,MOROWALI UTARA,0
8829,2011,7212,SULAWESI TENGAH,MOROWALI UTARA,0
8830,2012,7212,SULAWESI TENGAH,MOROWALI UTARA,0
8831,2013,7212,SULAWESI TENGAH,MOROWALI UTARA,0
8832,2014,7212,SULAWESI TENGAH,MOROWALI UTARA,0
8833,2015,7212,SULAWESI TENGAH,MOROWALI UTARA,0
8834,2016,7212,SULAWESI TENGAH,MOROWALI UTARA,0
8835,2017,7212,SULAWESI TENGAH,MOROWALI UTARA,0
8836,2018,7212,SULAWESI TENGAH,MOROWALI UTARA,0
8837,2019,7212,SULAWESI TENGAH,MOROWALI UTARA,0
8838,2020,7212,SULAWESI TENGAH,MOROWALI UTARA,0
8839,2021,7212,SULAWESI TENGAH,MOROWALI UTARA,0
8840,2022,7212,SULAWESI TENGAH,MOROWALI UTARA,0
8841,2023,7212,SULAWESI TENGAH,MOROWALI UTARA,0
8842,2024,7212,SULAWESI TENGAH,MOROWALI UTARA,0
8843,2025,7212,SULAWESI TENGAH,MOROWALI UTARA,0
8844,2004,7271,SULAWESI TENGAH,KOTA PALU,0
8845,2005,7271,SULAWESI TENGAH,KOTA PALU,0
8846,2006,7271,SULAWESI TENGAH,KOTA PALU,0
8847,2007,7271,SULAWESI TENGAH,KOTA PALU,0
8848,2008,7271,SULAWESI TENGAH,KOTA PALU,0
8849,2009,7271,SULAWESI TENGAH,KOTA PALU,0
8850,2010,7271,SULAWESI TENGAH,KOTA PALU,0
8851,2011,7271,SULAWESI TENGAH,KOTA PALU,0
8852,2012,7271,SULAWESI TENGAH,KOTA PALU,0
8853,2013,7271,SULAWESI TENGAH,KOTA PALU,0
8854,2014,7271,SULAWESI TENGAH,KOTA PALU,0
8855,2015,7271,SULAWESI TENGAH,KOTA PALU,0
8856,2016,7271,SULAWESI TENGAH,KOTA PALU,0
8857,2017,7271,SULAWESI TENGAH,KOTA PALU,0
8858,2018,7271,SULAWESI TENGAH,KOTA PALU,0
8859,2019,7271,SULAWESI TENGAH,KOTA PALU,0
8860,2020,7271,SULAWESI TENGAH,KOTA PALU,0
8861,2021,7271,SULAWESI TENGAH,KOTA PALU,0
8862,2022,7271,SULAWESI TENGAH,KOTA PALU,0
8863,2023,7271,SULAWESI TENGAH,KOTA PALU,0
8864,2024,7271,SULAWESI TENGAH,KOTA PALU,0
8865,2025,7271,SULAWESI TENGAH,KOTA PALU,0
8866,2004,7208,SULAWESI TENGAH,PARIGI MOUTONG,0
8867,2005,7208,SULAWESI TENGAH,PARIGI MOUTONG,0
8868,2006,7208,SULAWESI TENGAH,PARIGI MOUTONG,0
8869,2007,7208,SULAWESI TENGAH,PARIGI MOUTONG,0
8870,2008,7208,SULAWESI TENGAH,PARIGI MOUTONG,0
8871,2009,7208,SULAWESI TENGAH,PARIGI MOUTONG,0
8872,2010,7208,SULAWESI TENGAH,PARIGI MOUTONG,0
8873,2011,7208,SULAWESI TENGAH,PARIGI MOUTONG,0
8874,2012,7208,SULAWESI TENGAH,PARIGI MOUTONG,0
8875,2013,7208,SULAWESI TENGAH,PARIGI MOUTONG,0
8876,2014,7208,SULAWESI TENGAH,PARIGI MOUTONG,0
8877,2015,7208,SULAWESI TENGAH,PARIGI MOUTONG,0
8878,2016,7208,SULAWESI TENGAH,PARIGI MOUTONG,0
8879,2017,7208,SULAWESI TENGAH,PARIGI MOUTONG,0
8880,2018,7208,SULAWESI TENGAH,PARIGI MOUTONG,1
8881,2019,7208,SULAWESI TENGAH,PARIGI MOUTONG,1
8882,2020,7208,SULAWESI TENGAH,PARIGI MOUTONG,1
8883,2021,7208,SULAWESI TENGAH,PARIGI MOUTONG,1
8884,2022,7208,SULAWESI TENGAH,PARIGI MOUTONG,1
8885,2023,7208,SULAWESI TENGAH,PARIGI MOUTONG,1
8886,2024,7208,SULAWESI TENGAH,PARIGI MOUTONG,1
8887,2025,7208,SULAWESI TENGAH,PARIGI MOUTONG,1
8888,2004,7204,SULAWESI TENGAH,POSO,0
8889,2005,7204,SULAWESI TENGAH,POSO,0
8890,2006,7204,SULAWESI TENGAH,POSO,0
8891,2007,7204,SULAWESI TENGAH,POSO,0
8892,2008,7204,SULAWESI TENGAH,POSO,1
8893,2009,7204,SULAWESI TENGAH,POSO,1
8894,2010,7204,SULAWESI TENGAH,POSO,1
8895,2011,7204,SULAWESI TENGAH,POSO,1
8896,2012,7204,SULAWESI TENGAH,POSO,1
8897,2013,7204,SULAWESI TENGAH,POSO,1
8898,2014,7204,SULAWESI TENGAH,POSO,1
8899,2015,7204,SULAWESI TENGAH,POSO,1
8900,2016,7204,SULAWESI TENGAH,POSO,1
8901,2017,7204,SULAWESI TENGAH,POSO,1
8902,2018,7204,SULAWESI TENGAH,POSO,1
8903,2019,7204,SULAWESI TENGAH,POSO,1
8904,2020,7204,SULAWESI TENGAH,POSO,1
8905,2021,7204,SULAWESI TENGAH,POSO,1
8906,2022,7204,SULAWESI TENGAH,POSO,1
8907,2023,7204,SULAWESI TENGAH,POSO,1
8908,2024,7204,SULAWESI TENGAH,POSO,1
8909,2025,7204,SULAWESI TENGAH,POSO,1
8910,2004,7210,SULAWESI TENGAH,SIGI,0
8911,2005,7210,SULAWESI TENGAH,SIGI,0
8912,2006,7210,SULAWESI TENGAH,SIGI,0
8913,2007,7210,SULAWESI TENGAH,SIGI,0
8914,2008,7210,SULAWESI TENGAH,SIGI,0
8915,2009,7210,SULAWESI TENGAH,SIGI,0
8916,2010,7210,SULAWESI TENGAH,SIGI,0
8917,2011,7210,SULAWESI TENGAH,SIGI,0
8918,2012,7210,SULAWESI TENGAH,SIGI,0
8919,2013,7210,SULAWESI TENGAH,SIGI,0
8920,2014,7210,SULAWESI TENGAH,SIGI,0
8921,2015,7210,SULAWESI TENGAH,SIGI,0
8922,2016,7210,SULAWESI TENGAH,SIGI,1
8923,2017,7210,SULAWESI TENGAH,SIGI,1
8924,2018,7210,SULAWESI TENGAH,SIGI,1
8925,2019,7210,SULAWESI TENGAH,SIGI,1
8926,2020,7210,SULAWESI TENGAH,SIGI,1
8927,2021,7210,SULAWESI TENGAH,SIGI,1
8928,2022,7210,SULAWESI TENGAH,SIGI,1
8929,2023,7210,SULAWESI TENGAH,SIGI,1
8930,2024,7210,SULAWESI TENGAH,SIGI,1
8931,2025,7210,SULAWESI TENGAH,SIGI,1
8932,2004,7209,SULAWESI TENGAH,TOJO UNA-UNA,0
8933,2005,7209,SULAWESI TENGAH,TOJO UNA-UNA,0
8934,2006,7209,SULAWESI TENGAH,TOJO UNA-UNA,0
8935,2007,7209,SULAWESI TENGAH,TOJO UNA-UNA,0
8936,2008,7209,SULAWESI TENGAH,TOJO UNA-UNA,0
8937,2009,7209,SULAWESI TENGAH,TOJO UNA-UNA,0
8938,2010,7209,SULAWESI TENGAH,TOJO UNA-UNA,0
8939,2011,7209,SULAWESI TENGAH,TOJO UNA-UNA,0
8940,2012,7209,SULAWESI TENGAH,TOJO UNA-UNA,0
8941,2013,7209,SULAWESI TENGAH,TOJO UNA-UNA,0
8942,2014,7209,SULAWESI TENGAH,TOJO UNA-UNA,0
8943,2015,7209,SULAWESI TENGAH,TOJO UNA-UNA,0
8944,2016,7209,SULAWESI TENGAH,TOJO UNA-UNA,0
8945,2017,7209,SULAWESI TENGAH,TOJO UNA-UNA,0
8946,2018,7209,SULAWESI TENGAH,TOJO UNA-UNA,0
8947,2019,7209,SULAWESI TENGAH,TOJO UNA-UNA,0
8948,2020,7209,SULAWESI TENGAH,TOJO UNA-UNA,0
8949,2021,7209,SULAWESI TENGAH,TOJO UNA-UNA,0
8950,2022,7209,SULAWESI TENGAH,TOJO UNA-UNA,0
8951,2023,7209,SULAWESI TENGAH,TOJO UNA-UNA,0
8952,2024,7209,SULAWESI TENGAH,TOJO UNA-UNA,0
8953,2025,7209,SULAWESI TENGAH,TOJO UNA-UNA,0
8954,2004,7206,SULAWESI TENGAH,TOLI-TOLI,0
8955,2005,7206,SULAWESI TENGAH,TOLI-TOLI,0
8956,2006,7206,SULAWESI TENGAH,TOLI-TOLI,0
8957,2007,7206,SULAWESI TENGAH,TOLI-TOLI,0
8958,2008,7206,SULAWESI TENGAH,TOLI-TOLI,0
8959,2009,7206,SULAWESI TENGAH,TOLI-TOLI,0
8960,2010,7206,SULAWESI TENGAH,TOLI-TOLI,0
8961,2011,7206,SULAWESI TENGAH,TOLI-TOLI,0
8962,2012,7206,SULAWESI TENGAH,TOLI-TOLI,0
8963,2013,7206,SULAWESI TENGAH,TOLI-TOLI,0
8964,2014,7206,SULAWESI TENGAH,TOLI-TOLI,0
8965,2015,7206,SULAWESI TENGAH,TOLI-TOLI,0
8966,2016,7206,SULAWESI TENGAH,TOLI-TOLI,0
8967,2017,7206,SULAWESI TENGAH,TOLI-TOLI,0
8968,2018,7206,SULAWESI TENGAH,TOLI-TOLI,0
8969,2019,7206,SULAWESI TENGAH,TOLI-TOLI,0
8970,2020,7206,SULAWESI TENGAH,TOLI-TOLI,0
8971,2021,7206,SULAWESI TENGAH,TOLI-TOLI,0
8972,2022,7206,SULAWESI TENGAH,TOLI-TOLI,0
8973,2023,7206,SULAWESI TENGAH,TOLI-TOLI,1
8974,2024,7206,SULAWESI TENGAH,TOLI-TOLI,1
8975,2025,7206,SULAWESI TENGAH,TOLI-TOLI,1
8976,2004,7472,SULAWESI TENGGARA,KOTA BAUBAU,0
8977,2005,7472,SULAWESI TENGGARA,KOTA BAUBAU,0
8978,2006,7472,SULAWESI TENGGARA,KOTA BAUBAU,0
8979,2007,7472,SULAWESI TENGGARA,KOTA BAUBAU,0
8980,2008,7472,SULAWESI TENGGARA,KOTA BAUBAU,0
8981,2009,7472,SULAWESI TENGGARA,KOTA BAUBAU,0
8982,2010,7472,SULAWESI TENGGARA,KOTA BAUBAU,0
8983,2011,7472,SULAWESI TENGGARA,KOTA BAUBAU,0
8984,2012,7472,SULAWESI TENGGARA,KOTA BAUBAU,0
8985,2013,7472,SULAWESI TENGGARA,KOTA BAUBAU,0
8986,2014,7472,SULAWESI TENGGARA,KOTA BAUBAU,0
8987,2015,7472,SULAWESI TENGGARA,KOTA BAUBAU,0
8988,2016,7472,SULAWESI TENGGARA,KOTA BAUBAU,0
8989,2017,7472,SULAWESI TENGGARA,KOTA BAUBAU,0
8990,2018,7472,SULAWESI TENGGARA,KOTA BAUBAU,0
8991,2019,7472,SULAWESI TENGGARA,KOTA BAUBAU,0
8992,2020,7472,SULAWESI TENGGARA,KOTA BAUBAU,0
8993,2021,7472,SULAWESI TENGGARA,KOTA BAUBAU,0
8994,2022,7472,SULAWESI TENGGARA,KOTA BAUBAU,0
8995,2023,7472,SULAWESI TENGGARA,KOTA BAUBAU,0
8996,2024,7472,SULAWESI TENGGARA,KOTA BAUBAU,0
8997,2025,7472,SULAWESI TENGGARA,KOTA BAUBAU,0
8998,2004,7406,SULAWESI TENGGARA,BOMBANA,0
8999,2005,7406,SULAWESI TENGGARA,BOMBANA,0
9000,2006,7406,SULAWESI TENGGARA,BOMBANA,0
9001,2007,7406,SULAWESI TENGGARA,BOMBANA,0
9002,2008,7406,SULAWESI TENGGARA,BOMBANA,0
9003,2009,7406,SULAWESI TENGGARA,BOMBANA,0
9004,2010,7406,SULAWESI TENGGARA,BOMBANA,0
9005,2011,7406,SULAWESI TENGGARA,BOMBANA,0
9006,2012,7406,SULAWESI TENGGARA,BOMBANA,0
9007,2013,7406,SULAWESI TENGGARA,BOMBANA,0
9008,2014,7406,SULAWESI TENGGARA,BOMBANA,0
9009,2015,7406,SULAWESI TENGGARA,BOMBANA,0
9010,2016,7406,SULAWESI TENGGARA,BOMBANA,0
9011,2017,7406,SULAWESI TENGGARA,BOMBANA,0
9012,2018,7406,SULAWESI TENGGARA,BOMBANA,0
9013,2019,7406,SULAWESI TENGGARA,BOMBANA,0
9014,2020,7406,SULAWESI TENGGARA,BOMBANA,0
9015,2021,7406,SULAWESI TENGGARA,BOMBANA,0
9016,2022,7406,SULAWESI TENGGARA,BOMBANA,0
9017,2023,7406,SULAWESI TENGGARA,BOMBANA,0
9018,2024,7406,SULAWESI TENGGARA,BOMBANA,0
9019,2025,7406,SULAWESI TENGGARA,BOMBANA,0
9020,2004,7401,SULAWESI TENGGARA,BUTON,0
9021,2005,7401,SULAWESI TENGGARA,BUTON,0
9022,2006,7401,SULAWESI TENGGARA,BUTON,0
9023,2007,7401,SULAWESI TENGGARA,BUTON,0
9024,2008,7401,SULAWESI TENGGARA,BUTON,0
9025,2009,7401,SULAWESI TENGGARA,BUTON,0
9026,2010,7401,SULAWESI TENGGARA,BUTON,0
9027,2011,7401,SULAWESI TENGGARA,BUTON,0
9028,2012,7401,SULAWESI TENGGARA,BUTON,0
9029,2013,7401,SULAWESI TENGGARA,BUTON,0
9030,2014,7401,SULAWESI TENGGARA,BUTON,0
9031,2015,7401,SULAWESI TENGGARA,BUTON,0
9032,2016,7401,SULAWESI TENGGARA,BUTON,0
9033,2017,7401,SULAWESI TENGGARA,BUTON,0
9034,2018,7401,SULAWESI TENGGARA,BUTON,0
9035,2019,7401,SULAWESI TENGGARA,BUTON,0
9036,2020,7401,SULAWESI TENGGARA,BUTON,0
9037,2021,7401,SULAWESI TENGGARA,BUTON,1
9038,2022,7401,SULAWESI TENGGARA,BUTON,1
9039,2023,7401,SULAWESI TENGGARA,BUTON,1
9040,2024,7401,SULAWESI TENGGARA,BUTON,1
9041,2025,7401,SULAWESI TENGGARA,BUTON,1
9042,2004,7415,SULAWESI TENGGARA,BUTON SELATAN,0
9043,2005,7415,SULAWESI TENGGARA,BUTON SELATAN,0
9044,2006,7415,SULAWESI TENGGARA,BUTON SELATAN,0
9045,2007,7415,SULAWESI TENGGARA,BUTON SELATAN,0
9046,2008,7415,SULAWESI TENGGARA,BUTON SELATAN,0
9047,2009,7415,SULAWESI TENGGARA,BUTON SELATAN,0
9048,2010,7415,SULAWESI TENGGARA,BUTON SELATAN,0
9049,2011,7415,SULAWESI TENGGARA,BUTON SELATAN,0
9050,2012,7415,SULAWESI TENGGARA,BUTON SELATAN,0
9051,2013,7415,SULAWESI TENGGARA,BUTON SELATAN,0
9052,2014,7415,SULAWESI TENGGARA,BUTON SELATAN,0
9053,2015,7415,SULAWESI TENGGARA,BUTON SELATAN,0
9054,2016,7415,SULAWESI TENGGARA,BUTON SELATAN,0
9055,2017,7415,SULAWESI TENGGARA,BUTON SELATAN,0
9056,2018,7415,SULAWESI TENGGARA,BUTON SELATAN,0
9057,2019,7415,SULAWESI TENGGARA,BUTON SELATAN,0
9058,2020,7415,SULAWESI TENGGARA,BUTON SELATAN,0
9059,2021,7415,SULAWESI TENGGARA,BUTON SELATAN,1
9060,2022,7415,SULAWESI TENGGARA,BUTON SELATAN,1
9061,2023,7415,SULAWESI TENGGARA,BUTON SELATAN,1
9062,2024,7415,SULAWESI TENGGARA,BUTON SELATAN,1
9063,2025,7415,SULAWESI TENGGARA,BUTON SELATAN,1
9064,2004,7414,SULAWESI TENGGARA,BUTON TENGAH,0
9065,2005,7414,SULAWESI TENGGARA,BUTON TENGAH,0
9066,2006,7414,SULAWESI TENGGARA,BUTON TENGAH,0
9067,2007,7414,SULAWESI TENGGARA,BUTON TENGAH,0
9068,2008,7414,SULAWESI TENGGARA,BUTON TENGAH,0
9069,2009,7414,SULAWESI TENGGARA,BUTON TENGAH,0
9070,2010,7414,SULAWESI TENGGARA,BUTON TENGAH,0
9071,2011,7414,SULAWESI TENGGARA,BUTON TENGAH,0
9072,2012,7414,SULAWESI TENGGARA,BUTON TENGAH,0
9073,2013,7414,SULAWESI TENGGARA,BUTON TENGAH,0
9074,2014,7414,SULAWESI TENGGARA,BUTON TENGAH,0
9075,2015,7414,SULAWESI TENGGARA,BUTON TENGAH,0
9076,2016,7414,SULAWESI TENGGARA,BUTON TENGAH,0
9077,2017,7414,SULAWESI TENGGARA,BUTON TENGAH,0
9078,2018,7414,SULAWESI TENGGARA,BUTON TENGAH,0
9079,2019,7414,SULAWESI TENGGARA,BUTON TENGAH,0
9080,2020,7414,SULAWESI TENGGARA,BUTON TENGAH,0
9081,2021,7414,SULAWESI TENGGARA,BUTON TENGAH,0
9082,2022,7414,SULAWESI TENGGARA,BUTON TENGAH,0
9083,2023,7414,SULAWESI TENGGARA,BUTON TENGAH,0
9084,2024,7414,SULAWESI TENGGARA,BUTON TENGAH,0
9085,2025,7414,SULAWESI TENGGARA,BUTON TENGAH,0
9086,2004,7409,SULAWESI TENGGARA,BUTON UTARA,0
9087,2005,7409,SULAWESI TENGGARA,BUTON UTARA,0
9088,2006,7409,SULAWESI TENGGARA,BUTON UTARA,0
9089,2007,7409,SULAWESI TENGGARA,BUTON UTARA,0
9090,2008,7409,SULAWESI TENGGARA,BUTON UTARA,0
9091,2009,7409,SULAWESI TENGGARA,BUTON UTARA,0
9092,2010,7409,SULAWESI TENGGARA,BUTON UTARA,0
9093,2011,7409,SULAWESI TENGGARA,BUTON UTARA,0
9094,2012,7409,SULAWESI TENGGARA,BUTON UTARA,0
9095,2013,7409,SULAWESI TENGGARA,BUTON UTARA,0
9096,2014,7409,SULAWESI TENGGARA,BUTON UTARA,0
9097,2015,7409,SULAWESI TENGGARA,BUTON UTARA,0
9098,2016,7409,SULAWESI TENGGARA,BUTON UTARA,0
9099,2017,7409,SULAWESI TENGGARA,BUTON UTARA,0
9100,2018,7409,SULAWESI TENGGARA,BUTON UTARA,0
9101,2019,7409,SULAWESI TENGGARA,BUTON UTARA,0
9102,2020,7409,SULAWESI TENGGARA,BUTON UTARA,0
9103,2021,7409,SULAWESI TENGGARA,BUTON UTARA,0
9104,2022,7409,SULAWESI TENGGARA,BUTON UTARA,1
9105,2023,7409,SULAWESI TENGGARA,BUTON UTARA,1
9106,2024,7409,SULAWESI TENGGARA,BUTON UTARA,1
9107,2025,7409,SULAWESI TENGGARA,BUTON UTARA,1
9108,2004,7471,SULAWESI TENGGARA,KOTA KENDARI,0
9109,2005,7471,SULAWESI TENGGARA,KOTA KENDARI,0
9110,2006,7471,SULAWESI TENGGARA,KOTA KENDARI,0
9111,2007,7471,SULAWESI TENGGARA,KOTA KENDARI,0
9112,2008,7471,SULAWESI TENGGARA,KOTA KENDARI,0
9113,2009,7471,SULAWESI TENGGARA,KOTA KENDARI,0
9114,2010,7471,SULAWESI TENGGARA,KOTA KENDARI,0
9115,2011,7471,SULAWESI TENGGARA,KOTA KENDARI,0
9116,2012,7471,SULAWESI TENGGARA,KOTA KENDARI,0
9117,2013,7471,SULAWESI TENGGARA,KOTA KENDARI,0
9118,2014,7471,SULAWESI TENGGARA,KOTA KENDARI,0
9119,2015,7471,SULAWESI TENGGARA,KOTA KENDARI,0
9120,2016,7471,SULAWESI TENGGARA,KOTA KENDARI,0
9121,2017,7471,SULAWESI TENGGARA,KOTA KENDARI,0
9122,2018,7471,SULAWESI TENGGARA,KOTA KENDARI,0
9123,2019,7471,SULAWESI TENGGARA,KOTA KENDARI,0
9124,2020,7471,SULAWESI TENGGARA,KOTA KENDARI,0
9125,2021,7471,SULAWESI TENGGARA,KOTA KENDARI,0
9126,2022,7471,SULAWESI TENGGARA,KOTA KENDARI,0
9127,2023,7471,SULAWESI TENGGARA,KOTA KENDARI,0
9128,2024,7471,SULAWESI TENGGARA,KOTA KENDARI,0
9129,2025,7471,SULAWESI TENGGARA,KOTA KENDARI,0
9130,2004,7404,SULAWESI TENGGARA,KOLAKA,0
9131,2005,7404,SULAWESI TENGGARA,KOLAKA,0
9132,2006,7404,SULAWESI TENGGARA,KOLAKA,0
9133,2007,7404,SULAWESI TENGGARA,KOLAKA,0
9134,2008,7404,SULAWESI TENGGARA,KOLAKA,0
9135,2009,7404,SULAWESI TENGGARA,KOLAKA,0
9136,2010,7404,SULAWESI TENGGARA,KOLAKA,0
9137,2011,7404,SULAWESI TENGGARA,KOLAKA,0
9138,2012,7404,SULAWESI TENGGARA,KOLAKA,0
9139,2013,7404,SULAWESI TENGGARA,KOLAKA,0
9140,2014,7404,SULAWESI TENGGARA,KOLAKA,0
9141,2015,7404,SULAWESI TENGGARA,KOLAKA,0
9142,2016,7404,SULAWESI TENGGARA,KOLAKA,0
9143,2017,7404,SULAWESI TENGGARA,KOLAKA,0
9144,2018,7404,SULAWESI TENGGARA,KOLAKA,0
9145,2019,7404,SULAWESI TENGGARA,KOLAKA,0
9146,2020,7404,SULAWESI TENGGARA,KOLAKA,0
9147,2021,7404,SULAWESI TENGGARA,KOLAKA,0
9148,2022,7404,SULAWESI TENGGARA,KOLAKA,0
9149,2023,7404,SULAWESI TENGGARA,KOLAKA,0
9150,2024,7404,SULAWESI TENGGARA,KOLAKA,0
9151,2025,7404,SULAWESI TENGGARA,KOLAKA,0
9152,2004,7411,SULAWESI TENGGARA,KOLAKA TIMUR,0
9153,2005,7411,SULAWESI TENGGARA,KOLAKA TIMUR,0
9154,2006,7411,SULAWESI TENGGARA,KOLAKA TIMUR,0
9155,2007,7411,SULAWESI TENGGARA,KOLAKA TIMUR,0
9156,2008,7411,SULAWESI TENGGARA,KOLAKA TIMUR,0
9157,2009,7411,SULAWESI TENGGARA,KOLAKA TIMUR,0
9158,2010,7411,SULAWESI TENGGARA,KOLAKA TIMUR,0
9159,2011,7411,SULAWESI TENGGARA,KOLAKA TIMUR,0
9160,2012,7411,SULAWESI TENGGARA,KOLAKA TIMUR,0
9161,2013,7411,SULAWESI TENGGARA,KOLAKA TIMUR,0
9162,2014,7411,SULAWESI TENGGARA,KOLAKA TIMUR,0
9163,2015,7411,SULAWESI TENGGARA,KOLAKA TIMUR,0
9164,2016,7411,SULAWESI TENGGARA,KOLAKA TIMUR,0
9165,2017,7411,SULAWESI TENGGARA,KOLAKA TIMUR,0
9166,2018,7411,SULAWESI TENGGARA,KOLAKA TIMUR,0
9167,2019,7411,SULAWESI TENGGARA,KOLAKA TIMUR,0
9168,2020,7411,SULAWESI TENGGARA,KOLAKA TIMUR,0
9169,2021,7411,SULAWESI TENGGARA,KOLAKA TIMUR,0
9170,2022,7411,SULAWESI TENGGARA,KOLAKA TIMUR,0
9171,2023,7411,SULAWESI TENGGARA,KOLAKA TIMUR,0
9172,2024,7411,SULAWESI TENGGARA,KOLAKA TIMUR,0
9173,2025,7411,SULAWESI TENGGARA,KOLAKA TIMUR,0
9174,2004,7408,SULAWESI TENGGARA,KOLAKA UTARA,0
9175,2005,7408,SULAWESI TENGGARA,KOLAKA UTARA,0
9176,2006,7408,SULAWESI TENGGARA,KOLAKA UTARA,0
9177,2007,7408,SULAWESI TENGGARA,KOLAKA UTARA,0
9178,2008,7408,SULAWESI TENGGARA,KOLAKA UTARA,0
9179,2009,7408,SULAWESI TENGGARA,KOLAKA UTARA,0
9180,2010,7408,SULAWESI TENGGARA,KOLAKA UTARA,0
9181,2011,7408,SULAWESI TENGGARA,KOLAKA UTARA,0
9182,2012,7408,SULAWESI TENGGARA,KOLAKA UTARA,0
9183,2013,7408,SULAWESI TENGGARA,KOLAKA UTARA,0
9184,2014,7408,SULAWESI TENGGARA,KOLAKA UTARA,0
9185,2015,7408,SULAWESI TENGGARA,KOLAKA UTARA,0
9186,2016,7408,SULAWESI TENGGARA,KOLAKA UTARA,0
9187,2017,7408,SULAWESI TENGGARA,KOLAKA UTARA,0
9188,2018,7408,SULAWESI TENGGARA,KOLAKA UTARA,0
9189,2019,7408,SULAWESI TENGGARA,KOLAKA UTARA,0
9190,2020,7408,SULAWESI TENGGARA,KOLAKA UTARA,0
9191,2021,7408,SULAWESI TENGGARA,KOLAKA UTARA,0
9192,2022,7408,SULAWESI TENGGARA,KOLAKA UTARA,0
9193,2023,7408,SULAWESI TENGGARA,KOLAKA UTARA,0
9194,2024,7408,SULAWESI TENGGARA,KOLAKA UTARA,0
9195,2025,7408,SULAWESI TENGGARA,KOLAKA UTARA,0
9196,2004,7403,SULAWESI TENGGARA,KONAWE,0
9197,2005,7403,SULAWESI TENGGARA,KONAWE,0
9198,2006,7403,SULAWESI TENGGARA,KONAWE,0
9199,2007,7403,SULAWESI TENGGARA,KONAWE,0
9200,2008,7403,SULAWESI TENGGARA,KONAWE,0
9201,2009,7403,SULAWESI TENGGARA,KONAWE,0
9202,2010,7403,SULAWESI TENGGARA,KONAWE,0
9203,2011,7403,SULAWESI TENGGARA,KONAWE,0
9204,2012,7403,SULAWESI TENGGARA,KONAWE,0
9205,2013,7403,SULAWESI TENGGARA,KONAWE,0
9206,2014,7403,SULAWESI TENGGARA,KONAWE,0
9207,2015,7403,SULAWESI TENGGARA,KONAWE,0
9208,2016,7403,SULAWESI TENGGARA,KONAWE,0
9209,2017,7403,SULAWESI TENGGARA,KONAWE,0
9210,2018,7403,SULAWESI TENGGARA,KONAWE,1
9211,2019,7403,SULAWESI TENGGARA,KONAWE,1
9212,2020,7403,SULAWESI TENGGARA,KONAWE,1
9213,2021,7403,SULAWESI TENGGARA,KONAWE,1
9214,2022,7403,SULAWESI TENGGARA,KONAWE,1
9215,2023,7403,SULAWESI TENGGARA,KONAWE,1
9216,2024,7403,SULAWESI TENGGARA,KONAWE,1
9217,2025,7403,SULAWESI TENGGARA,KONAWE,1
9218,2004,7412,SULAWESI TENGGARA,KONAWE KEPULAUAN,0
9219,2005,7412,SULAWESI TENGGARA,KONAWE KEPULAUAN,0
9220,2006,7412,SULAWESI TENGGARA,KONAWE KEPULAUAN,0
9221,2007,7412,SULAWESI TENGGARA,KONAWE KEPULAUAN,0
9222,2008,7412,SULAWESI TENGGARA,KONAWE KEPULAUAN,0
9223,2009,7412,SULAWESI TENGGARA,KONAWE KEPULAUAN,0
9224,2010,7412,SULAWESI TENGGARA,KONAWE KEPULAUAN,0
9225,2011,7412,SULAWESI TENGGARA,KONAWE KEPULAUAN,0
9226,2012,7412,SULAWESI TENGGARA,KONAWE KEPULAUAN,0
9227,2013,7412,SULAWESI TENGGARA,KONAWE KEPULAUAN,0
9228,2014,7412,SULAWESI TENGGARA,KONAWE KEPULAUAN,0
9229,2015,7412,SULAWESI TENGGARA,KONAWE KEPULAUAN,0
9230,2016,7412,SULAWESI TENGGARA,KONAWE KEPULAUAN,0
9231,2017,7412,SULAWESI TENGGARA,KONAWE KEPULAUAN,0
9232,2018,7412,SULAWESI TENGGARA,KONAWE KEPULAUAN,0
9233,2019,7412,SULAWESI TENGGARA,KONAWE KEPULAUAN,0
9234,2020,7412,SULAWESI TENGGARA,KONAWE KEPULAUAN,0
9235,2021,7412,SULAWESI TENGGARA,KONAWE KEPULAUAN,1
9236,2022,7412,SULAWESI TENGGARA,KONAWE KEPULAUAN,1
9237,2023,7412,SULAWESI TENGGARA,KONAWE KEPULAUAN,1
9238,2024,7412,SULAWESI TENGGARA,KONAWE KEPULAUAN,1
9239,2025,7412,SULAWESI TENGGARA,KONAWE KEPULAUAN,1
9240,2004,7405,SULAWESI TENGGARA,KONAWE SELATAN,0
9241,2005,7405,SULAWESI TENGGARA,KONAWE SELATAN,0
9242,2006,7405,SULAWESI TENGGARA,KONAWE SELATAN,0
9243,2007,7405,SULAWESI TENGGARA,KONAWE SELATAN,0
9244,2008,7405,SULAWESI TENGGARA,KONAWE SELATAN,0
9245,2009,7405,SULAWESI TENGGARA,KONAWE SELATAN,0
9246,2010,7405,SULAWESI TENGGARA,KONAWE SELATAN,0
9247,2011,7405,SULAWESI TENGGARA,KONAWE SELATAN,0
9248,2012,7405,SULAWESI TENGGARA,KONAWE SELATAN,0
9249,2013,7405,SULAWESI TENGGARA,KONAWE SELATAN,0
9250,2014,7405,SULAWESI TENGGARA,KONAWE SELATAN,0
9251,2015,7405,SULAWESI TENGGARA,KONAWE SELATAN,0
9252,2016,7405,SULAWESI TENGGARA,KONAWE SELATAN,0
9253,2017,7405,SULAWESI TENGGARA,KONAWE SELATAN,0
9254,2018,7405,SULAWESI TENGGARA,KONAWE SELATAN,0
9255,2019,7405,SULAWESI TENGGARA,KONAWE SELATAN,0
9256,2020,7405,SULAWESI TENGGARA,KONAWE SELATAN,0
9257,2021,7405,SULAWESI TENGGARA,KONAWE SELATAN,0
9258,2022,7405,SULAWESI TENGGARA,KONAWE SELATAN,0
9259,2023,7405,SULAWESI TENGGARA,KONAWE SELATAN,0
9260,2024,7405,SULAWESI TENGGARA,KONAWE SELATAN,0
9261,2025,7405,SULAWESI TENGGARA,KONAWE SELATAN,0
9262,2004,7410,SULAWESI TENGGARA,KONAWE UTARA,0
9263,2005,7410,SULAWESI TENGGARA,KONAWE UTARA,0
9264,2006,7410,SULAWESI TENGGARA,KONAWE UTARA,0
9265,2007,7410,SULAWESI TENGGARA,KONAWE UTARA,0
9266,2008,7410,SULAWESI TENGGARA,KONAWE UTARA,0
9267,2009,7410,SULAWESI TENGGARA,KONAWE UTARA,0
9268,2010,7410,SULAWESI TENGGARA,KONAWE UTARA,0
9269,2011,7410,SULAWESI TENGGARA,KONAWE UTARA,0
9270,2012,7410,SULAWESI TENGGARA,KONAWE UTARA,0
9271,2013,7410,SULAWESI TENGGARA,KONAWE UTARA,0
9272,2014,7410,SULAWESI TENGGARA,KONAWE UTARA,0
9273,2015,7410,SULAWESI TENGGARA,KONAWE UTARA,0
9274,2016,7410,SULAWESI TENGGARA,KONAWE UTARA,0
9275,2017,7410,SULAWESI TENGGARA,KONAWE UTARA,0
9276,2018,7410,SULAWESI TENGGARA,KONAWE UTARA,0
9277,2019,7410,SULAWESI TENGGARA,KONAWE UTARA,0
9278,2020,7410,SULAWESI TENGGARA,KONAWE UTARA,0
9279,2021,7410,SULAWESI TENGGARA,KONAWE UTARA,0
9280,2022,7410,SULAWESI TENGGARA,KONAWE UTARA,1
9281,2023,7410,SULAWESI TENGGARA,KONAWE UTARA,1
9282,2024,7410,SULAWESI TENGGARA,KONAWE UTARA,1
9283,2025,7410,SULAWESI TENGGARA,KONAWE UTARA,1
9284,2004,7402,SULAWESI TENGGARA,MUNA,0
9285,2005,7402,SULAWESI TENGGARA,MUNA,0
9286,2006,7402,SULAWESI TENGGARA,MUNA,0
9287,2007,7402,SULAWESI TENGGARA,MUNA,0
9288,2008,7402,SULAWESI TENGGARA,MUNA,0
9289,2009,7402,SULAWESI TENGGARA,MUNA,0
9290,2010,7402,SULAWESI TENGGARA,MUNA,0
9291,2011,7402,SULAWESI TENGGARA,MUNA,0
9292,2012,7402,SULAWESI TENGGARA,MUNA,0
9293,2013,7402,SULAWESI TENGGARA,MUNA,0
9294,2014,7402,SULAWESI TENGGARA,MUNA,0
9295,2015,7402,SULAWESI TENGGARA,MUNA,0
9296,2016,7402,SULAWESI TENGGARA,MUNA,0
9297,2017,7402,SULAWESI TENGGARA,MUNA,0
9298,2018,7402,SULAWESI TENGGARA,MUNA,0
9299,2019,7402,SULAWESI TENGGARA,MUNA,1
9300,2020,7402,SULAWESI TENGGARA,MUNA,1
9301,2021,7402,SULAWESI TENGGARA,MUNA,1
9302,2022,7402,SULAWESI TENGGARA,MUNA,1
9303,2023,7402,SULAWESI TENGGARA,MUNA,1
9304,2024,7402,SULAWESI TENGGARA,MUNA,1
9305,2025,7402,SULAWESI TENGGARA,MUNA,1
9306,2004,7413,SULAWESI TENGGARA,MUNA BARAT,0
9307,2005,7413,SULAWESI TENGGARA,MUNA BARAT,0
9308,2006,7413,SULAWESI TENGGARA,MUNA BARAT,0
9309,2007,7413,SULAWESI TENGGARA,MUNA BARAT,0
9310,2008,7413,SULAWESI TENGGARA,MUNA BARAT,0
9311,2009,7413,SULAWESI TENGGARA,MUNA BARAT,0
9312,2010,7413,SULAWESI TENGGARA,MUNA BARAT,0
9313,2011,7413,SULAWESI TENGGARA,MUNA BARAT,0
9314,2012,7413,SULAWESI TENGGARA,MUNA BARAT,0
9315,2013,7413,SULAWESI TENGGARA,MUNA BARAT,0
9316,2014,7413,SULAWESI TENGGARA,MUNA BARAT,0
9317,2015,7413,SULAWESI TENGGARA,MUNA BARAT,0
9318,2016,7413,SULAWESI TENGGARA,MUNA BARAT,0
9319,2017,7413,SULAWESI TENGGARA,MUNA BARAT,0
9320,2018,7413,SULAWESI TENGGARA,MUNA BARAT,0
9321,2019,7413,SULAWESI TENGGARA,MUNA BARAT,0
9322,2020,7413,SULAWESI TENGGARA,MUNA BARAT,0
9323,2021,7413,SULAWESI TENGGARA,MUNA BARAT,0
9324,2022,7413,SULAWESI TENGGARA,MUNA BARAT,1
9325,2023,7413,SULAWESI TENGGARA,MUNA BARAT,1
9326,2024,7413,SULAWESI TENGGARA,MUNA BARAT,1
9327,2025,7413,SULAWESI TENGGARA,MUNA BARAT,1
9328,2004,7407,SULAWESI TENGGARA,WAKATOBI,0
9329,2005,7407,SULAWESI TENGGARA,WAKATOBI,0
9330,2006,7407,SULAWESI TENGGARA,WAKATOBI,0
9331,2007,7407,SULAWESI TENGGARA,WAKATOBI,0
9332,2008,7407,SULAWESI TENGGARA,WAKATOBI,0
9333,2009,7407,SULAWESI TENGGARA,WAKATOBI,0
9334,2010,7407,SULAWESI TENGGARA,WAKATOBI,0
9335,2011,7407,SULAWESI TENGGARA,WAKATOBI,0
9336,2012,7407,SULAWESI TENGGARA,WAKATOBI,0
9337,2013,7407,SULAWESI TENGGARA,WAKATOBI,0
9338,2014,7407,SULAWESI TENGGARA,WAKATOBI,0
9339,2015,7407,SULAWESI TENGGARA,WAKATOBI,0
9340,2016,7407,SULAWESI TENGGARA,WAKATOBI,0
9341,2017,7407,SULAWESI TENGGARA,WAKATOBI,0
9342,2018,7407,SULAWESI TENGGARA,WAKATOBI,0
9343,2019,7407,SULAWESI TENGGARA,WAKATOBI,0
9344,2020,7407,SULAWESI TENGGARA,WAKATOBI,0
9345,2021,7407,SULAWESI TENGGARA,WAKATOBI,0
9346,2022,7407,SULAWESI TENGGARA,WAKATOBI,0
9347,2023,7407,SULAWESI TENGGARA,WAKATOBI,0
9348,2024,7407,SULAWESI TENGGARA,WAKATOBI,0
9349,2025,7407,SULAWESI TENGGARA,WAKATOBI,0
9350,2004,7172,SULAWESI UTARA,KOTA BITUNG,0
9351,2005,7172,SULAWESI UTARA,KOTA BITUNG,0
9352,2006,7172,SULAWESI UTARA,KOTA BITUNG,0
9353,2007,7172,SULAWESI UTARA,KOTA BITUNG,0
9354,2008,7172,SULAWESI UTARA,KOTA BITUNG,0
9355,2009,7172,SULAWESI UTARA,KOTA BITUNG,0
9356,2010,7172,SULAWESI UTARA,KOTA BITUNG,0
9357,2011,7172,SULAWESI UTARA,KOTA BITUNG,0
9358,2012,7172,SULAWESI UTARA,KOTA BITUNG,0
9359,2013,7172,SULAWESI UTARA,KOTA BITUNG,0
9360,2014,7172,SULAWESI UTARA,KOTA BITUNG,0
9361,2015,7172,SULAWESI UTARA,KOTA BITUNG,0
9362,2016,7172,SULAWESI UTARA,KOTA BITUNG,0
9363,2017,7172,SULAWESI UTARA,KOTA BITUNG,0
9364,2018,7172,SULAWESI UTARA,KOTA BITUNG,0
9365,2019,7172,SULAWESI UTARA,KOTA BITUNG,1
9366,2020,7172,SULAWESI UTARA,KOTA BITUNG,1
9367,2021,7172,SULAWESI UTARA,KOTA BITUNG,1
9368,2022,7172,SULAWESI UTARA,KOTA BITUNG,1
9369,2023,7172,SULAWESI UTARA,KOTA BITUNG,1
9370,2024,7172,SULAWESI UTARA,KOTA BITUNG,1
9371,2025,7172,SULAWESI UTARA,KOTA BITUNG,1
9372,2004,7101,SULAWESI UTARA,BOLAANG MONGONDOW,0
9373,2005,7101,SULAWESI UTARA,BOLAANG MONGONDOW,0
9374,2006,7101,SULAWESI UTARA,BOLAANG MONGONDOW,0
9375,2007,7101,SULAWESI UTARA,BOLAANG MONGONDOW,0
9376,2008,7101,SULAWESI UTARA,BOLAANG MONGONDOW,0
9377,2009,7101,SULAWESI UTARA,BOLAANG MONGONDOW,0
9378,2010,7101,SULAWESI UTARA,BOLAANG MONGONDOW,0
9379,2011,7101,SULAWESI UTARA,BOLAANG MONGONDOW,0
9380,2012,7101,SULAWESI UTARA,BOLAANG MONGONDOW,0
9381,2013,7101,SULAWESI UTARA,BOLAANG MONGONDOW,0
9382,2014,7101,SULAWESI UTARA,BOLAANG MONGONDOW,0
9383,2015,7101,SULAWESI UTARA,BOLAANG MONGONDOW,0
9384,2016,7101,SULAWESI UTARA,BOLAANG MONGONDOW,0
9385,2017,7101,SULAWESI UTARA,BOLAANG MONGONDOW,0
9386,2018,7101,SULAWESI UTARA,BOLAANG MONGONDOW,0
9387,2019,7101,SULAWESI UTARA,BOLAANG MONGONDOW,0
9388,2020,7101,SULAWESI UTARA,BOLAANG MONGONDOW,0
9389,2021,7101,SULAWESI UTARA,BOLAANG MONGONDOW,0
9390,2022,7101,SULAWESI UTARA,BOLAANG MONGONDOW,0
9391,2023,7101,SULAWESI UTARA,BOLAANG MONGONDOW,0
9392,2024,7101,SULAWESI UTARA,BOLAANG MONGONDOW,0
9393,2025,7101,SULAWESI UTARA,BOLAANG MONGONDOW,0
9394,2004,7110,SULAWESI UTARA,BOLAANG MONGONDOW SELATAN,0
9395,2005,7110,SULAWESI UTARA,BOLAANG MONGONDOW SELATAN,0
9396,2006,7110,SULAWESI UTARA,BOLAANG MONGONDOW SELATAN,0
9397,2007,7110,SULAWESI UTARA,BOLAANG MONGONDOW SELATAN,0
9398,2008,7110,SULAWESI UTARA,BOLAANG MONGONDOW SELATAN,0
9399,2009,7110,SULAWESI UTARA,BOLAANG MONGONDOW SELATAN,0
9400,2010,7110,SULAWESI UTARA,BOLAANG MONGONDOW SELATAN,0
9401,2011,7110,SULAWESI UTARA,BOLAANG MONGONDOW SELATAN,0
9402,2012,7110,SULAWESI UTARA,BOLAANG MONGONDOW SELATAN,0
9403,2013,7110,SULAWESI UTARA,BOLAANG MONGONDOW SELATAN,0
9404,2014,7110,SULAWESI UTARA,BOLAANG MONGONDOW SELATAN,0
9405,2015,7110,SULAWESI UTARA,BOLAANG MONGONDOW SELATAN,0
9406,2016,7110,SULAWESI UTARA,BOLAANG MONGONDOW SELATAN,0
9407,2017,7110,SULAWESI UTARA,BOLAANG MONGONDOW SELATAN,0
9408,2018,7110,SULAWESI UTARA,BOLAANG MONGONDOW SELATAN,0
9409,2019,7110,SULAWESI UTARA,BOLAANG MONGONDOW SELATAN,0
9410,2020,7110,SULAWESI UTARA,BOLAANG MONGONDOW SELATAN,0
9411,2021,7110,SULAWESI UTARA,BOLAANG MONGONDOW SELATAN,0
9412,2022,7110,SULAWESI UTARA,BOLAANG MONGONDOW SELATAN,0
9413,2023,7110,SULAWESI UTARA,BOLAANG MONGONDOW SELATAN,0
9414,2024,7110,SULAWESI UTARA,BOLAANG MONGONDOW SELATAN,0
9415,2025,7110,SULAWESI UTARA,BOLAANG MONGONDOW SELATAN,0
9416,2004,7111,SULAWESI UTARA,BOLAANG MONGONDOW TIMUR,0
9417,2005,7111,SULAWESI UTARA,BOLAANG MONGONDOW TIMUR,0
9418,2006,7111,SULAWESI UTARA,BOLAANG MONGONDOW TIMUR,0
9419,2007,7111,SULAWESI UTARA,BOLAANG MONGONDOW TIMUR,0
9420,2008,7111,SULAWESI UTARA,BOLAANG MONGONDOW TIMUR,0
9421,2009,7111,SULAWESI UTARA,BOLAANG MONGONDOW TIMUR,0
9422,2010,7111,SULAWESI UTARA,BOLAANG MONGONDOW TIMUR,0
9423,2011,7111,SULAWESI UTARA,BOLAANG MONGONDOW TIMUR,0
9424,2012,7111,SULAWESI UTARA,BOLAANG MONGONDOW TIMUR,0
9425,2013,7111,SULAWESI UTARA,BOLAANG MONGONDOW TIMUR,0
9426,2014,7111,SULAWESI UTARA,BOLAANG MONGONDOW TIMUR,0
9427,2015,7111,SULAWESI UTARA,BOLAANG MONGONDOW TIMUR,0
9428,2016,7111,SULAWESI UTARA,BOLAANG MONGONDOW TIMUR,0
9429,2017,7111,SULAWESI UTARA,BOLAANG MONGONDOW TIMUR,0
9430,2018,7111,SULAWESI UTARA,BOLAANG MONGONDOW TIMUR,0
9431,2019,7111,SULAWESI UTARA,BOLAANG MONGONDOW TIMUR,0
9432,2020,7111,SULAWESI UTARA,BOLAANG MONGONDOW TIMUR,0
9433,2021,7111,SULAWESI UTARA,BOLAANG MONGONDOW TIMUR,0
9434,2022,7111,SULAWESI UTARA,BOLAANG MONGONDOW TIMUR,0
9435,2023,7111,SULAWESI UTARA,BOLAANG MONGONDOW TIMUR,0
9436,2024,7111,SULAWESI UTARA,BOLAANG MONGONDOW TIMUR,0
9437,2025,7111,SULAWESI UTARA,BOLAANG MONGONDOW TIMUR,0
9438,2004,7107,SULAWESI UTARA,BOLAANG MONGONDOW UTARA,0
9439,2005,7107,SULAWESI UTARA,BOLAANG MONGONDOW UTARA,0
9440,2006,7107,SULAWESI UTARA,BOLAANG MONGONDOW UTARA,0
9441,2007,7107,SULAWESI UTARA,BOLAANG MONGONDOW UTARA,0
9442,2008,7107,SULAWESI UTARA,BOLAANG MONGONDOW UTARA,0
9443,2009,7107,SULAWESI UTARA,BOLAANG MONGONDOW UTARA,0
9444,2010,7107,SULAWESI UTARA,BOLAANG MONGONDOW UTARA,0
9445,2011,7107,SULAWESI UTARA,BOLAANG MONGONDOW UTARA,0
9446,2012,7107,SULAWESI UTARA,BOLAANG MONGONDOW UTARA,0
9447,2013,7107,SULAWESI UTARA,BOLAANG MONGONDOW UTARA,0
9448,2014,7107,SULAWESI UTARA,BOLAANG MONGONDOW UTARA,0
9449,2015,7107,SULAWESI UTARA,BOLAANG MONGONDOW UTARA,0
9450,2016,7107,SULAWESI UTARA,BOLAANG MONGONDOW UTARA,0
9451,2017,7107,SULAWESI UTARA,BOLAANG MONGONDOW UTARA,0
9452,2018,7107,SULAWESI UTARA,BOLAANG MONGONDOW UTARA,0
9453,2019,7107,SULAWESI UTARA,BOLAANG MONGONDOW UTARA,0
9454,2020,7107,SULAWESI UTARA,BOLAANG MONGONDOW UTARA,0
9455,2021,7107,SULAWESI UTARA,BOLAANG MONGONDOW UTARA,0
9456,2022,7107,SULAWESI UTARA,BOLAANG MONGONDOW UTARA,0
9457,2023,7107,SULAWESI UTARA,BOLAANG MONGONDOW UTARA,0
9458,2024,7107,SULAWESI UTARA,BOLAANG MONGONDOW UTARA,0
9459,2025,7107,SULAWESI UTARA,BOLAANG MONGONDOW UTARA,0
9460,2004,7103,SULAWESI UTARA,KEPULAUAN SANGIHE,0
9461,2005,7103,SULAWESI UTARA,KEPULAUAN SANGIHE,0
9462,2006,7103,SULAWESI UTARA,KEPULAUAN SANGIHE,0
9463,2007,7103,SULAWESI UTARA,KEPULAUAN SANGIHE,0
9464,2008,7103,SULAWESI UTARA,KEPULAUAN SANGIHE,0
9465,2009,7103,SULAWESI UTARA,KEPULAUAN SANGIHE,0
9466,2010,7103,SULAWESI UTARA,KEPULAUAN SANGIHE,0
9467,2011,7103,SULAWESI UTARA,KEPULAUAN SANGIHE,0
9468,2012,7103,SULAWESI UTARA,KEPULAUAN SANGIHE,0
9469,2013,7103,SULAWESI UTARA,KEPULAUAN SANGIHE,0
9470,2014,7103,SULAWESI UTARA,KEPULAUAN SANGIHE,0
9471,2015,7103,SULAWESI UTARA,KEPULAUAN SANGIHE,0
9472,2016,7103,SULAWESI UTARA,KEPULAUAN SANGIHE,0
9473,2017,7103,SULAWESI UTARA,KEPULAUAN SANGIHE,0
9474,2018,7103,SULAWESI UTARA,KEPULAUAN SANGIHE,0
9475,2019,7103,SULAWESI UTARA,KEPULAUAN SANGIHE,0
9476,2020,7103,SULAWESI UTARA,KEPULAUAN SANGIHE,0
9477,2021,7103,SULAWESI UTARA,KEPULAUAN SANGIHE,0
9478,2022,7103,SULAWESI UTARA,KEPULAUAN SANGIHE,0
9479,2023,7103,SULAWESI UTARA,KEPULAUAN SANGIHE,0
9480,2024,7103,SULAWESI UTARA,KEPULAUAN SANGIHE,0
9481,2025,7103,SULAWESI UTARA,KEPULAUAN SANGIHE,0
9482,2004,7104,SULAWESI UTARA,KEPULAUAN TALAUD,0
9483,2005,7104,SULAWESI UTARA,KEPULAUAN TALAUD,0
9484,2006,7104,SULAWESI UTARA,KEPULAUAN TALAUD,0
9485,2007,7104,SULAWESI UTARA,KEPULAUAN TALAUD,0
9486,2008,7104,SULAWESI UTARA,KEPULAUAN TALAUD,0
9487,2009,7104,SULAWESI UTARA,KEPULAUAN TALAUD,0
9488,2010,7104,SULAWESI UTARA,KEPULAUAN TALAUD,0
9489,2011,7104,SULAWESI UTARA,KEPULAUAN TALAUD,0
9490,2012,7104,SULAWESI UTARA,KEPULAUAN TALAUD,0
9491,2013,7104,SULAWESI UTARA,KEPULAUAN TALAUD,0
9492,2014,7104,SULAWESI UTARA,KEPULAUAN TALAUD,0
9493,2015,7104,SULAWESI UTARA,KEPULAUAN TALAUD,0
9494,2016,7104,SULAWESI UTARA,KEPULAUAN TALAUD,0
9495,2017,7104,SULAWESI UTARA,KEPULAUAN TALAUD,0
9496,2018,7104,SULAWESI UTARA,KEPULAUAN TALAUD,0
9497,2019,7104,SULAWESI UTARA,KEPULAUAN TALAUD,0
9498,2020,7104,SULAWESI UTARA,KEPULAUAN TALAUD,0
9499,2021,7104,SULAWESI UTARA,KEPULAUAN TALAUD,0
9500,2022,7104,SULAWESI UTARA,KEPULAUAN TALAUD,0
9501,2023,7104,SULAWESI UTARA,KEPULAUAN TALAUD,0
9502,2024,7104,SULAWESI UTARA,KEPULAUAN TALAUD,0
9503,2025,7104,SULAWESI UTARA,KEPULAUAN TALAUD,0
9504,2004,7174,SULAWESI UTARA,KOTA KOTAMOBAGU,0
9505,2005,7174,SULAWESI UTARA,KOTA KOTAMOBAGU,0
9506,2006,7174,SULAWESI UTARA,KOTA KOTAMOBAGU,0
9507,2007,7174,SULAWESI UTARA,KOTA KOTAMOBAGU,0
9508,2008,7174,SULAWESI UTARA,KOTA KOTAMOBAGU,0
9509,2009,7174,SULAWESI UTARA,KOTA KOTAMOBAGU,0
9510,2010,7174,SULAWESI UTARA,KOTA KOTAMOBAGU,0
9511,2011,7174,SULAWESI UTARA,KOTA KOTAMOBAGU,0
9512,2012,7174,SULAWESI UTARA,KOTA KOTAMOBAGU,0
9513,2013,7174,SULAWESI UTARA,KOTA KOTAMOBAGU,0
9514,2014,7174,SULAWESI UTARA,KOTA KOTAMOBAGU,0
9515,2015,7174,SULAWESI UTARA,KOTA KOTAMOBAGU,0
9516,2016,7174,SULAWESI UTARA,KOTA KOTAMOBAGU,0
9517,2017,7174,SULAWESI UTARA,KOTA KOTAMOBAGU,0
9518,2018,7174,SULAWESI UTARA,KOTA KOTAMOBAGU,0
9519,2019,7174,SULAWESI UTARA,KOTA KOTAMOBAGU,0
9520,2020,7174,SULAWESI UTARA,KOTA KOTAMOBAGU,0
9521,2021,7174,SULAWESI UTARA,KOTA KOTAMOBAGU,0
9522,2022,7174,SULAWESI UTARA,KOTA KOTAMOBAGU,0
9523,2023,7174,SULAWESI UTARA,KOTA KOTAMOBAGU,0
9524,2024,7174,SULAWESI UTARA,KOTA KOTAMOBAGU,0
9525,2025,7174,SULAWESI UTARA,KOTA KOTAMOBAGU,0
9526,2004,7171,SULAWESI UTARA,KOTA MANADO,0
9527,2005,7171,SULAWESI UTARA,KOTA MANADO,0
9528,2006,7171,SULAWESI UTARA,KOTA MANADO,0
9529,2007,7171,SULAWESI UTARA,KOTA MANADO,0
9530,2008,7171,SULAWESI UTARA,KOTA MANADO,0
9531,2009,7171,SULAWESI UTARA,KOTA MANADO,0
9532,2010,7171,SULAWESI UTARA,KOTA MANADO,0
9533,2011,7171,SULAWESI UTARA,KOTA MANADO,0
9534,2012,7171,SULAWESI UTARA,KOTA MANADO,0
9535,2013,7171,SULAWESI UTARA,KOTA MANADO,0
9536,2014,7171,SULAWESI UTARA,KOTA MANADO,0
9537,2015,7171,SULAWESI UTARA,KOTA MANADO,0
9538,2016,7171,SULAWESI UTARA,KOTA MANADO,0
9539,2017,7171,SULAWESI UTARA,KOTA MANADO,0
9540,2018,7171,SULAWESI UTARA,KOTA MANADO,0
9541,2019,7171,SULAWESI UTARA,KOTA MANADO,0
9542,2020,7171,SULAWESI UTARA,KOTA MANADO,0
9543,2021,7171,SULAWESI UTARA,KOTA MANADO,0
9544,2022,7171,SULAWESI UTARA,KOTA MANADO,0
9545,2023,7171,SULAWESI UTARA,KOTA MANADO,0
9546,2024,7171,SULAWESI UTARA,KOTA MANADO,0
9547,2025,7171,SULAWESI UTARA,KOTA MANADO,0
9548,2004,7102,SULAWESI UTARA,MINAHASA,0
9549,2005,7102,SULAWESI UTARA,MINAHASA,0
9550,2006,7102,SULAWESI UTARA,MINAHASA,0
9551,2007,7102,SULAWESI UTARA,MINAHASA,0
9552,2008,7102,SULAWESI UTARA,MINAHASA,0
9553,2009,7102,SULAWESI UTARA,MINAHASA,0
9554,2010,7102,SULAWESI UTARA,MINAHASA,0
9555,2011,7102,SULAWESI UTARA,MINAHASA,0
9556,2012,7102,SULAWESI UTARA,MINAHASA,0
9557,2013,7102,SULAWESI UTARA,MINAHASA,0
9558,2014,7102,SULAWESI UTARA,MINAHASA,0
9559,2015,7102,SULAWESI UTARA,MINAHASA,0
9560,2016,7102,SULAWESI UTARA,MINAHASA,0
9561,2017,7102,SULAWESI UTARA,MINAHASA,0
9562,2018,7102,SULAWESI UTARA,MINAHASA,0
9563,2019,7102,SULAWESI UTARA,MINAHASA,0
9564,2020,7102,SULAWESI UTARA,MINAHASA,0
9565,2021,7102,SULAWESI UTARA,MINAHASA,0
9566,2022,7102,SULAWESI UTARA,MINAHASA,0
9567,2023,7102,SULAWESI UTARA,MINAHASA,0
9568,2024,7102,SULAWESI UTARA,MINAHASA,0
9569,2025,7102,SULAWESI UTARA,MINAHASA,0
9570,2004,7105,SULAWESI UTARA,MINAHASA SELATAN,0
9571,2005,7105,SULAWESI UTARA,MINAHASA SELATAN,0
9572,2006,7105,SULAWESI UTARA,MINAHASA SELATAN,0
9573,2007,7105,SULAWESI UTARA,MINAHASA SELATAN,0
9574,2008,7105,SULAWESI UTARA,MINAHASA SELATAN,0
9575,2009,7105,SULAWESI UTARA,MINAHASA SELATAN,0
9576,2010,7105,SULAWESI UTARA,MINAHASA SELATAN,0
9577,2011,7105,SULAWESI UTARA,MINAHASA SELATAN,0
9578,2012,7105,SULAWESI UTARA,MINAHASA SELATAN,0
9579,2013,7105,SULAWESI UTARA,MINAHASA SELATAN,0
9580,2014,7105,SULAWESI UTARA,MINAHASA SELATAN,0
9581,2015,7105,SULAWESI UTARA,MINAHASA SELATAN,0
9582,2016,7105,SULAWESI UTARA,MINAHASA SELATAN,0
9583,2017,7105,SULAWESI UTARA,MINAHASA SELATAN,0
9584,2018,7105,SULAWESI UTARA,MINAHASA SELATAN,0
9585,2019,7105,SULAWESI UTARA,MINAHASA SELATAN,0
9586,2020,7105,SULAWESI UTARA,MINAHASA SELATAN,0
9587,2021,7105,SULAWESI UTARA,MINAHASA SELATAN,0
9588,2022,7105,SULAWESI UTARA,MINAHASA SELATAN,0
9589,2023,7105,SULAWESI UTARA,MINAHASA SELATAN,0
9590,2024,7105,SULAWESI UTARA,MINAHASA SELATAN,0
9591,2025,7105,SULAWESI UTARA,MINAHASA SELATAN,0
9592,2004,7109,SULAWESI UTARA,MINAHASA TENGGARA,0
9593,2005,7109,SULAWESI UTARA,MINAHASA TENGGARA,0
9594,2006,7109,SULAWESI UTARA,MINAHASA TENGGARA,0
9595,2007,7109,SULAWESI UTARA,MINAHASA TENGGARA,0
9596,2008,7109,SULAWESI UTARA,MINAHASA TENGGARA,0
9597,2009,7109,SULAWESI UTARA,MINAHASA TENGGARA,0
9598,2010,7109,SULAWESI UTARA,MINAHASA TENGGARA,0
9599,2011,7109,SULAWESI UTARA,MINAHASA TENGGARA,0
9600,2012,7109,SULAWESI UTARA,MINAHASA TENGGARA,0
9601,2013,7109,SULAWESI UTARA,MINAHASA TENGGARA,0
9602,2014,7109,SULAWESI UTARA,MINAHASA TENGGARA,0
9603,2015,7109,SULAWESI UTARA,MINAHASA TENGGARA,0
9604,2016,7109,SULAWESI UTARA,MINAHASA TENGGARA,1
9605,2017,7109,SULAWESI UTARA,MINAHASA TENGGARA,1
9606,2018,7109,SULAWESI UTARA,MINAHASA TENGGARA,1
9607,2019,7109,SULAWESI UTARA,MINAHASA TENGGARA,1
9608,2020,7109,SULAWESI UTARA,MINAHASA TENGGARA,1
9609,2021,7109,SULAWESI UTARA,MINAHASA TENGGARA,1
9610,2022,7109,SULAWESI UTARA,MINAHASA TENGGARA,1
9611,2023,7109,SULAWESI UTARA,MINAHASA TENGGARA,1
9612,2024,7109,SULAWESI UTARA,MINAHASA TENGGARA,1
9613,2025,7109,SULAWESI UTARA,MINAHASA TENGGARA,1
9614,2004,7106,SULAWESI UTARA,MINAHASA UTARA,0
9615,2005,7106,SULAWESI UTARA,MINAHASA UTARA,0
9616,2006,7106,SULAWESI UTARA,MINAHASA UTARA,0
9617,2007,7106,SULAWESI UTARA,MINAHASA UTARA,0
9618,2008,7106,SULAWESI UTARA,MINAHASA UTARA,0
9619,2009,7106,SULAWESI UTARA,MINAHASA UTARA,0
9620,2010,7106,SULAWESI UTARA,MINAHASA UTARA,0
9621,2011,7106,SULAWESI UTARA,MINAHASA UTARA,0
9622,2012,7106,SULAWESI UTARA,MINAHASA UTARA,0
9623,2013,7106,SULAWESI UTARA,MINAHASA UTARA,0
9624,2014,7106,SULAWESI UTARA,MINAHASA UTARA,0
9625,2015,7106,SULAWESI UTARA,MINAHASA UTARA,0
9626,2016,7106,SULAWESI UTARA,MINAHASA UTARA,0
9627,2017,7106,SULAWESI UTARA,MINAHASA UTARA,0
9628,2018,7106,SULAWESI UTARA,MINAHASA UTARA,0
9629,2019,7106,SULAWESI UTARA,MINAHASA UTARA,0
9630,2020,7106,SULAWESI UTARA,MINAHASA UTARA,0
9631,2021,7106,SULAWESI UTARA,MINAHASA UTARA,0
9632,2022,7106,SULAWESI UTARA,MINAHASA UTARA,0
9633,2023,7106,SULAWESI UTARA,MINAHASA UTARA,0
9634,2024,7106,SULAWESI UTARA,MINAHASA UTARA,0
9635,2025,7106,SULAWESI UTARA,MINAHASA UTARA,0
9636,2004,7108,SULAWESI UTARA,SIAU TAGULANDANG BIARO,0
9637,2005,7108,SULAWESI UTARA,SIAU TAGULANDANG BIARO,0
9638,2006,7108,SULAWESI UTARA,SIAU TAGULANDANG BIARO,0
9639,2007,7108,SULAWESI UTARA,SIAU TAGULANDANG BIARO,0
9640,2008,7108,SULAWESI UTARA,SIAU TAGULANDANG BIARO,0
9641,2009,7108,SULAWESI UTARA,SIAU TAGULANDANG BIARO,0
9642,2010,7108,SULAWESI UTARA,SIAU TAGULANDANG BIARO,0
9643,2011,7108,SULAWESI UTARA,SIAU TAGULANDANG BIARO,0
9644,2012,7108,SULAWESI UTARA,SIAU TAGULANDANG BIARO,0
9645,2013,7108,SULAWESI UTARA,SIAU TAGULANDANG BIARO,0
9646,2014,7108,SULAWESI UTARA,SIAU TAGULANDANG BIARO,0
9647,2015,7108,SULAWESI UTARA,SIAU TAGULANDANG BIARO,0
9648,2016,7108,SULAWESI UTARA,SIAU TAGULANDANG BIARO,0
9649,2017,7108,SULAWESI UTARA,SIAU TAGULANDANG BIARO,0
9650,2018,7108,SULAWESI UTARA,SIAU TAGULANDANG BIARO,0
9651,2019,7108,SULAWESI UTARA,SIAU TAGULANDANG BIARO,0
9652,2020,7108,SULAWESI UTARA,SIAU TAGULANDANG BIARO,0
9653,2021,7108,SULAWESI UTARA,SIAU TAGULANDANG BIARO,0
9654,2022,7108,SULAWESI UTARA,SIAU TAGULANDANG BIARO,0
9655,2023,7108,SULAWESI UTARA,SIAU TAGULANDANG BIARO,0
9656,2024,7108,SULAWESI UTARA,SIAU TAGULANDANG BIARO,0
9657,2025,7108,SULAWESI UTARA,SIAU TAGULANDANG BIARO,0
9658,2004,7173,SULAWESI UTARA,KOTA TOMOHON,0
9659,2005,7173,SULAWESI UTARA,KOTA TOMOHON,0
9660,2006,7173,SULAWESI UTARA,KOTA TOMOHON,0
9661,2007,7173,SULAWESI UTARA,KOTA TOMOHON,0
9662,2008,7173,SULAWESI UTARA,KOTA TOMOHON,0
9663,2009,7173,SULAWESI UTARA,KOTA TOMOHON,0
9664,2010,7173,SULAWESI UTARA,KOTA TOMOHON,0
9665,2011,7173,SULAWESI UTARA,KOTA TOMOHON,0
9666,2012,7173,SULAWESI UTARA,KOTA TOMOHON,0
9667,2013,7173,SULAWESI UTARA,KOTA TOMOHON,0
9668,2014,7173,SULAWESI UTARA,KOTA TOMOHON,0
9669,2015,7173,SULAWESI UTARA,KOTA TOMOHON,0
9670,2016,7173,SULAWESI UTARA,KOTA TOMOHON,0
9671,2017,7173,SULAWESI UTARA,KOTA TOMOHON,0
9672,2018,7173,SULAWESI UTARA,KOTA TOMOHON,0
9673,2019,7173,SULAWESI UTARA,KOTA TOMOHON,0
9674,2020,7173,SULAWESI UTARA,KOTA TOMOHON,0
9675,2021,7173,SULAWESI UTARA,KOTA TOMOHON,0
9676,2022,7173,SULAWESI UTARA,KOTA TOMOHON,0
9677,2023,7173,SULAWESI UTARA,KOTA TOMOHON,0
9678,2024,7173,SULAWESI UTARA,KOTA TOMOHON,0
9679,2025,7173,SULAWESI UTARA,KOTA TOMOHON,0
9680,2004,1307,SUMATERA BARAT,AGAM,0
9681,2005,1307,SUMATERA BARAT,AGAM,0
9682,2006,1307,SUMATERA BARAT,AGAM,0
9683,2007,1307,SUMATERA BARAT,AGAM,0
9684,2008,1307,SUMATERA BARAT,AGAM,0
9685,2009,1307,SUMATERA BARAT,AGAM,0
9686,2010,1307,SUMATERA BARAT,AGAM,0
9687,2011,1307,SUMATERA BARAT,AGAM,0
9688,2012,1307,SUMATERA BARAT,AGAM,0
9689,2013,1307,SUMATERA BARAT,AGAM,0
9690,2014,1307,SUMATERA BARAT,AGAM,0
9691,2015,1307,SUMATERA BARAT,AGAM,0
9692,2016,1307,SUMATERA BARAT,AGAM,0
9693,2017,1307,SUMATERA BARAT,AGAM,0
9694,2018,1307,SUMATERA BARAT,AGAM,0
9695,2019,1307,SUMATERA BARAT,AGAM,0
9696,2020,1307,SUMATERA BARAT,AGAM,0
9697,2021,1307,SUMATERA BARAT,AGAM,0
9698,2022,1307,SUMATERA BARAT,AGAM,0
9699,2023,1307,SUMATERA BARAT,AGAM,0
9700,2024,1307,SUMATERA BARAT,AGAM,0
9701,2025,1307,SUMATERA BARAT,AGAM,0
9702,2004,1375,SUMATERA BARAT,KOTA BUKITTINGGI,0
9703,2005,1375,SUMATERA BARAT,KOTA BUKITTINGGI,0
9704,2006,1375,SUMATERA BARAT,KOTA BUKITTINGGI,0
9705,2007,1375,SUMATERA BARAT,KOTA BUKITTINGGI,0
9706,2008,1375,SUMATERA BARAT,KOTA BUKITTINGGI,0
9707,2009,1375,SUMATERA BARAT,KOTA BUKITTINGGI,0
9708,2010,1375,SUMATERA BARAT,KOTA BUKITTINGGI,0
9709,2011,1375,SUMATERA BARAT,KOTA BUKITTINGGI,0
9710,2012,1375,SUMATERA BARAT,KOTA BUKITTINGGI,0
9711,2013,1375,SUMATERA BARAT,KOTA BUKITTINGGI,0
9712,2014,1375,SUMATERA BARAT,KOTA BUKITTINGGI,0
9713,2015,1375,SUMATERA BARAT,KOTA BUKITTINGGI,1
9714,2016,1375,SUMATERA BARAT,KOTA BUKITTINGGI,1
9715,2017,1375,SUMATERA BARAT,KOTA BUKITTINGGI,1
9716,2018,1375,SUMATERA BARAT,KOTA BUKITTINGGI,1
9717,2019,1375,SUMATERA BARAT,KOTA BUKITTINGGI,1
9718,2020,1375,SUMATERA BARAT,KOTA BUKITTINGGI,1
9719,2021,1375,SUMATERA BARAT,KOTA BUKITTINGGI,1
9720,2022,1375,SUMATERA BARAT,KOTA BUKITTINGGI,1
9721,2023,1375,SUMATERA BARAT,KOTA BUKITTINGGI,1
9722,2024,1375,SUMATERA BARAT,KOTA BUKITTINGGI,1
9723,2025,1375,SUMATERA BARAT,KOTA BUKITTINGGI,1
9724,2004,1311,SUMATERA BARAT,DHARMASRAYA,0
9725,2005,1311,SUMATERA BARAT,DHARMASRAYA,0
9726,2006,1311,SUMATERA BARAT,DHARMASRAYA,0
9727,2007,1311,SUMATERA BARAT,DHARMASRAYA,0
9728,2008,1311,SUMATERA BARAT,DHARMASRAYA,0
9729,2009,1311,SUMATERA BARAT,DHARMASRAYA,0
9730,2010,1311,SUMATERA BARAT,DHARMASRAYA,0
9731,2011,1311,SUMATERA BARAT,DHARMASRAYA,0
9732,2012,1311,SUMATERA BARAT,DHARMASRAYA,0
9733,2013,1311,SUMATERA BARAT,DHARMASRAYA,0
9734,2014,1311,SUMATERA BARAT,DHARMASRAYA,0
9735,2015,1311,SUMATERA BARAT,DHARMASRAYA,0
9736,2016,1311,SUMATERA BARAT,DHARMASRAYA,0
9737,2017,1311,SUMATERA BARAT,DHARMASRAYA,0
9738,2018,1311,SUMATERA BARAT,DHARMASRAYA,1
9739,2019,1311,SUMATERA BARAT,DHARMASRAYA,1
9740,2020,1311,SUMATERA BARAT,DHARMASRAYA,1
9741,2021,1311,SUMATERA BARAT,DHARMASRAYA,1
9742,2022,1311,SUMATERA BARAT,DHARMASRAYA,1
9743,2023,1311,SUMATERA BARAT,DHARMASRAYA,1
9744,2024,1311,SUMATERA BARAT,DHARMASRAYA,1
9745,2025,1311,SUMATERA BARAT,DHARMASRAYA,1
9746,2004,1301,SUMATERA BARAT,KEPULAUAN MENTAWAI,0
9747,2005,1301,SUMATERA BARAT,KEPULAUAN MENTAWAI,0
9748,2006,1301,SUMATERA BARAT,KEPULAUAN MENTAWAI,0
9749,2007,1301,SUMATERA BARAT,KEPULAUAN MENTAWAI,0
9750,2008,1301,SUMATERA BARAT,KEPULAUAN MENTAWAI,0
9751,2009,1301,SUMATERA BARAT,KEPULAUAN MENTAWAI,0
9752,2010,1301,SUMATERA BARAT,KEPULAUAN MENTAWAI,0
9753,2011,1301,SUMATERA BARAT,KEPULAUAN MENTAWAI,0
9754,2012,1301,SUMATERA BARAT,KEPULAUAN MENTAWAI,0
9755,2013,1301,SUMATERA BARAT,KEPULAUAN MENTAWAI,0
9756,2014,1301,SUMATERA BARAT,KEPULAUAN MENTAWAI,0
9757,2015,1301,SUMATERA BARAT,KEPULAUAN MENTAWAI,0
9758,2016,1301,SUMATERA BARAT,KEPULAUAN MENTAWAI,0
9759,2017,1301,SUMATERA BARAT,KEPULAUAN MENTAWAI,0
9760,2018,1301,SUMATERA BARAT,KEPULAUAN MENTAWAI,0
9761,2019,1301,SUMATERA BARAT,KEPULAUAN MENTAWAI,0
9762,2020,1301,SUMATERA BARAT,KEPULAUAN MENTAWAI,0
9763,2021,1301,SUMATERA BARAT,KEPULAUAN MENTAWAI,0
9764,2022,1301,SUMATERA BARAT,KEPULAUAN MENTAWAI,0
9765,2023,1301,SUMATERA BARAT,KEPULAUAN MENTAWAI,0
9766,2024,1301,SUMATERA BARAT,KEPULAUAN MENTAWAI,0
9767,2025,1301,SUMATERA BARAT,KEPULAUAN MENTAWAI,1
9768,2004,1308,SUMATERA BARAT,LIMA PULUH KOTA,0
9769,2005,1308,SUMATERA BARAT,LIMA PULUH KOTA,0
9770,2006,1308,SUMATERA BARAT,LIMA PULUH KOTA,0
9771,2007,1308,SUMATERA BARAT,LIMA PULUH KOTA,0
9772,2008,1308,SUMATERA BARAT,LIMA PULUH KOTA,0
9773,2009,1308,SUMATERA BARAT,LIMA PULUH KOTA,0
9774,2010,1308,SUMATERA BARAT,LIMA PULUH KOTA,0
9775,2011,1308,SUMATERA BARAT,LIMA PULUH KOTA,0
9776,2012,1308,SUMATERA BARAT,LIMA PULUH KOTA,0
9777,2013,1308,SUMATERA BARAT,LIMA PULUH KOTA,0
9778,2014,1308,SUMATERA BARAT,LIMA PULUH KOTA,0
9779,2015,1308,SUMATERA BARAT,LIMA PULUH KOTA,0
9780,2016,1308,SUMATERA BARAT,LIMA PULUH KOTA,0
9781,2017,1308,SUMATERA BARAT,LIMA PULUH KOTA,0
9782,2018,1308,SUMATERA BARAT,LIMA PULUH KOTA,0
9783,2019,1308,SUMATERA BARAT,LIMA PULUH KOTA,0
9784,2020,1308,SUMATERA BARAT,LIMA PULUH KOTA,0
9785,2021,1308,SUMATERA BARAT,LIMA PULUH KOTA,0
9786,2022,1308,SUMATERA BARAT,LIMA PULUH KOTA,0
9787,2023,1308,SUMATERA BARAT,LIMA PULUH KOTA,0
9788,2024,1308,SUMATERA BARAT,LIMA PULUH KOTA,0
9789,2025,1308,SUMATERA BARAT,LIMA PULUH KOTA,0
9790,2004,1371,SUMATERA BARAT,KOTA PADANG,0
9791,2005,1371,SUMATERA BARAT,KOTA PADANG,0
9792,2006,1371,SUMATERA BARAT,KOTA PADANG,0
9793,2007,1371,SUMATERA BARAT,KOTA PADANG,0
9794,2008,1371,SUMATERA BARAT,KOTA PADANG,0
9795,2009,1371,SUMATERA BARAT,KOTA PADANG,0
9796,2010,1371,SUMATERA BARAT,KOTA PADANG,0
9797,2011,1371,SUMATERA BARAT,KOTA PADANG,0
9798,2012,1371,SUMATERA BARAT,KOTA PADANG,0
9799,2013,1371,SUMATERA BARAT,KOTA PADANG,0
9800,2014,1371,SUMATERA BARAT,KOTA PADANG,0
9801,2015,1371,SUMATERA BARAT,KOTA PADANG,0
9802,2016,1371,SUMATERA BARAT,KOTA PADANG,0
9803,2017,1371,SUMATERA BARAT,KOTA PADANG,0
9804,2018,1371,SUMATERA BARAT,KOTA PADANG,0
9805,2019,1371,SUMATERA BARAT,KOTA PADANG,0
9806,2020,1371,SUMATERA BARAT,KOTA PADANG,0
9807,2021,1371,SUMATERA BARAT,KOTA PADANG,0
9808,2022,1371,SUMATERA BARAT,KOTA PADANG,0
9809,2023,1371,SUMATERA BARAT,KOTA PADANG,0
9810,2024,1371,SUMATERA BARAT,KOTA PADANG,0
9811,2025,1371,SUMATERA BARAT,KOTA PADANG,0
9812,2004,1374,SUMATERA BARAT,KOTA PADANG PANJANG,0
9813,2005,1374,SUMATERA BARAT,KOTA PADANG PANJANG,0
9814,2006,1374,SUMATERA BARAT,KOTA PADANG PANJANG,0
9815,2007,1374,SUMATERA BARAT,KOTA PADANG PANJANG,0
9816,2008,1374,SUMATERA BARAT,KOTA PADANG PANJANG,0
9817,2009,1374,SUMATERA BARAT,KOTA PADANG PANJANG,0
9818,2010,1374,SUMATERA BARAT,KOTA PADANG PANJANG,0
9819,2011,1374,SUMATERA BARAT,KOTA PADANG PANJANG,0
9820,2012,1374,SUMATERA BARAT,KOTA PADANG PANJANG,0
9821,2013,1374,SUMATERA BARAT,KOTA PADANG PANJANG,0
9822,2014,1374,SUMATERA BARAT,KOTA PADANG PANJANG,0
9823,2015,1374,SUMATERA BARAT,KOTA PADANG PANJANG,0
9824,2016,1374,SUMATERA BARAT,KOTA PADANG PANJANG,0
9825,2017,1374,SUMATERA BARAT,KOTA PADANG PANJANG,0
9826,2018,1374,SUMATERA BARAT,KOTA PADANG PANJANG,0
9827,2019,1374,SUMATERA BARAT,KOTA PADANG PANJANG,0
9828,2020,1374,SUMATERA BARAT,KOTA PADANG PANJANG,0
9829,2021,1374,SUMATERA BARAT,KOTA PADANG PANJANG,0
9830,2022,1374,SUMATERA BARAT,KOTA PADANG PANJANG,0
9831,2023,1374,SUMATERA BARAT,KOTA PADANG PANJANG,0
9832,2024,1374,SUMATERA BARAT,KOTA PADANG PANJANG,0
9833,2025,1374,SUMATERA BARAT,KOTA PADANG PANJANG,0
9834,2004,1306,SUMATERA BARAT,PADANG PARIAMAN,0
9835,2005,1306,SUMATERA BARAT,PADANG PARIAMAN,0
9836,2006,1306,SUMATERA BARAT,PADANG PARIAMAN,0
9837,2007,1306,SUMATERA BARAT,PADANG PARIAMAN,0
9838,2008,1306,SUMATERA BARAT,PADANG PARIAMAN,0
9839,2009,1306,SUMATERA BARAT,PADANG PARIAMAN,0
9840,2010,1306,SUMATERA BARAT,PADANG PARIAMAN,0
9841,2011,1306,SUMATERA BARAT,PADANG PARIAMAN,0
9842,2012,1306,SUMATERA BARAT,PADANG PARIAMAN,0
9843,2013,1306,SUMATERA BARAT,PADANG PARIAMAN,0
9844,2014,1306,SUMATERA BARAT,PADANG PARIAMAN,0
9845,2015,1306,SUMATERA BARAT,PADANG PARIAMAN,0
9846,2016,1306,SUMATERA BARAT,PADANG PARIAMAN,0
9847,2017,1306,SUMATERA BARAT,PADANG PARIAMAN,1
9848,2018,1306,SUMATERA BARAT,PADANG PARIAMAN,1
9849,2019,1306,SUMATERA BARAT,PADANG PARIAMAN,1
9850,2020,1306,SUMATERA BARAT,PADANG PARIAMAN,1
9851,2021,1306,SUMATERA BARAT,PADANG PARIAMAN,1
9852,2022,1306,SUMATERA BARAT,PADANG PARIAMAN,1
9853,2023,1306,SUMATERA BARAT,PADANG PARIAMAN,1
9854,2024,1306,SUMATERA BARAT,PADANG PARIAMAN,1
9855,2025,1306,SUMATERA BARAT,PADANG PARIAMAN,1
9856,2004,1377,SUMATERA BARAT,KOTA PARIAMAN,0
9857,2005,1377,SUMATERA BARAT,KOTA PARIAMAN,0
9858,2006,1377,SUMATERA BARAT,KOTA PARIAMAN,0
9859,2007,1377,SUMATERA BARAT,KOTA PARIAMAN,0
9860,2008,1377,SUMATERA BARAT,KOTA PARIAMAN,0
9861,2009,1377,SUMATERA BARAT,KOTA PARIAMAN,0
9862,2010,1377,SUMATERA BARAT,KOTA PARIAMAN,0
9863,2011,1377,SUMATERA BARAT,KOTA PARIAMAN,0
9864,2012,1377,SUMATERA BARAT,KOTA PARIAMAN,0
9865,2013,1377,SUMATERA BARAT,KOTA PARIAMAN,0
9866,2014,1377,SUMATERA BARAT,KOTA PARIAMAN,0
9867,2015,1377,SUMATERA BARAT,KOTA PARIAMAN,0
9868,2016,1377,SUMATERA BARAT,KOTA PARIAMAN,0
9869,2017,1377,SUMATERA BARAT,KOTA PARIAMAN,0
9870,2018,1377,SUMATERA BARAT,KOTA PARIAMAN,0
9871,2019,1377,SUMATERA BARAT,KOTA PARIAMAN,0
9872,2020,1377,SUMATERA BARAT,KOTA PARIAMAN,0
9873,2021,1377,SUMATERA BARAT,KOTA PARIAMAN,0
9874,2022,1377,SUMATERA BARAT,KOTA PARIAMAN,0
9875,2023,1377,SUMATERA BARAT,KOTA PARIAMAN,0
9876,2024,1377,SUMATERA BARAT,KOTA PARIAMAN,0
9877,2025,1377,SUMATERA BARAT,KOTA PARIAMAN,0
9878,2004,1309,SUMATERA BARAT,PASAMAN,0
9879,2005,1309,SUMATERA BARAT,PASAMAN,0
9880,2006,1309,SUMATERA BARAT,PASAMAN,0
9881,2007,1309,SUMATERA BARAT,PASAMAN,0
9882,2008,1309,SUMATERA BARAT,PASAMAN,0
9883,2009,1309,SUMATERA BARAT,PASAMAN,0
9884,2010,1309,SUMATERA BARAT,PASAMAN,0
9885,2011,1309,SUMATERA BARAT,PASAMAN,0
9886,2012,1309,SUMATERA BARAT,PASAMAN,0
9887,2013,1309,SUMATERA BARAT,PASAMAN,0
9888,2014,1309,SUMATERA BARAT,PASAMAN,0
9889,2015,1309,SUMATERA BARAT,PASAMAN,0
9890,2016,1309,SUMATERA BARAT,PASAMAN,0
9891,2017,1309,SUMATERA BARAT,PASAMAN,0
9892,2018,1309,SUMATERA BARAT,PASAMAN,0
9893,2019,1309,SUMATERA BARAT,PASAMAN,0
9894,2020,1309,SUMATERA BARAT,PASAMAN,0
9895,2021,1309,SUMATERA BARAT,PASAMAN,0
9896,2022,1309,SUMATERA BARAT,PASAMAN,0
9897,2023,1309,SUMATERA BARAT,PASAMAN,0
9898,2024,1309,SUMATERA BARAT,PASAMAN,0
9899,2025,1309,SUMATERA BARAT,PASAMAN,0
9900,2004,1312,SUMATERA BARAT,PASAMAN BARAT,0
9901,2005,1312,SUMATERA BARAT,PASAMAN BARAT,0
9902,2006,1312,SUMATERA BARAT,PASAMAN BARAT,0
9903,2007,1312,SUMATERA BARAT,PASAMAN BARAT,0
9904,2008,1312,SUMATERA BARAT,PASAMAN BARAT,0
9905,2009,1312,SUMATERA BARAT,PASAMAN BARAT,0
9906,2010,1312,SUMATERA BARAT,PASAMAN BARAT,0
9907,2011,1312,SUMATERA BARAT,PASAMAN BARAT,0
9908,2012,1312,SUMATERA BARAT,PASAMAN BARAT,0
9909,2013,1312,SUMATERA BARAT,PASAMAN BARAT,0
9910,2014,1312,SUMATERA BARAT,PASAMAN BARAT,0
9911,2015,1312,SUMATERA BARAT,PASAMAN BARAT,0
9912,2016,1312,SUMATERA BARAT,PASAMAN BARAT,0
9913,2017,1312,SUMATERA BARAT,PASAMAN BARAT,0
9914,2018,1312,SUMATERA BARAT,PASAMAN BARAT,0
9915,2019,1312,SUMATERA BARAT,PASAMAN BARAT,0
9916,2020,1312,SUMATERA BARAT,PASAMAN BARAT,0
9917,2021,1312,SUMATERA BARAT,PASAMAN BARAT,0
9918,2022,1312,SUMATERA BARAT,PASAMAN BARAT,0
9919,2023,1312,SUMATERA BARAT,PASAMAN BARAT,0
9920,2024,1312,SUMATERA BARAT,PASAMAN BARAT,0
9921,2025,1312,SUMATERA BARAT,PASAMAN BARAT,0
9922,2004,1376,SUMATERA BARAT,KOTA PAYAKUMBUH,0
9923,2005,1376,SUMATERA BARAT,KOTA PAYAKUMBUH,0
9924,2006,1376,SUMATERA BARAT,KOTA PAYAKUMBUH,0
9925,2007,1376,SUMATERA BARAT,KOTA PAYAKUMBUH,0
9926,2008,1376,SUMATERA BARAT,KOTA PAYAKUMBUH,0
9927,2009,1376,SUMATERA BARAT,KOTA PAYAKUMBUH,0
9928,2010,1376,SUMATERA BARAT,KOTA PAYAKUMBUH,0
9929,2011,1376,SUMATERA BARAT,KOTA PAYAKUMBUH,0
9930,2012,1376,SUMATERA BARAT,KOTA PAYAKUMBUH,0
9931,2013,1376,SUMATERA BARAT,KOTA PAYAKUMBUH,0
9932,2014,1376,SUMATERA BARAT,KOTA PAYAKUMBUH,0
9933,2015,1376,SUMATERA BARAT,KOTA PAYAKUMBUH,0
9934,2016,1376,SUMATERA BARAT,KOTA PAYAKUMBUH,1
9935,2017,1376,SUMATERA BARAT,KOTA PAYAKUMBUH,1
9936,2018,1376,SUMATERA BARAT,KOTA PAYAKUMBUH,1
9937,2019,1376,SUMATERA BARAT,KOTA PAYAKUMBUH,1
9938,2020,1376,SUMATERA BARAT,KOTA PAYAKUMBUH,1
9939,2021,1376,SUMATERA BARAT,KOTA PAYAKUMBUH,1
9940,2022,1376,SUMATERA BARAT,KOTA PAYAKUMBUH,1
9941,2023,1376,SUMATERA BARAT,KOTA PAYAKUMBUH,1
9942,2024,1376,SUMATERA BARAT,KOTA PAYAKUMBUH,1
9943,2025,1376,SUMATERA BARAT,KOTA PAYAKUMBUH,1
9944,2004,1302,SUMATERA BARAT,PESISIR SELATAN,0
9945,2005,1302,SUMATERA BARAT,PESISIR SELATAN,0
9946,2006,1302,SUMATERA BARAT,PESISIR SELATAN,0
9947,2007,1302,SUMATERA BARAT,PESISIR SELATAN,0
9948,2008,1302,SUMATERA BARAT,PESISIR SELATAN,0
9949,2009,1302,SUMATERA BARAT,PESISIR SELATAN,0
9950,2010,1302,SUMATERA BARAT,PESISIR SELATAN,0
9951,2011,1302,SUMATERA BARAT,PESISIR SELATAN,0
9952,2012,1302,SUMATERA BARAT,PESISIR SELATAN,0
9953,2013,1302,SUMATERA BARAT,PESISIR SELATAN,0
9954,2014,1302,SUMATERA BARAT,PESISIR SELATAN,0
9955,2015,1302,SUMATERA BARAT,PESISIR SELATAN,0
9956,2016,1302,SUMATERA BARAT,PESISIR SELATAN,0
9957,2017,1302,SUMATERA BARAT,PESISIR SELATAN,1
9958,2018,1302,SUMATERA BARAT,PESISIR SELATAN,1
9959,2019,1302,SUMATERA BARAT,PESISIR SELATAN,1
9960,2020,1302,SUMATERA BARAT,PESISIR SELATAN,1
9961,2021,1302,SUMATERA BARAT,PESISIR SELATAN,1
9962,2022,1302,SUMATERA BARAT,PESISIR SELATAN,1
9963,2023,1302,SUMATERA BARAT,PESISIR SELATAN,1
9964,2024,1302,SUMATERA BARAT,PESISIR SELATAN,1
9965,2025,1302,SUMATERA BARAT,PESISIR SELATAN,1
9966,2004,1373,SUMATERA BARAT,KOTA SAWAH LUNTO,0
9967,2005,1373,SUMATERA BARAT,KOTA SAWAH LUNTO,0
9968,2006,1373,SUMATERA BARAT,KOTA SAWAH LUNTO,0
9969,2007,1373,SUMATERA BARAT,KOTA SAWAH LUNTO,0
9970,2008,1373,SUMATERA BARAT,KOTA SAWAH LUNTO,0
9971,2009,1373,SUMATERA BARAT,KOTA SAWAH LUNTO,0
9972,2010,1373,SUMATERA BARAT,KOTA SAWAH LUNTO,0
9973,2011,1373,SUMATERA BARAT,KOTA SAWAH LUNTO,0
9974,2012,1373,SUMATERA BARAT,KOTA SAWAH LUNTO,0
9975,2013,1373,SUMATERA BARAT,KOTA SAWAH LUNTO,0
9976,2014,1373,SUMATERA BARAT,KOTA SAWAH LUNTO,0
9977,2015,1373,SUMATERA BARAT,KOTA SAWAH LUNTO,0
9978,2016,1373,SUMATERA BARAT,KOTA SAWAH LUNTO,0
9979,2017,1373,SUMATERA BARAT,KOTA SAWAH LUNTO,0
9980,2018,1373,SUMATERA BARAT,KOTA SAWAH LUNTO,0
9981,2019,1373,SUMATERA BARAT,KOTA SAWAH LUNTO,0
9982,2020,1373,SUMATERA BARAT,KOTA SAWAH LUNTO,0
9983,2021,1373,SUMATERA BARAT,KOTA SAWAH LUNTO,0
9984,2022,1373,SUMATERA BARAT,KOTA SAWAH LUNTO,0
9985,2023,1373,SUMATERA BARAT,KOTA SAWAH LUNTO,0
9986,2024,1373,SUMATERA BARAT,KOTA SAWAH LUNTO,0
9987,2025,1373,SUMATERA BARAT,KOTA SAWAH LUNTO,0
9988,2004,1304,SUMATERA BARAT,SIJUNJUNG,0
9989,2005,1304,SUMATERA BARAT,SIJUNJUNG,0
9990,2006,1304,SUMATERA BARAT,SIJUNJUNG,0
9991,2007,1304,SUMATERA BARAT,SIJUNJUNG,0
9992,2008,1304,SUMATERA BARAT,SIJUNJUNG,0
9993,2009,1304,SUMATERA BARAT,SIJUNJUNG,0
9994,2010,1304,SUMATERA BARAT,SIJUNJUNG,0
9995,2011,1304,SUMATERA BARAT,SIJUNJUNG,0
9996,2012,1304,SUMATERA BARAT,SIJUNJUNG,0
9997,2013,1304,SUMATERA BARAT,SIJUNJUNG,0
9998,2014,1304,SUMATERA BARAT,SIJUNJUNG,0
9999,2015,1304,SUMATERA BARAT,SIJUNJUNG,0
10000,2016,1304,SUMATERA BARAT,SIJUNJUNG,0
10001,2017,1304,SUMATERA BARAT,SIJUNJUNG,0
10002,2018,1304,SUMATERA BARAT,SIJUNJUNG,0
10003,2019,1304,SUMATERA BARAT,SIJUNJUNG,0
10004,2020,1304,SUMATERA BARAT,SIJUNJUNG,0
10005,2021,1304,SUMATERA BARAT,SIJUNJUNG,0
10006,2022,1304,SUMATERA BARAT,SIJUNJUNG,0
10007,2023,1304,SUMATERA BARAT,SIJUNJUNG,0
10008,2024,1304,SUMATERA BARAT,SIJUNJUNG,0
10009,2025,1304,SUMATERA BARAT,SIJUNJUNG,0
10010,2004,1303,SUMATERA BARAT,SOLOK,0
10011,2005,1303,SUMATERA BARAT,SOLOK,0
10012,2006,1303,SUMATERA BARAT,SOLOK,0
10013,2007,1303,SUMATERA BARAT,SOLOK,0
10014,2008,1303,SUMATERA BARAT,SOLOK,0
10015,2009,1303,SUMATERA BARAT,SOLOK,0
10016,2010,1303,SUMATERA BARAT,SOLOK,0
10017,2011,1303,SUMATERA BARAT,SOLOK,0
10018,2012,1303,SUMATERA BARAT,SOLOK,0
10019,2013,1303,SUMATERA BARAT,SOLOK,0
10020,2014,1303,SUMATERA BARAT,SOLOK,0
10021,2015,1303,SUMATERA BARAT,SOLOK,0
10022,2016,1303,SUMATERA BARAT,SOLOK,0
10023,2017,1303,SUMATERA BARAT,SOLOK,0
10024,2018,1303,SUMATERA BARAT,SOLOK,0
10025,2019,1303,SUMATERA BARAT,SOLOK,0
10026,2020,1303,SUMATERA BARAT,SOLOK,1
10027,2021,1303,SUMATERA BARAT,SOLOK,1
10028,2022,1303,SUMATERA BARAT,SOLOK,1
10029,2023,1303,SUMATERA BARAT,SOLOK,1
10030,2024,1303,SUMATERA BARAT,SOLOK,1
10031,2025,1303,SUMATERA BARAT,SOLOK,1
10032,2004,1372,SUMATERA BARAT,KOTA SOLOK,0
10033,2005,1372,SUMATERA BARAT,KOTA SOLOK,0
10034,2006,1372,SUMATERA BARAT,KOTA SOLOK,0
10035,2007,1372,SUMATERA BARAT,KOTA SOLOK,0
10036,2008,1372,SUMATERA BARAT,KOTA SOLOK,0
10037,2009,1372,SUMATERA BARAT,KOTA SOLOK,0
10038,2010,1372,SUMATERA BARAT,KOTA SOLOK,0
10039,2011,1372,SUMATERA BARAT,KOTA SOLOK,0
10040,2012,1372,SUMATERA BARAT,KOTA SOLOK,0
10041,2013,1372,SUMATERA BARAT,KOTA SOLOK,0
10042,2014,1372,SUMATERA BARAT,KOTA SOLOK,0
10043,2015,1372,SUMATERA BARAT,KOTA SOLOK,0
10044,2016,1372,SUMATERA BARAT,KOTA SOLOK,0
10045,2017,1372,SUMATERA BARAT,KOTA SOLOK,0
10046,2018,1372,SUMATERA BARAT,KOTA SOLOK,0
10047,2019,1372,SUMATERA BARAT,KOTA SOLOK,0
10048,2020,1372,SUMATERA BARAT,KOTA SOLOK,0
10049,2021,1372,SUMATERA BARAT,KOTA SOLOK,0
10050,2022,1372,SUMATERA BARAT,KOTA SOLOK,0
10051,2023,1372,SUMATERA BARAT,KOTA SOLOK,0
10052,2024,1372,SUMATERA BARAT,KOTA SOLOK,0
10053,2025,1372,SUMATERA BARAT,KOTA SOLOK,0
10054,2004,1310,SUMATERA BARAT,SOLOK SELATAN,0
10055,2005,1310,SUMATERA BARAT,SOLOK SELATAN,0
10056,2006,1310,SUMATERA BARAT,SOLOK SELATAN,0
10057,2007,1310,SUMATERA BARAT,SOLOK SELATAN,0
10058,2008,1310,SUMATERA BARAT,SOLOK SELATAN,0
10059,2009,1310,SUMATERA BARAT,SOLOK SELATAN,0
10060,2010,1310,SUMATERA BARAT,SOLOK SELATAN,0
10061,2011,1310,SUMATERA BARAT,SOLOK SELATAN,0
10062,2012,1310,SUMATERA BARAT,SOLOK SELATAN,0
10063,2013,1310,SUMATERA BARAT,SOLOK SELATAN,0
10064,2014,1310,SUMATERA BARAT,SOLOK SELATAN,0
10065,2015,1310,SUMATERA BARAT,SOLOK SELATAN,0
10066,2016,1310,SUMATERA BARAT,SOLOK SELATAN,0
10067,2017,1310,SUMATERA BARAT,SOLOK SELATAN,0
10068,2018,1310,SUMATERA BARAT,SOLOK SELATAN,0
10069,2019,1310,SUMATERA BARAT,SOLOK SELATAN,0
10070,2020,1310,SUMATERA BARAT,SOLOK SELATAN,0
10071,2021,1310,SUMATERA BARAT,SOLOK SELATAN,0
10072,2022,1310,SUMATERA BARAT,SOLOK SELATAN,0
10073,2023,1310,SUMATERA BARAT,SOLOK SELATAN,0
10074,2024,1310,SUMATERA BARAT,SOLOK SELATAN,0
10075,2025,1310,SUMATERA BARAT,SOLOK SELATAN,0
10076,2004,1305,SUMATERA BARAT,TANAH DATAR,0
10077,2005,1305,SUMATERA BARAT,TANAH DATAR,0
10078,2006,1305,SUMATERA BARAT,TANAH DATAR,0
10079,2007,1305,SUMATERA BARAT,TANAH DATAR,0
10080,2008,1305,SUMATERA BARAT,TANAH DATAR,0
10081,2009,1305,SUMATERA BARAT,TANAH DATAR,0
10082,2010,1305,SUMATERA BARAT,TANAH DATAR,0
10083,2011,1305,SUMATERA BARAT,TANAH DATAR,0
10084,2012,1305,SUMATERA BARAT,TANAH DATAR,0
10085,2013,1305,SUMATERA BARAT,TANAH DATAR,0
10086,2014,1305,SUMATERA BARAT,TANAH DATAR,0
10087,2015,1305,SUMATERA BARAT,TANAH DATAR,0
10088,2016,1305,SUMATERA BARAT,TANAH DATAR,0
10089,2017,1305,SUMATERA BARAT,TANAH DATAR,0
10090,2018,1305,SUMATERA BARAT,TANAH DATAR,0
10091,2019,1305,SUMATERA BARAT,TANAH DATAR,0
10092,2020,1305,SUMATERA BARAT,TANAH DATAR,0
10093,2021,1305,SUMATERA BARAT,TANAH DATAR,0
10094,2022,1305,SUMATERA BARAT,TANAH DATAR,0
10095,2023,1305,SUMATERA BARAT,TANAH DATAR,0
10096,2024,1305,SUMATERA BARAT,TANAH DATAR,0
10097,2025,1305,SUMATERA BARAT,TANAH DATAR,0
10098,2004,1607,SUMATERA SELATAN,BANYU ASIN,0
10099,2005,1607,SUMATERA SELATAN,BANYU ASIN,0
10100,2006,1607,SUMATERA SELATAN,BANYU ASIN,0
10101,2007,1607,SUMATERA SELATAN,BANYU ASIN,0
10102,2008,1607,SUMATERA SELATAN,BANYU ASIN,0
10103,2009,1607,SUMATERA SELATAN,BANYU ASIN,0
10104,2010,1607,SUMATERA SELATAN,BANYU ASIN,0
10105,2011,1607,SUMATERA SELATAN,BANYU ASIN,0
10106,2012,1607,SUMATERA SELATAN,BANYU ASIN,0
10107,2013,1607,SUMATERA SELATAN,BANYU ASIN,0
10108,2014,1607,SUMATERA SELATAN,BANYU ASIN,0
10109,2015,1607,SUMATERA SELATAN,BANYU ASIN,0
10110,2016,1607,SUMATERA SELATAN,BANYU ASIN,0
10111,2017,1607,SUMATERA SELATAN,BANYU ASIN,0
10112,2018,1607,SUMATERA SELATAN,BANYU ASIN,0
10113,2019,1607,SUMATERA SELATAN,BANYU ASIN,0
10114,2020,1607,SUMATERA SELATAN,BANYU ASIN,0
10115,2021,1607,SUMATERA SELATAN,BANYU ASIN,0
10116,2022,1607,SUMATERA SELATAN,BANYU ASIN,0
10117,2023,1607,SUMATERA SELATAN,BANYU ASIN,0
10118,2024,1607,SUMATERA SELATAN,BANYU ASIN,0
10119,2025,1607,SUMATERA SELATAN,BANYU ASIN,0
10120,2004,1611,SUMATERA SELATAN,EMPAT LAWANG,0
10121,2005,1611,SUMATERA SELATAN,EMPAT LAWANG,0
10122,2006,1611,SUMATERA SELATAN,EMPAT LAWANG,0
10123,2007,1611,SUMATERA SELATAN,EMPAT LAWANG,0
10124,2008,1611,SUMATERA SELATAN,EMPAT LAWANG,0
10125,2009,1611,SUMATERA SELATAN,EMPAT LAWANG,0
10126,2010,1611,SUMATERA SELATAN,EMPAT LAWANG,0
10127,2011,1611,SUMATERA SELATAN,EMPAT LAWANG,0
10128,2012,1611,SUMATERA SELATAN,EMPAT LAWANG,0
10129,2013,1611,SUMATERA SELATAN,EMPAT LAWANG,0
10130,2014,1611,SUMATERA SELATAN,EMPAT LAWANG,0
10131,2015,1611,SUMATERA SELATAN,EMPAT LAWANG,0
10132,2016,1611,SUMATERA SELATAN,EMPAT LAWANG,0
10133,2017,1611,SUMATERA SELATAN,EMPAT LAWANG,0
10134,2018,1611,SUMATERA SELATAN,EMPAT LAWANG,0
10135,2019,1611,SUMATERA SELATAN,EMPAT LAWANG,0
10136,2020,1611,SUMATERA SELATAN,EMPAT LAWANG,0
10137,2021,1611,SUMATERA SELATAN,EMPAT LAWANG,0
10138,2022,1611,SUMATERA SELATAN,EMPAT LAWANG,0
10139,2023,1611,SUMATERA SELATAN,EMPAT LAWANG,0
10140,2024,1611,SUMATERA SELATAN,EMPAT LAWANG,0
10141,2025,1611,SUMATERA SELATAN,EMPAT LAWANG,0
10142,2004,1604,SUMATERA SELATAN,LAHAT,0
10143,2005,1604,SUMATERA SELATAN,LAHAT,0
10144,2006,1604,SUMATERA SELATAN,LAHAT,0
10145,2007,1604,SUMATERA SELATAN,LAHAT,0
10146,2008,1604,SUMATERA SELATAN,LAHAT,0
10147,2009,1604,SUMATERA SELATAN,LAHAT,0
10148,2010,1604,SUMATERA SELATAN,LAHAT,0
10149,2011,1604,SUMATERA SELATAN,LAHAT,0
10150,2012,1604,SUMATERA SELATAN,LAHAT,0
10151,2013,1604,SUMATERA SELATAN,LAHAT,0
10152,2014,1604,SUMATERA SELATAN,LAHAT,0
10153,2015,1604,SUMATERA SELATAN,LAHAT,0
10154,2016,1604,SUMATERA SELATAN,LAHAT,0
10155,2017,1604,SUMATERA SELATAN,LAHAT,0
10156,2018,1604,SUMATERA SELATAN,LAHAT,0
10157,2019,1604,SUMATERA SELATAN,LAHAT,0
10158,2020,1604,SUMATERA SELATAN,LAHAT,0
10159,2021,1604,SUMATERA SELATAN,LAHAT,0
10160,2022,1604,SUMATERA SELATAN,LAHAT,0
10161,2023,1604,SUMATERA SELATAN,LAHAT,0
10162,2024,1604,SUMATERA SELATAN,LAHAT,0
10163,2025,1604,SUMATERA SELATAN,LAHAT,0
10164,2004,1674,SUMATERA SELATAN,KOTA LUBUKLINGGAU,0
10165,2005,1674,SUMATERA SELATAN,KOTA LUBUKLINGGAU,0
10166,2006,1674,SUMATERA SELATAN,KOTA LUBUKLINGGAU,0
10167,2007,1674,SUMATERA SELATAN,KOTA LUBUKLINGGAU,0
10168,2008,1674,SUMATERA SELATAN,KOTA LUBUKLINGGAU,0
10169,2009,1674,SUMATERA SELATAN,KOTA LUBUKLINGGAU,0
10170,2010,1674,SUMATERA SELATAN,KOTA LUBUKLINGGAU,0
10171,2011,1674,SUMATERA SELATAN,KOTA LUBUKLINGGAU,0
10172,2012,1674,SUMATERA SELATAN,KOTA LUBUKLINGGAU,0
10173,2013,1674,SUMATERA SELATAN,KOTA LUBUKLINGGAU,0
10174,2014,1674,SUMATERA SELATAN,KOTA LUBUKLINGGAU,0
10175,2015,1674,SUMATERA SELATAN,KOTA LUBUKLINGGAU,0
10176,2016,1674,SUMATERA SELATAN,KOTA LUBUKLINGGAU,0
10177,2017,1674,SUMATERA SELATAN,KOTA LUBUKLINGGAU,0
10178,2018,1674,SUMATERA SELATAN,KOTA LUBUKLINGGAU,0
10179,2019,1674,SUMATERA SELATAN,KOTA LUBUKLINGGAU,0
10180,2020,1674,SUMATERA SELATAN,KOTA LUBUKLINGGAU,0
10181,2021,1674,SUMATERA SELATAN,KOTA LUBUKLINGGAU,0
10182,2022,1674,SUMATERA SELATAN,KOTA LUBUKLINGGAU,0
10183,2023,1674,SUMATERA SELATAN,KOTA LUBUKLINGGAU,0
10184,2024,1674,SUMATERA SELATAN,KOTA LUBUKLINGGAU,0
10185,2025,1674,SUMATERA SELATAN,KOTA LUBUKLINGGAU,0
10186,2004,1603,SUMATERA SELATAN,MUARA ENIM,0
10187,2005,1603,SUMATERA SELATAN,MUARA ENIM,0
10188,2006,1603,SUMATERA SELATAN,MUARA ENIM,0
10189,2007,1603,SUMATERA SELATAN,MUARA ENIM,0
10190,2008,1603,SUMATERA SELATAN,MUARA ENIM,0
10191,2009,1603,SUMATERA SELATAN,MUARA ENIM,0
10192,2010,1603,SUMATERA SELATAN,MUARA ENIM,0
10193,2011,1603,SUMATERA SELATAN,MUARA ENIM,0
10194,2012,1603,SUMATERA SELATAN,MUARA ENIM,0
10195,2013,1603,SUMATERA SELATAN,MUARA ENIM,0
10196,2014,1603,SUMATERA SELATAN,MUARA ENIM,0
10197,2015,1603,SUMATERA SELATAN,MUARA ENIM,0
10198,2016,1603,SUMATERA SELATAN,MUARA ENIM,0
10199,2017,1603,SUMATERA SELATAN,MUARA ENIM,0
10200,2018,1603,SUMATERA SELATAN,MUARA ENIM,0
10201,2019,1603,SUMATERA SELATAN,MUARA ENIM,0
10202,2020,1603,SUMATERA SELATAN,MUARA ENIM,0
10203,2021,1603,SUMATERA SELATAN,MUARA ENIM,0
10204,2022,1603,SUMATERA SELATAN,MUARA ENIM,0
10205,2023,1603,SUMATERA SELATAN,MUARA ENIM,1
10206,2024,1603,SUMATERA SELATAN,MUARA ENIM,1
10207,2025,1603,SUMATERA SELATAN,MUARA ENIM,1
10208,2004,1606,SUMATERA SELATAN,MUSI BANYUASIN,0
10209,2005,1606,SUMATERA SELATAN,MUSI BANYUASIN,0
10210,2006,1606,SUMATERA SELATAN,MUSI BANYUASIN,0
10211,2007,1606,SUMATERA SELATAN,MUSI BANYUASIN,0
10212,2008,1606,SUMATERA SELATAN,MUSI BANYUASIN,0
10213,2009,1606,SUMATERA SELATAN,MUSI BANYUASIN,0
10214,2010,1606,SUMATERA SELATAN,MUSI BANYUASIN,0
10215,2011,1606,SUMATERA SELATAN,MUSI BANYUASIN,0
10216,2012,1606,SUMATERA SELATAN,MUSI BANYUASIN,0
10217,2013,1606,SUMATERA SELATAN,MUSI BANYUASIN,0
10218,2014,1606,SUMATERA SELATAN,MUSI BANYUASIN,0
10219,2015,1606,SUMATERA SELATAN,MUSI BANYUASIN,0
10220,2016,1606,SUMATERA SELATAN,MUSI BANYUASIN,0
10221,2017,1606,SUMATERA SELATAN,MUSI BANYUASIN,0
10222,2018,1606,SUMATERA SELATAN,MUSI BANYUASIN,1
10223,2019,1606,SUMATERA SELATAN,MUSI BANYUASIN,1
10224,2020,1606,SUMATERA SELATAN,MUSI BANYUASIN,1
10225,2021,1606,SUMATERA SELATAN,MUSI BANYUASIN,1
10226,2022,1606,SUMATERA SELATAN,MUSI BANYUASIN,1
10227,2023,1606,SUMATERA SELATAN,MUSI BANYUASIN,1
10228,2024,1606,SUMATERA SELATAN,MUSI BANYUASIN,1
10229,2025,1606,SUMATERA SELATAN,MUSI BANYUASIN,1
10230,2004,1605,SUMATERA SELATAN,MUSI RAWAS,0
10231,2005,1605,SUMATERA SELATAN,MUSI RAWAS,0
10232,2006,1605,SUMATERA SELATAN,MUSI RAWAS,0
10233,2007,1605,SUMATERA SELATAN,MUSI RAWAS,0
10234,2008,1605,SUMATERA SELATAN,MUSI RAWAS,0
10235,2009,1605,SUMATERA SELATAN,MUSI RAWAS,0
10236,2010,1605,SUMATERA SELATAN,MUSI RAWAS,0
10237,2011,1605,SUMATERA SELATAN,MUSI RAWAS,0
10238,2012,1605,SUMATERA SELATAN,MUSI RAWAS,0
10239,2013,1605,SUMATERA SELATAN,MUSI RAWAS,0
10240,2014,1605,SUMATERA SELATAN,MUSI RAWAS,0
10241,2015,1605,SUMATERA SELATAN,MUSI RAWAS,0
10242,2016,1605,SUMATERA SELATAN,MUSI RAWAS,0
10243,2017,1605,SUMATERA SELATAN,MUSI RAWAS,0
10244,2018,1605,SUMATERA SELATAN,MUSI RAWAS,1
10245,2019,1605,SUMATERA SELATAN,MUSI RAWAS,1
10246,2020,1605,SUMATERA SELATAN,MUSI RAWAS,1
10247,2021,1605,SUMATERA SELATAN,MUSI RAWAS,1
10248,2022,1605,SUMATERA SELATAN,MUSI RAWAS,1
10249,2023,1605,SUMATERA SELATAN,MUSI RAWAS,1
10250,2024,1605,SUMATERA SELATAN,MUSI RAWAS,1
10251,2025,1605,SUMATERA SELATAN,MUSI RAWAS,1
10252,2004,1613,SUMATERA SELATAN,MUSI RAWAS UTARA,0
10253,2005,1613,SUMATERA SELATAN,MUSI RAWAS UTARA,0
10254,2006,1613,SUMATERA SELATAN,MUSI RAWAS UTARA,0
10255,2007,1613,SUMATERA SELATAN,MUSI RAWAS UTARA,0
10256,2008,1613,SUMATERA SELATAN,MUSI RAWAS UTARA,0
10257,2009,1613,SUMATERA SELATAN,MUSI RAWAS UTARA,0
10258,2010,1613,SUMATERA SELATAN,MUSI RAWAS UTARA,0
10259,2011,1613,SUMATERA SELATAN,MUSI RAWAS UTARA,0
10260,2012,1613,SUMATERA SELATAN,MUSI RAWAS UTARA,0
10261,2013,1613,SUMATERA SELATAN,MUSI RAWAS UTARA,0
10262,2014,1613,SUMATERA SELATAN,MUSI RAWAS UTARA,0
10263,2015,1613,SUMATERA SELATAN,MUSI RAWAS UTARA,0
10264,2016,1613,SUMATERA SELATAN,MUSI RAWAS UTARA,0
10265,2017,1613,SUMATERA SELATAN,MUSI RAWAS UTARA,0
10266,2018,1613,SUMATERA SELATAN,MUSI RAWAS UTARA,0
10267,2019,1613,SUMATERA SELATAN,MUSI RAWAS UTARA,1
10268,2020,1613,SUMATERA SELATAN,MUSI RAWAS UTARA,1
10269,2021,1613,SUMATERA SELATAN,MUSI RAWAS UTARA,1
10270,2022,1613,SUMATERA SELATAN,MUSI RAWAS UTARA,1
10271,2023,1613,SUMATERA SELATAN,MUSI RAWAS UTARA,1
10272,2024,1613,SUMATERA SELATAN,MUSI RAWAS UTARA,1
10273,2025,1613,SUMATERA SELATAN,MUSI RAWAS UTARA,1
10274,2004,1610,SUMATERA SELATAN,OGAN ILIR,0
10275,2005,1610,SUMATERA SELATAN,OGAN ILIR,0
10276,2006,1610,SUMATERA SELATAN,OGAN ILIR,0
10277,2007,1610,SUMATERA SELATAN,OGAN ILIR,0
10278,2008,1610,SUMATERA SELATAN,OGAN ILIR,0
10279,2009,1610,SUMATERA SELATAN,OGAN ILIR,0
10280,2010,1610,SUMATERA SELATAN,OGAN ILIR,0
10281,2011,1610,SUMATERA SELATAN,OGAN ILIR,0
10282,2012,1610,SUMATERA SELATAN,OGAN ILIR,0
10283,2013,1610,SUMATERA SELATAN,OGAN ILIR,0
10284,2014,1610,SUMATERA SELATAN,OGAN ILIR,0
10285,2015,1610,SUMATERA SELATAN,OGAN ILIR,0
10286,2016,1610,SUMATERA SELATAN,OGAN ILIR,0
10287,2017,1610,SUMATERA SELATAN,OGAN ILIR,0
10288,2018,1610,SUMATERA SELATAN,OGAN ILIR,0
10289,2019,1610,SUMATERA SELATAN,OGAN ILIR,0
10290,2020,1610,SUMATERA SELATAN,OGAN ILIR,0
10291,2021,1610,SUMATERA SELATAN,OGAN ILIR,0
10292,2022,1610,SUMATERA SELATAN,OGAN ILIR,0
10293,2023,1610,SUMATERA SELATAN,OGAN ILIR,0
10294,2024,1610,SUMATERA SELATAN,OGAN ILIR,0
10295,2025,1610,SUMATERA SELATAN,OGAN ILIR,0
10296,2004,1602,SUMATERA SELATAN,OGAN KOMERING ILIR,0
10297,2005,1602,SUMATERA SELATAN,OGAN KOMERING ILIR,0
10298,2006,1602,SUMATERA SELATAN,OGAN KOMERING ILIR,0
10299,2007,1602,SUMATERA SELATAN,OGAN KOMERING ILIR,0
10300,2008,1602,SUMATERA SELATAN,OGAN KOMERING ILIR,0
10301,2009,1602,SUMATERA SELATAN,OGAN KOMERING ILIR,0
10302,2010,1602,SUMATERA SELATAN,OGAN KOMERING ILIR,0
10303,2011,1602,SUMATERA SELATAN,OGAN KOMERING ILIR,0
10304,2012,1602,SUMATERA SELATAN,OGAN KOMERING ILIR,0
10305,2013,1602,SUMATERA SELATAN,OGAN KOMERING ILIR,0
10306,2014,1602,SUMATERA SELATAN,OGAN KOMERING ILIR,0
10307,2015,1602,SUMATERA SELATAN,OGAN KOMERING ILIR,0
10308,2016,1602,SUMATERA SELATAN,OGAN KOMERING ILIR,0
10309,2017,1602,SUMATERA SELATAN,OGAN KOMERING ILIR,0
10310,2018,1602,SUMATERA SELATAN,OGAN KOMERING ILIR,0
10311,2019,1602,SUMATERA SELATAN,OGAN KOMERING ILIR,0
10312,2020,1602,SUMATERA SELATAN,OGAN KOMERING ILIR,0
10313,2021,1602,SUMATERA SELATAN,OGAN KOMERING ILIR,0
10314,2022,1602,SUMATERA SELATAN,OGAN KOMERING ILIR,0
10315,2023,1602,SUMATERA SELATAN,OGAN KOMERING ILIR,0
10316,2024,1602,SUMATERA SELATAN,OGAN KOMERING ILIR,0
10317,2025,1602,SUMATERA SELATAN,OGAN KOMERING ILIR,0
10318,2004,1601,SUMATERA SELATAN,OGAN KOMERING ULU,0
10319,2005,1601,SUMATERA SELATAN,OGAN KOMERING ULU,0
10320,2006,1601,SUMATERA SELATAN,OGAN KOMERING ULU,0
10321,2007,1601,SUMATERA SELATAN,OGAN KOMERING ULU,0
10322,2008,1601,SUMATERA SELATAN,OGAN KOMERING ULU,0
10323,2009,1601,SUMATERA SELATAN,OGAN KOMERING ULU,0
10324,2010,1601,SUMATERA SELATAN,OGAN KOMERING ULU,0
10325,2011,1601,SUMATERA SELATAN,OGAN KOMERING ULU,0
10326,2012,1601,SUMATERA SELATAN,OGAN KOMERING ULU,1
10327,2013,1601,SUMATERA SELATAN,OGAN KOMERING ULU,1
10328,2014,1601,SUMATERA SELATAN,OGAN KOMERING ULU,1
10329,2015,1601,SUMATERA SELATAN,OGAN KOMERING ULU,1
10330,2016,1601,SUMATERA SELATAN,OGAN KOMERING ULU,1
10331,2017,1601,SUMATERA SELATAN,OGAN KOMERING ULU,1
10332,2018,1601,SUMATERA SELATAN,OGAN KOMERING ULU,1
10333,2019,1601,SUMATERA SELATAN,OGAN KOMERING ULU,1
10334,2020,1601,SUMATERA SELATAN,OGAN KOMERING ULU,1
10335,2021,1601,SUMATERA SELATAN,OGAN KOMERING ULU,1
10336,2022,1601,SUMATERA SELATAN,OGAN KOMERING ULU,1
10337,2023,1601,SUMATERA SELATAN,OGAN KOMERING ULU,1
10338,2024,1601,SUMATERA SELATAN,OGAN KOMERING ULU,1
10339,2025,1601,SUMATERA SELATAN,OGAN KOMERING ULU,1
10340,2004,1608,SUMATERA SELATAN,OGAN KOMERING ULU SELATAN,0
10341,2005,1608,SUMATERA SELATAN,OGAN KOMERING ULU SELATAN,0
10342,2006,1608,SUMATERA SELATAN,OGAN KOMERING ULU SELATAN,0
10343,2007,1608,SUMATERA SELATAN,OGAN KOMERING ULU SELATAN,0
10344,2008,1608,SUMATERA SELATAN,OGAN KOMERING ULU SELATAN,0
10345,2009,1608,SUMATERA SELATAN,OGAN KOMERING ULU SELATAN,0
10346,2010,1608,SUMATERA SELATAN,OGAN KOMERING ULU SELATAN,0
10347,2011,1608,SUMATERA SELATAN,OGAN KOMERING ULU SELATAN,0
10348,2012,1608,SUMATERA SELATAN,OGAN KOMERING ULU SELATAN,0
10349,2013,1608,SUMATERA SELATAN,OGAN KOMERING ULU SELATAN,0
10350,2014,1608,SUMATERA SELATAN,OGAN KOMERING ULU SELATAN,0
10351,2015,1608,SUMATERA SELATAN,OGAN KOMERING ULU SELATAN,0
10352,2016,1608,SUMATERA SELATAN,OGAN KOMERING ULU SELATAN,0
10353,2017,1608,SUMATERA SELATAN,OGAN KOMERING ULU SELATAN,0
10354,2018,1608,SUMATERA SELATAN,OGAN KOMERING ULU SELATAN,0
10355,2019,1608,SUMATERA SELATAN,OGAN KOMERING ULU SELATAN,0
10356,2020,1608,SUMATERA SELATAN,OGAN KOMERING ULU SELATAN,1
10357,2021,1608,SUMATERA SELATAN,OGAN KOMERING ULU SELATAN,1
10358,2022,1608,SUMATERA SELATAN,OGAN KOMERING ULU SELATAN,1
10359,2023,1608,SUMATERA SELATAN,OGAN KOMERING ULU SELATAN,1
10360,2024,1608,SUMATERA SELATAN,OGAN KOMERING ULU SELATAN,1
10361,2025,1608,SUMATERA SELATAN,OGAN KOMERING ULU SELATAN,1
10362,2004,1609,SUMATERA SELATAN,OGAN KOMERING ULU TIMUR,0
10363,2005,1609,SUMATERA SELATAN,OGAN KOMERING ULU TIMUR,0
10364,2006,1609,SUMATERA SELATAN,OGAN KOMERING ULU TIMUR,0
10365,2007,1609,SUMATERA SELATAN,OGAN KOMERING ULU TIMUR,0
10366,2008,1609,SUMATERA SELATAN,OGAN KOMERING ULU TIMUR,0
10367,2009,1609,SUMATERA SELATAN,OGAN KOMERING ULU TIMUR,0
10368,2010,1609,SUMATERA SELATAN,OGAN KOMERING ULU TIMUR,0
10369,2011,1609,SUMATERA SELATAN,OGAN KOMERING ULU TIMUR,0
10370,2012,1609,SUMATERA SELATAN,OGAN KOMERING ULU TIMUR,0
10371,2013,1609,SUMATERA SELATAN,OGAN KOMERING ULU TIMUR,0
10372,2014,1609,SUMATERA SELATAN,OGAN KOMERING ULU TIMUR,0
10373,2015,1609,SUMATERA SELATAN,OGAN KOMERING ULU TIMUR,0
10374,2016,1609,SUMATERA SELATAN,OGAN KOMERING ULU TIMUR,0
10375,2017,1609,SUMATERA SELATAN,OGAN KOMERING ULU TIMUR,0
10376,2018,1609,SUMATERA SELATAN,OGAN KOMERING ULU TIMUR,0
10377,2019,1609,SUMATERA SELATAN,OGAN KOMERING ULU TIMUR,0
10378,2020,1609,SUMATERA SELATAN,OGAN KOMERING ULU TIMUR,0
10379,2021,1609,SUMATERA SELATAN,OGAN KOMERING ULU TIMUR,0
10380,2022,1609,SUMATERA SELATAN,OGAN KOMERING ULU TIMUR,0
10381,2023,1609,SUMATERA SELATAN,OGAN KOMERING ULU TIMUR,0
10382,2024,1609,SUMATERA SELATAN,OGAN KOMERING ULU TIMUR,0
10383,2025,1609,SUMATERA SELATAN,OGAN KOMERING ULU TIMUR,0
10384,2004,1673,SUMATERA SELATAN,KOTA PAGAR ALAM,0
10385,2005,1673,SUMATERA SELATAN,KOTA PAGAR ALAM,0
10386,2006,1673,SUMATERA SELATAN,KOTA PAGAR ALAM,0
10387,2007,1673,SUMATERA SELATAN,KOTA PAGAR ALAM,0
10388,2008,1673,SUMATERA SELATAN,KOTA PAGAR ALAM,0
10389,2009,1673,SUMATERA SELATAN,KOTA PAGAR ALAM,0
10390,2010,1673,SUMATERA SELATAN,KOTA PAGAR ALAM,0
10391,2011,1673,SUMATERA SELATAN,KOTA PAGAR ALAM,0
10392,2012,1673,SUMATERA SELATAN,KOTA PAGAR ALAM,0
10393,2013,1673,SUMATERA SELATAN,KOTA PAGAR ALAM,0
10394,2014,1673,SUMATERA SELATAN,KOTA PAGAR ALAM,0
10395,2015,1673,SUMATERA SELATAN,KOTA PAGAR ALAM,0
10396,2016,1673,SUMATERA SELATAN,KOTA PAGAR ALAM,0
10397,2017,1673,SUMATERA SELATAN,KOTA PAGAR ALAM,0
10398,2018,1673,SUMATERA SELATAN,KOTA PAGAR ALAM,0
10399,2019,1673,SUMATERA SELATAN,KOTA PAGAR ALAM,0
10400,2020,1673,SUMATERA SELATAN,KOTA PAGAR ALAM,0
10401,2021,1673,SUMATERA SELATAN,KOTA PAGAR ALAM,0
10402,2022,1673,SUMATERA SELATAN,KOTA PAGAR ALAM,0
10403,2023,1673,SUMATERA SELATAN,KOTA PAGAR ALAM,0
10404,2024,1673,SUMATERA SELATAN,KOTA PAGAR ALAM,0
10405,2025,1673,SUMATERA SELATAN,KOTA PAGAR ALAM,0
10406,2004,1671,SUMATERA SELATAN,KOTA PALEMBANG,0
10407,2005,1671,SUMATERA SELATAN,KOTA PALEMBANG,0
10408,2006,1671,SUMATERA SELATAN,KOTA PALEMBANG,0
10409,2007,1671,SUMATERA SELATAN,KOTA PALEMBANG,0
10410,2008,1671,SUMATERA SELATAN,KOTA PALEMBANG,0
10411,2009,1671,SUMATERA SELATAN,KOTA PALEMBANG,0
10412,2010,1671,SUMATERA SELATAN,KOTA PALEMBANG,0
10413,2011,1671,SUMATERA SELATAN,KOTA PALEMBANG,0
10414,2012,1671,SUMATERA SELATAN,KOTA PALEMBANG,0
10415,2013,1671,SUMATERA SELATAN,KOTA PALEMBANG,0
10416,2014,1671,SUMATERA SELATAN,KOTA PALEMBANG,0
10417,2015,1671,SUMATERA SELATAN,KOTA PALEMBANG,0
10418,2016,1671,SUMATERA SELATAN,KOTA PALEMBANG,0
10419,2017,1671,SUMATERA SELATAN,KOTA PALEMBANG,0
10420,2018,1671,SUMATERA SELATAN,KOTA PALEMBANG,0
10421,2019,1671,SUMATERA SELATAN,KOTA PALEMBANG,0
10422,2020,1671,SUMATERA SELATAN,KOTA PALEMBANG,0
10423,2021,1671,SUMATERA SELATAN,KOTA PALEMBANG,0
10424,2022,1671,SUMATERA SELATAN,KOTA PALEMBANG,1
10425,2023,1671,SUMATERA SELATAN,KOTA PALEMBANG,1
10426,2024,1671,SUMATERA SELATAN,KOTA PALEMBANG,1
10427,2025,1671,SUMATERA SELATAN,KOTA PALEMBANG,1
10428,2004,1612,SUMATERA SELATAN,PENUKAL ABAB LEMATANG ILIR,0
10429,2005,1612,SUMATERA SELATAN,PENUKAL ABAB LEMATANG ILIR,0
10430,2006,1612,SUMATERA SELATAN,PENUKAL ABAB LEMATANG ILIR,0
10431,2007,1612,SUMATERA SELATAN,PENUKAL ABAB LEMATANG ILIR,0
10432,2008,1612,SUMATERA SELATAN,PENUKAL ABAB LEMATANG ILIR,0
10433,2009,1612,SUMATERA SELATAN,PENUKAL ABAB LEMATANG ILIR,0
10434,2010,1612,SUMATERA SELATAN,PENUKAL ABAB LEMATANG ILIR,0
10435,2011,1612,SUMATERA SELATAN,PENUKAL ABAB LEMATANG ILIR,0
10436,2012,1612,SUMATERA SELATAN,PENUKAL ABAB LEMATANG ILIR,0
10437,2013,1612,SUMATERA SELATAN,PENUKAL ABAB LEMATANG ILIR,0
10438,2014,1612,SUMATERA SELATAN,PENUKAL ABAB LEMATANG ILIR,0
10439,2015,1612,SUMATERA SELATAN,PENUKAL ABAB LEMATANG ILIR,0
10440,2016,1612,SUMATERA SELATAN,PENUKAL ABAB LEMATANG ILIR,0
10441,2017,1612,SUMATERA SELATAN,PENUKAL ABAB LEMATANG ILIR,0
10442,2018,1612,SUMATERA SELATAN,PENUKAL ABAB LEMATANG ILIR,0
10443,2019,1612,SUMATERA SELATAN,PENUKAL ABAB LEMATANG ILIR,1
10444,2020,1612,SUMATERA SELATAN,PENUKAL ABAB LEMATANG ILIR,1
10445,2021,1612,SUMATERA SELATAN,PENUKAL ABAB LEMATANG ILIR,1
10446,2022,1612,SUMATERA SELATAN,PENUKAL ABAB LEMATANG ILIR,1
10447,2023,1612,SUMATERA SELATAN,PENUKAL ABAB LEMATANG ILIR,1
10448,2024,1612,SUMATERA SELATAN,PENUKAL ABAB LEMATANG ILIR,1
10449,2025,1612,SUMATERA SELATAN,PENUKAL ABAB LEMATANG ILIR,1
10450,2004,1672,SUMATERA SELATAN,KOTA PRABUMULIH,0
10451,2005,1672,SUMATERA SELATAN,KOTA PRABUMULIH,0
10452,2006,1672,SUMATERA SELATAN,KOTA PRABUMULIH,0
10453,2007,1672,SUMATERA SELATAN,KOTA PRABUMULIH,0
10454,2008,1672,SUMATERA SELATAN,KOTA PRABUMULIH,0
10455,2009,1672,SUMATERA SELATAN,KOTA PRABUMULIH,0
10456,2010,1672,SUMATERA SELATAN,KOTA PRABUMULIH,0
10457,2011,1672,SUMATERA SELATAN,KOTA PRABUMULIH,0
10458,2012,1672,SUMATERA SELATAN,KOTA PRABUMULIH,0
10459,2013,1672,SUMATERA SELATAN,KOTA PRABUMULIH,0
10460,2014,1672,SUMATERA SELATAN,KOTA PRABUMULIH,0
10461,2015,1672,SUMATERA SELATAN,KOTA PRABUMULIH,0
10462,2016,1672,SUMATERA SELATAN,KOTA PRABUMULIH,0
10463,2017,1672,SUMATERA SELATAN,KOTA PRABUMULIH,0
10464,2018,1672,SUMATERA SELATAN,KOTA PRABUMULIH,0
10465,2019,1672,SUMATERA SELATAN,KOTA PRABUMULIH,0
10466,2020,1672,SUMATERA SELATAN,KOTA PRABUMULIH,0
10467,2021,1672,SUMATERA SELATAN,KOTA PRABUMULIH,1
10468,2022,1672,SUMATERA SELATAN,KOTA PRABUMULIH,1
10469,2023,1672,SUMATERA SELATAN,KOTA PRABUMULIH,1
10470,2024,1672,SUMATERA SELATAN,KOTA PRABUMULIH,1
10471,2025,1672,SUMATERA SELATAN,KOTA PRABUMULIH,1
10472,2004,1208,SUMATERA UTARA,ASAHAN,0
10473,2005,1208,SUMATERA UTARA,ASAHAN,0
10474,2006,1208,SUMATERA UTARA,ASAHAN,0
10475,2007,1208,SUMATERA UTARA,ASAHAN,0
10476,2008,1208,SUMATERA UTARA,ASAHAN,0
10477,2009,1208,SUMATERA UTARA,ASAHAN,0
10478,2010,1208,SUMATERA UTARA,ASAHAN,0
10479,2011,1208,SUMATERA UTARA,ASAHAN,0
10480,2012,1208,SUMATERA UTARA,ASAHAN,0
10481,2013,1208,SUMATERA UTARA,ASAHAN,0
10482,2014,1208,SUMATERA UTARA,ASAHAN,0
10483,2015,1208,SUMATERA UTARA,ASAHAN,0
10484,2016,1208,SUMATERA UTARA,ASAHAN,0
10485,2017,1208,SUMATERA UTARA,ASAHAN,0
10486,2018,1208,SUMATERA UTARA,ASAHAN,0
10487,2019,1208,SUMATERA UTARA,ASAHAN,0
10488,2020,1208,SUMATERA UTARA,ASAHAN,0
10489,2021,1208,SUMATERA UTARA,ASAHAN,0
10490,2022,1208,SUMATERA UTARA,ASAHAN,0
10491,2023,1208,SUMATERA UTARA,ASAHAN,0
10492,2024,1208,SUMATERA UTARA,ASAHAN,0
10493,2025,1208,SUMATERA UTARA,ASAHAN,0
10494,2004,1219,SUMATERA UTARA,BATU BARA,0
10495,2005,1219,SUMATERA UTARA,BATU BARA,0
10496,2006,1219,SUMATERA UTARA,BATU BARA,0
10497,2007,1219,SUMATERA UTARA,BATU BARA,0
10498,2008,1219,SUMATERA UTARA,BATU BARA,0
10499,2009,1219,SUMATERA UTARA,BATU BARA,0
10500,2010,1219,SUMATERA UTARA,BATU BARA,0
10501,2011,1219,SUMATERA UTARA,BATU BARA,0
10502,2012,1219,SUMATERA UTARA,BATU BARA,0
10503,2013,1219,SUMATERA UTARA,BATU BARA,0
10504,2014,1219,SUMATERA UTARA,BATU BARA,0
10505,2015,1219,SUMATERA UTARA,BATU BARA,0
10506,2016,1219,SUMATERA UTARA,BATU BARA,1
10507,2017,1219,SUMATERA UTARA,BATU BARA,1
10508,2018,1219,SUMATERA UTARA,BATU BARA,1
10509,2019,1219,SUMATERA UTARA,BATU BARA,1
10510,2020,1219,SUMATERA UTARA,BATU BARA,1
10511,2021,1219,SUMATERA UTARA,BATU BARA,1
10512,2022,1219,SUMATERA UTARA,BATU BARA,1
10513,2023,1219,SUMATERA UTARA,BATU BARA,1
10514,2024,1219,SUMATERA UTARA,BATU BARA,1
10515,2025,1219,SUMATERA UTARA,BATU BARA,1
10516,2004,1276,SUMATERA UTARA,KOTA BINJAI,0
10517,2005,1276,SUMATERA UTARA,KOTA BINJAI,0
10518,2006,1276,SUMATERA UTARA,KOTA BINJAI,0
10519,2007,1276,SUMATERA UTARA,KOTA BINJAI,0
10520,2008,1276,SUMATERA UTARA,KOTA BINJAI,0
10521,2009,1276,SUMATERA UTARA,KOTA BINJAI,0
10522,2010,1276,SUMATERA UTARA,KOTA BINJAI,0
10523,2011,1276,SUMATERA UTARA,KOTA BINJAI,0
10524,2012,1276,SUMATERA UTARA,KOTA BINJAI,0
10525,2013,1276,SUMATERA UTARA,KOTA BINJAI,0
10526,2014,1276,SUMATERA UTARA,KOTA BINJAI,0
10527,2015,1276,SUMATERA UTARA,KOTA BINJAI,0
10528,2016,1276,SUMATERA UTARA,KOTA BINJAI,0
10529,2017,1276,SUMATERA UTARA,KOTA BINJAI,0
10530,2018,1276,SUMATERA UTARA,KOTA BINJAI,0
10531,2019,1276,SUMATERA UTARA,KOTA BINJAI,0
10532,2020,1276,SUMATERA UTARA,KOTA BINJAI,0
10533,2021,1276,SUMATERA UTARA,KOTA BINJAI,0
10534,2022,1276,SUMATERA UTARA,KOTA BINJAI,0
10535,2023,1276,SUMATERA UTARA,KOTA BINJAI,0
10536,2024,1276,SUMATERA UTARA,KOTA BINJAI,0
10537,2025,1276,SUMATERA UTARA,KOTA BINJAI,0
10538,2004,1210,SUMATERA UTARA,DAIRI,0
10539,2005,1210,SUMATERA UTARA,DAIRI,0
10540,2006,1210,SUMATERA UTARA,DAIRI,0
10541,2007,1210,SUMATERA UTARA,DAIRI,0
10542,2008,1210,SUMATERA UTARA,DAIRI,0
10543,2009,1210,SUMATERA UTARA,DAIRI,0
10544,2010,1210,SUMATERA UTARA,DAIRI,0
10545,2011,1210,SUMATERA UTARA,DAIRI,0
10546,2012,1210,SUMATERA UTARA,DAIRI,0
10547,2013,1210,SUMATERA UTARA,DAIRI,0
10548,2014,1210,SUMATERA UTARA,DAIRI,0
10549,2015,1210,SUMATERA UTARA,DAIRI,0
10550,2016,1210,SUMATERA UTARA,DAIRI,0
10551,2017,1210,SUMATERA UTARA,DAIRI,0
10552,2018,1210,SUMATERA UTARA,DAIRI,0
10553,2019,1210,SUMATERA UTARA,DAIRI,0
10554,2020,1210,SUMATERA UTARA,DAIRI,0
10555,2021,1210,SUMATERA UTARA,DAIRI,0
10556,2022,1210,SUMATERA UTARA,DAIRI,0
10557,2023,1210,SUMATERA UTARA,DAIRI,0
10558,2024,1210,SUMATERA UTARA,DAIRI,0
10559,2025,1210,SUMATERA UTARA,DAIRI,0
10560,2004,1212,SUMATERA UTARA,DELI SERDANG,0
10561,2005,1212,SUMATERA UTARA,DELI SERDANG,0
10562,2006,1212,SUMATERA UTARA,DELI SERDANG,0
10563,2007,1212,SUMATERA UTARA,DELI SERDANG,0
10564,2008,1212,SUMATERA UTARA,DELI SERDANG,0
10565,2009,1212,SUMATERA UTARA,DELI SERDANG,0
10566,2010,1212,SUMATERA UTARA,DELI SERDANG,0
10567,2011,1212,SUMATERA UTARA,DELI SERDANG,0
10568,2012,1212,SUMATERA UTARA,DELI SERDANG,0
10569,2013,1212,SUMATERA UTARA,DELI SERDANG,0
10570,2014,1212,SUMATERA UTARA,DELI SERDANG,0
10571,2015,1212,SUMATERA UTARA,DELI SERDANG,0
10572,2016,1212,SUMATERA UTARA,DELI SERDANG,0
10573,2017,1212,SUMATERA UTARA,DELI SERDANG,0
10574,2018,1212,SUMATERA UTARA,DELI SERDANG,0
10575,2019,1212,SUMATERA UTARA,DELI SERDANG,0
10576,2020,1212,SUMATERA UTARA,DELI SERDANG,0
10577,2021,1212,SUMATERA UTARA,DELI SERDANG,0
10578,2022,1212,SUMATERA UTARA,DELI SERDANG,0
10579,2023,1212,SUMATERA UTARA,DELI SERDANG,0
10580,2024,1212,SUMATERA UTARA,DELI SERDANG,0
10581,2025,1212,SUMATERA UTARA,DELI SERDANG,0
10582,2004,1278,SUMATERA UTARA,KOTA GUNUNGSITOLI,0
10583,2005,1278,SUMATERA UTARA,KOTA GUNUNGSITOLI,0
10584,2006,1278,SUMATERA UTARA,KOTA GUNUNGSITOLI,0
10585,2007,1278,SUMATERA UTARA,KOTA GUNUNGSITOLI,0
10586,2008,1278,SUMATERA UTARA,KOTA GUNUNGSITOLI,0
10587,2009,1278,SUMATERA UTARA,KOTA GUNUNGSITOLI,0
10588,2010,1278,SUMATERA UTARA,KOTA GUNUNGSITOLI,0
10589,2011,1278,SUMATERA UTARA,KOTA GUNUNGSITOLI,0
10590,2012,1278,SUMATERA UTARA,KOTA GUNUNGSITOLI,0
10591,2013,1278,SUMATERA UTARA,KOTA GUNUNGSITOLI,0
10592,2014,1278,SUMATERA UTARA,KOTA GUNUNGSITOLI,0
10593,2015,1278,SUMATERA UTARA,KOTA GUNUNGSITOLI,0
10594,2016,1278,SUMATERA UTARA,KOTA GUNUNGSITOLI,0
10595,2017,1278,SUMATERA UTARA,KOTA GUNUNGSITOLI,0
10596,2018,1278,SUMATERA UTARA,KOTA GUNUNGSITOLI,0
10597,2019,1278,SUMATERA UTARA,KOTA GUNUNGSITOLI,0
10598,2020,1278,SUMATERA UTARA,KOTA GUNUNGSITOLI,0
10599,2021,1278,SUMATERA UTARA,KOTA GUNUNGSITOLI,0
10600,2022,1278,SUMATERA UTARA,KOTA GUNUNGSITOLI,0
10601,2023,1278,SUMATERA UTARA,KOTA GUNUNGSITOLI,0
10602,2024,1278,SUMATERA UTARA,KOTA GUNUNGSITOLI,0
10603,2025,1278,SUMATERA UTARA,KOTA GUNUNGSITOLI,0
10604,2004,1215,SUMATERA UTARA,HUMBANG HASUNDUTAN,0
10605,2005,1215,SUMATERA UTARA,HUMBANG HASUNDUTAN,0
10606,2006,1215,SUMATERA UTARA,HUMBANG HASUNDUTAN,0
10607,2007,1215,SUMATERA UTARA,HUMBANG HASUNDUTAN,0
10608,2008,1215,SUMATERA UTARA,HUMBANG HASUNDUTAN,0
10609,2009,1215,SUMATERA UTARA,HUMBANG HASUNDUTAN,0
10610,2010,1215,SUMATERA UTARA,HUMBANG HASUNDUTAN,0
10611,2011,1215,SUMATERA UTARA,HUMBANG HASUNDUTAN,0
10612,2012,1215,SUMATERA UTARA,HUMBANG HASUNDUTAN,0
10613,2013,1215,SUMATERA UTARA,HUMBANG HASUNDUTAN,0
10614,2014,1215,SUMATERA UTARA,HUMBANG HASUNDUTAN,0
10615,2015,1215,SUMATERA UTARA,HUMBANG HASUNDUTAN,0
10616,2016,1215,SUMATERA UTARA,HUMBANG HASUNDUTAN,0
10617,2017,1215,SUMATERA UTARA,HUMBANG HASUNDUTAN,0
10618,2018,1215,SUMATERA UTARA,HUMBANG HASUNDUTAN,0
10619,2019,1215,SUMATERA UTARA,HUMBANG HASUNDUTAN,0
10620,2020,1215,SUMATERA UTARA,HUMBANG HASUNDUTAN,0
10621,2021,1215,SUMATERA UTARA,HUMBANG HASUNDUTAN,0
10622,2022,1215,SUMATERA UTARA,HUMBANG HASUNDUTAN,0
10623,2023,1215,SUMATERA UTARA,HUMBANG HASUNDUTAN,0
10624,2024,1215,SUMATERA UTARA,HUMBANG HASUNDUTAN,0
10625,2025,1215,SUMATERA UTARA,HUMBANG HASUNDUTAN,0
10626,2004,1211,SUMATERA UTARA,KARO,0
10627,2005,1211,SUMATERA UTARA,KARO,0
10628,2006,1211,SUMATERA UTARA,KARO,0
10629,2007,1211,SUMATERA UTARA,KARO,0
10630,2008,1211,SUMATERA UTARA,KARO,0
10631,2009,1211,SUMATERA UTARA,KARO,0
10632,2010,1211,SUMATERA UTARA,KARO,0
10633,2011,1211,SUMATERA UTARA,KARO,0
10634,2012,1211,SUMATERA UTARA,KARO,0
10635,2013,1211,SUMATERA UTARA,KARO,0
10636,2014,1211,SUMATERA UTARA,KARO,0
10637,2015,1211,SUMATERA UTARA,KARO,0
10638,2016,1211,SUMATERA UTARA,KARO,0
10639,2017,1211,SUMATERA UTARA,KARO,0
10640,2018,1211,SUMATERA UTARA,KARO,0
10641,2019,1211,SUMATERA UTARA,KARO,0
10642,2020,1211,SUMATERA UTARA,KARO,0
10643,2021,1211,SUMATERA UTARA,KARO,0
10644,2022,1211,SUMATERA UTARA,KARO,0
10645,2023,1211,SUMATERA UTARA,KARO,0
10646,2024,1211,SUMATERA UTARA,KARO,0
10647,2025,1211,SUMATERA UTARA,KARO,0
10648,2004,1207,SUMATERA UTARA,LABUHAN BATU,0
10649,2005,1207,SUMATERA UTARA,LABUHAN BATU,0
10650,2006,1207,SUMATERA UTARA,LABUHAN BATU,0
10651,2007,1207,SUMATERA UTARA,LABUHAN BATU,0
10652,2008,1207,SUMATERA UTARA,LABUHAN BATU,0
10653,2009,1207,SUMATERA UTARA,LABUHAN BATU,0
10654,2010,1207,SUMATERA UTARA,LABUHAN BATU,0
10655,2011,1207,SUMATERA UTARA,LABUHAN BATU,0
10656,2012,1207,SUMATERA UTARA,LABUHAN BATU,0
10657,2013,1207,SUMATERA UTARA,LABUHAN BATU,0
10658,2014,1207,SUMATERA UTARA,LABUHAN BATU,0
10659,2015,1207,SUMATERA UTARA,LABUHAN BATU,0
10660,2016,1207,SUMATERA UTARA,LABUHAN BATU,0
10661,2017,1207,SUMATERA UTARA,LABUHAN BATU,0
10662,2018,1207,SUMATERA UTARA,LABUHAN BATU,0
10663,2019,1207,SUMATERA UTARA,LABUHAN BATU,0
10664,2020,1207,SUMATERA UTARA,LABUHAN BATU,0
10665,2021,1207,SUMATERA UTARA,LABUHAN BATU,0
10666,2022,1207,SUMATERA UTARA,LABUHAN BATU,0
10667,2023,1207,SUMATERA UTARA,LABUHAN BATU,0
10668,2024,1207,SUMATERA UTARA,LABUHAN BATU,0
10669,2025,1207,SUMATERA UTARA,LABUHAN BATU,0
10670,2004,1222,SUMATERA UTARA,LABUHAN BATU SELATAN,0
10671,2005,1222,SUMATERA UTARA,LABUHAN BATU SELATAN,0
10672,2006,1222,SUMATERA UTARA,LABUHAN BATU SELATAN,0
10673,2007,1222,SUMATERA UTARA,LABUHAN BATU SELATAN,0
10674,2008,1222,SUMATERA UTARA,LABUHAN BATU SELATAN,0
10675,2009,1222,SUMATERA UTARA,LABUHAN BATU SELATAN,0
10676,2010,1222,SUMATERA UTARA,LABUHAN BATU SELATAN,0
10677,2011,1222,SUMATERA UTARA,LABUHAN BATU SELATAN,0
10678,2012,1222,SUMATERA UTARA,LABUHAN BATU SELATAN,0
10679,2013,1222,SUMATERA UTARA,LABUHAN BATU SELATAN,0
10680,2014,1222,SUMATERA UTARA,LABUHAN BATU SELATAN,0
10681,2015,1222,SUMATERA UTARA,LABUHAN BATU SELATAN,0
10682,2016,1222,SUMATERA UTARA,LABUHAN BATU SELATAN,0
10683,2017,1222,SUMATERA UTARA,LABUHAN BATU SELATAN,0
10684,2018,1222,SUMATERA UTARA,LABUHAN BATU SELATAN,0
10685,2019,1222,SUMATERA UTARA,LABUHAN BATU SELATAN,0
10686,2020,1222,SUMATERA UTARA,LABUHAN BATU SELATAN,0
10687,2021,1222,SUMATERA UTARA,LABUHAN BATU SELATAN,0
10688,2022,1222,SUMATERA UTARA,LABUHAN BATU SELATAN,0
10689,2023,1222,SUMATERA UTARA,LABUHAN BATU SELATAN,1
10690,2024,1222,SUMATERA UTARA,LABUHAN BATU SELATAN,1
10691,2025,1222,SUMATERA UTARA,LABUHAN BATU SELATAN,1
10692,2004,1223,SUMATERA UTARA,LABUHAN BATU UTARA,0
10693,2005,1223,SUMATERA UTARA,LABUHAN BATU UTARA,0
10694,2006,1223,SUMATERA UTARA,LABUHAN BATU UTARA,0
10695,2007,1223,SUMATERA UTARA,LABUHAN BATU UTARA,0
10696,2008,1223,SUMATERA UTARA,LABUHAN BATU UTARA,0
10697,2009,1223,SUMATERA UTARA,LABUHAN BATU UTARA,0
10698,2010,1223,SUMATERA UTARA,LABUHAN BATU UTARA,0
10699,2011,1223,SUMATERA UTARA,LABUHAN BATU UTARA,0
10700,2012,1223,SUMATERA UTARA,LABUHAN BATU UTARA,0
10701,2013,1223,SUMATERA UTARA,LABUHAN BATU UTARA,0
10702,2014,1223,SUMATERA UTARA,LABUHAN BATU UTARA,0
10703,2015,1223,SUMATERA UTARA,LABUHAN BATU UTARA,0
10704,2016,1223,SUMATERA UTARA,LABUHAN BATU UTARA,0
10705,2017,1223,SUMATERA UTARA,LABUHAN BATU UTARA,0
10706,2018,1223,SUMATERA UTARA,LABUHAN BATU UTARA,0
10707,2019,1223,SUMATERA UTARA,LABUHAN BATU UTARA,0
10708,2020,1223,SUMATERA UTARA,LABUHAN BATU UTARA,0
10709,2021,1223,SUMATERA UTARA,LABUHAN BATU UTARA,0
10710,2022,1223,SUMATERA UTARA,LABUHAN BATU UTARA,0
10711,2023,1223,SUMATERA UTARA,LABUHAN BATU UTARA,0
10712,2024,1223,SUMATERA UTARA,LABUHAN BATU UTARA,0
10713,2025,1223,SUMATERA UTARA,LABUHAN BATU UTARA,0
10714,2004,1213,SUMATERA UTARA,LANGKAT,0
10715,2005,1213,SUMATERA UTARA,LANGKAT,0
10716,2006,1213,SUMATERA UTARA,LANGKAT,0
10717,2007,1213,SUMATERA UTARA,LANGKAT,0
10718,2008,1213,SUMATERA UTARA,LANGKAT,0
10719,2009,1213,SUMATERA UTARA,LANGKAT,0
10720,2010,1213,SUMATERA UTARA,LANGKAT,0
10721,2011,1213,SUMATERA UTARA,LANGKAT,0
10722,2012,1213,SUMATERA UTARA,LANGKAT,0
10723,2013,1213,SUMATERA UTARA,LANGKAT,0
10724,2014,1213,SUMATERA UTARA,LANGKAT,0
10725,2015,1213,SUMATERA UTARA,LANGKAT,0
10726,2016,1213,SUMATERA UTARA,LANGKAT,0
10727,2017,1213,SUMATERA UTARA,LANGKAT,0
10728,2018,1213,SUMATERA UTARA,LANGKAT,0
10729,2019,1213,SUMATERA UTARA,LANGKAT,0
10730,2020,1213,SUMATERA UTARA,LANGKAT,0
10731,2021,1213,SUMATERA UTARA,LANGKAT,0
10732,2022,1213,SUMATERA UTARA,LANGKAT,0
10733,2023,1213,SUMATERA UTARA,LANGKAT,0
10734,2024,1213,SUMATERA UTARA,LANGKAT,0
10735,2025,1213,SUMATERA UTARA,LANGKAT,0
10736,2004,1202,SUMATERA UTARA,MANDAILING NATAL,0
10737,2005,1202,SUMATERA UTARA,MANDAILING NATAL,0
10738,2006,1202,SUMATERA UTARA,MANDAILING NATAL,0
10739,2007,1202,SUMATERA UTARA,MANDAILING NATAL,0
10740,2008,1202,SUMATERA UTARA,MANDAILING NATAL,0
10741,2009,1202,SUMATERA UTARA,MANDAILING NATAL,0
10742,2010,1202,SUMATERA UTARA,MANDAILING NATAL,0
10743,2011,1202,SUMATERA UTARA,MANDAILING NATAL,0
10744,2012,1202,SUMATERA UTARA,MANDAILING NATAL,0
10745,2013,1202,SUMATERA UTARA,MANDAILING NATAL,0
10746,2014,1202,SUMATERA UTARA,MANDAILING NATAL,0
10747,2015,1202,SUMATERA UTARA,MANDAILING NATAL,0
10748,2016,1202,SUMATERA UTARA,MANDAILING NATAL,0
10749,2017,1202,SUMATERA UTARA,MANDAILING NATAL,0
10750,2018,1202,SUMATERA UTARA,MANDAILING NATAL,0
10751,2019,1202,SUMATERA UTARA,MANDAILING NATAL,0
10752,2020,1202,SUMATERA UTARA,MANDAILING NATAL,0
10753,2021,1202,SUMATERA UTARA,MANDAILING NATAL,0
10754,2022,1202,SUMATERA UTARA,MANDAILING NATAL,0
10755,2023,1202,SUMATERA UTARA,MANDAILING NATAL,0
10756,2024,1202,SUMATERA UTARA,MANDAILING NATAL,0
10757,2025,1202,SUMATERA UTARA,MANDAILING NATAL,0
10758,2004,1275,SUMATERA UTARA,KOTA MEDAN,0
10759,2005,1275,SUMATERA UTARA,KOTA MEDAN,0
10760,2006,1275,SUMATERA UTARA,KOTA MEDAN,0
10761,2007,1275,SUMATERA UTARA,KOTA MEDAN,0
10762,2008,1275,SUMATERA UTARA,KOTA MEDAN,0
10763,2009,1275,SUMATERA UTARA,KOTA MEDAN,0
10764,2010,1275,SUMATERA UTARA,KOTA MEDAN,0
10765,2011,1275,SUMATERA UTARA,KOTA MEDAN,0
10766,2012,1275,SUMATERA UTARA,KOTA MEDAN,0
10767,2013,1275,SUMATERA UTARA,KOTA MEDAN,0
10768,2014,1275,SUMATERA UTARA,KOTA MEDAN,0
10769,2015,1275,SUMATERA UTARA,KOTA MEDAN,0
10770,2016,1275,SUMATERA UTARA,KOTA MEDAN,0
10771,2017,1275,SUMATERA UTARA,KOTA MEDAN,0
10772,2018,1275,SUMATERA UTARA,KOTA MEDAN,0
10773,2019,1275,SUMATERA UTARA,KOTA MEDAN,0
10774,2020,1275,SUMATERA UTARA,KOTA MEDAN,0
10775,2021,1275,SUMATERA UTARA,KOTA MEDAN,0
10776,2022,1275,SUMATERA UTARA,KOTA MEDAN,0
10777,2023,1275,SUMATERA UTARA,KOTA MEDAN,0
10778,2024,1275,SUMATERA UTARA,KOTA MEDAN,0
10779,2025,1275,SUMATERA UTARA,KOTA MEDAN,0
10780,2004,1201,SUMATERA UTARA,NIAS,0
10781,2005,1201,SUMATERA UTARA,NIAS,0
10782,2006,1201,SUMATERA UTARA,NIAS,0
10783,2007,1201,SUMATERA UTARA,NIAS,0
10784,2008,1201,SUMATERA UTARA,NIAS,0
10785,2009,1201,SUMATERA UTARA,NIAS,0
10786,2010,1201,SUMATERA UTARA,NIAS,0
10787,2011,1201,SUMATERA UTARA,NIAS,0
10788,2012,1201,SUMATERA UTARA,NIAS,0
10789,2013,1201,SUMATERA UTARA,NIAS,0
10790,2014,1201,SUMATERA UTARA,NIAS,0
10791,2015,1201,SUMATERA UTARA,NIAS,0
10792,2016,1201,SUMATERA UTARA,NIAS,0
10793,2017,1201,SUMATERA UTARA,NIAS,0
10794,2018,1201,SUMATERA UTARA,NIAS,0
10795,2019,1201,SUMATERA UTARA,NIAS,0
10796,2020,1201,SUMATERA UTARA,NIAS,0
10797,2021,1201,SUMATERA UTARA,NIAS,0
10798,2022,1201,SUMATERA UTARA,NIAS,0
10799,2023,1201,SUMATERA UTARA,NIAS,0
10800,2024,1201,SUMATERA UTARA,NIAS,0
10801,2025,1201,SUMATERA UTARA,NIAS,0
10802,2004,1225,SUMATERA UTARA,NIAS BARAT,0
10803,2005,1225,SUMATERA UTARA,NIAS BARAT,0
10804,2006,1225,SUMATERA UTARA,NIAS BARAT,0
10805,2007,1225,SUMATERA UTARA,NIAS BARAT,0
10806,2008,1225,SUMATERA UTARA,NIAS BARAT,0
10807,2009,1225,SUMATERA UTARA,NIAS BARAT,0
10808,2010,1225,SUMATERA UTARA,NIAS BARAT,0
10809,2011,1225,SUMATERA UTARA,NIAS BARAT,0
10810,2012,1225,SUMATERA UTARA,NIAS BARAT,0
10811,2013,1225,SUMATERA UTARA,NIAS BARAT,0
10812,2014,1225,SUMATERA UTARA,NIAS BARAT,0
10813,2015,1225,SUMATERA UTARA,NIAS BARAT,0
10814,2016,1225,SUMATERA UTARA,NIAS BARAT,0
10815,2017,1225,SUMATERA UTARA,NIAS BARAT,0
10816,2018,1225,SUMATERA UTARA,NIAS BARAT,0
10817,2019,1225,SUMATERA UTARA,NIAS BARAT,0
10818,2020,1225,SUMATERA UTARA,NIAS BARAT,0
10819,2021,1225,SUMATERA UTARA,NIAS BARAT,0
10820,2022,1225,SUMATERA UTARA,NIAS BARAT,0
10821,2023,1225,SUMATERA UTARA,NIAS BARAT,0
10822,2024,1225,SUMATERA UTARA,NIAS BARAT,0
10823,2025,1225,SUMATERA UTARA,NIAS BARAT,0
10824,2004,1214,SUMATERA UTARA,NIAS SELATAN,0
10825,2005,1214,SUMATERA UTARA,NIAS SELATAN,0
10826,2006,1214,SUMATERA UTARA,NIAS SELATAN,0
10827,2007,1214,SUMATERA UTARA,NIAS SELATAN,0
10828,2008,1214,SUMATERA UTARA,NIAS SELATAN,0
10829,2009,1214,SUMATERA UTARA,NIAS SELATAN,0
10830,2010,1214,SUMATERA UTARA,NIAS SELATAN,0
10831,2011,1214,SUMATERA UTARA,NIAS SELATAN,0
10832,2012,1214,SUMATERA UTARA,NIAS SELATAN,0
10833,2013,1214,SUMATERA UTARA,NIAS SELATAN,0
10834,2014,1214,SUMATERA UTARA,NIAS SELATAN,0
10835,2015,1214,SUMATERA UTARA,NIAS SELATAN,0
10836,2016,1214,SUMATERA UTARA,NIAS SELATAN,0
10837,2017,1214,SUMATERA UTARA,NIAS SELATAN,0
10838,2018,1214,SUMATERA UTARA,NIAS SELATAN,0
10839,2019,1214,SUMATERA UTARA,NIAS SELATAN,0
10840,2020,1214,SUMATERA UTARA,NIAS SELATAN,0
10841,2021,1214,SUMATERA UTARA,NIAS SELATAN,0
10842,2022,1214,SUMATERA UTARA,NIAS SELATAN,0
10843,2023,1214,SUMATERA UTARA,NIAS SELATAN,0
10844,2024,1214,SUMATERA UTARA,NIAS SELATAN,0
10845,2025,1214,SUMATERA UTARA,NIAS SELATAN,0
10846,2004,1224,SUMATERA UTARA,NIAS UTARA,0
10847,2005,1224,SUMATERA UTARA,NIAS UTARA,0
10848,2006,1224,SUMATERA UTARA,NIAS UTARA,0
10849,2007,1224,SUMATERA UTARA,NIAS UTARA,0
10850,2008,1224,SUMATERA UTARA,NIAS UTARA,0
10851,2009,1224,SUMATERA UTARA,NIAS UTARA,0
10852,2010,1224,SUMATERA UTARA,NIAS UTARA,0
10853,2011,1224,SUMATERA UTARA,NIAS UTARA,0
10854,2012,1224,SUMATERA UTARA,NIAS UTARA,0
10855,2013,1224,SUMATERA UTARA,NIAS UTARA,0
10856,2014,1224,SUMATERA UTARA,NIAS UTARA,0
10857,2015,1224,SUMATERA UTARA,NIAS UTARA,0
10858,2016,1224,SUMATERA UTARA,NIAS UTARA,0
10859,2017,1224,SUMATERA UTARA,NIAS UTARA,0
10860,2018,1224,SUMATERA UTARA,NIAS UTARA,0
10861,2019,1224,SUMATERA UTARA,NIAS UTARA,0
10862,2020,1224,SUMATERA UTARA,NIAS UTARA,0
10863,2021,1224,SUMATERA UTARA,NIAS UTARA,0
10864,2022,1224,SUMATERA UTARA,NIAS UTARA,0
10865,2023,1224,SUMATERA UTARA,NIAS UTARA,0
10866,2024,1224,SUMATERA UTARA,NIAS UTARA,0
10867,2025,1224,SUMATERA UTARA,NIAS UTARA,0
10868,2004,1221,SUMATERA UTARA,PADANG LAWAS,0
10869,2005,1221,SUMATERA UTARA,PADANG LAWAS,0
10870,2006,1221,SUMATERA UTARA,PADANG LAWAS,0
10871,2007,1221,SUMATERA UTARA,PADANG LAWAS,0
10872,2008,1221,SUMATERA UTARA,PADANG LAWAS,0
10873,2009,1221,SUMATERA UTARA,PADANG LAWAS,0
10874,2010,1221,SUMATERA UTARA,PADANG LAWAS,0
10875,2011,1221,SUMATERA UTARA,PADANG LAWAS,0
10876,2012,1221,SUMATERA UTARA,PADANG LAWAS,0
10877,2013,1221,SUMATERA UTARA,PADANG LAWAS,0
10878,2014,1221,SUMATERA UTARA,PADANG LAWAS,0
10879,2015,1221,SUMATERA UTARA,PADANG LAWAS,0
10880,2016,1221,SUMATERA UTARA,PADANG LAWAS,0
10881,2017,1221,SUMATERA UTARA,PADANG LAWAS,0
10882,2018,1221,SUMATERA UTARA,PADANG LAWAS,0
10883,2019,1221,SUMATERA UTARA,PADANG LAWAS,0
10884,2020,1221,SUMATERA UTARA,PADANG LAWAS,0
10885,2021,1221,SUMATERA UTARA,PADANG LAWAS,0
10886,2022,1221,SUMATERA UTARA,PADANG LAWAS,0
10887,2023,1221,SUMATERA UTARA,PADANG LAWAS,0
10888,2024,1221,SUMATERA UTARA,PADANG LAWAS,0
10889,2025,1221,SUMATERA UTARA,PADANG LAWAS,0
10890,2004,1220,SUMATERA UTARA,PADANG LAWAS UTARA,0
10891,2005,1220,SUMATERA UTARA,PADANG LAWAS UTARA,0
10892,2006,1220,SUMATERA UTARA,PADANG LAWAS UTARA,0
10893,2007,1220,SUMATERA UTARA,PADANG LAWAS UTARA,0
10894,2008,1220,SUMATERA UTARA,PADANG LAWAS UTARA,0
10895,2009,1220,SUMATERA UTARA,PADANG LAWAS UTARA,0
10896,2010,1220,SUMATERA UTARA,PADANG LAWAS UTARA,0
10897,2011,1220,SUMATERA UTARA,PADANG LAWAS UTARA,0
10898,2012,1220,SUMATERA UTARA,PADANG LAWAS UTARA,0
10899,2013,1220,SUMATERA UTARA,PADANG LAWAS UTARA,0
10900,2014,1220,SUMATERA UTARA,PADANG LAWAS UTARA,0
10901,2015,1220,SUMATERA UTARA,PADANG LAWAS UTARA,0
10902,2016,1220,SUMATERA UTARA,PADANG LAWAS UTARA,0
10903,2017,1220,SUMATERA UTARA,PADANG LAWAS UTARA,0
10904,2018,1220,SUMATERA UTARA,PADANG LAWAS UTARA,0
10905,2019,1220,SUMATERA UTARA,PADANG LAWAS UTARA,0
10906,2020,1220,SUMATERA UTARA,PADANG LAWAS UTARA,0
10907,2021,1220,SUMATERA UTARA,PADANG LAWAS UTARA,0
10908,2022,1220,SUMATERA UTARA,PADANG LAWAS UTARA,0
10909,2023,1220,SUMATERA UTARA,PADANG LAWAS UTARA,0
10910,2024,1220,SUMATERA UTARA,PADANG LAWAS UTARA,0
10911,2025,1220,SUMATERA UTARA,PADANG LAWAS UTARA,0
10912,2004,1277,SUMATERA UTARA,KOTA PADANG SIDEMPUAN,0
10913,2005,1277,SUMATERA UTARA,KOTA PADANG SIDEMPUAN,0
10914,2006,1277,SUMATERA UTARA,KOTA PADANG SIDEMPUAN,0
10915,2007,1277,SUMATERA UTARA,KOTA PADANG SIDEMPUAN,0
10916,2008,1277,SUMATERA UTARA,KOTA PADANG SIDEMPUAN,0
10917,2009,1277,SUMATERA UTARA,KOTA PADANG SIDEMPUAN,0
10918,2010,1277,SUMATERA UTARA,KOTA PADANG SIDEMPUAN,0
10919,2011,1277,SUMATERA UTARA,KOTA PADANG SIDEMPUAN,0
10920,2012,1277,SUMATERA UTARA,KOTA PADANG SIDEMPUAN,0
10921,2013,1277,SUMATERA UTARA,KOTA PADANG SIDEMPUAN,0
10922,2014,1277,SUMATERA UTARA,KOTA PADANG SIDEMPUAN,0
10923,2015,1277,SUMATERA UTARA,KOTA PADANG SIDEMPUAN,0
10924,2016,1277,SUMATERA UTARA,KOTA PADANG SIDEMPUAN,0
10925,2017,1277,SUMATERA UTARA,KOTA PADANG SIDEMPUAN,0
10926,2018,1277,SUMATERA UTARA,KOTA PADANG SIDEMPUAN,0
10927,2019,1277,SUMATERA UTARA,KOTA PADANG SIDEMPUAN,0
10928,2020,1277,SUMATERA UTARA,KOTA PADANG SIDEMPUAN,0
10929,2021,1277,SUMATERA UTARA,KOTA PADANG SIDEMPUAN,1
10930,2022,1277,SUMATERA UTARA,KOTA PADANG SIDEMPUAN,1
10931,2023,1277,SUMATERA UTARA,KOTA PADANG SIDEMPUAN,1
10932,2024,1277,SUMATERA UTARA,KOTA PADANG SIDEMPUAN,1
10933,2025,1277,SUMATERA UTARA,KOTA PADANG SIDEMPUAN,1
10934,2004,1216,SUMATERA UTARA,PAKPAK BHARAT,0
10935,2005,1216,SUMATERA UTARA,PAKPAK BHARAT,0
10936,2006,1216,SUMATERA UTARA,PAKPAK BHARAT,0
10937,2007,1216,SUMATERA UTARA,PAKPAK BHARAT,0
10938,2008,1216,SUMATERA UTARA,PAKPAK BHARAT,0
10939,2009,1216,SUMATERA UTARA,PAKPAK BHARAT,0
10940,2010,1216,SUMATERA UTARA,PAKPAK BHARAT,0
10941,2011,1216,SUMATERA UTARA,PAKPAK BHARAT,0
10942,2012,1216,SUMATERA UTARA,PAKPAK BHARAT,0
10943,2013,1216,SUMATERA UTARA,PAKPAK BHARAT,0
10944,2014,1216,SUMATERA UTARA,PAKPAK BHARAT,0
10945,2015,1216,SUMATERA UTARA,PAKPAK BHARAT,0
10946,2016,1216,SUMATERA UTARA,PAKPAK BHARAT,0
10947,2017,1216,SUMATERA UTARA,PAKPAK BHARAT,1
10948,2018,1216,SUMATERA UTARA,PAKPAK BHARAT,1
10949,2019,1216,SUMATERA UTARA,PAKPAK BHARAT,1
10950,2020,1216,SUMATERA UTARA,PAKPAK BHARAT,1
10951,2021,1216,SUMATERA UTARA,PAKPAK BHARAT,1
10952,2022,1216,SUMATERA UTARA,PAKPAK BHARAT,1
10953,2023,1216,SUMATERA UTARA,PAKPAK BHARAT,1
10954,2024,1216,SUMATERA UTARA,PAKPAK BHARAT,1
10955,2025,1216,SUMATERA UTARA,PAKPAK BHARAT,1
10956,2004,1273,SUMATERA UTARA,KOTA PEMATANGSIANTAR,0
10957,2005,1273,SUMATERA UTARA,KOTA PEMATANGSIANTAR,0
10958,2006,1273,SUMATERA UTARA,KOTA PEMATANGSIANTAR,0
10959,2007,1273,SUMATERA UTARA,KOTA PEMATANGSIANTAR,0
10960,2008,1273,SUMATERA UTARA,KOTA PEMATANGSIANTAR,0
10961,2009,1273,SUMATERA UTARA,KOTA PEMATANGSIANTAR,0
10962,2010,1273,SUMATERA UTARA,KOTA PEMATANGSIANTAR,0
10963,2011,1273,SUMATERA UTARA,KOTA PEMATANGSIANTAR,0
10964,2012,1273,SUMATERA UTARA,KOTA PEMATANGSIANTAR,0
10965,2013,1273,SUMATERA UTARA,KOTA PEMATANGSIANTAR,0
10966,2014,1273,SUMATERA UTARA,KOTA PEMATANGSIANTAR,0
10967,2015,1273,SUMATERA UTARA,KOTA PEMATANGSIANTAR,0
10968,2016,1273,SUMATERA UTARA,KOTA PEMATANGSIANTAR,0
10969,2017,1273,SUMATERA UTARA,KOTA PEMATANGSIANTAR,0
10970,2018,1273,SUMATERA UTARA,KOTA PEMATANGSIANTAR,0
10971,2019,1273,SUMATERA UTARA,KOTA PEMATANGSIANTAR,0
10972,2020,1273,SUMATERA UTARA,KOTA PEMATANGSIANTAR,0
10973,2021,1273,SUMATERA UTARA,KOTA PEMATANGSIANTAR,0
10974,2022,1273,SUMATERA UTARA,KOTA PEMATANGSIANTAR,0
10975,2023,1273,SUMATERA UTARA,KOTA PEMATANGSIANTAR,0
10976,2024,1273,SUMATERA UTARA,KOTA PEMATANGSIANTAR,0
10977,2025,1273,SUMATERA UTARA,KOTA PEMATANGSIANTAR,0
10978,2004,1217,SUMATERA UTARA,SAMOSIR,0
10979,2005,1217,SUMATERA UTARA,SAMOSIR,0
10980,2006,1217,SUMATERA UTARA,SAMOSIR,0
10981,2007,1217,SUMATERA UTARA,SAMOSIR,0
10982,2008,1217,SUMATERA UTARA,SAMOSIR,0
10983,2009,1217,SUMATERA UTARA,SAMOSIR,0
10984,2010,1217,SUMATERA UTARA,SAMOSIR,0
10985,2011,1217,SUMATERA UTARA,SAMOSIR,0
10986,2012,1217,SUMATERA UTARA,SAMOSIR,0
10987,2013,1217,SUMATERA UTARA,SAMOSIR,0
10988,2014,1217,SUMATERA UTARA,SAMOSIR,0
10989,2015,1217,SUMATERA UTARA,SAMOSIR,0
10990,2016,1217,SUMATERA UTARA,SAMOSIR,0
10991,2017,1217,SUMATERA UTARA,SAMOSIR,0
10992,2018,1217,SUMATERA UTARA,SAMOSIR,0
10993,2019,1217,SUMATERA UTARA,SAMOSIR,0
10994,2020,1217,SUMATERA UTARA,SAMOSIR,0
10995,2021,1217,SUMATERA UTARA,SAMOSIR,0
10996,2022,1217,SUMATERA UTARA,SAMOSIR,0
10997,2023,1217,SUMATERA UTARA,SAMOSIR,0
10998,2024,1217,SUMATERA UTARA,SAMOSIR,0
10999,2025,1217,SUMATERA UTARA,SAMOSIR,0
11000,2004,1218,SUMATERA UTARA,SERDANG BEDAGAI,0
11001,2005,1218,SUMATERA UTARA,SERDANG BEDAGAI,0
11002,2006,1218,SUMATERA UTARA,SERDANG BEDAGAI,0
11003,2007,1218,SUMATERA UTARA,SERDANG BEDAGAI,0
11004,2008,1218,SUMATERA UTARA,SERDANG BEDAGAI,0
11005,2009,1218,SUMATERA UTARA,SERDANG BEDAGAI,0
11006,2010,1218,SUMATERA UTARA,SERDANG BEDAGAI,0
11007,2011,1218,SUMATERA UTARA,SERDANG BEDAGAI,0
11008,2012,1218,SUMATERA UTARA,SERDANG BEDAGAI,0
11009,2013,1218,SUMATERA UTARA,SERDANG BEDAGAI,0
11010,2014,1218,SUMATERA UTARA,SERDANG BEDAGAI,0
11011,2015,1218,SUMATERA UTARA,SERDANG BEDAGAI,0
11012,2016,1218,SUMATERA UTARA,SERDANG BEDAGAI,0
11013,2017,1218,SUMATERA UTARA,SERDANG BEDAGAI,0
11014,2018,1218,SUMATERA UTARA,SERDANG BEDAGAI,0
11015,2019,1218,SUMATERA UTARA,SERDANG BEDAGAI,0
11016,2020,1218,SUMATERA UTARA,SERDANG BEDAGAI,0
11017,2021,1218,SUMATERA UTARA,SERDANG BEDAGAI,0
11018,2022,1218,SUMATERA UTARA,SERDANG BEDAGAI,0
11019,2023,1218,SUMATERA UTARA,SERDANG BEDAGAI,0
11020,2024,1218,SUMATERA UTARA,SERDANG BEDAGAI,0
11021,2025,1218,SUMATERA UTARA,SERDANG BEDAGAI,0
11022,2004,1271,SUMATERA UTARA,KOTA SIBOLGA,0
11023,2005,1271,SUMATERA UTARA,KOTA SIBOLGA,0
11024,2006,1271,SUMATERA UTARA,KOTA SIBOLGA,0
11025,2007,1271,SUMATERA UTARA,KOTA SIBOLGA,0
11026,2008,1271,SUMATERA UTARA,KOTA SIBOLGA,0
11027,2009,1271,SUMATERA UTARA,KOTA SIBOLGA,0
11028,2010,1271,SUMATERA UTARA,KOTA SIBOLGA,0
11029,2011,1271,SUMATERA UTARA,KOTA SIBOLGA,0
11030,2012,1271,SUMATERA UTARA,KOTA SIBOLGA,0
11031,2013,1271,SUMATERA UTARA,KOTA SIBOLGA,0
11032,2014,1271,SUMATERA UTARA,KOTA SIBOLGA,0
11033,2015,1271,SUMATERA UTARA,KOTA SIBOLGA,0
11034,2016,1271,SUMATERA UTARA,KOTA SIBOLGA,0
11035,2017,1271,SUMATERA UTARA,KOTA SIBOLGA,0
11036,2018,1271,SUMATERA UTARA,KOTA SIBOLGA,0
11037,2019,1271,SUMATERA UTARA,KOTA SIBOLGA,0
11038,2020,1271,SUMATERA UTARA,KOTA SIBOLGA,0
11039,2021,1271,SUMATERA UTARA,KOTA SIBOLGA,0
11040,2022,1271,SUMATERA UTARA,KOTA SIBOLGA,0
11041,2023,1271,SUMATERA UTARA,KOTA SIBOLGA,0
11042,2024,1271,SUMATERA UTARA,KOTA SIBOLGA,0
11043,2025,1271,SUMATERA UTARA,KOTA SIBOLGA,0
11044,2004,1209,SUMATERA UTARA,SIMALUNGUN,0
11045,2005,1209,SUMATERA UTARA,SIMALUNGUN,0
11046,2006,1209,SUMATERA UTARA,SIMALUNGUN,0
11047,2007,1209,SUMATERA UTARA,SIMALUNGUN,0
11048,2008,1209,SUMATERA UTARA,SIMALUNGUN,0
11049,2009,1209,SUMATERA UTARA,SIMALUNGUN,0
11050,2010,1209,SUMATERA UTARA,SIMALUNGUN,0
11051,2011,1209,SUMATERA UTARA,SIMALUNGUN,0
11052,2012,1209,SUMATERA UTARA,SIMALUNGUN,0
11053,2013,1209,SUMATERA UTARA,SIMALUNGUN,0
11054,2014,1209,SUMATERA UTARA,SIMALUNGUN,0
11055,2015,1209,SUMATERA UTARA,SIMALUNGUN,0
11056,2016,1209,SUMATERA UTARA,SIMALUNGUN,0
11057,2017,1209,SUMATERA UTARA,SIMALUNGUN,0
11058,2018,1209,SUMATERA UTARA,SIMALUNGUN,0
11059,2019,1209,SUMATERA UTARA,SIMALUNGUN,0
11060,2020,1209,SUMATERA UTARA,SIMALUNGUN,0
11061,2021,1209,SUMATERA UTARA,SIMALUNGUN,0
11062,2022,1209,SUMATERA UTARA,SIMALUNGUN,0
11063,2023,1209,SUMATERA UTARA,SIMALUNGUN,0
11064,2024,1209,SUMATERA UTARA,SIMALUNGUN,0
11065,2025,1209,SUMATERA UTARA,SIMALUNGUN,0
11066,2004,1272,SUMATERA UTARA,KOTA TANJUNG BALAI,0
11067,2005,1272,SUMATERA UTARA,KOTA TANJUNG BALAI,0
11068,2006,1272,SUMATERA UTARA,KOTA TANJUNG BALAI,0
11069,2007,1272,SUMATERA UTARA,KOTA TANJUNG BALAI,0
11070,2008,1272,SUMATERA UTARA,KOTA TANJUNG BALAI,0
11071,2009,1272,SUMATERA UTARA,KOTA TANJUNG BALAI,0
11072,2010,1272,SUMATERA UTARA,KOTA TANJUNG BALAI,0
11073,2011,1272,SUMATERA UTARA,KOTA TANJUNG BALAI,0
11074,2012,1272,SUMATERA UTARA,KOTA TANJUNG BALAI,0
11075,2013,1272,SUMATERA UTARA,KOTA TANJUNG BALAI,0
11076,2014,1272,SUMATERA UTARA,KOTA TANJUNG BALAI,0
11077,2015,1272,SUMATERA UTARA,KOTA TANJUNG BALAI,0
11078,2016,1272,SUMATERA UTARA,KOTA TANJUNG BALAI,0
11079,2017,1272,SUMATERA UTARA,KOTA TANJUNG BALAI,0
11080,2018,1272,SUMATERA UTARA,KOTA TANJUNG BALAI,0
11081,2019,1272,SUMATERA UTARA,KOTA TANJUNG BALAI,0
11082,2020,1272,SUMATERA UTARA,KOTA TANJUNG BALAI,0
11083,2021,1272,SUMATERA UTARA,KOTA TANJUNG BALAI,0
11084,2022,1272,SUMATERA UTARA,KOTA TANJUNG BALAI,0
11085,2023,1272,SUMATERA UTARA,KOTA TANJUNG BALAI,0
11086,2024,1272,SUMATERA UTARA,KOTA TANJUNG BALAI,0
11087,2025,1272,SUMATERA UTARA,KOTA TANJUNG BALAI,0
11088,2004,1203,SUMATERA UTARA,TAPANULI SELATAN,0
11089,2005,1203,SUMATERA UTARA,TAPANULI SELATAN,0
11090,2006,1203,SUMATERA UTARA,TAPANULI SELATAN,0
11091,2007,1203,SUMATERA UTARA,TAPANULI SELATAN,0
11092,2008,1203,SUMATERA UTARA,TAPANULI SELATAN,0
11093,2009,1203,SUMATERA UTARA,TAPANULI SELATAN,0
11094,2010,1203,SUMATERA UTARA,TAPANULI SELATAN,0
11095,2011,1203,SUMATERA UTARA,TAPANULI SELATAN,0
11096,2012,1203,SUMATERA UTARA,TAPANULI SELATAN,0
11097,2013,1203,SUMATERA UTARA,TAPANULI SELATAN,0
11098,2014,1203,SUMATERA UTARA,TAPANULI SELATAN,0
11099,2015,1203,SUMATERA UTARA,TAPANULI SELATAN,0
11100,2016,1203,SUMATERA UTARA,TAPANULI SELATAN,0
11101,2017,1203,SUMATERA UTARA,TAPANULI SELATAN,0
11102,2018,1203,SUMATERA UTARA,TAPANULI SELATAN,0
11103,2019,1203,SUMATERA UTARA,TAPANULI SELATAN,0
11104,2020,1203,SUMATERA UTARA,TAPANULI SELATAN,0
11105,2021,1203,SUMATERA UTARA,TAPANULI SELATAN,0
11106,2022,1203,SUMATERA UTARA,TAPANULI SELATAN,0
11107,2023,1203,SUMATERA UTARA,TAPANULI SELATAN,0
11108,2024,1203,SUMATERA UTARA,TAPANULI SELATAN,0
11109,2025,1203,SUMATERA UTARA,TAPANULI SELATAN,0
11110,2004,1204,SUMATERA UTARA,TAPANULI TENGAH,0
11111,2005,1204,SUMATERA UTARA,TAPANULI TENGAH,0
11112,2006,1204,SUMATERA UTARA,TAPANULI TENGAH,0
11113,2007,1204,SUMATERA UTARA,TAPANULI TENGAH,0
11114,2008,1204,SUMATERA UTARA,TAPANULI TENGAH,0
11115,2009,1204,SUMATERA UTARA,TAPANULI TENGAH,0
11116,2010,1204,SUMATERA UTARA,TAPANULI TENGAH,0
11117,2011,1204,SUMATERA UTARA,TAPANULI TENGAH,0
11118,2012,1204,SUMATERA UTARA,TAPANULI TENGAH,0
11119,2013,1204,SUMATERA UTARA,TAPANULI TENGAH,0
11120,2014,1204,SUMATERA UTARA,TAPANULI TENGAH,0
11121,2015,1204,SUMATERA UTARA,TAPANULI TENGAH,0
11122,2016,1204,SUMATERA UTARA,TAPANULI TENGAH,0
11123,2017,1204,SUMATERA UTARA,TAPANULI TENGAH,0
11124,2018,1204,SUMATERA UTARA,TAPANULI TENGAH,0
11125,2019,1204,SUMATERA UTARA,TAPANULI TENGAH,0
11126,2020,1204,SUMATERA UTARA,TAPANULI TENGAH,0
11127,2021,1204,SUMATERA UTARA,TAPANULI TENGAH,0
11128,2022,1204,SUMATERA UTARA,TAPANULI TENGAH,0
11129,2023,1204,SUMATERA UTARA,TAPANULI TENGAH,0
11130,2024,1204,SUMATERA UTARA,TAPANULI TENGAH,0
11131,2025,1204,SUMATERA UTARA,TAPANULI TENGAH,0
11132,2004,1205,SUMATERA UTARA,TAPANULI UTARA,0
11133,2005,1205,SUMATERA UTARA,TAPANULI UTARA,0
11134,2006,1205,SUMATERA UTARA,TAPANULI UTARA,0
11135,2007,1205,SUMATERA UTARA,TAPANULI UTARA,0
11136,2008,1205,SUMATERA UTARA,TAPANULI UTARA,0
11137,2009,1205,SUMATERA UTARA,TAPANULI UTARA,0
11138,2010,1205,SUMATERA UTARA,TAPANULI UTARA,0
11139,2011,1205,SUMATERA UTARA,TAPANULI UTARA,0
11140,2012,1205,SUMATERA UTARA,TAPANULI UTARA,0
11141,2013,1205,SUMATERA UTARA,TAPANULI UTARA,0
11142,2014,1205,SUMATERA UTARA,TAPANULI UTARA,0
11143,2015,1205,SUMATERA UTARA,TAPANULI UTARA,0
11144,2016,1205,SUMATERA UTARA,TAPANULI UTARA,0
11145,2017,1205,SUMATERA UTARA,TAPANULI UTARA,0
11146,2018,1205,SUMATERA UTARA,TAPANULI UTARA,0
11147,2019,1205,SUMATERA UTARA,TAPANULI UTARA,0
11148,2020,1205,SUMATERA UTARA,TAPANULI UTARA,0
11149,2021,1205,SUMATERA UTARA,TAPANULI UTARA,0
11150,2022,1205,SUMATERA UTARA,TAPANULI UTARA,0
11151,2023,1205,SUMATERA UTARA,TAPANULI UTARA,0
11152,2024,1205,SUMATERA UTARA,TAPANULI UTARA,0
11153,2025,1205,SUMATERA UTARA,TAPANULI UTARA,0
11154,2004,1274,SUMATERA UTARA,KOTA TEBING TINGGI,0
11155,2005,1274,SUMATERA UTARA,KOTA TEBING TINGGI,0
11156,2006,1274,SUMATERA UTARA,KOTA TEBING TINGGI,0
11157,2007,1274,SUMATERA UTARA,KOTA TEBING TINGGI,0
11158,2008,1274,SUMATERA UTARA,KOTA TEBING TINGGI,0
11159,2009,1274,SUMATERA UTARA,KOTA TEBING TINGGI,0
11160,2010,1274,SUMATERA UTARA,KOTA TEBING TINGGI,0
11161,2011,1274,SUMATERA UTARA,KOTA TEBING TINGGI,0
11162,2012,1274,SUMATERA UTARA,KOTA TEBING TINGGI,0
11163,2013,1274,SUMATERA UTARA,KOTA TEBING TINGGI,0
11164,2014,1274,SUMATERA UTARA,KOTA TEBING TINGGI,0
11165,2015,1274,SUMATERA UTARA,KOTA TEBING TINGGI,0
11166,2016,1274,SUMATERA UTARA,KOTA TEBING TINGGI,0
11167,2017,1274,SUMATERA UTARA,KOTA TEBING TINGGI,0
11168,2018,1274,SUMATERA UTARA,KOTA TEBING TINGGI,0
11169,2019,1274,SUMATERA UTARA,KOTA TEBING TINGGI,0
11170,2020,1274,SUMATERA UTARA,KOTA TEBING TINGGI,0
11171,2021,1274,SUMATERA UTARA,KOTA TEBING TINGGI,0
11172,2022,1274,SUMATERA UTARA,KOTA TEBING TINGGI,0
11173,2023,1274,SUMATERA UTARA,KOTA TEBING TINGGI,0
11174,2024,1274,SUMATERA UTARA,KOTA TEBING TINGGI,0
11175,2025,1274,SUMATERA UTARA,KOTA TEBING TINGGI,0
11176,2004,1206,SUMATERA UTARA,TOBA SAMOSIR,0
11177,2005,1206,SUMATERA UTARA,TOBA SAMOSIR,0
11178,2006,1206,SUMATERA UTARA,TOBA SAMOSIR,0
11179,2007,1206,SUMATERA UTARA,TOBA SAMOSIR,0
11180,2008,1206,SUMATERA UTARA,TOBA SAMOSIR,0
11181,2009,1206,SUMATERA UTARA,TOBA SAMOSIR,0
11182,2010,1206,SUMATERA UTARA,TOBA SAMOSIR,0
11183,2011,1206,SUMATERA UTARA,TOBA SAMOSIR,0
11184,2012,1206,SUMATERA UTARA,TOBA SAMOSIR,0
11185,2013,1206,SUMATERA UTARA,TOBA SAMOSIR,0
11186,2014,1206,SUMATERA UTARA,TOBA SAMOSIR,0
11187,2015,1206,SUMATERA UTARA,TOBA SAMOSIR,0
11188,2016,1206,SUMATERA UTARA,TOBA SAMOSIR,0
11189,2017,1206,SUMATERA UTARA,TOBA SAMOSIR,0
11190,2018,1206,SUMATERA UTARA,TOBA SAMOSIR,0
11191,2019,1206,SUMATERA UTARA,TOBA SAMOSIR,0
11192,2020,1206,SUMATERA UTARA,TOBA SAMOSIR,0
11193,2021,1206,SUMATERA UTARA,TOBA SAMOSIR,0
11194,2022,1206,SUMATERA UTARA,TOBA SAMOSIR,0
11195,2023,1206,SUMATERA UTARA,TOBA SAMOSIR,0
11196,2024,1206,SUMATERA UTARA,TOBA SAMOSIR,0
11197,2025,1206,SUMATERA UTARA,TOBA SAMOSIR,0
