fullname,filename,indicator_id,indicator_value,dimension,golden_label,pred_label,value,pred_value,error_type,evidence,rationale,discrepancy_root_cause,golden_label_update,explanation,error_status
ACEH BIREUEN,ACEH_BIREUEN.txt,1.2,Sexual violence,scope_of_violence,Yes,No,1.0,0.0,false_negative,,"The provided sentences refer generally to ""violence against women"" and services for victims, but do not explicitly mention sexual violence or specific sexual-violence acts.",Reference only,,,New error
ACEH BIREUEN,ACEH_BIREUEN.txt,5.4,Education institutions engagement,stakeholder_engagement,No,Yes,0.0,1.0,false_positive,"c. improve coordination, integration, synchronization, and synergy between SKPK with all stakeholders including religious organizations, professional organizations, academics, the private sector and the wider community in efforts to improve the quality of women's protection;","The policy includes “academics” among stakeholders with whom coordination, integration, and synergy should be improved, which implicitly covers engagement with the education sector (e.g., universities/academic institutions) in implementation/coordination.",Reference only,x,,Persisting error
ACEH BIREUEN,ACEH_BIREUEN.txt,6.7,Women from minority groups,intersectional_approach,Yes,No,1.0,0.0,false_negative,,"While the general provisions define “Special Protection” as including women and children from minority and isolated groups, the candidate sentences do not provide any specific protection measures targeted at women from minority or isolated groups.",Reference only,x,Any mention of special protection for women from minority and isolated groups means the protection measures also target these groups,Persisting error
ACEH BIREUEN,ACEH_BIREUEN.txt,7.3,International donors,budget_funding_sources,No,Yes,0.0,1.0,false_positive,"f. coordinating the participation of the business sector and other institutions, including international assistance for women's protection; and","The policy explicitly references coordinating participation of other institutions, including international assistance for women's protection, indicating international support is contemplated.",Reference only,x,,Persisting error
ACEH SUBULUSSALAM KOTA,ACEH_SUBULUSSALAM_KOTA.txt,1.2,Sexual violence,scope_of_violence,No,Yes,0.0,1.0,false_positive,,"The policy includes sexual violence both by referencing women’s vulnerability to “violence” and by defining violence as including suffering “sexually,” thereby covering sexual violence. [unresolved evidence citation removed]",Reference only,No,,Persisting error
ACEH SUBULUSSALAM KOTA,ACEH_SUBULUSSALAM_KOTA.txt,1.6,Harmful practices,scope_of_violence,No,Yes,0.0,1.0,false_positive,"a. Women obtain equal rights and obligations in life within marriage and family, both as parents to their children, and as husband-wife partners and there shall be no coercion in marriage.","The policy addresses coercion in marriage by stating there shall be no coercion in marriage, which is a harmful practice affecting women and girls.",Reference only,,,New error
ACEH SUBULUSSALAM KOTA,ACEH_SUBULUSSALAM_KOTA.txt,1.9,Sexual slavery/exploitation,scope_of_violence,No,Yes,0.0,1.0,false_positive,"12. Victims are women who experience threats of violence and or violence inside and or outside the household and or become objects of trafficking/exploitation, and or discrimination in all forms and aspects.","The policy defines victims as including those who become objects of “trafficking/exploitation,” which explicitly includes exploitation (including sexual exploitation) within the policy’s scope.",Reference only,x,,Persisting error
ACEH SUBULUSSALAM KOTA,ACEH_SUBULUSSALAM_KOTA.txt,1.10,Technology facilitated violence,scope_of_violence,No,Yes,0.0,1.0,false_positive,"h. Opening information and access to all forms of protection against actions that harm women, including the use of information technology, social media;","The policy explicitly references providing information and access to protection against harmful actions “including the use of information technology, social media,” indicating attention to technology-mediated contexts relevant to technology-facilitated violence.",Reference only,,,New error
ACEH SUBULUSSALAM KOTA,ACEH_SUBULUSSALAM_KOTA.txt,4.1,Information and education about VAW,primary_prevention,Yes,No,1.0,0.0,false_negative,,"The cited provisions focus on protection services, case handling mechanisms (litigation/non-litigation), institutional guidelines, data collection, and opening access to protection-related information. None of the candidate sentences explicitly describe awareness-raising, communication, socialization, or educational activities aimed at preventing violence against women.",Reference only,,,New error
ACEH SUBULUSSALAM KOTA,ACEH_SUBULUSSALAM_KOTA.txt,4.2,Gender equality education,primary_prevention,No,Yes,0.0,1.0,false_positive,"The City Government organizes and facilitates capacity building activities for human resources regarding guidance, supervision of the implementation of programs for the Fulfillment of women's rights and women's empowerment for all SKPK, Community Institutions, Business Sector, Women's Forums and Media on a regular basis, in stages according to needs.","The policy includes regular capacity-building activities for human resources related to guidance and supervision of programs for the fulfillment of women’s rights and women’s empowerment, which constitutes training/educational activity on women’s rights.",Reference only,,,New error
ACEH SUBULUSSALAM KOTA,ACEH_SUBULUSSALAM_KOTA.txt,5.2,Religious engagement,stakeholder_engagement,Yes,No,1.0,0.0,false_negative,,"The cited passages reference religious funding sources and women’s right to practice religious sharia, but they do not include or assign roles to religious organizations/leaders/clergy/faith-based actors in delivering services, prevention, coordination, or implementation.",Reference only,x,"If the policy mentions religious counseling/guidance as a support service for survivors, then religious engagement is included in the policy",Persisting error
ACEH SUBULUSSALAM KOTA,ACEH_SUBULUSSALAM_KOTA.txt,6.3,Women workers,intersectional_approach,No,Yes,0.0,1.0,false_positive,i. Providing protection in the implementation of their work or profession against matters that may threaten their safety and or health in relation to women's reproductive function;,"The policy explicitly provides protection for women in the implementation of their work or profession against threats to safety/health related to reproductive function, which constitutes a specific protection measure for women workers.",Reference only,x,,Persisting error
BALI BADUNG,BALI_BADUNG.txt,2.5,Training and capacity building,institutional_mechanism,No,Yes,0.0,1.0,false_positive,"(1) The Regent conducts guidance and supervision over the implementation of MSS in the Field of Integrated Services for Women and Children Victims of Violence in the Region.
(2) Guidance as referred to in paragraph (1) includes providing implementation instructions, guidance, supervision, monitoring and evaluation of service implementation for Women and Children Victims of Violence.","The policy assigns the Regent to conduct guidance and supervision over implementation, and specifies that such guidance includes providing implementation instructions, guidance, supervision, monitoring, and evaluation—constituting institutional capacity-building/technical guidance for implementation.",Reference only,x,,Persisting error
BALI BADUNG,BALI_BADUNG.txt,4.1,Information and education about VAW,primary_prevention,Yes,No,1.0,0.0,false_negative,,"The candidate sentences state objectives to prevent violence and outline protection/services, plus community duties to prevent and report violence, but they do not specify information, awareness, communication, or education activities aimed at preventing violence against women.",Reference only,Yes,,Persisting error
BALI BADUNG,BALI_BADUNG.txt,4.2,Gender equality education,primary_prevention,No,Yes,0.0,1.0,false_positive,b. conduct independent socialization of the rights of Women and Children;,"The policy explicitly mentions community participation through independent socialization of the rights of women and children, which constitutes an educational/awareness-raising activity about rights.",Reference only,x,,Persisting error
BALI BANGLI,BALI_BANGLI.txt,1.5,Economic violence,scope_of_violence,Yes,No,1.0,0.0,false_negative,,"While the policy defines violence broadly and mentions neglect in general definitions, none of the provided sentences explicitly identify economic violence, economic exploitation, or domestic neglect as a form of violence against women specifically.",Reference only,,,New error
BALI BANGLI,BALI_BANGLI.txt,1.8,Human trafficking,scope_of_violence,No,Yes,0.0,1.0,false_positive,"Law Number 21 of 2007 concerning the Eradication of the Criminal Act of Trafficking in Persons (State Gazette of the Republic of Indonesia of 2007 Number 58, Supplement to the State Gazette of the Republic of Indonesia Number 4720);","The policy explicitly references the national law on eradication of trafficking in persons, indicating trafficking is included within the policy’s legal framework and considerations.",Reference only,,,New error
BALI BANGLI,BALI_BANGLI.txt,2.5,Training and capacity building,institutional_mechanism,No,Yes,0.0,1.0,false_positive,"The Regent conducts guidance on the development of PPT.
The guidance as referred to in paragraph (1) includes: provision of implementation instructions;
mentoring;","The policy assigns the Regent a guidance role for PPT development and specifies that such guidance includes implementation instructions and mentoring, which constitutes technical guidance/capacity-building support for implementation.",Reference only,x,,Persisting error
BALI BANGLI,BALI_BANGLI.txt,4.2,Gender equality education,primary_prevention,Yes,No,1.0,0.0,false_negative,,"While the policy references gender equality as a guiding principle and mentions socialization of women’s and children’s rights, the provided sentences do not explicitly describe primary prevention education activities specifically about gender equality and/or women’s rights (as distinct topics) beyond general rights socialization.",Reference only,Yes,,Persisting error
BALI BULELENG,BALI_BULELENG.txt,1.8,Human trafficking,scope_of_violence,Yes,No,1.0,0.0,false_negative,,The provided sentences do not explicitly include trafficking in persons as a form of violence covered by the policy; references to a national trafficking law in the preamble do not constitute inclusion of trafficking as a policy issue within the shown provisions.,Reference only,Yes,,Persisting error
BALI BULELENG,BALI_BULELENG.txt,2.5,Training and capacity building,institutional_mechanism,No,Yes,0.0,1.0,false_positive,"a. coverage of Women and Children Victims of Violence who receive complaint handling by trained officers in integrated service units;
b. coverage of Women and Children Victims of Violence who receive health services by trained health workers at Community Health Centers and Hospitals;
c. coverage of Social Rehabilitation services provided by trained Social Rehabilitation officers for Women and Children Victims of Violence in integrated service units;","The policy’s minimum service standards include performance indicators explicitly tied to services delivered by 'trained' officers/health workers/social rehabilitation officers, indicating a requirement for trained personnel as part of implementation capacity.",Reference only,x,,Persisting error
BALI BULELENG,BALI_BULELENG.txt,6.2,Women victims of trafficking,intersectional_approach,No,Yes,0.0,1.0,false_positive,"Letter a What is meant by ""physical violence"" is any act that results in pain, injury, wounds or disability to a person's body, miscarriage, loss of consciousness and or causes death Letter b What is meant by ""sexual violence"" is any act in the form of sexual harassment, forced sexual intercourse, forced sexual intercourse with another person for commercial purposes and or certain purposes.","The policy’s definition/explanation of sexual violence explicitly includes forced sexual intercourse with another person for commercial purposes, which constitutes exploitation/trafficking-related harm and therefore brings such women victims within scope.",Reference only,,,New error
BALI TABANAN,BALI_TABANAN.txt,2.5,Training and capacity building,institutional_mechanism,No,Yes,0.0,1.0,false_positive,"c. capacity building of apparatus and other stakeholders.
(2) Guidance as referred to in paragraph (1) includes:
a. coverage of women and children victims of violence who receive complaint handling by trained officers in integrated service units;","The policy assigns authority for capacity building of apparatus and stakeholders, provides for guidance including implementation instructions and mentoring, and references service delivery by trained officers/health workers as part of performance indicators, collectively indicating training/capacity-building requirements.",Reference only,x,,Persisting error
BALI TABANAN,BALI_TABANAN.txt,4.1,Information and education about VAW,primary_prevention,No,Yes,0.0,1.0,false_positive,c. conduct independent socialization of women's and children's rights;,"The policy includes a community participation provision that explicitly allows/encourages socialization activities related to women’s and children’s rights, which functions as information/awareness activity relevant to preventing and responding to violence against women and children.",Reference only,,,New error
BANTEN TANGERANG SELATAN KOTA,BANTEN_TANGERANG_SELATAN_KOTA.txt,1.9,Sexual slavery/exploitation,scope_of_violence,Yes,No,1.0,0.0,false_negative,,"While sexual violence is defined (including forced intercourse for commercial purposes), the provided sentences do not explicitly mention sexual exploitation or sexual slavery as such.",Reference only,,,New error
BANTEN TANGERANG SELATAN KOTA,BANTEN_TANGERANG_SELATAN_KOTA.txt,3.3,Reporting/hotline service,specialised_support_services,Yes,No,1.0,0.0,false_negative,,"The provided sentences discuss integrated handling mechanisms and sanctions for failing to report, but they do not specify any mechanism/service (e.g., hotline, complaint desk, reporting channel) for receiving reports or complaints of violence.",Reference only,x,"If the policy mentions complaint services, then reporting / complaint mechanism is included",Persisting error
BENGKULU KEPAHIANG,BENGKULU_KEPAHIANG.txt,4.2,Gender equality education,primary_prevention,Yes,No,1.0,0.0,false_negative,,"While the policy mentions education and socialization about women’s and children’s rights and protection from violence, the provided sentences do not explicitly address gender equality education or broader women’s rights education framed as gender equality (beyond violence-related rights/protection).",Reference only,Yes,,Persisting error
BENGKULU KEPAHIANG,BENGKULU_KEPAHIANG.txt,6.2,Women victims of trafficking,intersectional_approach,No,Yes,0.0,1.0,false_positive,"a. acts that exploit economically or sexually with the intention of benefiting oneself or others;
b. acts with or without the consent of the victim which include but are not limited to prostitution, forced labor or services, slavery or similar practices, oppression, extortion, exploitation of physical, sexual, reproductive organs, or unlawfully removing or transplanting organs and/or body tissues or exploiting the labor or ability of a person by other parties to obtain benefits both material and immaterial; and/or
b. to eliminate all forms of violence and exploitation against women and children;","The policy explicitly includes exploitation (economic/sexual, prostitution, forced labor, slavery-like practices) within the forms of violence/exploitation addressed, and states an objective to eliminate all forms of violence and exploitation against women and children, thereby covering trafficking/exploitation-related victimization within scope.",Reference only,,,New error
BENGKULU KEPAHIANG,BENGKULU_KEPAHIANG.txt,6.8,Women in legal process,intersectional_approach,No,Yes,0.0,1.0,false_positive,"d. to provide services to women and children both as victims of acts of violence, as well as reporters and witnesses;","The policy explicitly states that services are provided to women and children not only as victims but also as reporters and witnesses, which are roles within legal processes.",Reference only,x,,Persisting error
BENGKULU KEPAHIANG,BENGKULU_KEPAHIANG.txt,6.9,Indigenous people/groups,intersectional_approach,No,Yes,0.0,1.0,false_positive,"Kutei Desa and/or Kutei Kelurahan have obligations and responsibilities in the following matters:
a. actively participate in preventing the occurrence of physical violence, psychological violence, sexual violence, neglect, exploitation, and/or other violence against women and children based on customary law provisions;
b. carry out resolution of acts of violence against women and children if violations of customary law norms occur;","The policy assigns obligations and responsibilities to Kutei Desa/Kelurahan (traditional/customary institutions) to prevent and resolve violence against women and children based on customary law norms, indicating inclusion of customary community mechanisms as part of protection measures.",Reference only,x,"the intersectional approach is for protection of diverse groups, particularly those that may be more vulnerable such as Indigenous women. While the reference makes sense in terms of an intersectional approach in responses, this is not what we’re looking for here. Intersectional approach in responses is captured by engagement of Indigenous/traditional/cultural leaders/organisations/mechanisms.",Persisting error
BENGKULU REJANG LEBONG,BENGKULU_REJANG_LEBONG.txt,1.6,Harmful practices,scope_of_violence,Yes,No,1.0,0.0,false_negative,,"None of the provided sentences mention harmful practices such as early/child marriage, female genital mutilation, honour crimes, or female infanticide.",Reference only,Yes,,Persisting error
BENGKULU REJANG LEBONG,BENGKULU_REJANG_LEBONG.txt,2.4,Gender mainstreaming institutionalisation,institutional_mechanism,No,Yes,0.0,1.0,false_positive,"P2TP2A as an independent institution in the region must be in one coordination together with BKKBD whose scope of duties and responsibilities include, among others, the field of protection of women, children and gender mainstreaming.","The policy links P2TP2A’s coordination with BKKBD, whose duties include protection of women and children and gender mainstreaming, indicating gender mainstreaming is embedded institutionally within the coordination arrangement.",Reference only,,,New error
BENGKULU REJANG LEBONG,BENGKULU_REJANG_LEBONG.txt,4.4,Prevention through education,primary_prevention,No,Yes,0.0,1.0,false_positive,b. education and training for women victims of violence;,"The policy includes 'education and training' (via partnerships with the business sector) as part of measures supporting women victims of violence, indicating education/training is an explicit strategy within the policy’s approach to addressing violence.",Reference only,x,The policy should mention “education” explicitly as a prevention measures/initiatives.,Persisting error
BENGKULU SELUMA,BENGKULU_SELUMA.txt,1.6,Harmful practices,scope_of_violence,No,Yes,0.0,1.0,false_positive,c. preventing marriage at child age;,"The policy explicitly mentions preventing marriage at child age, which is a harmful practice affecting girls/children.",Reference only,,,New error
BENGKULU SELUMA,BENGKULU_SELUMA.txt,4.3,VAW laws awareness,primary_prevention,No,Yes,0.0,1.0,false_positive,c. Conducting socialization of laws and regulations related to the implementation of protection for women and children victims of violence,"The policy explicitly includes socialization of laws and regulations related to the implementation of protection for women and children victims of violence, which constitutes awareness/education about relevant VAW-related laws and policies.",Reference only,x,,Persisting error
DI YOGYAKARTA BANTUL,DI_YOGYAKARTA_BANTUL.txt,4.4,Prevention through education,primary_prevention,No,Yes,0.0,1.0,false_positive,"a. Primary prevention, all people, families, communities and the state in efforts to increase the ability of knowledge, understanding and ensuring that violence against women and children does not occur, including policy socialization, adequate services, supportive workplace policies, and life skills training for women and children.
c. organizing communication, information, and critical education about the rights of children and women for the community;
b. providing education on the culture of peace and gender equality;","Education is presented as part of prevention (e.g., increasing knowledge/understanding via primary prevention and organizing critical education and community education on gender equality) to help ensure violence against women and children does not occur.",Reference only,x,,Persisting error
DI YOGYAKARTA BANTUL,DI_YOGYAKARTA_BANTUL_v2.txt,2.2,Collaboration with NGOs,institutional_mechanism,Yes,No,1.0,0.0,false_negative,,"While the text defines an ""institution"" as including NGOs and mentions community networks and referral systems, the provided sentences do not explicitly establish a collaboration/cooperation mechanism with NGOs or other non-government service providers.",Reference only,,,New error
DI YOGYAKARTA BANTUL,DI_YOGYAKARTA_BANTUL_v2.txt,2.3,Data collection systems,institutional_mechanism,No,Yes,0.0,1.0,false_positive,"(1) PPT and FPKK shall prepare reports on the protection of Children and Women victims of violence to the Regent.
(2) Reporting as referred to in paragraph (1) shall be submitted in writing, covering:
d. collect, compile and present reports on cases of violence.","The policy assigns responsibility for reporting on protection activities (including specified reporting contents) and includes functions to collect, compile, and present reports on cases of violence, which constitutes a system for documenting and reporting information on violence cases.",Reference only,No,,Persisting error
DI YOGYAKARTA BANTUL,DI_YOGYAKARTA_BANTUL_v2.txt,2.4,Gender mainstreaming institutionalisation,institutional_mechanism,Yes,No,1.0,0.0,false_negative,,"The candidate sentences reference gender justice/equality principles and gender-responsive budgeting, but they do not establish or require gender mainstreaming as an institutional mechanism for implementing women’s protection or VAW policies/programs.",Reference only,x,,Persisting error
DI YOGYAKARTA BANTUL,DI_YOGYAKARTA_BANTUL_v2.txt,3.3,Reporting/hotline service,specialised_support_services,Yes,No,1.0,0.0,false_negative,,"The cited provisions on “REPORTING” concern periodic institutional reporting by PPT/FPKK to the Regent, not a mechanism/service for victims or the public to submit complaints or reports of violence.",Reference only,x,"Article 1, no. 35 mentions standard operating procedures for complaints (means reporting mechanism)",Persisting error
DI YOGYAKARTA BANTUL,DI_YOGYAKARTA_BANTUL_v2.txt,5.2,Religious engagement,stakeholder_engagement,Yes,No,1.0,0.0,false_negative,,"The candidate sentences mention ""practicing religious values"" and define ""spiritual guidance,"" but they do not include or assign roles to religious organisations/leaders/clergy/faith-based actors in prevention, services, coordination, or implementation.",Reference only,x,,Persisting error
DI YOGYAKARTA BANTUL,DI_YOGYAKARTA_BANTUL_v2.txt,5.8,Private sector engagement,stakeholder_engagement,No,Yes,0.0,1.0,false_positive,"a. Primary prevention, all people, families, communities and the state in efforts to increase the capacity of knowledge, understanding and ensuring that violence against women and children does not occur, including policy socialization, adequate services, supportive workplace policies, and life skills training for women and children.","The policy includes ""supportive workplace policies"" as part of primary prevention, which implicitly engages the workplace/employers (i.e., the private/business sector) as stakeholders in prevention.",Reference only,No,,Persisting error
DI YOGYAKARTA GUNUNGKIDUL,DI_YOGYAKARTA_GUNUNGKIDUL.txt,2.3,Data collection systems,institutional_mechanism,Yes,No,1.0,0.0,false_negative,,"While the text mentions disaggregated data for gender mainstreaming analysis and refers to preparing case/progress reports in specific service sectors, the provided candidate sentences do not establish or assign responsibility for a dedicated system to collect/manage/exchange data on violence cases across the policy implementation.",Reference only,,,New error
DI YOGYAKARTA GUNUNGKIDUL,DI_YOGYAKARTA_GUNUNGKIDUL.txt,3.1,Integrated service unit,specialised_support_services,No,Yes,0.0,1.0,false_positive,"15. Integrated Service Center hereinafter abbreviated as PPT is a functional work unit that organizes integrated services for victims of violence.
16. Integrated Service Center for Women and Child Empowerment Network hereinafter referred to as P2TP2A Berjejaring is an Integrated Service Center in Gunungkidul Regency that organizes integrated services for women and child victims of violence in a network, which is established by Decree of the Regent of Gunungkidul.
(2) The Regional Government establishes the Networked P2TP2A as an integrated service center by Regent's Decree.",The policy defines an Integrated Service Center (PPT) as a functional unit organizing integrated services for victims and establishes a networked integrated service center (P2TP2A) specifically to organize integrated services for women and child victims of violence.,Reference only,No,,Persisting error
DI YOGYAKARTA GUNUNGKIDUL,DI_YOGYAKARTA_GUNUNGKIDUL.txt,3.8,Religious/spiritual counselling,specialised_support_services,Yes,No,1.0,0.0,false_negative,,"The text references religious institutions as possible locations for service units but does not specify religious/spiritual counseling, guidance, mentoring, or faith-based psychosocial support as a service for victims.",Reference only,x,"Mention of religious/spiritual services/counseling is sufficient, doesn’t have to be establishment of a specicialised service unit for this",Persisting error
DI YOGYAKARTA GUNUNGKIDUL,DI_YOGYAKARTA_GUNUNGKIDUL.txt,3.10,Economic support,specialised_support_services,Yes,No,1.0,0.0,false_negative,,"The provided sentences mention empowerment generally (for child victims) but do not describe any economic empowerment/support services (e.g., skills training, financial support) or a service unit tasked with providing them.",Reference only,,,New error
DI YOGYAKARTA GUNUNGKIDUL,DI_YOGYAKARTA_GUNUNGKIDUL.txt,4.1,Information and education about VAW,primary_prevention,No,Yes,0.0,1.0,false_positive,b. conducting socialization of the rights of women and children;,"The policy includes an explicit prevention-related communication/education activity through community participation, namely conducting socialization of the rights of women and children, which is framed as part of providing protection to victims of violence.",Reference only,x,Education must be explicitly mention as a way to prevent violence,Persisting error
DI YOGYAKARTA GUNUNGKIDUL,DI_YOGYAKARTA_GUNUNGKIDUL.txt,5.1,NGO collaboration,stakeholder_engagement,Yes,No,1.0,0.0,false_negative,,"The cited passages describe government service provision through a networked service center and general community participation, but they do not explicitly mention collaboration with civil society organisations/NGOs for prevention or service delivery.",Reference only,,,New error
DI YOGYAKARTA GUNUNGKIDUL,DI_YOGYAKARTA_GUNUNGKIDUL.txt,5.3,Traditional/cultural engagement,stakeholder_engagement,Yes,No,1.0,0.0,false_negative,,"While the policy references community participation and village-level institutions with local community leaders, it does not explicitly mention traditional/customary/cultural leaders, customary institutions, or customary dispute-resolution mechanisms in implementation or service delivery.",Reference only,x,,Persisting error
DI YOGYAKARTA GUNUNGKIDUL,DI_YOGYAKARTA_GUNUNGKIDUL.txt,5.3,Traditional/cultural engagement,stakeholder_engagement,Yes,No,1.0,0.0,false_negative,,"While the policy references community participation and village-level institutions with local community leaders, it does not explicitly mention traditional/customary/cultural leaders, customary institutions, or customary dispute-resolution mechanisms in implementation or service delivery.",Reference only,x,,Persisting error
DI YOGYAKARTA GUNUNGKIDUL,DI_YOGYAKARTA_GUNUNGKIDUL.txt,5.4,Education institutions engagement,stakeholder_engagement,Yes,No,1.0,0.0,false_negative,,"The passages mention health sector duties, community participation, and that empowerment may cooperate with all parties, but they do not explicitly include schools, universities, academics, or the education sector as stakeholders in prevention, protection, services, coordination, or capacity building.",Reference only,x,,Persisting error
DI YOGYAKARTA GUNUNGKIDUL,DI_YOGYAKARTA_GUNUNGKIDUL.txt,5.6,Media engagement,stakeholder_engagement,Yes,No,1.0,0.0,false_negative,,"Although the definition of community institutions lists mass media, the provided passages do not describe engaging or recognizing media as a stakeholder in prevention, protection, or services.",Reference only,x,Media is included in the definition of community,Persisting error
DI YOGYAKARTA GUNUNGKIDUL,DI_YOGYAKARTA_GUNUNGKIDUL.txt,5.8,Private sector engagement,stakeholder_engagement,Yes,No,1.0,0.0,false_negative,,"The passages do not explicitly mention the business/private sector as a stakeholder in prevention, protection, or services; references to cooperating with all parties are not specific to private sector engagement.",Reference only,x,Private organisations is included in the definition of community,Persisting error
DI YOGYAKARTA GUNUNGKIDUL,DI_YOGYAKARTA_GUNUNGKIDUL_v2.txt,2.3,Data collection systems,institutional_mechanism,Yes,No,1.0,0.0,false_negative,,"The provided sentences include definitions and victims’ rights but do not establish or assign responsibility for a data system to collect, record, monitor, report, manage, exchange, or maintain data/information on violence, victims, or cases.",Reference only,,,New error
DI YOGYAKARTA GUNUNGKIDUL,DI_YOGYAKARTA_GUNUNGKIDUL_v2.txt,5.1,NGO collaboration,stakeholder_engagement,Yes,No,1.0,0.0,false_negative,,"The cited provisions describe cooperation with related regional government apparatus/institutions and broad community participation, but none of the candidate sentences explicitly mention collaboration with civil society organisations/NGOs in service delivery or prevention.",Reference only,,,New error
DI YOGYAKARTA GUNUNGKIDUL,DI_YOGYAKARTA_GUNUNGKIDUL_v2.txt,5.3,Traditional/cultural engagement,stakeholder_engagement,Yes,No,1.0,0.0,false_negative,,"While the text references community participation and community institutions generally, it does not explicitly mention traditional/customary/cultural leaders or customary mechanisms in prevention, services, coordination, or dispute resolution.",Reference only,x,,Persisting error
DI YOGYAKARTA GUNUNGKIDUL,DI_YOGYAKARTA_GUNUNGKIDUL_v2.txt,5.3,Traditional/cultural engagement,stakeholder_engagement,Yes,No,1.0,0.0,false_negative,,"While the text references community participation and community institutions generally, it does not explicitly mention traditional/customary/cultural leaders or customary mechanisms in prevention, services, coordination, or dispute resolution.",Reference only,x,,Persisting error
DI YOGYAKARTA KULON PROGO,DI_YOGYAKARTA_KULON_PROGO.txt,2.5,Training and capacity building,institutional_mechanism,No,Yes,0.0,1.0,false_positive,"Forms victims women for critical education trainings of: consists violence equality and gender justice, education for reproductive health about understanding provision and women, field in legislation regulations protection of women and children.","The policy references “trainings” as part of critical education for women victims, indicating provision of training activities (capacity-building) within the policy’s measures.",Reference only,x,,Persisting error
DI YOGYAKARTA KULON PROGO,DI_YOGYAKARTA_KULON_PROGO.txt,3.2,Police specialised service unit,specialised_support_services,Yes,No,1.0,0.0,false_negative,,"While the text references police as one of several counseling fields within the PPT, it does not explicitly establish a specialised service unit for VAW within police offices.",Reference only,,,New error
DI YOGYAKARTA KULON PROGO,DI_YOGYAKARTA_KULON_PROGO.txt,5.3,Traditional/cultural engagement,stakeholder_engagement,Yes,No,1.0,0.0,false_negative,,"The candidate sentences mention community participation, NGOs, and religious involvement, but do not explicitly reference traditional/customary/cultural leaders, customary institutions, or customary dispute-resolution mechanisms.",Reference only,x,,Persisting error
DI YOGYAKARTA KULON PROGO,DI_YOGYAKARTA_KULON_PROGO.txt,5.4,Education institutions engagement,stakeholder_engagement,Yes,No,1.0,0.0,false_negative,,"While the text mentions socialization and “critical education” trainings, it does not identify schools, universities, academics, or the education sector as stakeholders or implementers.",Reference only,,,New error
DI YOGYAKARTA KULON PROGO,DI_YOGYAKARTA_KULON_PROGO.txt,5.8,Private sector engagement,stakeholder_engagement,Yes,No,1.0,0.0,false_negative,,"The candidate sentences do not mention businesses, employers, companies, or the private sector as stakeholders in prevention, protection, or services.",Reference only,x,,Persisting error
DI YOGYAKARTA KULON PROGO,DI_YOGYAKARTA_KULON_PROGO.txt,6.2,Women victims of trafficking,intersectional_approach,No,Yes,0.0,1.0,false_positive,"Exploitation as referred to in Article 5 letter e is caused by: acts that exploit economically or
of the victim among other practices of prostitution, slavery or forced labor, servitude or similar practices, oppression, extortion, exploitation of physical, sexual, reproductive organs, or unlawfully transferring and/or transplanting tissues and/or organs or exploiting the body or abilities of a person by other parties to obtain material or immaterial benefits; and/or (1 (2 To anticipate the occurrence of acts of violence, the Regional Government provides and organizes services for victims in the form of: facilitating the implementation of PPT for","The policy defines and addresses exploitation including practices such as prostitution, slavery or forced labor, servitude, and related exploitative acts, which fall within trafficking/exploitation-related harms, and frames these as within the violence/exploitation scope for victim services.",Reference only,,,New error
DI YOGYAKARTA SLEMAN,DI_YOGYAKARTA_SLEMAN.txt,1.2,Sexual violence,scope_of_violence,Yes,No,1.0,0.0,false_negative,,"The provided sentences discuss violence against women and children generally and related services, but do not explicitly mention sexual violence or a sexual-violence category.",Reference only,x,The definition mentions sexual violence,Persisting error
DI YOGYAKARTA SLEMAN,DI_YOGYAKARTA_SLEMAN.txt,4.4,Prevention through education,primary_prevention,No,Yes,0.0,1.0,false_positive,"b. conducting education on anti-violence values against women and children; and
12. Prevention is the effort of the government together with families and communities as well as the private sector and/or business world to prevent the occurrence of violence through socialization, education, advocacy and promotion activities.",The policy explicitly frames prevention as including education activities and assigns the regional government responsibility to conduct education on anti-violence values against women and children as part of prevention efforts.,Reference only,,,New error
DI YOGYAKARTA SLEMAN,DI_YOGYAKARTA_SLEMAN.txt,5.6,Media engagement,stakeholder_engagement,No,Yes,0.0,1.0,false_positive,"Letter c What is meant by ""socialization"" is the dissemination of information on laws and regulations carried out through mass media, electronic media, and/or direct counseling to the community.","The policy explicitly references dissemination of information through mass media and electronic media as part of socialization activities, indicating recognition/engagement of media in prevention-related communication.",Reference only,,,New error
DI YOGYAKARTA SLEMAN,DI_YOGYAKARTA_SLEMAN.txt,7.1,Local government budget,budget_funding_sources,No,Yes,0.0,1.0,false_positive,"Paragraph (2) What is meant by ""facilitated by the Village Government"" is assistance in the formation of forums at the Village level, including providing financing in the implementation of activities, monitoring, and evaluation of women's empowerment and protection of child victims of violence.","The text explicitly mentions financing being provided in the implementation of activities facilitated by the Village Government, which is a local government level budget/financing source.",Reference only,No,,Persisting error
GORONTALO GORONTALO,GORONTALO_GORONTALO.txt,6.2,Women victims of trafficking,intersectional_approach,No,Yes,0.0,1.0,false_positive,"acts that exploit economically or sexually with the intention of benefiting oneself or others, acts with or without the consent of the victim which include but are not limited to prostitution, forced labor or services, slavery or similar practices, oppression, extortion, utilization of physical, sexual, reproductive organs, or unlawfully removing or transplanting organs and/or body tissues or utilizing the labor or capabilities of a person by other parties to obtain benefits both material and immaterial, and/or all forms of utilization of sexual organs or other body organs of the victim to obtain benefits, including but not limited to all activities of prostitution or indecency.","The policy includes exploitation (economic/sexual, forced labor/services, slavery-like practices, prostitution, etc.) as a form of violence-related harm, which brings trafficking/exploitation-type victimization within scope for protection measures.",Reference only,,,New error
GORONTALO GORONTALO KOTA,GORONTALO_GORONTALO_KOTA.txt,2.3,Data collection systems,institutional_mechanism,Yes,No,1.0,0.0,false_negative,,"The provided sentences describe integrated prevention efforts, establishment of networks/systems, and institutional arrangements (P2TP2A/FPKK), but none explicitly establish or assign responsibility for a data collection/recording/reporting/management system on violence cases or victims within the candidate text for this criterion.",Reference only,x,"The policy mentions efforts to collect, develop, and present data on victims of violence",Persisting error
GORONTALO GORONTALO KOTA,GORONTALO_GORONTALO_KOTA.txt,4.1,Information and education about VAW,primary_prevention,No,Yes,0.0,1.0,false_positive,"d. conducting socialization regarding laws and regulations related to the protection of women and children victims of violence; and
e. providing critical education on the rights of women and children for the community.","The policy includes prevention activities that explicitly involve socialization of relevant laws/regulations and critical education on the rights of women and children, which are information/education measures aimed at preventing violence against women and children.",Reference only,x,,Persisting error
GORONTALO GORONTALO KOTA,GORONTALO_GORONTALO_KOTA.txt,6.2,Women victims of trafficking,intersectional_approach,No,Yes,0.0,1.0,false_positive,"Exploitation as referred to in Article 5 letter e is caused by:
b. acts with or without the consent of the victim which include but are not limited to prostitution, forced labor or services, slavery or similar practices, oppression, extortion, physical exploitation, sexual, reproductive organs, or unlawfully removing or transplanting organs and/or body tissues or exploiting the labor or capabilities of a person by other parties to obtain benefits either material or immaterial; and/or
9. Violence against children is any action that results in or may result in suffering of children physically, psychologically, sexually, neglect, exploitation, and other violence.","The policy includes exploitation (including prostitution, forced labor/services, slavery or similar practices) as a form/cause of violence, and defines violence against children to include exploitation, indicating that victims of exploitation/trafficking-related acts fall within the regulation’s scope for protection.",Reference only,,,New error
GORONTALO GORONTALO UTARA,GORONTALO_GORONTALO_UTARA.txt,1.8,Human trafficking,scope_of_violence,Yes,No,1.0,0.0,false_negative,,"While the text references trafficking-related laws and mentions children victims of kidnapping/sale/trafficking in some sections, the provided candidate sentences for this criterion do not explicitly include a policy provision addressing human trafficking/trafficking in persons as a form of violence within the policy’s substantive content.",Reference only,Yes,,Persisting error
GORONTALO GORONTALO UTARA,GORONTALO_GORONTALO_UTARA.txt,3.2,Police specialised service unit,specialised_support_services,Yes,No,1.0,0.0,false_negative,,"The text mentions facilities such as “special service rooms in police lines,” but it does not explicitly establish or describe a specialised police service unit within police offices dedicated to VAW victims.",Reference only,,,New error
GORONTALO POHUWATO,GORONTALO_POHUWATO.txt,1.5,Economic violence,scope_of_violence,Yes,No,1.0,0.0,false_negative,,"While the policy mentions neglect and exploitation as forms of violence and includes economic empowerment measures, the provided sentences do not explicitly frame economic violence/economic exploitation/domestic neglect specifically as violence against women (as distinct from general neglect/exploitation) or use the term economic violence.",Reference only,,,New error
GORONTALO POHUWATO,GORONTALO_POHUWATO.txt,1.9,Sexual slavery/exploitation,scope_of_violence,Yes,No,1.0,0.0,false_negative,,"Although the policy mentions sexual violence and exploitation generally, none of the candidate sentences explicitly refer to sexual exploitation or sexual slavery as such.",Reference only,,,New error
GORONTALO POHUWATO,GORONTALO_POHUWATO.txt,5.3,Traditional/cultural engagement,stakeholder_engagement,No,Yes,0.0,1.0,false_positive,c. Fostering local wisdom in handling cases of violence;,"The policy explicitly references fostering local wisdom in handling cases of violence, indicating use of customary/community cultural mechanisms in implementation/response.",Reference only,,,New error
GORONTALO POHUWATO,GORONTALO_POHUWATO.txt,6.8,Women in legal process,intersectional_approach,No,Yes,0.0,1.0,false_positive,"d. Provide services to women and children from acts of violence, reporters, and witnesses; and
c. Providing assistance for victims as witnesses from the investigation process until the verdict;
h. The right of victims and their families to obtain facilitation in the judicial process;","The policy explicitly includes services for witnesses and provides assistance for victims as witnesses through the investigation-to-verdict process, and also provides facilitation in the judicial process for victims and their families.",Reference only,,,New error
JAMBI BUNGO,JAMBI_BUNGO.txt,3.4,Safety/protection shelter,specialised_support_services,Yes,No,1.0,0.0,false_negative,,"The provided sentences define UPTD PPAA generally and discuss services and reporting systems, but do not explicitly mention shelters/safe houses or a service unit providing protective accommodation within the candidate text for this criterion.",Reference only,,,New error
JAMBI BUNGO,JAMBI_BUNGO.txt,6.2,Women victims of trafficking,intersectional_approach,No,Yes,0.0,1.0,false_positive,"11. Trafficking in Persons is the act of recruitment, transportation, harboring, sending, transfer, or receipt of a person by threat of violence, use of violence, kidnapping, confinement, Forgery
8- forgery, fraud and abuse of power or position of vulnerability, debt bondage or giving payment or benefits, so as to obtain consent from the person holding control over that other person, whether conducted within the country or between countries, for the purpose of exploitation or resulting in a person being exploited.","The policy explicitly defines “Trafficking in Persons,” indicating trafficking is within the regulation’s conceptual scope and thus can be addressed under women’s protection.",Reference only,,,New error
JAMBI BUNGO,JAMBI_BUNGO.txt,6.8,Women in legal process,intersectional_approach,No,Yes,0.0,1.0,false_positive,,"The policy includes assistance measures connected to proceedings at the police, prosecutor’s office, and court, indicating services/protection for women victims engaged in legal processes (e.g., during examinations in law enforcement and court settings). [unresolved evidence citation removed]",Reference only,,,New error
JAMBI SAROLANGUN,JAMBI_SAROLANGUN.txt,1.5,Economic violence,scope_of_violence,Yes,No,1.0,0.0,false_negative,,"While the policy discusses economic protection and women’s economic empowerment, the provided sentences do not explicitly or implicitly frame economic violence, economic exploitation, or domestic neglect as a form of violence against women.",Reference only,,,New error
JAMBI SAROLANGUN,JAMBI_SAROLANGUN.txt,1.6,Harmful practices,scope_of_violence,Yes,No,1.0,0.0,false_negative,,"The provided sentences do not mention early/child marriage, FGM, honour crimes, female infanticide, or other harmful practices; references to family planning and marriage registration do not constitute addressing harmful practices.",Reference only,,,New error
JAMBI SAROLANGUN,JAMBI_SAROLANGUN.txt,3.7,Psychosocial counselling,specialised_support_services,Yes,No,1.0,0.0,false_negative,,"While the text mentions “counseling” as a form of community participation, it does not explicitly specify psychosocial or psychological counseling services for victims of violence.",Reference only,,,New error
JAMBI SAROLANGUN,JAMBI_SAROLANGUN.txt,4.1,Information and education about VAW,primary_prevention,No,Yes,0.0,1.0,false_positive,"a. increasing awareness and knowledge in the field of law through communication, information and education services; and
a. providing socialization to the community and business sector regarding policies on women's empowerment and child protection;
e. facilitation of rehabilitation and reintegration services for women and children victims of discrimination, violence and disaster;","The policy includes communication/information/education services to increase women’s legal awareness, and it provides for community socialization and dissemination materials on women’s empowerment/child protection, alongside services for women victims of violence—together constituting information/education-related activities connected to preventing/responding to violence against women.",Reference only,No,,Persisting error
JAMBI SAROLANGUN,JAMBI_SAROLANGUN.txt,4.3,VAW laws awareness,primary_prevention,Yes,No,1.0,0.0,false_negative,,"The text includes general legal awareness-raising through communication, information and education services, but it does not specify that this information/education is about laws and policies on violence against women in particular.",Reference only,,,New error
JAMBI SAROLANGUN,JAMBI_SAROLANGUN.txt,6.2,Women victims of trafficking,intersectional_approach,Yes,No,1.0,0.0,false_negative,,"The provided sentences discuss women victims of violence generally and children who are trafficked, but do not explicitly include women victims of trafficking within the policy’s scope.",Reference only,x,,Persisting error
JAMBI SAROLANGUN,JAMBI_SAROLANGUN.txt,6.8,Women in legal process,intersectional_approach,No,Yes,0.0,1.0,false_positive,"b. facilitation of access and legal consultation services.
(4) Legal protection as referred to in paragraph (1) letter c is implemented in terms of providing protection to women who become witnesses and victims of acts of violence and discrimination.","The policy provides legal consultation/access services for women and specifies legal protection for women who become witnesses and victims of violence and discrimination, which directly addresses women involved in legal processes (at least as witnesses/victims).",Reference only,,,New error
JAMBI SAROLANGUN,JAMBI_SAROLANGUN.txt,7.3,International donors,budget_funding_sources,No,Yes,0.0,1.0,false_positive,"f. coordinating the participation of the business sector and other institutions, including international assistance for women's empowerment and child protection; and","The policy explicitly mentions coordinating participation of institutions including international assistance for women's empowerment and child protection, indicating international support.",Reference only,x,,Persisting error
JAWA BARAT BANDUNG,JAWA_BARAT_BANDUNG.txt,2.4,Gender mainstreaming institutionalisation,institutional_mechanism,Yes,No,1.0,0.0,false_negative,,"While the policy references strengthening gender institutional capacity and integrating women’s protection policies into regional development planning and budgeting, the provided sentences do not explicitly establish or require gender mainstreaming as an institutional mechanism for implementing women’s protection/VAW policies and programs.",Reference only,x,,Persisting error
JAWA BARAT BANDUNG,JAWA_BARAT_BANDUNG.txt,6.8,Women in legal process,intersectional_approach,No,Yes,0.0,1.0,false_positive,"a. provides services and handling as quickly as possible to companions, witnesses and/or Victims;
c. maintains confidentiality of witnesses and/or Victims;
d. guarantees justice and legal certainty for witnesses and/or Victims;
e. provision of testimony during examination at court hearings without face-to-face contact with the suspect;","The policy explicitly provides services and protections for witnesses and victims in the legal process (e.g., confidentiality, legal certainty, and testimony without face-to-face contact with the suspect). However, the cited provisions do not explicitly cover women as suspects/defendants/perpetrators.",Reference only,,,New error
JAWA BARAT BANDUNG BARAT,JAWA_BARAT_BANDUNG_BARAT.txt,4.2,Gender equality education,primary_prevention,No,Yes,0.0,1.0,false_positive,"c. implementing training, socialization, advocacy of Gender Mainstreaming to all officials and staff within the SKPD;
b. elimination of gender gaps that result in poverty and impoverishment of women, as well as ensuring respect, protection, and fulfillment of women's basic rights;","The policy provides for training/socialization/advocacy on gender mainstreaming and frames women’s empowerment around eliminating gender gaps and fulfilling women’s basic rights, which constitutes educational/awareness activities related to gender equality and women’s rights.",Reference only,x,,Persisting error
JAWA BARAT BANDUNG BARAT,JAWA_BARAT_BANDUNG_BARAT.txt,5.2,Religious engagement,stakeholder_engagement,Yes,No,1.0,0.0,false_negative,,"While the policy defines “community institutions” as including religious organizations, the provided sentences do not explicitly include religious organizations/leaders in service delivery, prevention, coordination, or implementation activities.",Reference only,x,Religious organisations is included in the definition of community / community organisations,Persisting error
JAWA BARAT BANDUNG BARAT,JAWA_BARAT_BANDUNG_BARAT.txt,5.6,Media engagement,stakeholder_engagement,Yes,No,1.0,0.0,false_negative,,"Although “community institutions” are defined to include mass media, the provided sentences do not explicitly engage or assign a role to media in prevention, protection, or services.",Reference only,x,Media is included in the definition of community / community organisations,Persisting error
JAWA BARAT BANDUNG BARAT,JAWA_BARAT_BANDUNG_BARAT.txt,5.8,Private sector engagement,stakeholder_engagement,Yes,No,1.0,0.0,false_negative,,"The candidate sentences do not explicitly mention the business/private sector as a stakeholder in prevention, protection, or service delivery (references are to community participation and other sectors without specifying private/business actors).",Reference only,x,Private organisations is included in the definition of community / community organisations,Persisting error
JAWA BARAT BANDUNG KOTA,JAWA_BARAT_BANDUNG_KOTA.txt,1.9,Sexual slavery/exploitation,scope_of_violence,Yes,No,1.0,0.0,false_negative,,"While sexual violence is included and mentions forcing relations with others for commercial purposes, the candidate sentences do not explicitly address sexual exploitation or sexual slavery as such.",Reference only,,,New error
JAWA BARAT BANDUNG KOTA,JAWA_BARAT_BANDUNG_KOTA.txt,1.10,Technology facilitated violence,scope_of_violence,No,Yes,0.0,1.0,false_positive,b. the right to protection from violence in digital space including cyber harassment;,"The policy explicitly references protection from violence in digital space, including cyber harassment, which is a form of technology-facilitated violence.",Reference only,,,New error
JAWA BARAT BANDUNG KOTA,JAWA_BARAT_BANDUNG_KOTA.txt,2.5,Training and capacity building,institutional_mechanism,No,Yes,0.0,1.0,false_positive,"a. job training;
-10- (3) Job training as referred to in paragraph (2) letter a includes:
e. facilitation of discussion activities, FGDs, training that raises issues/problems regarding law in local, national and international perspectives; and","The policy includes training-related measures (e.g., job training with workshops/mentoring and apprenticeships, and trainings/FGDs on legal issues), demonstrating provision for capacity-building activities as part of implementation programming.",Reference only,,,New error
JAWA BARAT BANDUNG KOTA,JAWA_BARAT_BANDUNG_KOTA.txt,5.3,Traditional/cultural engagement,stakeholder_engagement,No,Yes,0.0,1.0,false_positive,"c. strengthening the capacity of women through social institutions and/or cultural preservation center institutions;
g. facilitation and efforts to preserve customs and the development of science, technology, sports, arts and culture for the advancement of Women.","The policy references strengthening capacity through cultural preservation center institutions and includes facilitation/efforts to preserve customs, indicating engagement with cultural institutions/mechanisms in implementation.",Reference only,,,New error
JAWA BARAT BANDUNG KOTA,JAWA_BARAT_BANDUNG_KOTA.txt,6.3,Women workers,intersectional_approach,No,Yes,0.0,1.0,false_positive,"a. the right to perform work and receive fair wages in accordance with laws and regulations;
b. the right to maternity leave, granted to working Mothers for a minimum of the first 3 (three) months, and the following 3 (three) months if there are special conditions proven by a doctor's certificate;
d. the right to obtain proper opportunities and facilities for health and nutrition services and to perform lactation during working hours;","The policy explicitly recognizes work-related rights and special measures for working mothers (e.g., fair wages, maternity leave, and lactation facilities), which constitutes protection/special measures for women workers.",Reference only,x,,Persisting error
JAWA BARAT BANDUNG KOTA,JAWA_BARAT_BANDUNG_KOTA.txt,6.8,Women in legal process,intersectional_approach,No,Yes,0.0,1.0,false_positive,"(3) Legal protection as referred to in Article 19 paragraph (2) letter c is in the form of Services and Assistance to help victims undergo legal and judicial processes by providing legal aid, legal consultation and legal Assistance to victims.
Article 21 Protection as referred to in Article 19 is carried out through efforts to provide services and rapid handling to witnesses and/or victims, as follows:","The policy provides legal protection/services and rapid handling for witnesses and/or victims, including assistance through legal and judicial processes, which explicitly covers women as witnesses and/or victims in legal proceedings.",Reference only,,,New error
JAWA BARAT BANJAR KOTA,JAWA_BARAT_BANJAR_KOTA.txt,1.2,Sexual violence,scope_of_violence,Yes,No,1.0,0.0,false_negative,,The provided sentences refer generally to violence against women and children but do not explicitly mention sexual violence/sexual assault or equivalent terms in the retrieved passages for this criterion.,Reference only,,,New error
JAWA BARAT BANJAR KOTA,JAWA_BARAT_BANJAR_KOTA.txt,3.3,Reporting/hotline service,specialised_support_services,Yes,No,1.0,0.0,false_negative,,"While the policy mentions complaint/consultation/counseling services and referral mechanisms, none of the provided sentences explicitly describe a mechanism/service for receiving reports/complaints (e.g., reporting channel, hotline, or complaint intake procedure).",Reference only,,,New error
JAWA BARAT BANJAR KOTA,JAWA_BARAT_BANJAR_KOTA.txt,5.6,Media engagement,stakeholder_engagement,No,Yes,0.0,1.0,false_positive,"Letter c What is meant by ""socialization"" is the dissemination of information on laws and regulations carried out through mass media, electronic media, and/or direct counseling to the community.","The policy explicitly references dissemination of information through mass media and electronic media as part of socialization activities, indicating media engagement in prevention-related communication.",Reference only,,,New error
JAWA BARAT BANJAR KOTA,JAWA_BARAT_BANJAR_KOTA.txt,6.7,Women from minority groups,intersectional_approach,Yes,No,1.0,0.0,false_negative,,"The policy includes a general non-discrimination principle, but the excerpts do not establish special protection measures specifically targeted at minority or isolated groups of women.",Reference only,Yes,,Persisting error
JAWA BARAT BEKASI,JAWA_BARAT_BEKASI.txt,3.10,Economic support,specialised_support_services,No,Yes,0.0,1.0,false_positive,"The Implementation of Women's Empowerment in the economic field as referred to in Article 23 paragraph (2) letter c shall be carried out by Regional Apparatus with authority over micro, small and medium enterprises and other related agencies in the form of:
provision of skills and job training;","The policy provides for women’s economic empowerment implemented by relevant regional apparatus, including skills and job training, indicating economic support mechanisms.",Reference only,,,New error
JAWA BARAT BEKASI,JAWA_BARAT_BEKASI.txt,4.1,Information and education about VAW,primary_prevention,No,Yes,0.0,1.0,false_positive,"b. conducting socialization regarding laws and regulations related to the protection of the rights of women victims of violence;
e. providing education regarding women's rights for the community;
f. conduct socialization of laws and regulations related to the protection of women victims of violence and discrimination;",The policy includes prevention measures that explicitly involve socialization of relevant laws/regulations and education on women’s rights for the community as part of integrated efforts to prevent violence against women.,Reference only,x,,Persisting error
JAWA BARAT BEKASI KOTA,JAWA_BARAT_BEKASI_KOTA.txt,1.6,Harmful practices,scope_of_violence,Yes,No,1.0,0.0,false_negative,,"None of the provided sentences explicitly mention harmful practices such as early/child marriage, female genital mutilation, honour crimes, or female infanticide.",Reference only,x,The policy mentions prevention of child marriage / early marriage,Persisting error
JAWA BARAT BEKASI KOTA,JAWA_BARAT_BEKASI_KOTA.txt,2.4,Gender mainstreaming institutionalisation,institutional_mechanism,Yes,No,1.0,0.0,false_negative,,"While the text defines gender mainstreaming (PUG) and references strengthening institutional capacity of PUG in the context of guaranteeing women’s rights, the provided sentences do not explicitly establish or require gender mainstreaming as an institutional mechanism for implementing women’s protection or VAW policies/programs.",Reference only,Yes,,Persisting error
JAWA BARAT BEKASI KOTA,JAWA_BARAT_BEKASI_KOTA.txt,3.4,Safety/protection shelter,specialised_support_services,Yes,No,1.0,0.0,false_negative,,"While the broader policy context discusses services for victims, the provided candidate sentences for this criterion do not mention recovery houses or safe houses or any shelter service unit.",Reference only,,,New error
JAWA BARAT BEKASI KOTA,JAWA_BARAT_BEKASI_KOTA.txt,4.2,Gender equality education,primary_prevention,No,Yes,0.0,1.0,false_positive,"d. increase gender sensitivity, awareness and justice from all society, policy makers, decision makers, planners and law enforcers, as well as reform legal products that contain socio-cultural values and gender-responsive justice;","The policy includes an objective to increase gender sensitivity, awareness, and justice across society and among key decision-makers and law enforcers, which constitutes an educational/awareness-raising primary prevention activity focused on gender equality.",Reference only,x,,Persisting error
JAWA BARAT BEKASI KOTA,JAWA_BARAT_BEKASI_KOTA.txt,6.10,Refugee/forced displacement,intersectional_approach,No,Yes,0.0,1.0,false_positive,"(1) Children in emergency situations referred to are children who become refugees, children victims of riots and disturbances, children victims of disasters and children in conflict situations.
(2) The Government is obligated to provide protection and fulfillment of needs consisting of security protection, fulfillment of children's basic needs during emergency situations.",The policy explicitly includes refugees within “children in emergency situations” and obligates the government to provide protection and fulfill basic needs during such emergency situations.,Reference only,,,New error
JAWA BARAT BEKASI KOTA,JAWA_BARAT_BEKASI_KOTA_v2.txt,2.5,Training and capacity building,institutional_mechanism,No,Yes,0.0,1.0,false_positive,"e. promoting discussion activities, FGDs, training that raises issues/problems regarding law in local, national and international perspectives; and
a. job training;","The policy provides for training-related activities (including training and FGDs) and job training as part of empowerment measures, which constitutes provision for training/capacity building activities within the policy framework.",Reference only,x,,Persisting error
JAWA BARAT BEKASI KOTA,JAWA_BARAT_BEKASI_KOTA_v2.txt,7.3,International donors,budget_funding_sources,No,Yes,0.0,1.0,false_positive,"a. cooperate with the business sector, non-governmental institutions, private companies, foundations, educational institutions and other domestic institutions as well as international institutions, in accordance with the provisions of laws and regulations;","The policy explicitly allows cooperation with international institutions as part of implementing policies, programs, and activities for women’s empowerment and protection, indicating potential international support involvement.",Reference only,,,New error
JAWA BARAT CIMAHI KOTA,JAWA_BARAT_CIMAHI_KOTA.txt,4.2,Gender equality education,primary_prevention,No,Yes,0.0,1.0,false_positive,a. socialization activities of laws and regulations to the community related to the protection of the rights of women and children; and,"The policy includes primary prevention through community socialization of laws and regulations related to the protection of the rights of women and children, which constitutes educational/awareness activity about women’s rights.",Reference only,,,New error
JAWA BARAT CIMAHI KOTA,JAWA_BARAT_CIMAHI_KOTA.txt,6.2,Women victims of trafficking,intersectional_approach,No,Yes,0.0,1.0,false_positive,(7) Exploitation as referred to in Article 6 letter g is caused by:,"The policy explicitly includes “Exploitation” as a form of violence, describing exploitative acts (economic/sexual exploitation, forced labor, slavery-like practices, prostitution), which brings trafficking/exploitation victims within scope.",Reference only,,,New error
JAWA BARAT CIREBON KOTA,JAWA_BARAT_CIREBON_KOTA.txt,1.10,Technology facilitated violence,scope_of_violence,No,Yes,0.0,1.0,false_positive,"Various forms of such violence include rape, sexual harassment, human trafficking, domestic violence, sexual exploitation, violence against domestic workers, pornography, bullying, cyber bullying, and cyber porn.","The policy explicitly includes cyber bullying and cyber porn as forms of violence against women, which are technology-facilitated forms of violence.",Reference only,,,New error
JAWA BARAT GARUT,JAWA_BARAT_GARUT.txt,2.3,Data collection systems,institutional_mechanism,No,Yes,0.0,1.0,false_positive,a. exchange of data and information;,"The policy includes cooperation that covers the exchange of data and information, which constitutes an explicit provision related to managing/sharing information relevant to protection and violence cases.",Reference only,x,,Persisting error
JAWA BARAT GARUT,JAWA_BARAT_GARUT.txt,4.1,Information and education about VAW,primary_prevention,Yes,No,1.0,0.0,false_negative,,"The candidate sentences describe objectives, definitions, responsibilities, and some victim-focused education/training, but they do not specify information/awareness/communication/education activities aimed at preventing violence against women or protecting women from violence (i.e., public or community awareness/education as a prevention measure).",Reference only,,,New error
JAWA BARAT GARUT,JAWA_BARAT_GARUT.txt,4.4,Prevention through education,primary_prevention,No,Yes,0.0,1.0,false_positive,"d. conducting socialization regarding laws and regulations related to the protection of women and children victims of violence; and
e. providing knowledge about prevention and mechanisms for handling violence against women and children.","The prevention section explicitly includes socialization about relevant laws/regulations and providing knowledge about prevention and handling mechanisms for violence against women and children, indicating education/knowledge provision as a prevention strategy.",Reference only,,,New error
JAWA BARAT INDRAMAYU,JAWA_BARAT_INDRAMAYU.txt,1.5,Economic violence,scope_of_violence,Yes,No,1.0,0.0,false_negative,,"While the text mentions “economic wellbeing” and includes economic independence services, it does not explicitly define or identify economic violence/exploitation/domestic neglect as a form of violence against women.",Reference only,,,New error
JAWA BARAT INDRAMAYU,JAWA_BARAT_INDRAMAYU.txt,3.2,Police specialised service unit,specialised_support_services,Yes,No,1.0,0.0,false_negative,,The text mentions linkage with the police (RPK Unit at the Police) but does not establish or require a specialised service unit for VAW within police offices; it only describes networking/coordination.,Reference only,Yes,,Persisting error
JAWA BARAT INDRAMAYU,JAWA_BARAT_INDRAMAYU.txt,3.8,Religious/spiritual counselling,specialised_support_services,Yes,No,1.0,0.0,false_negative,,"While the text references religious leaders/clergy as part of companions in an integrated service center, it does not specify religious/spiritual counselling or faith-based guidance as a service provided to victims.",Reference only,x,The policy mentioned services by religious/spiritual guide/mentor ,Persisting error
JAWA BARAT INDRAMAYU,JAWA_BARAT_INDRAMAYU.txt,4.4,Prevention through education,primary_prevention,No,Yes,0.0,1.0,false_positive,"c. conducting socialization about understanding and anti-violence values toward Women and Children through IEC (communication, information and education) both through community, schools and universities;
a. Primary prevention, all people, families, communities and the state in efforts to increase the ability of knowledge, understanding and ensuring that violence against women and children does not occur, including policy socialization, adequate services, supportive workplace policies, and life skill training for women and children.","Education/IEC and knowledge-building are explicitly included as prevention strategies, including IEC-based socialization through communities, schools, and universities, and primary prevention efforts to increase knowledge and understanding to ensure violence against women and children does not occur.",Reference only,x,,Persisting error
JAWA BARAT INDRAMAYU,JAWA_BARAT_INDRAMAYU.txt,5.2,Religious engagement,stakeholder_engagement,Yes,No,1.0,0.0,false_negative,,"The candidate sentences mention coordination with a government 'Religion and Social Welfare Section' but do not include or reference religious organisations, religious leaders/clergy, or other faith-based actors as stakeholders in delivering services, prevention, or implementation.",Reference only,,,New error
JAWA BARAT INDRAMAYU,JAWA_BARAT_INDRAMAYU.txt,6.2,Women victims of trafficking,intersectional_approach,No,Yes,0.0,1.0,false_positive,"23. P2TP2A is one form of service facility for women and children in efforts to fulfill information and needs in the fields of education, health, economy, law, protection and prevention of acts of violence and trafficking against women and children.","The policy’s definition of P2TP2A explicitly includes efforts related to “prevention of acts of violence and trafficking against women and children,” indicating that trafficking is within scope.",Reference only,,,New error
JAWA BARAT KARAWANG,JAWA_BARAT_KARAWANG.txt,1.3,Physical violence,scope_of_violence,Yes,No,1.0,0.0,false_negative,,The candidate sentences refer generally to “acts of violence” and “criminal violence” but do not explicitly mention physical violence as a distinct form.,Reference only,,,New error
JAWA BARAT KARAWANG,JAWA_BARAT_KARAWANG.txt,1.4,Psychological violence,scope_of_violence,Yes,No,1.0,0.0,false_negative,,"The candidate sentences discuss violence in general and psychosocial rehabilitation services, but they do not explicitly identify psychological violence as a form of violence covered.",Reference only,,,New error
JAWA BARAT KARAWANG,JAWA_BARAT_KARAWANG.txt,4.1,Information and education about VAW,primary_prevention,No,Yes,0.0,1.0,false_positive,"(1) The Regent establishes policy programs and activities for the empowerment and protection of women to eliminate all forms of discrimination and acts of violence against Women.
d. socialization;
e. public communication;
f. information delivery;
g. education;","The policy establishes programs and activities to eliminate acts of violence against women and explicitly lists socialization, public communication, information delivery, and education as forms of cooperation/activities under women’s empowerment and protection, which constitute awareness and education measures related to preventing/responding to VAW.",Reference only,x,,Persisting error
JAWA BARAT KARAWANG,JAWA_BARAT_KARAWANG.txt,4.2,Gender equality education,primary_prevention,No,Yes,0.0,1.0,false_positive,"(1) The Regent establishes policy programs and activities for the empowerment and protection of women to eliminate all forms of discrimination and acts of violence against Women.
c. advocacy;
d. socialization;
e. public communication;
f. information delivery;
g. education;
a. Obtain opportunities and their rights as human beings;","The policy frames women’s empowerment/protection as eliminating discrimination and includes advocacy, socialization, public communication, information delivery, and education as implementation/cooperation modalities. It also states empowerment is directed so women obtain opportunities and rights as human beings, aligning these educational/awareness activities with women’s rights and anti-discrimination (gender equality) aims.",Reference only,x,,Persisting error
JAWA BARAT KARAWANG,JAWA_BARAT_KARAWANG.txt,4.4,Prevention through education,primary_prevention,No,Yes,0.0,1.0,false_positive,"(1) The Regent establishes policy programs and activities for the empowerment and protection of women to eliminate all forms of discrimination and acts of violence against Women.
g. education;","The policy explicitly aims to eliminate acts of violence against women and lists education as one of the forms through which cooperation/implementation is conducted, making education an explicit strategy within the violence-elimination framework (even though children are not mentioned in the provided sentences).",Reference only,,,New error
JAWA BARAT KARAWANG,JAWA_BARAT_KARAWANG.txt,7.3,International donors,budget_funding_sources,No,Yes,0.0,1.0,false_positive,"(3) The Regional Apparatus as referred to in paragraph (2) may cooperate with the community, universities, community organizations, other regency/city governments, and/or international institutions in the empowerment and Protection of Women activities.","The policy explicitly allows cooperation with international institutions in women’s empowerment and protection activities, indicating an avenue for international support (even if not framed specifically as funding).",Reference only,,,New error
JAWA BARAT MAJALENGKA,JAWA_BARAT_MAJALENGKA.txt,2.5,Training and capacity building,institutional_mechanism,No,Yes,0.0,1.0,false_positive,"b. provision of accessibility to obtain education, training, funding, income enhancement and social services;","The policy includes provision of accessibility to obtain education and training as part of prevention efforts, which constitutes an explicit training/capacity-building component (even if not specifically targeted to officials/service providers in the cited text).",Reference only,No,,Persisting error
JAWA BARAT MAJALENGKA,JAWA_BARAT_MAJALENGKA.txt,6.3,Women workers,intersectional_approach,No,Yes,0.0,1.0,false_positive,c. creating a friendly and safe work environment atmosphere for women;,"The policy includes a specific preventive measure related to the workplace by calling for the creation of a friendly and safe work environment for women, which constitutes an explicit measure relevant to women workers/employees.",Reference only,x,,Persisting error
JAWA BARAT PANGANDARAN,JAWA_BARAT_PANGANDARAN.txt,2.5,Training and capacity building,institutional_mechanism,Yes,No,1.0,0.0,false_negative,,"While the text mentions skills/job training and life skills for women beneficiaries and references professional personnel, none of the provided sentences explicitly require or provide training/capacity building for government officials, implementing agencies, or service providers responsible for implementing the policy.",Reference only,x,Article 29 (1) mentions capacity building / strengthening on gender institutionalisation,Persisting error
JAWA BARAT PANGANDARAN,JAWA_BARAT_PANGANDARAN.txt,4.3,VAW laws awareness,primary_prevention,Yes,No,1.0,0.0,false_negative,,"While the text mentions increasing awareness and knowledge in the field of law through communication, information and education services, it does not explicitly link these legal awareness activities to VAW laws/policies specifically; the VAW-related prevention sentences focus on socialization/counseling about violence and rights rather than laws and policies.",Reference only,,,New error
JAWA BARAT PANGANDARAN,JAWA_BARAT_PANGANDARAN.txt,6.8,Women in legal process,intersectional_approach,No,Yes,0.0,1.0,false_positive,"e. providing testimony during court hearings without facing the suspect;
a. provides services and handling as quickly as possible to witnesses and/or victims;","The policy includes protection/service measures connected to legal proceedings, including enabling testimony during court hearings without facing the suspect and providing services to witnesses and/or victims, which addresses women as witnesses in the legal process.",Reference only,x,,Persisting error
JAWA BARAT PURWAKARTA,JAWA_BARAT_PURWAKARTA.txt,2.3,Data collection systems,institutional_mechanism,Yes,No,1.0,0.0,false_negative,,"None of the provided candidate sentences for this criterion establish, require, or assign responsibility for a data system to collect/record/manage information on violence cases or victims; they focus on rights, prohibitions, and supervision rather than data collection or information management systems.",Reference only,,,New error
JAWA BARAT PURWAKARTA,JAWA_BARAT_PURWAKARTA.txt,4.2,Gender equality education,primary_prevention,No,Yes,0.0,1.0,false_positive,4. provide understanding regarding equality between men and women.,"The policy includes an educational/understanding-building activity specifically about equality between men and women, which constitutes gender equality education.",Reference only,x,,Persisting error
JAWA BARAT PURWAKARTA,JAWA_BARAT_PURWAKARTA.txt,6.8,Women in legal process,intersectional_approach,No,Yes,0.0,1.0,false_positive,"(1) For the purpose of recovery, women and child victims, witnesses and perpetrators of violence may obtain services from:","The policy explicitly includes women who are witnesses and perpetrators of violence as recipients of recovery services, thereby covering women involved in legal processes (at least as witnesses/perpetrators).",Reference only,x,,Persisting error
JAWA BARAT TASIKMALAYA,JAWA_BARAT_TASIKMALAYA.txt,2.5,Training and capacity building,institutional_mechanism,No,Yes,0.0,1.0,false_positive,"d. availability of Human Resources (HR) trained in the Convention on the Rights of the Child (CRC) and capable of applying children's rights into policies, programs, and activities;","The policy includes an institutional strengthening element requiring the availability of human resources trained in the Convention on the Rights of the Child and capable of applying children’s rights into policies, programs, and activities, which constitutes a training/capacity-building requirement.",Reference only,x,,Persisting error
JAWA BARAT TASIKMALAYA,JAWA_BARAT_TASIKMALAYA.txt,3.8,Religious/spiritual counselling,specialised_support_services,Yes,No,1.0,0.0,false_negative,,"Although the policy references 'mental and spiritual' as an administrative affairs area and includes 'religious figures' in P2TP2A composition, it does not explicitly provide religious/spiritual counseling or faith-based support services for victims.",Reference only,x,,Persisting error
JAWA BARAT TASIKMALAYA,JAWA_BARAT_TASIKMALAYA.txt,3.10,Economic support,specialised_support_services,No,Yes,0.0,1.0,false_positive,The implementation of women's empowerment in the economic field as referred to in Article 3 letter a shall be carried out through:,"The policy includes economic empowerment measures such as skills/job training and capital assistance, indicating provision of economic support services.",Reference only,,,New error
JAWA BARAT TASIKMALAYA,JAWA_BARAT_TASIKMALAYA.txt,5.3,Traditional/cultural engagement,stakeholder_engagement,Yes,No,1.0,0.0,false_negative,,"The candidate sentences mention community leaders and religious leaders, but do not explicitly reference traditional/customary/cultural leaders, customary institutions, or customary dispute-resolution mechanisms.",Reference only,x,,Persisting error
JAWA BARAT TASIKMALAYA,JAWA_BARAT_TASIKMALAYA.txt,5.6,Media engagement,stakeholder_engagement,No,Yes,0.0,1.0,false_positive,"4. providing socialization and raising awareness of parents and/or the community, press, educators, by the government and law enforcement officials about the adverse impacts of violence;
5. providing a sense of security and protection from news coverage to avoid negative stigma;","The policy explicitly references the press/news coverage in prevention-related socialization/awareness raising and in protecting victims from news coverage, indicating recognition of media as a relevant stakeholder/context in prevention and protection.",Reference only,,,New error
JAWA BARAT TASIKMALAYA,JAWA_BARAT_TASIKMALAYA.txt,6.10,Refugee/forced displacement,intersectional_approach,No,Yes,0.0,1.0,false_positive,"a. children who become refugees;
2) Creating policies for the fulfillment of basic needs consisting of food, clothing, shelter, education, health, learning and recreation, security guarantees, and equal treatment for children who become refugees, victims of violence, victims of natural disasters and children in armed conflict situations; and",The policy explicitly includes refugees within emergency situations (children who become refugees) and provides for policies fulfilling basic needs and equal treatment for children who become refugees.,Reference only,,,New error
JAWA TENGAH BANYUMAS,JAWA_TENGAH_BANYUMAS.txt,2.3,Data collection systems,institutional_mechanism,No,Yes,0.0,1.0,false_positive,"includes monitoring, documentation and reporting of cases of gender-based violence and violence against children.","The policy explicitly includes monitoring, documentation, and reporting of cases of gender-based violence and violence against children, which constitutes a requirement for collecting/recording and reporting case information.",Reference only,,,New error
JAWA TENGAH BANYUMAS,JAWA_TENGAH_BANYUMAS.txt,3.10,Economic support,specialised_support_services,No,Yes,0.0,1.0,false_positive,"Paragraph (1) Sufficiently Clear Paragraph (2) Point a Sufficiently Clear Point b what is meant by ""substitute family"" is an alternative family that can provide care through the foster parent system (fostering), guardianship or child adoption (adoption) Point c Sufficiently Clear Point d what is meant by ""education"" is Formal Education and Non-Formal Education (Functional Literacy), Equivalency Programs and Skills Programs","The policy’s elucidation of education includes skills programs, indicating support mechanisms that can function as economic empowerment through skills training.",Reference only,,,New error
JAWA TENGAH BANYUMAS,JAWA_TENGAH_BANYUMAS.txt,4.4,Prevention through education,primary_prevention,No,Yes,0.0,1.0,false_positive,"a. conducting communication, information, and education about gender-based and child violence;","Education is explicitly listed as part of prevention efforts via “communication, information, and education” about gender-based and child violence.",Reference only,,,New error
JAWA TENGAH BANYUMAS,JAWA_TENGAH_BANYUMAS.txt,6.5,People with disability,intersectional_approach,Yes,No,1.0,0.0,false_negative,,"While non-discrimination is defined to include “physical or mental condition,” the excerpts do not specify special protection measures targeted at women with disabilities or persons with disabilities; they only state a general non-discrimination principle.",Reference only,Yes,,Persisting error
JAWA TENGAH BANYUMAS,JAWA_TENGAH_BANYUMAS.txt,6.7,Women from minority groups,intersectional_approach,Yes,No,1.0,0.0,false_negative,,"Although non-discrimination is defined broadly (including ethnicity, religion, race, culture, language), the text does not provide special protection measures specifically targeted at minority or isolated women; it only sets a general non-discrimination principle.",Reference only,Yes,,Persisting error
JAWA TENGAH BLORA,JAWA_TENGAH_BLORA.txt,5.6,Media engagement,stakeholder_engagement,No,Yes,0.0,1.0,false_positive,"Letter d Socialization can be carried out through mass media, electronic media, and direct outreach to the community.","The policy explicitly states that socialization (prevention outreach) can be carried out through mass media and electronic media, recognizing media as a channel/stakeholder for prevention-related activities.",Reference only,,,New error
JAWA TENGAH BOYOLALI,JAWA_TENGAH_BOYOLALI.txt,4.3,VAW laws awareness,primary_prevention,Yes,No,1.0,0.0,false_negative,,"The candidate sentences reference providing information/reporting VAW and general legal awareness through communication/information/education, but they do not explicitly describe primary prevention education specifically about VAW laws and policies.",Reference only,,,New error
JAWA TENGAH BOYOLALI,JAWA_TENGAH_BOYOLALI.txt,4.4,Prevention through education,primary_prevention,No,Yes,0.0,1.0,false_positive,"b. provision of communication, information, and education media regarding empowerment and prevention of Violence Against Women within the Family, Community, educational institutions, and public spaces.","The policy explicitly links education-oriented activities (communication, information, and education media) with the prevention of violence against women, including in educational institutions and public spaces.",Reference only,x,Education must be explicitly mention as a way to prevent violence,Persisting error
JAWA TENGAH DEMAK,JAWA_TENGAH_DEMAK.txt,2.3,Data collection systems,institutional_mechanism,No,Yes,0.0,1.0,false_positive,"Monitoring and evaluation as referred to in Article 8 letter f includes monitoring, documentation and evaluation of cases of gender-based violence and violence against children.","The policy explicitly includes monitoring and documentation of cases of gender-based violence and violence against children as part of monitoring and evaluation, which constitutes a requirement to document/record case information.",Reference only,,,New error
JAWA TENGAH DEMAK,JAWA_TENGAH_DEMAK.txt,2.5,Training and capacity building,institutional_mechanism,No,Yes,0.0,1.0,false_positive,d. increase the capacity of service provider institutions;,"The policy gives the regional government authority to increase the capacity of service provider institutions, which constitutes an institutional capacity-building provision relevant to implementation personnel and agencies.",Reference only,,,New error
JAWA TENGAH DEMAK,JAWA_TENGAH_DEMAK.txt,3.3,Reporting/hotline service,specialised_support_services,No,Yes,0.0,1.0,false_positive,e. conveying information to the competent authorities related to cases of gender-based violence and children;,"The policy includes a mechanism for conveying information about cases to competent authorities, which functions as a reporting pathway for violence cases.",Reference only,No,,Persisting error
JAWA TENGAH DEMAK,JAWA_TENGAH_DEMAK.txt,4.4,Prevention through education,primary_prevention,No,Yes,0.0,1.0,false_positive,"a. conducting communication, information, and education about gender-based and child violence; and","The policy explicitly identifies education (along with communication and information) about gender-based and child violence as part of prevention efforts, making education an explicit strategy for preventing such violence.",Reference only,,,New error
JAWA TENGAH DEMAK,JAWA_TENGAH_DEMAK.txt,5.3,Traditional/cultural engagement,stakeholder_engagement,No,Yes,0.0,1.0,false_positive,f. fostering local wisdom in handling gender-based violence and children;,"The policy includes community participation activities that involve fostering local wisdom in handling gender-based violence and violence against children, which reflects engagement with customary/community cultural mechanisms.",Reference only,,,New error
JAWA TENGAH DEMAK,JAWA_TENGAH_DEMAK.txt,6.5,People with disability,intersectional_approach,Yes,No,1.0,0.0,false_negative,,"Although non-discrimination is defined to include ""physical or mental condition,"" the text does not establish special protection measures targeted at women with disabilities or persons with disabilities; it only states a general non-discrimination principle.",Reference only,Yes,,Persisting error
JAWA TENGAH KARANGANYAR,JAWA_TENGAH_KARANGANYAR.txt,1.9,Sexual slavery/exploitation,scope_of_violence,Yes,No,1.0,0.0,false_negative,,"While sexual violence is defined (including forced intercourse and commercial purposes), the provided sentences do not explicitly include sexual exploitation or sexual slavery as such.",Reference only,,,New error
JAWA TENGAH KARANGANYAR,JAWA_TENGAH_KARANGANYAR.txt,2.5,Training and capacity building,institutional_mechanism,No,Yes,0.0,1.0,false_positive,"(1) Social community institutions that participate in the implementation of protection for victims of violence as referred to in Article 13 paragraph (2) shall be given guidance by the Regional Government through Regional Apparatus in accordance with their main duties and functions.
(2) The guidance as referred to in paragraph (1), may be in the form of social guidance, skills guidance and operational technical guidance.","The policy requires the Regional Government to provide guidance to participating social community institutions, including skills guidance and operational technical guidance, which constitutes training/technical capacity building for implementing actors.",Reference only,x,,Persisting error
JAWA TENGAH KARANGANYAR,JAWA_TENGAH_KARANGANYAR.txt,3.3,Reporting/hotline service,specialised_support_services,Yes,No,1.0,0.0,false_negative,,"The candidate sentences discuss protection, integrated services, and government responsibilities, but do not specify any mechanism or service for receiving reports/complaints (e.g., hotline, complaint desk, reporting channel).",Reference only,,,New error
JAWA TENGAH KARANGANYAR,JAWA_TENGAH_KARANGANYAR.txt,4.2,Gender equality education,primary_prevention,Yes,No,1.0,0.0,false_negative,,"While the policy defines gender equality/gender justice as principles and includes general anti-violence education and awareness-raising about human rights, the provided sentences do not specify primary prevention education or campaigns explicitly focused on gender equality and/or women’s rights.",Reference only,Yes,Education is mention in prevention (Article 6 (1) b,Persisting error
JAWA TENGAH KARANGANYAR,JAWA_TENGAH_KARANGANYAR.txt,5.3,Traditional/cultural engagement,stakeholder_engagement,Yes,No,1.0,0.0,false_negative,,"The candidate sentences mention general community participation and social community institutions (NGOs), but do not reference traditional/customary/cultural leaders or customary mechanisms in implementation or dispute resolution.",Reference only,x,The policy mentions community / society leaders as part of institutional response unit (article 7 (5) c),Persisting error
JAWA TENGAH KARANGANYAR,JAWA_TENGAH_KARANGANYAR.txt,5.4,Education institutions engagement,stakeholder_engagement,Yes,No,1.0,0.0,false_negative,,"Although the policy mentions conducting education and includes ""Educational Institutions"" as an element of KP2A membership, the provided sentences do not explicitly show education institutions being engaged in implementation, prevention activities, service delivery, coordination, or capacity building.",Reference only,,,New error
JAWA TENGAH KARANGANYAR,JAWA_TENGAH_KARANGANYAR_v2.txt,3.2,Police specialised service unit,specialised_support_services,Yes,No,1.0,0.0,false_negative,,"The candidate sentences mention providing special service rooms at police offices, but they do not establish or describe a specialised service unit within police offices dedicated to VAW victims.",Reference only,,,New error
JAWA TENGAH KARANGANYAR,JAWA_TENGAH_KARANGANYAR_v2.txt,3.9,Resocialisation services,specialised_support_services,Yes,No,1.0,0.0,false_negative,,"While the policy mentions continuous handling up to the rehabilitation stage, the candidate sentences do not identify any specific service unit that provides resocialisation/rehabilitation/reintegration services.",Reference only,,,New error
JAWA TENGAH KARANGANYAR,JAWA_TENGAH_KARANGANYAR_v2.txt,5.8,Private sector engagement,stakeholder_engagement,Yes,No,1.0,0.0,false_negative,,"The candidate sentences do not explicitly mention businesses, employers, the private sector, or business associations as stakeholders in prevention, protection, or services; general references to “community” and “entities” are not specific to the private sector.",Reference only,x,The policy mentions the role of business organisations in the protection of women,Persisting error
JAWA TENGAH KARANGANYAR,JAWA_TENGAH_KARANGANYAR_v2.txt,6.1,Women in conflict/disaster areas,intersectional_approach,Yes,No,1.0,0.0,false_negative,,"The text defines discrimination as including regional dimensions such as disaster and conflict areas, but it does not specify any special protection measures targeted at women in conflict/disaster/emergency/displacement situations.",Reference only,Yes,,Persisting error
JAWA TENGAH KEBUMEN,JAWA_TENGAH_KEBUMEN.txt,1.1,Domestic violence,scope_of_violence,Yes,No,1.0,0.0,false_negative,,"The provided sentences discuss violence against women generally and list forms of violence and services, but none explicitly mention domestic violence or intimate partner violence as a category.",Reference only,x,The policy mentions the law on domestic violence in the legal foundation section,Persisting error
JAWA TENGAH KEBUMEN,JAWA_TENGAH_KEBUMEN.txt,1.1,Domestic violence,scope_of_violence,Yes,No,1.0,0.0,false_negative,,"The provided sentences discuss violence against women generally and list forms of violence and services, but none explicitly mention domestic violence or intimate partner violence as a category.",Reference only,Yes,,Persisting error
JAWA TENGAH KEBUMEN,JAWA_TENGAH_KEBUMEN.txt,1.10,Technology facilitated violence,scope_of_violence,No,Yes,0.0,1.0,false_positive,"g. the right to deletion of sexual content for cases of sexual violence using electronic media.
17. Sexual Violence is any act in the form of rape, indecent acts, forced contraception, forced sterilization, sexual torture, sexual exploitation, sexual slavery, electronic-based sexual violence, acts violating decency that are contrary to the victim's will, forced prostitution, criminal acts of trafficking in persons intended for sexual exploitation and other forms of sexual violence that are expressly stated as criminal acts of sexual violence as regulated in the provisions of laws and regulations.",The policy explicitly references sexual violence using electronic media and defines sexual violence to include electronic-based sexual violence.,Reference only,,,New error
JAWA TENGAH KEBUMEN,JAWA_TENGAH_KEBUMEN.txt,4.3,VAW laws awareness,primary_prevention,Yes,No,1.0,0.0,false_negative,,"While the policy mentions socialization regarding laws and regulations related to the protection of women's rights, the provided sentences do not explicitly indicate information or education specifically about laws and policies on violence against women (VAW) as distinct from broader women's-rights protections.",Reference only,,,New error
JAWA TENGAH KEBUMEN,JAWA_TENGAH_KEBUMEN.txt,5.3,Traditional/cultural engagement,stakeholder_engagement,Yes,No,1.0,0.0,false_negative,,"The candidate sentences mention community leaders and local cultural organizations, but they do not explicitly reference traditional/customary leaders, customary institutions, or customary dispute-resolution mechanisms as such.",Reference only,x,The text mention community leaders which include traditional / customary leaders,Persisting error
JAWA TENGAH KEBUMEN,JAWA_TENGAH_KEBUMEN.txt,6.4,Elderly women,intersectional_approach,Yes,No,1.0,0.0,false_negative,,"Although elderly women are listed as a vulnerable group, the provided sentences do not specify any special protection measures targeted specifically at elderly women beyond general prevention/protection language.",Reference only,,,New error
JAWA TENGAH KEBUMEN,JAWA_TENGAH_KEBUMEN.txt,6.6,Women heads of household,intersectional_approach,Yes,No,1.0,0.0,false_negative,,"Women heads of households are mentioned as a vulnerable group, but the candidate sentences do not describe any special protection measures specifically targeted to women heads of households/families.",Reference only,,,New error
JAWA TENGAH KEBUMEN,JAWA_TENGAH_KEBUMEN.txt,6.11,Domestic workers,intersectional_approach,Yes,No,1.0,0.0,false_negative,,"Domestic women workers are listed as a vulnerable group, but the provided sentences do not specify any special protection measures targeted specifically at domestic workers.",Reference only,,,New error
JAWA TENGAH KLATEN,JAWA_TENGAH_KLATEN.txt,1.8,Human trafficking,scope_of_violence,No,Yes,0.0,1.0,false_positive,"7. Law Number 21 of 2007 concerning the Eradication of the Criminal Act of Trafficking in Persons (State Gazette of the Republic of Indonesia of 2007 Number 58, Supplement to the State Gazette of the Republic of Indonesia Number 4720);","The policy document’s legal references include a law concerning the eradication of trafficking in persons, indicating trafficking is included within the policy’s scope/framework.",Reference only,,,New error
JAWA TENGAH KLATEN,JAWA_TENGAH_KLATEN.txt,4.4,Prevention through education,primary_prevention,No,Yes,0.0,1.0,false_positive,"The Regional Government is responsible for preventing acts of violence against women by means of:
c. Providing education on the dangers of domestic violence;","Education is explicitly listed as a means by which the Regional Government prevents acts of violence against women, including providing education on the dangers of domestic violence.",Reference only,x,No education mechanism is mentioned in the prevention,Persisting error
JAWA TENGAH KLATEN,JAWA_TENGAH_KLATEN.txt,6.1,Women in conflict/disaster areas,intersectional_approach,Yes,No,1.0,0.0,false_negative,,"The text mentions women who are “victims of disaster” as part of a definition of women with social welfare problems, but it does not specify any special protection measures targeted at women in conflict, emergency, or displacement situations.",Reference only,,,New error
JAWA TENGAH KLATEN,JAWA_TENGAH_KLATEN.txt,6.2,Women victims of trafficking,intersectional_approach,No,Yes,0.0,1.0,false_positive,"g. Victims of acts of violence, exploitation and discrimination Paragraph (2) Sufficiently Clear Paragraph (3) Sufficiently Clear Paragraph (4) Sufficiently Clear","The policy’s scope includes women who are victims of “exploitation,” which encompasses trafficking/exploitation victims within the covered target groups.",Reference only,,,New error
JAWA TENGAH KLATEN,JAWA_TENGAH_KLATEN.txt,6.5,People with disability,intersectional_approach,Yes,No,1.0,0.0,false_negative,,"Although disability is listed as a criterion for “women with social welfare problems,” the provided text does not set out special protection measures specifically targeted at women with disabilities (it only defines the category and provides general responsibilities for women with social problems).",Reference only,,,New error
JAWA TENGAH KUDUS,JAWA_TENGAH_KUDUS.txt,2.3,Data collection systems,institutional_mechanism,No,Yes,0.0,1.0,false_positive,"Monitoring and reporting as referred to in Article 7 paragraph (3) letter f shall be conducted on all aspects of integrated service activities in the form of supervision, documentation and evaluation of cases of gender-based and child violence.","The policy requires monitoring and reporting that includes supervision, documentation, and evaluation of cases of gender-based and child violence, which constitutes a system for documenting and reporting case information.",Reference only,x,,Persisting error
JAWA TENGAH KUDUS,JAWA_TENGAH_KUDUS.txt,3.3,Reporting/hotline service,specialised_support_services,No,Yes,0.0,1.0,false_positive,f. conveying information to the authorized authorities related to cases of gender-based violence and violence against children.,"The policy includes a mechanism for conveying information about cases to authorized authorities, which functions as a reporting/complaint pathway, even though no dedicated hotline is specified.",Reference only,No,,Persisting error
JAWA TENGAH KUDUS,JAWA_TENGAH_KUDUS.txt,4.4,Prevention through education,primary_prevention,No,Yes,0.0,1.0,false_positive,"a. conducting communication, information, and education about gender-based and child violence; and","Education is explicitly identified as part of prevention efforts through “communication, information, and education” about gender-based and child violence, indicating education is used as a strategy to prevent such violence.",Reference only,,,New error
JAWA TENGAH KUDUS,JAWA_TENGAH_KUDUS.txt,6.5,People with disability,intersectional_approach,Yes,No,1.0,0.0,false_negative,,"While the principles include non-discrimination without distinguishing physical or mental condition, the candidate sentences do not set out special protection measures targeted at women with disabilities or persons with disabilities.",Reference only,Yes,,Persisting error
JAWA TENGAH KUDUS,JAWA_TENGAH_KUDUS.txt,6.7,Women from minority groups,intersectional_approach,Yes,No,1.0,0.0,false_negative,,"The text includes a general non-discrimination principle across ethnicity, religion, race, etc., but does not establish special protection measures specifically targeted at minority or isolated women.",Reference only,Yes,,Persisting error
JAWA TENGAH MAGELANG,JAWA_TENGAH_MAGELANG.txt,1.2,Sexual violence,scope_of_violence,Yes,No,1.0,0.0,false_negative,,"The candidate sentences discuss violence and discrimination in general and list victim rights, but do not explicitly mention sexual violence or sexual assault as a specific form addressed.",Reference only,x,,Persisting error
JAWA TENGAH MAGELANG,JAWA_TENGAH_MAGELANG.txt,1.9,Sexual slavery/exploitation,scope_of_violence,Yes,No,1.0,0.0,false_negative,,"While the policy mentions eliminating “exploitation” generally, the candidate sentences do not specify sexual exploitation or sexual slavery as distinct forms.",Reference only,,,New error
JAWA TENGAH MAGELANG KOTA,JAWA_TENGAH_MAGELANG_KOTA.txt,1.2,Sexual violence,scope_of_violence,Yes,No,1.0,0.0,false_negative,,"The provided sentences discuss violence against women and children in general, but do not explicitly mention or define sexual violence/sexual assault as a specific category in the excerpts shown for this criterion.",Reference only,,,New error
JAWA TENGAH MAGELANG KOTA,JAWA_TENGAH_MAGELANG_KOTA.txt,1.9,Sexual slavery/exploitation,scope_of_violence,Yes,No,1.0,0.0,false_negative,,"While the text mentions “exploitation against children” in general terms, it does not explicitly address sexual exploitation or sexual slavery in the provided excerpts for this criterion.",Reference only,Yes,,Persisting error
JAWA TENGAH MAGELANG KOTA,JAWA_TENGAH_MAGELANG_KOTA.txt,2.3,Data collection systems,institutional_mechanism,No,Yes,0.0,1.0,false_positive,"Monitoring and reporting as referred to in Article 12 letter f, includes monitoring, documentation, and reporting of cases of violence against women and children.","The policy includes monitoring, documentation, and reporting of cases of violence against women and children, which directly addresses establishing/requiring case information recording and reporting functions.",Reference only,,,New error
JAWA TENGAH MAGELANG KOTA,JAWA_TENGAH_MAGELANG_KOTA.txt,5.3,Traditional/cultural engagement,stakeholder_engagement,No,Yes,0.0,1.0,false_positive,"g. conducting family and community preparation, economic empowerment, and return to school and/or other educational institutions.","The policy includes family and community preparation as part of recovery and social reintegration, which implicitly engages community-based mechanisms in reintegration processes (though it does not explicitly name customary/traditional leaders or institutions).",Reference only,,,New error
JAWA TENGAH PATI,JAWA_TENGAH_PATI.txt,2.5,Training and capacity building,institutional_mechanism,No,Yes,0.0,1.0,false_positive,"a. conducting communication, information, education and enhancing capacity building regarding gender-based and child violence; and
d. increase the capacity of service provider institutions;","The policy includes enhancing capacity building as part of prevention efforts and also gives the Regional Government authority to increase the capacity of service provider institutions, indicating provision for capacity building relevant to implementation.",Reference only,x,Capacity building for government / service providers institutions,Persisting error
JAWA TENGAH PATI,JAWA_TENGAH_PATI.txt,3.3,Reporting/hotline service,specialised_support_services,No,Yes,0.0,1.0,false_positive,d. conveying information to the authorized authorities related to gender-based and child violence cases.,"The policy includes a mechanism for conveying information about gender-based and child violence cases to authorized authorities, which constitutes a reporting/complaint mechanism.",Reference only,No,,Persisting error
JAWA TENGAH PATI,JAWA_TENGAH_PATI.txt,4.4,Prevention through education,primary_prevention,No,Yes,0.0,1.0,false_positive,"a. conducting communication, information, education and enhancing capacity building regarding gender-based and child violence; and","The policy lists prevention efforts that explicitly include conducting communication, information, and education regarding gender-based and child violence, indicating education is an explicit prevention strategy.",Reference only,,,New error
JAWA TENGAH PATI,JAWA_TENGAH_PATI.txt,5.4,Education institutions engagement,stakeholder_engagement,No,Yes,0.0,1.0,false_positive,"g. preparing families and communities, economic empowerment, and return to schools and/or other educational institutions.","The policy includes returning victims to schools and/or other educational institutions as part of recovery and social reintegration, indicating involvement of the education sector in implementation.",Reference only,,,New error
JAWA TENGAH PATI,JAWA_TENGAH_PATI.txt,6.5,People with disability,intersectional_approach,Yes,No,1.0,0.0,false_negative,,"The text includes a non-discrimination principle that mentions physical or mental condition, but it does not set out special protection measures targeted at people with disabilities or women with disabilities.",Reference only,Yes,,Persisting error
JAWA TENGAH PEKALONGAN,JAWA_TENGAH_PEKALONGAN.txt,5.4,Education institutions engagement,stakeholder_engagement,No,Yes,0.0,1.0,false_positive,"b. facilitating the reintegration process of victims of violence to their families, guardians, substitute families, communities, educational institutions or social institutions;","The policy explicitly mentions facilitating victims’ reintegration to educational institutions, indicating engagement of the education sector in implementation (reintegration/services).",Reference only,,,New error
JAWA TENGAH PEKALONGAN,JAWA_TENGAH_PEKALONGAN.txt,6.2,Women victims of trafficking,intersectional_approach,No,Yes,0.0,1.0,false_positive,"b. acts with or without the consent of the victim which include but are not limited to prostitution, forced labor or services, slavery or similar practices, oppression, extortion, exploitation of physical, sexual, reproductive organs, or unlawfully removing or transplanting organs and/or body tissues or exploiting the labor or capabilities of a person by other parties to obtain benefits either material or immaterial; and/or
a. acts that exploit economically or sexually with the intention of benefiting oneself or others;","The policy defines and addresses exploitation, including prostitution, forced labor/services, slavery or similar practices, and extortion, which are core elements commonly associated with trafficking-related exploitation, thereby bringing women victims of such exploitation within scope.",Reference only,,,New error
JAWA TENGAH PEKALONGAN,JAWA_TENGAH_PEKALONGAN.txt,6.5,People with disability,intersectional_approach,Yes,No,1.0,0.0,false_negative,,"While non-discrimination is defined to include distinctions based on physical or mental condition, the excerpts do not set out any special protection measures specifically targeted at women with disabilities or persons with disabilities.",Reference only,Yes,,Persisting error
JAWA TENGAH PEKALONGAN,JAWA_TENGAH_PEKALONGAN.txt,6.7,Women from minority groups,intersectional_approach,Yes,No,1.0,0.0,false_negative,,"The policy includes a general non-discrimination principle referencing tribe/religion/race/ethnicity/culture/language, but it does not establish special protection measures specifically targeted at minority or isolated women.",Reference only,Yes,,Persisting error
JAWA TENGAH PEKALONGAN KOTA,JAWA_TENGAH_PEKALONGAN_KOTA.txt,3.2,Police specialised service unit,specialised_support_services,Yes,No,1.0,0.0,false_negative,,"The text mentions that the integrated service center is networked with the RPK Unit at the Police, but it does not explicitly establish or require a specialised service unit for VAW within police offices.",Reference only,x,It acknowledges the special unit within police offices,Persisting error
JAWA TENGAH PEKALONGAN KOTA,JAWA_TENGAH_PEKALONGAN_KOTA.txt,5.3,Traditional/cultural engagement,stakeholder_engagement,No,Yes,0.0,1.0,false_positive,f. fostering local wisdom with the principles of non-discrimination and best interests of victims in handling gender-based violence and violence against children;,"The policy explicitly references fostering local wisdom in handling gender-based violence and violence against children, indicating engagement with customary/cultural community mechanisms.",Reference only,x,,Persisting error
JAWA TENGAH PEKALONGAN KOTA,JAWA_TENGAH_PEKALONGAN_KOTA.txt,6.8,Women in legal process,intersectional_approach,No,Yes,0.0,1.0,false_positive,"The forms of services and assistance organized by LP-PAR are also provided to women in conflict with the law.
Furthermore, in the context of empowerment and protection of women, there needs to be legal, psychological, social and economic assistance when women are faced with legal processes.","The policy explicitly states that LP-PAR services and assistance are provided to women in conflict with the law and further notes the need for legal, psychological, social, and economic assistance when women face legal processes.",Reference only,x,Only applies for children,Persisting error
JAWA TENGAH PURBALINGGA,JAWA_TENGAH_PURBALINGGA.txt,2.3,Data collection systems,institutional_mechanism,No,Yes,0.0,1.0,false_positive,"Monitoring and Reporting as referred to in Article 9 letter i constitutes activities that include monitoring, documenting and reporting cases of gender-based and child violence.","The policy explicitly defines monitoring and reporting activities to include monitoring, documenting, and reporting cases of gender-based and child violence, which establishes/assigns responsibility for case documentation and reporting (a data/information system function).",Reference only,x,,Persisting error
JAWA TENGAH PURBALINGGA,JAWA_TENGAH_PURBALINGGA.txt,4.4,Prevention through education,primary_prevention,No,Yes,0.0,1.0,false_positive,"Prevention Efforts as referred to in Article 9 letter a include: conducting communication, information, and education about gender-based and child violence;","Education is explicitly listed as part of prevention efforts through communication, information, and education about gender-based and child violence.",Reference only,,,New error
JAWA TENGAH PURBALINGGA,JAWA_TENGAH_PURBALINGGA.txt,5.3,Traditional/cultural engagement,stakeholder_engagement,Yes,No,1.0,0.0,false_negative,,"The candidate sentences refer broadly to community participation and cooperation, and mention fostering local wisdom, but do not explicitly include traditional/customary/cultural leaders, institutions, or customary mechanisms as stakeholders or implementers.",Reference only,x,Mentions community leaders,Persisting error
JAWA TENGAH PURBALINGGA,JAWA_TENGAH_PURBALINGGA.txt,6.5,People with disability,intersectional_approach,Yes,No,1.0,0.0,false_negative,,"Although non-discrimination is mentioned (including physical or mental condition), the excerpts do not set out any special protection measures targeted specifically at women with disabilities or persons with disabilities.",Reference only,Yes,,Persisting error
JAWA TENGAH PURBALINGGA,JAWA_TENGAH_PURBALINGGA.txt,6.7,Women from minority groups,intersectional_approach,Yes,No,1.0,0.0,false_negative,,"The policy includes a general non-discrimination principle across categories (e.g., ethnicity, religion, race, culture, language), but the excerpts do not specify special protection measures targeted at minority or isolated women as a distinct group.",Reference only,Yes,,Persisting error
JAWA TENGAH PURWOREJO,JAWA_TENGAH_PURWOREJO.txt,1.5,Economic violence,scope_of_violence,Yes,No,1.0,0.0,false_negative,,"While the text mentions protection of property/assets with economic value and discusses exploitation and neglect generally, it does not explicitly frame economic violence/economic exploitation/domestic neglect as a form of violence against women (i.e., as a specific violence category).",Reference only,,,New error
JAWA TENGAH PURWOREJO,JAWA_TENGAH_PURWOREJO.txt,1.6,Harmful practices,scope_of_violence,Yes,No,1.0,0.0,false_negative,,"None of the candidate sentences mention harmful practices such as early/child marriage, female genital mutilation, honour crimes, or female infanticide.",Reference only,x,,Persisting error
JAWA TENGAH PURWOREJO,JAWA_TENGAH_PURWOREJO.txt,5.2,Religious engagement,stakeholder_engagement,No,Yes,0.0,1.0,false_positive,d. provision of Assistants in the field of mental spiritual religious matters; and,"The policy includes provision of assistants in mental-spiritual-religious matters for child victims, which constitutes engagement of faith/spiritual support actors in service delivery.",Reference only,,,New error
JAWA TENGAH SALATIGA KOTA,JAWA_TENGAH_SALATIGA_KOTA.txt,1.2,Sexual violence,scope_of_violence,Yes,No,1.0,0.0,false_negative,,The candidate sentences discuss gender-based violence and victim protection generally but do not explicitly mention or define sexual violence as a specific form addressed by the policy within the provided excerpts.,Reference only,,,New error
JAWA TENGAH SALATIGA KOTA,JAWA_TENGAH_SALATIGA_KOTA.txt,2.3,Data collection systems,institutional_mechanism,No,Yes,0.0,1.0,false_positive,"Monitoring and reporting as referred to in Article 10 letter f includes monitoring, documentation, and reporting on the handling and resolution of cases of Gender-Based Violence and Child Violence.","The policy explicitly includes monitoring, documentation, and reporting on handling and resolution of cases, which constitutes a required system for recording and reporting case information.",Reference only,,,New error
JAWA TENGAH SALATIGA KOTA,JAWA_TENGAH_SALATIGA_KOTA.txt,5.3,Traditional/cultural engagement,stakeholder_engagement,No,Yes,0.0,1.0,false_positive,c. fostering local wisdom in handling Victims of Gender-Based and Child Violence;,"The policy explicitly references fostering local wisdom in handling victims, indicating use of customary/community cultural mechanisms in implementation.",Reference only,,,New error
JAWA TENGAH SALATIGA KOTA,JAWA_TENGAH_SALATIGA_KOTA.txt,5.4,Education institutions engagement,stakeholder_engagement,No,Yes,0.0,1.0,false_positive,Article 8,"The policy states that human resources may originate from academics, indicating engagement of the education sector/universities in implementation/capacity.",Reference only,No,,Persisting error
JAWA TENGAH SALATIGA KOTA,JAWA_TENGAH_SALATIGA_KOTA.txt,6.5,People with disability,intersectional_approach,Yes,No,1.0,0.0,false_negative,,"Although the non-discrimination principle references not distinguishing by ""physical and mental condition,"" the candidate sentences do not establish special protection measures targeted at women with disabilities or persons with disabilities; they only state general non-discrimination and general victim services.",Reference only,Yes,,Persisting error
JAWA TENGAH SALATIGA KOTA,JAWA_TENGAH_SALATIGA_KOTA.txt,6.7,Women from minority groups,intersectional_approach,Yes,No,1.0,0.0,false_negative,,"The non-discrimination principle lists characteristics such as ethnicity, religion, race, culture, and language, but the candidate sentences do not provide special protection measures targeted specifically at women from minority or isolated groups; they only provide general protections without group-specific measures.",Reference only,Yes,,Persisting error
JAWA TENGAH SEMARANG,JAWA_TENGAH_SEMARANG.txt,1.1,Domestic violence,scope_of_violence,Yes,No,1.0,0.0,false_negative,,"The provided sentences discuss protection for women victims of violence and reference a national law on elimination of domestic violence in a legal basis list, but they do not explicitly mention domestic violence as a form of violence covered by this policy.",Reference only,,,New error
JAWA TENGAH SEMARANG,JAWA_TENGAH_SEMARANG.txt,1.2,Sexual violence,scope_of_violence,Yes,No,1.0,0.0,false_negative,,"The candidate sentences refer generally to ""women victims of violence"" and to protection from acts of violence and discrimination, but they do not explicitly mention sexual violence or any specific sexual-violence acts.",Reference only,,,Persisting error
JAWA TENGAH SEMARANG,JAWA_TENGAH_SEMARANG.txt,1.3,Physical violence,scope_of_violence,Yes,No,1.0,0.0,false_negative,,"The excerpts address women victims of violence in general and define victims as experiencing physical/mental suffering, but they do not explicitly identify physical violence as a category or specify physical-violence acts.",Reference only,,,Persisting error
JAWA TENGAH SEMARANG,JAWA_TENGAH_SEMARANG.txt,1.4,Psychological violence,scope_of_violence,Yes,No,1.0,0.0,false_negative,,"While the text mentions ""psychological services"" in post-disaster recovery, it does not frame psychological violence as a form of violence against women, nor does it explicitly include psychological violence within the violence provisions.",Reference only,,,Persisting error
JAWA TENGAH SEMARANG,JAWA_TENGAH_SEMARANG.txt,1.9,Sexual slavery/exploitation,scope_of_violence,Yes,No,1.0,0.0,false_negative,,"Although the text mentions ""economic exploitation"" and discusses commercial sex workers and trafficking prevention, it does not explicitly include sexual exploitation or sexual slavery as such.",Reference only,,,Persisting error
JAWA TENGAH SEMARANG,JAWA_TENGAH_SEMARANG.txt,2.3,Data collection systems,institutional_mechanism,Yes,No,1.0,0.0,false_negative,,"While the text mentions integrating gender-disaggregated data and includes general monitoring/evaluation/reporting language, none of the provided sentences explicitly establish or assign responsibility for a system to collect/record/manage data specifically on violence against women, victims, or cases.",Reference only,,,New error
JAWA TENGAH SEMARANG,JAWA_TENGAH_SEMARANG.txt,3.3,Reporting/hotline service,specialised_support_services,Yes,No,1.0,0.0,false_negative,,"The cited text discusses implementation mechanisms including monitoring, evaluation, and reporting, but does not describe any mechanism/service for receiving reports or complaints from victims (e.g., hotline, complaint desk, intake system).",Reference only,,,Persisting error
JAWA TENGAH SEMARANG,JAWA_TENGAH_SEMARANG.txt,4.3,VAW laws awareness,primary_prevention,Yes,No,1.0,0.0,false_negative,,"The policy mentions increasing awareness and knowledge in the field of law through communication, information and education services, but the provided sentences do not explicitly link these legal awareness activities to violence-against-women laws or policies specifically.",Reference only,,,New error
JAWA TENGAH SEMARANG,JAWA_TENGAH_SEMARANG.txt,5.1,NGO collaboration,stakeholder_engagement,Yes,No,1.0,0.0,false_negative,,"The cited provisions describe integrated services (e.g., P2TP2A), coordination among government units (SKPD), and community/women’s organization participation, but none of the candidate sentences explicitly mention collaboration with civil society organisations/NGOs in service delivery or prevention.",Reference only,,,New error
JAWA TENGAH SEMARANG,JAWA_TENGAH_SEMARANG.txt,6.2,Women victims of trafficking,intersectional_approach,Yes,No,1.0,0.0,false_negative,,"The candidate sentences mention preventing human trafficking in the context of protecting female commercial sex workers, but they do not explicitly include women victims of human trafficking as a protected target group within the policy’s scope.",Reference only,,,Persisting error
JAWA TENGAH SEMARANG,JAWA_TENGAH_SEMARANG.txt,7.3,International donors,budget_funding_sources,No,Yes,0.0,1.0,false_positive,"f. coordinating the participation of the business sector and other institutions, including international assistance for empowerment and protection of women; and","The policy explicitly mentions coordinating participation of institutions including international assistance for women's empowerment and protection, indicating international support is contemplated.",Reference only,,,Persisting error
JAWA TENGAH SEMARANG KOTA,JAWA_TENGAH_SEMARANG_KOTA.txt,4.3,VAW laws awareness,primary_prevention,No,Yes,0.0,1.0,false_positive,"e. Disseminating information about laws and regulations related to acts of violence against women and children.
3) conducting socialization of laws and regulations related to the implementation of protection of women and children victims of violence;","The policy explicitly includes dissemination/socialization of laws and regulations related to acts of violence against women and children, which constitutes primary prevention through legal awareness.",Reference only,,,Persisting error
JAWA TENGAH SEMARANG KOTA,JAWA_TENGAH_SEMARANG_KOTA.txt,5.3,Traditional/cultural engagement,stakeholder_engagement,No,Yes,0.0,1.0,false_positive,"(2) The form of community participation as referred to in paragraph (1), includes:
a. preventing the occurrence of acts of violence against women and children;","The policy frames community participation as an implementation mechanism and includes prevention as a form of that participation, which can encompass customary/community mechanisms even though traditional leaders are not named explicitly.",Reference only,,,New error
JAWA TENGAH SEMARANG KOTA,JAWA_TENGAH_SEMARANG_KOTA.txt,5.5,International organisations engagement,stakeholder_engagement,Yes,No,1.0,0.0,false_negative,,"The candidate sentences mention cooperation with government levels, NGOs, and other stakeholders, but do not explicitly reference international organizations or international support.",Reference only,,,Persisting error
JAWA TENGAH SEMARANG KOTA,JAWA_TENGAH_SEMARANG_KOTA_v2.txt,1.1,Domestic violence,scope_of_violence,Yes,No,1.0,0.0,false_negative,,"The provided sentences discuss violence against women generally, including prevention and services for women victims of violence, but do not explicitly mention domestic violence or violence within the household/family context.",Reference only,,,Persisting error
JAWA TENGAH SEMARANG KOTA,JAWA_TENGAH_SEMARANG_KOTA_v2.txt,1.1,Domestic violence,scope_of_violence,Yes,No,1.0,0.0,false_negative,,"The provided sentences discuss violence against women generally, including prevention and services for women victims of violence, but do not explicitly mention domestic violence or violence within the household/family context.",Reference only,,,Persisting error
JAWA TENGAH SEMARANG KOTA,JAWA_TENGAH_SEMARANG_KOTA_v2.txt,2.3,Data collection systems,institutional_mechanism,Yes,No,1.0,0.0,false_negative,,"While the text mentions mapping/collection/processing/presentation of data in program planning and includes monitoring/evaluation/reporting of programs, it does not explicitly establish or assign responsibility for a system to collect/record/manage/exchange data specifically on violence against women, victims, or cases.",Reference only,,,Persisting error
JAWA TENGAH SEMARANG KOTA,JAWA_TENGAH_SEMARANG_KOTA_v2.txt,6.7,Women from minority groups,intersectional_approach,No,Yes,0.0,1.0,false_positive,"f. indigenous women;
j. women in situations of intolerance;","The policy identifies vulnerable women groups eligible for protection and includes indigenous women and women in situations of intolerance, which are specific minority/isolated group-related categories.",Reference only,,,Persisting error
JAWA TENGAH SEMARANG KOTA,JAWA_TENGAH_SEMARANG_KOTA_v2.txt,7.3,International donors,budget_funding_sources,No,Yes,0.0,1.0,false_positive,"e. coordinating the participation of the business sector and other institutions, and international assistance for Women's Empowerment and Protection; and","The policy explicitly references coordinating participation of ""international assistance"" for Women's Empowerment and Protection, indicating international support is contemplated.",Reference only,,,New error
JAWA TENGAH SUKOHARJO,JAWA_TENGAH_SUKOHARJO.txt,1.9,Sexual slavery/exploitation,scope_of_violence,Yes,No,1.0,0.0,false_negative,,"The provided sentences define sexual violence and discuss victim protection generally, but do not explicitly include sexual exploitation or sexual slavery as such.",Reference only,,,Persisting error
JAWA TENGAH SUKOHARJO,JAWA_TENGAH_SUKOHARJO.txt,2.3,Data collection systems,institutional_mechanism,No,Yes,0.0,1.0,false_positive,"Monitoring and reporting as referred to in Article 8 letter f includes monitoring, documentation and evaluation of cases of gender-based and child violence.","The policy explicitly provides for monitoring and reporting that includes monitoring, documentation, and evaluation of cases of gender-based and child violence, which constitutes a requirement for documenting/recording and managing case information.",Reference only,,,Persisting error
JAWA TENGAH SUKOHARJO,JAWA_TENGAH_SUKOHARJO.txt,2.5,Training and capacity building,institutional_mechanism,No,Yes,0.0,1.0,false_positive,d. increase the capacity of service provider institutions;,"The policy gives the regional government authority to increase the capacity of service provider institutions, which constitutes an institutional capacity-building provision for entities responsible for implementation.",Reference only,,,Persisting error
JAWA TENGAH SUKOHARJO,JAWA_TENGAH_SUKOHARJO.txt,4.4,Prevention through education,primary_prevention,No,Yes,0.0,1.0,false_positive,"a. conducting communication, information, and education about gender-based and child violence; and","Education is explicitly listed as part of prevention efforts through conducting communication, information, and education about gender-based and child violence.",Reference only,,,New error
JAWA TENGAH SUKOHARJO,JAWA_TENGAH_SUKOHARJO.txt,5.3,Traditional/cultural engagement,stakeholder_engagement,No,Yes,0.0,1.0,false_positive,f. fostering local wisdom in handling gender-based and child violence;,"The policy includes fostering local wisdom in handling gender-based and child violence as a form of community participation, which reflects engagement with customary/cultural mechanisms in implementation.",Reference only,,,Persisting error
JAWA TENGAH SUKOHARJO,JAWA_TENGAH_SUKOHARJO.txt,5.4,Education institutions engagement,stakeholder_engagement,No,Yes,0.0,1.0,false_positive,"g. conducting family and community preparation, economic empowerment, and return to school and/or other educational institutions.","The policy references return to school and/or other educational institutions as part of recovery and social reintegration efforts, indicating involvement of the education sector in service/reintegration pathways.",Reference only,,,New error
JAWA TENGAH SURAKARTA KOTA,JAWA_TENGAH_SURAKARTA_KOTA.txt,1.1,Domestic violence,scope_of_violence,Yes,No,1.0,0.0,false_negative,,"The provided sentences discuss violence against women generally and define household/domestic workers, but they do not explicitly mention domestic violence or violence occurring within the household/family as a distinct category.",Reference only,,,Persisting error
JAWA TENGAH SURAKARTA KOTA,JAWA_TENGAH_SURAKARTA_KOTA.txt,2.5,Training and capacity building,institutional_mechanism,Yes,No,1.0,0.0,false_negative,,"The retrieved sentences describe training and capacity building aimed at women’s empowerment (e.g., environmental training, skills/job training for women), but they do not require or provide training/capacity building for government officials, implementing agencies, or service providers responsible for implementing the protection/VAW policy.",Reference only,,,New error
JAWA TENGAH SURAKARTA KOTA,JAWA_TENGAH_SURAKARTA_KOTA.txt,3.8,Religious/spiritual counselling,specialised_support_services,Yes,No,1.0,0.0,false_negative,,"The candidate sentences reference religious leaders and religious institutions in prevention/coordination contexts, but do not specify religious or spiritual counselling/mentoring as a service available to victims.",Reference only,,,Persisting error
JAWA TENGAH SURAKARTA KOTA,JAWA_TENGAH_SURAKARTA_KOTA.txt,4.2,Gender equality education,primary_prevention,No,Yes,0.0,1.0,false_positive,b. conducting socialization regarding laws and regulations related to the protection of women's rights;,"The policy includes primary prevention through socialization regarding laws and regulations related to the protection of women’s rights, which constitutes educational/awareness activity about women’s rights (a core component of gender equality).",Reference only,,,Persisting error
JAWA TENGAH SURAKARTA KOTA,JAWA_TENGAH_SURAKARTA_KOTA.txt,5.3,Traditional/cultural engagement,stakeholder_engagement,Yes,No,1.0,0.0,false_negative,,"The candidate sentences mention community leaders and the culture sector generally, but they do not explicitly reference traditional/customary/cultural leaders, customary institutions, or customary/community dispute-resolution mechanisms as such.",Reference only,,,Persisting error
JAWA TENGAH TEMANGGUNG,JAWA_TENGAH_TEMANGGUNG.txt,1.9,Sexual slavery/exploitation,scope_of_violence,Yes,No,1.0,0.0,false_negative,,"While sexual violence is defined to include forced sexual intercourse (including for commercial purposes), the provided sentences do not explicitly address sexual exploitation or sexual slavery as such.",Reference only,,,Persisting error
JAWA TENGAH TEMANGGUNG,JAWA_TENGAH_TEMANGGUNG.txt,3.2,Police specialised service unit,specialised_support_services,Yes,No,1.0,0.0,false_negative,,"The text mentions providing special service rooms at police offices, but it does not establish or describe a specialised service unit within police offices dedicated to VAW victims.",Reference only,,,New error
JAWA TENGAH TEMANGGUNG,JAWA_TENGAH_TEMANGGUNG.txt,4.2,Gender equality education,primary_prevention,No,Yes,0.0,1.0,false_positive,b. conducting socialization of women's rights;,"The policy includes a primary prevention activity focused on women’s rights by requiring socialization of women’s rights, which constitutes awareness-raising/education related to women’s rights.",Reference only,,,Persisting error
JAWA TENGAH TEMANGGUNG,JAWA_TENGAH_TEMANGGUNG.txt,5.1,NGO collaboration,stakeholder_engagement,Yes,No,1.0,0.0,false_negative,,"The cited provisions refer broadly to “community,” “social organizations,” and participation by various groups, but none of the candidate sentences explicitly mention civil society organisations/NGOs or describe collaboration with NGOs for service delivery or prevention.",Reference only,,,New error
JAWA TENGAH TEMANGGUNG,JAWA_TENGAH_TEMANGGUNG.txt,6.8,Women in legal process,intersectional_approach,No,Yes,0.0,1.0,false_positive,"a. provide services and handling as quickly as possible to witnesses and/or Victims;
e. provision of special service rooms at Police Offices;","The policy provides protection-related efforts specifically for witnesses (and victims), including services/handling and special service rooms at police offices, indicating explicit services for women involved in legal processes as witnesses.",Reference only,,,Persisting error
JAWA TENGAH TEMANGGUNG,JAWA_TENGAH_TEMANGGUNG.txt,7.2,National government budget,budget_funding_sources,Yes,No,1.0,0.0,false_negative,,"The candidate sentences mention coordination with national ministries and laws, and refer generally to integrating gender responsive budgets, but they do not explicitly identify the national government budget as a funding source.",Reference only,,,Persisting error
JAWA TENGAH TEMANGGUNG,JAWA_TENGAH_TEMANGGUNG.txt,7.4,Other legal sources,budget_funding_sources,Yes,No,1.0,0.0,false_negative,,"While the text discusses legal protection and implementation in accordance with laws and regulations, it does not specify any funding/budget sources from other legal sources (e.g., private sector, community contributions, earmarked funds, or other non-governmental sources).",Reference only,,,Persisting error
JAWA TENGAH WONOGIRI,JAWA_TENGAH_WONOGIRI.txt,1.8,Human trafficking,scope_of_violence,No,Yes,0.0,1.0,false_positive,"Rape, sexual harassment, trafficking of women and children, domestic violence, sexual exploitation, violence against domestic workers, pornography, exploitation of migrant workers, and neglect, will apparently continue to be encountered in daily life, both in the domestic sphere (household) and public sphere.",The policy text explicitly references trafficking of women and children as part of the forms of violence encountered in daily life.,Reference only,,,New error
JAWA TENGAH WONOGIRI,JAWA_TENGAH_WONOGIRI.txt,2.3,Data collection systems,institutional_mechanism,No,Yes,0.0,1.0,false_positive,"Monitoring and Reporting as referred to in Article 10, includes monitoring, documentation and reporting of cases of gender-based violence and violence against children.","The policy explicitly includes monitoring, documentation, and reporting of cases of gender-based violence and violence against children, which constitutes a system/responsibility for recording and reporting case information.",Reference only,,,New error
JAWA TENGAH WONOGIRI,JAWA_TENGAH_WONOGIRI.txt,2.5,Training and capacity building,institutional_mechanism,No,Yes,0.0,1.0,false_positive,"(5) Guidance as referred to in paragraph (4) may be in the form of counseling guidance, skills guidance, paralegal training and operational technical guidance.
d. increase the capacity of service provider institutions;","The policy provides for guidance that may include paralegal training and operational technical guidance for participating social community organizations, and also authorizes the regional government to increase the capacity of service provider institutions, indicating capacity-building measures.",Reference only,,,Persisting error
JAWA TENGAH WONOGIRI,JAWA_TENGAH_WONOGIRI.txt,3.3,Reporting/hotline service,specialised_support_services,Yes,No,1.0,0.0,false_negative,,"The excerpts mention monitoring and reporting of cases and community reporting, but they do not establish a specific mechanism or service unit (e.g., hotline/complaint intake service) for receiving reports/complaints of violence.",Reference only,,,Persisting error
JAWA TENGAH WONOGIRI,JAWA_TENGAH_WONOGIRI.txt,4.4,Prevention through education,primary_prevention,No,Yes,0.0,1.0,false_positive,"a. conducting communication, information, and education about gender-based and child violence;","The policy explicitly lists education (as part of communication, information, and education) as a component of prevention efforts for gender-based and child violence, indicating education is an explicit prevention strategy.",Reference only,,,New error
JAWA TENGAH WONOGIRI,JAWA_TENGAH_WONOGIRI.txt,5.3,Traditional/cultural engagement,stakeholder_engagement,No,Yes,0.0,1.0,false_positive,c. fostering local wisdom in handling gender-based and child violence;,"The policy includes fostering local wisdom in handling gender-based and child violence, which constitutes engagement with customary/community cultural mechanisms in implementation.",Reference only,,,New error
JAWA TENGAH WONOGIRI,JAWA_TENGAH_WONOGIRI.txt,5.4,Education institutions engagement,stakeholder_engagement,No,Yes,0.0,1.0,false_positive,"f. conducting family and community preparation, economic empowerment, and return to school and/or other educational institutions.","The policy references return to school and/or other educational institutions as part of recovery and social reintegration, indicating involvement of the education sector in service/reintegration processes.",Reference only,,,New error
JAWA TENGAH WONOSOBO,JAWA_TENGAH_WONOSOBO.txt,2.5,Training and capacity building,institutional_mechanism,No,Yes,0.0,1.0,false_positive,"Regional Governments conduct guidance on social protection and implementation of social welfare for women and children, comprising:
c. Provision of counseling, guidance, supervision, and consultation;","The policy provides for government guidance in implementation, including the provision of counseling, guidance, supervision, and consultation, which constitutes capacity-building/technical guidance for implementation actors.",Reference only,,,New error
JAWA TENGAH WONOSOBO,JAWA_TENGAH_WONOSOBO.txt,3.3,Reporting/hotline service,specialised_support_services,No,Yes,0.0,1.0,false_positive,"a. receive, search for, collect and examine information or reports concerning criminal offenses;","The policy explicitly authorizes investigators to receive reports concerning criminal offenses, indicating a mechanism for receiving reports/complaints (though not necessarily a hotline).",Reference only,,,New error
JAWA TENGAH WONOSOBO,JAWA_TENGAH_WONOSOBO.txt,3.4,Safety/protection shelter,specialised_support_services,Yes,No,1.0,0.0,false_negative,,"The excerpts discuss protection, handling, recovery, and support in general terms but do not explicitly establish or identify a service unit that provides shelter/safe housing for women victims of violence.",Reference only,,,New error
JAWA TENGAH WONOSOBO,JAWA_TENGAH_WONOSOBO.txt,4.1,Information and education about VAW,primary_prevention,Yes,No,1.0,0.0,false_negative,,"The cited provisions state goals to eliminate violence and mention general prevention efforts and increasing awareness/resilience, but they do not specify information/awareness/communication/education activities explicitly aimed at preventing violence against women or protecting women from violence.",Reference only,,,New error
JAWA TENGAH WONOSOBO,JAWA_TENGAH_WONOSOBO.txt,4.4,Prevention through education,primary_prevention,Yes,No,1.0,0.0,false_negative,,"The cited sentences include broad prevention efforts and references to education standards and education/training services for women, but they do not explicitly frame education as a strategy to prevent violence against women or children.",Reference only,,,New error
JAWA TENGAH WONOSOBO,JAWA_TENGAH_WONOSOBO.txt,5.4,Education institutions engagement,stakeholder_engagement,No,Yes,0.0,1.0,false_positive,"The non-institutional system for handling street children can take the form of: drop-in centers, mobile child friend units, Islamic boarding schools, and so forth.","The policy includes Islamic boarding schools as part of the non-institutional system for handling street children, indicating engagement of an educational institution in service delivery/protection/prevention-related handling.",Reference only,,,Persisting error
JAWA TENGAH WONOSOBO,JAWA_TENGAH_WONOSOBO.txt,6.1,Women in conflict/disaster areas,intersectional_approach,Yes,No,1.0,0.0,false_negative,,"The retrieved sentences mention children in emergency situations and victims of social conflict, but do not specify any special protection measures targeted at women in conflict, disaster, emergency, or displacement situations.",Reference only,,,Persisting error
JAWA TENGAH WONOSOBO,JAWA_TENGAH_WONOSOBO.txt,6.3,Women workers,intersectional_approach,No,Yes,0.0,1.0,false_positive,"Every institution, both government and private, that provides public services or employs women is obligated to provide adequate facilities for the interests of women.","The policy imposes an obligation on institutions that employ women to provide adequate facilities for women, which is a specific measure related to women employees.",Reference only,,,Persisting error
JAWA TENGAH WONOSOBO,JAWA_TENGAH_WONOSOBO.txt,7.1,Local government budget,budget_funding_sources,No,Yes,0.0,1.0,false_positive,What is meant by facilities and infrastructure in this regulation is all facilities that are funded and obtained from the APBD and/or APBN to support social welfare functions.,"The text explicitly references facilities and infrastructure being funded/obtained from the APBD (regional/local government budget), indicating a local government budget source.",Reference only,,,Persisting error
JAWA TENGAH WONOSOBO,JAWA_TENGAH_WONOSOBO.txt,7.2,National government budget,budget_funding_sources,No,Yes,0.0,1.0,false_positive,What is meant by facilities and infrastructure in this regulation is all facilities that are funded and obtained from the APBD and/or APBN to support social welfare functions.,The text explicitly mentions APBN (national government budget) as a funding source for facilities and infrastructure supporting social welfare functions.,Reference only,,,Persisting error
JAWA TIMUR BANGKALAN,JAWA_TIMUR_BANGKALAN.txt,1.9,Sexual slavery/exploitation,scope_of_violence,Yes,No,1.0,0.0,false_negative,,"While sexual violence is defined, the candidate sentences do not explicitly include sexual exploitation or sexual slavery as distinct forms addressed by the policy.",Reference only,,,Persisting error
JAWA TIMUR BANGKALAN,JAWA_TIMUR_BANGKALAN.txt,3.9,Resocialisation services,specialised_support_services,Yes,No,1.0,0.0,false_negative,,"While the policy mentions handling up to rehabilitation in general terms, the provided candidate sentences do not identify a specific resocialisation/rehabilitation-reintegration service unit or clearly describe such services as a distinct service offering.",Reference only,,,New error
JAWA TIMUR BANGKALAN,JAWA_TIMUR_BANGKALAN.txt,4.4,Prevention through education,primary_prevention,No,Yes,0.0,1.0,false_positive,"Article 6 (1) The Regional Government has the obligation and responsibility to implement efforts to prevent the occurrence of violence, in the form of:
b. conducting education about anti-violence values toward women and children;","Education is explicitly listed as part of the Regional Government’s efforts to prevent the occurrence of violence, specifically through conducting education about anti-violence values toward women and children.",Reference only,,,Persisting error
JAWA TIMUR BANYUWANGI,JAWA_TIMUR_BANYUWANGI.txt,1.1,Domestic violence,scope_of_violence,Yes,No,1.0,0.0,false_negative,,"The provided sentences discuss violence against women and children generally (including physical, psychological, sexual violence, neglect, trafficking, and exploitation) and related services/standards, but none explicitly mention domestic violence or violence within the household/family context.",Reference only,,,New error
JAWA TIMUR BANYUWANGI,JAWA_TIMUR_BANYUWANGI.txt,1.5,Economic violence,scope_of_violence,Yes,No,1.0,0.0,false_negative,,"While the policy mentions restoring victims’ economic conditions and provides economic independence services, the candidate sentences do not explicitly identify economic violence/economic abuse or domestic neglect as a form of violence against women.",Reference only,,,New error
JAWA TIMUR BANYUWANGI,JAWA_TIMUR_BANYUWANGI.txt,4.1,Information and education about VAW,primary_prevention,No,Yes,0.0,1.0,false_positive,"(4) The implementation as referred to in paragraph (3) shall be in the form of: policy analysis, coordination, advocacy, socialization, communication, information and education (KIE), training, service facilitation, service provision, development of women and child protection models and other forms.","The policy explicitly includes implementation activities in the form of socialization, communication, and information and education (KIE), which are awareness/education measures tied to eliminating violence against women and protecting victims.",Reference only,,,Persisting error
JAWA TIMUR BANYUWANGI,JAWA_TIMUR_BANYUWANGI.txt,4.4,Prevention through education,primary_prevention,No,Yes,0.0,1.0,false_positive,"(4) The implementation as referred to in paragraph (3) shall be in the form of: policy analysis, coordination, advocacy, socialization, communication, information and education (KIE), training, service facilitation, service provision, development of women and child protection models and other forms.","The policy explicitly lists information and education (KIE) among the forms of implementation for policies/programs aimed at eliminating violence against women and protecting victims, indicating education is used as a strategy within prevention/response efforts.",Reference only,,,New error
JAWA TIMUR BANYUWANGI,JAWA_TIMUR_BANYUWANGI.txt,7.3,International donors,budget_funding_sources,No,Yes,0.0,1.0,false_positive,"(1) In implementing policies, programs, and activities for the protection of women and children victims of violence and human trafficking, the district government may cooperate with international institutions.","The policy states that the district government may cooperate with international institutions in implementing protection policies and activities, which constitutes explicit international support/engagement (even if not framed as direct donor funding).",Reference only,,,New error
JAWA TIMUR BLITAR,JAWA_TIMUR_BLITAR.txt,4.2,Gender equality education,primary_prevention,No,Yes,0.0,1.0,false_positive,"d. conducting socialization on violence prevention against women, as well as fulfillment of the rights of children and women.","The policy includes socialization activities linked not only to violence prevention against women but also to the fulfillment of the rights of children and women, which constitutes an educational/awareness-raising activity about women’s rights.",Reference only,,,Persisting error
JAWA TIMUR BLITAR,JAWA_TIMUR_BLITAR.txt,4.4,Prevention through education,primary_prevention,No,Yes,0.0,1.0,false_positive,"(1) Prevention services are all forms of services provided to the general public, especially women and children, both legally, socially, culturally and economically, which have an impact on increasing knowledge, skills and awareness so that they do not become victims and perpetrators of violence.
d. conducting socialization on violence prevention against women, as well as fulfillment of the rights of children and women.","The policy frames prevention services as increasing knowledge, skills, and awareness to prevent victimization/perpetration of violence and explicitly includes socialization on violence prevention against women, which functions as an educational strategy for prevention.",Reference only,,,New error
JAWA TIMUR BLITAR,JAWA_TIMUR_BLITAR.txt,6.1,Women in conflict/disaster areas,intersectional_approach,No,Yes,0.0,1.0,false_positive,"(1) The implementation of protection for women, children and families of victims of violence constitutes a comprehensive prevention system, covering protection against all forms of violence, trafficking of women and children, economic exploitation, sexual exploitation, maltreatment, neglect and or abandonment in all situations including women and children with disabilities, children of migrant worker families, children in conflict with the law, children in emergency situations and those vulnerable to becoming victims of violence.","The policy explicitly includes “children in emergency situations” within the comprehensive protection system for women and children, indicating coverage of emergency/disaster contexts for women (though not detailing conflict/displacement-specific measures beyond inclusion).",Reference only,,,Persisting error
JAWA TIMUR BLITAR KOTA,JAWA_TIMUR_BLITAR_KOTA.txt,7.3,International donors,budget_funding_sources,No,Yes,0.0,1.0,false_positive,"(1) The Implementation of Women's Empowerment and Protection of Women and Child Victims of Violence is realized, among others, through the establishment of integrated and networked UPT formed by Regional Governments, communities, non-governmental organizations, donor institutions or other institutions.","The policy explicitly references involvement of “donor institutions” in establishing integrated and networked service units, indicating international/donor support is contemplated.",Reference only,,,New error
JAWA TIMUR BOJONEGORO,JAWA_TIMUR_BOJONEGORO.txt,1.8,Human trafficking,scope_of_violence,No,Yes,0.0,1.0,false_positive,17. Presidential Decree Number 88 of 2002 concerning the National Action Plan (RAN) for the Elimination of Trafficking in Women and Children;,"The policy explicitly references a national action plan for the elimination of trafficking in women and children, indicating trafficking is included in the policy context.",Reference only,,,New error
JAWA TIMUR BOJONEGORO,JAWA_TIMUR_BOJONEGORO.txt,1.9,Sexual slavery/exploitation,scope_of_violence,Yes,No,1.0,0.0,false_negative,,"While sexual violence is defined, the provided sentences do not explicitly mention sexual exploitation or sexual slavery as such.",Reference only,,,New error
JAWA TIMUR BOJONEGORO,JAWA_TIMUR_BOJONEGORO.txt,4.4,Prevention through education,primary_prevention,No,Yes,0.0,1.0,false_positive,"(1) The Bojonegoro Regency Government has the obligation and responsibility to implement efforts to prevent the occurrence of violence in the form of:
b. conducting education on anti-violence values towards women and children;","The policy explicitly frames prevention efforts as including education, stating that the government must implement efforts to prevent violence and listing conducting education on anti-violence values toward women and children as one of those prevention measures.",Reference only,,,Persisting error
JAWA TIMUR JEMBER,JAWA_TIMUR_JEMBER.txt,1.8,Human trafficking,scope_of_violence,No,Yes,0.0,1.0,false_positive,"14. Special protection is protection given to children in emergency situations, children in conflict with the law, children from minority and isolated groups, children who are exploited economically and or sexually, children who are trafficked, children who are victims of narcotics, alcohol, psychotropic and other addictive substances (NAPZA) abuse, children victims of kidnapping, sale, trafficking, children victims of violence both physical and or mental, children with disabilities, and children victims of abuse and neglect.","The policy explicitly references children who are trafficked within the definition of special protection, indicating inclusion of trafficking.",Reference only,,,New error
JAWA TIMUR JEMBER,JAWA_TIMUR_JEMBER.txt,2.1,Institutional network,institutional_mechanism,No,Yes,0.0,1.0,false_positive,a. establishing and ensuring the operation of integrated service institutions for victims by involving community elements;,"The policy assigns the Regency Government responsibility to establish and ensure the operation of integrated service institutions for victims, explicitly involving community elements, which constitutes an institutional coordination mechanism supporting implementation of protection/response services.",Reference only,,,New error
JAWA TIMUR JEMBER,JAWA_TIMUR_JEMBER.txt,2.5,Training and capacity building,institutional_mechanism,No,Yes,0.0,1.0,false_positive,"(1) Guidance on the implementation of protection of Women and Children shall be carried out by the relevant Agency in accordance with their respective main duties and functions.
(2) Guidance as referred to in paragraph (1) shall be in the form of providing guidelines that include technical implementation of protection of Women and Children.","The policy provides for guidance on implementation by relevant agencies and specifies that such guidance includes providing guidelines with technical implementation, which constitutes technical guidance/capacity support for implementation.",Reference only,,,New error
JAWA TIMUR JEMBER,JAWA_TIMUR_JEMBER.txt,4.4,Prevention through education,primary_prevention,No,Yes,0.0,1.0,false_positive,"(1) The Regency Government is obligated and responsible to implement efforts to prevent the occurrence of violence, in the form of:
b. conducting education about anti-violence values towards women and children;","Education is explicitly listed as part of the Regency Government’s efforts to prevent the occurrence of violence, specifically through conducting education about anti-violence values toward women and children.",Reference only,,,Persisting error
JAWA TIMUR JEMBER,JAWA_TIMUR_JEMBER.txt,5.5,International organisations engagement,stakeholder_engagement,No,Yes,0.0,1.0,false_positive,"1. Obtain protection from the community and government as well as non-governmental institutions at the local, national and international levels.","The policy explicitly references protection from non-governmental institutions at local, national, and international levels, indicating engagement/recognition of international-level non-governmental actors as part of the protection framework.",Reference only,,,Persisting error
JAWA TIMUR JEMBER,JAWA_TIMUR_JEMBER.txt,5.6,Media engagement,stakeholder_engagement,No,Yes,0.0,1.0,false_positive,11. Obtain protection from disclosure of identity through mass media.,"The policy explicitly references mass media in relation to protecting victims’ identity, indicating recognition of media as a relevant stakeholder to be managed within protection/service delivery (confidentiality).",Reference only,,,New error
JAWA TIMUR JEMBER,JAWA_TIMUR_JEMBER.txt,7.5,Provincial government budget,budget_funding_sources,No,Yes,0.0,1.0,false_positive,"(3) Sources of funds in the implementation of protection for women and children are sourced from the State Budget (APBN), Provincial Budget (APBD), Regency Budget (APBD) as well as other legal and non-binding sources.","The policy explicitly lists the Provincial Budget (APBD) as a source of funds for implementing protection measures, covering provincial government budget funding.",Reference only,,,Persisting error
JAWA TIMUR JOMBANG,JAWA_TIMUR_JOMBANG.txt,1.5,Economic violence,scope_of_violence,Yes,No,1.0,0.0,false_negative,,"While the text mentions protection of citizens’ economic security in general terms, it does not explicitly identify economic violence, economic exploitation, or domestic neglect as a form of violence against women.",Reference only,,,New error
JAWA TIMUR JOMBANG,JAWA_TIMUR_JOMBANG.txt,1.9,Sexual slavery/exploitation,scope_of_violence,Yes,No,1.0,0.0,false_negative,,"Although sexual violence is defined, the candidate sentences do not explicitly include sexual exploitation or sexual slavery as specific forms addressed by the policy.",Reference only,,,Persisting error
JAWA TIMUR JOMBANG,JAWA_TIMUR_JOMBANG.txt,2.1,Institutional network,institutional_mechanism,No,Yes,0.0,1.0,false_positive,"The Implementation of Protection for victims is carried out in an integrated manner within the Integrated Service Center for the Protection of Women and Children (P2T-P2A).
(3) The implementation of obligations as referred to in paragraph (1) and paragraph (2), shall be technically implemented in an integrated manner by the relevant Regional Work Units.","The policy specifies that protection implementation is carried out in an integrated manner within P2T-P2A and that obligations are technically implemented in an integrated manner by relevant Regional Work Units, indicating an institutional coordination mechanism for implementation.",Reference only,,,New error
JAWA TIMUR JOMBANG,JAWA_TIMUR_JOMBANG.txt,3.2,Police specialised service unit,specialised_support_services,No,Yes,0.0,1.0,false_positive,"Paragraph (1) What is meant by fast, safe, empathetic, non-discriminatory, easily accessible and with guaranteed confidentiality in the handling/examination of women and children victims of acts of violence, victims are examined at the P2T-P2A Secretariat or the Women and Children Protection Unit (UPPA) Room, which is a special closed and comfortable room at the Police Unit, where women and children victims of Domestic Violence and violence or sexual harassment can report their cases safely to Policewomen who are empathetic, understanding and professional.","The policy describes examinations/reporting taking place in a Women and Children Protection Unit (UPPA) room at the police unit, a special closed and comfortable room where victims can report safely, indicating a specialised unit/service within police offices.",Reference only,,,Persisting error
JAWA TIMUR JOMBANG,JAWA_TIMUR_JOMBANG.txt,4.4,Prevention through education,primary_prevention,No,Yes,0.0,1.0,false_positive,"(1) The Regional Government has the obligation and responsibility to implement efforts to prevent the occurrence of violence against women and children in the form of:
a. conducting socialization regarding laws and regulations related to the implementation of protection for women and children victims of violence as well as anti-violence values against women and children;",The policy explicitly frames prevention efforts to include socialization (an educational/awareness strategy) about relevant laws/regulations and anti-violence values to prevent violence against women and children.,Reference only,,,New error
JAWA TIMUR LUMAJANG,JAWA_TIMUR_LUMAJANG.txt,1.9,Sexual slavery/exploitation,scope_of_violence,Yes,No,1.0,0.0,false_negative,,"While sexual violence is defined, the candidate sentences do not explicitly address sexual exploitation or sexual slavery as distinct concepts (e.g., exploitation/enslavement), beyond general references to sexual harassment/coercion.",Reference only,,,New error
JAWA TIMUR LUMAJANG,JAWA_TIMUR_LUMAJANG.txt,2.1,Institutional network,institutional_mechanism,No,Yes,0.0,1.0,false_positive,"11. Integrated Service Center, hereinafter abbreviated as PPT is an institution providing services to victims of violence, based in hospitals, managed jointly in the form of medical services (including medico-legal), psycho-social and legal services;
a. improving the quality of integrated service institutions for victims by involving community elements;","The policy defines an Integrated Service Center (PPT) as a jointly managed institution providing multi-sector services to victims, and assigns the Regency Government responsibility to improve the quality of integrated service institutions by involving community elements—together indicating an institutional coordination mechanism supporting implementation of protection/response.",Reference only,,,New error
JAWA TIMUR LUMAJANG,JAWA_TIMUR_LUMAJANG.txt,4.4,Prevention through education,primary_prevention,No,Yes,0.0,1.0,false_positive,"(1) The Regency Government has the obligation and responsibility to implement efforts to prevent the occurrence of violence, in the form of:
b. conducting education about anti-violence values toward women and children;","Education is explicitly listed as part of the Regency Government’s efforts to prevent the occurrence of violence, specifically through conducting education about anti-violence values toward women and children.",Reference only,,,Persisting error
JAWA TIMUR LUMAJANG,JAWA_TIMUR_LUMAJANG.txt,6.2,Women victims of trafficking,intersectional_approach,No,Yes,0.0,1.0,false_positive,"7. Sexual violence is an act in the form of sexual harassment, coercion of unnatural or unwanted sexual relations, coercion of sexual relations with others for commercial purposes and certain purposes;","The definition of sexual violence explicitly includes coercion of sexual relations with others for commercial purposes, which encompasses trafficking/exploitation-related harm, thereby bringing such cases within the regulation’s scope.",Reference only,,,New error
JAWA TIMUR MADIUN,JAWA_TIMUR_MADIUN.txt,1.8,Human trafficking,scope_of_violence,No,Yes,0.0,1.0,false_positive,17. Presidential Decree Number 88 of 2002 concerning National Action Plan (RAN) for the Elimination of Trafficking in Women and Children;,"The policy references a national action plan for the elimination of trafficking in women and children, indicating trafficking is included as a relevant issue in the policy context.",Reference only,,,New error
JAWA TIMUR MADIUN,JAWA_TIMUR_MADIUN.txt,1.9,Sexual slavery/exploitation,scope_of_violence,Yes,No,1.0,0.0,false_negative,,"While sexual violence is defined (including forced intercourse for commercial purposes), the provided sentences do not explicitly address sexual exploitation or sexual slavery as such.",Reference only,,,Persisting error
JAWA TIMUR MADIUN,JAWA_TIMUR_MADIUN.txt,4.4,Prevention through education,primary_prevention,No,Yes,0.0,1.0,false_positive,"(1) The Regional Government has the obligation and responsibility to implement efforts to prevent the occurrence of violence, in the form of:
b. conducting education on anti-violence values towards women and children;","Education is explicitly listed as part of the Regional Government’s efforts to prevent the occurrence of violence, specifically through conducting education on anti-violence values toward women and children.",Reference only,,,Persisting error
JAWA TIMUR MADIUN KOTA,JAWA_TIMUR_MADIUN_KOTA.txt,1.9,Sexual slavery/exploitation,scope_of_violence,Yes,No,1.0,0.0,false_negative,,"While sexual violence is defined (including forced sexual relations for commercial purposes), the candidate sentences do not explicitly address sexual exploitation or sexual slavery as such.",Reference only,,,Persisting error
JAWA TIMUR MADIUN KOTA,JAWA_TIMUR_MADIUN_KOTA.txt,2.5,Training and capacity building,institutional_mechanism,No,Yes,0.0,1.0,false_positive,"letter a Handling of reports/complaints of women and children victims of violence, with the main indicator being the coverage of women and children victims of violence who receive complaint handling by trained officers in integrated service units.
The health services referred to are services that include promotive, preventive, curative and rehabilitative aspects carried out by trained health workers, namely specialist doctors, doctors, dentists, nurses/midwives who have received training on medical management of violence against women and children victims of violence.","The policy includes service standards/indicators that require services to be delivered by trained officers and trained health workers, and specifies that health services are carried out by health workers who have received training, demonstrating training/capacity-building requirements for personnel involved in implementation/service delivery.",Reference only,,,New error
JAWA TIMUR MADIUN KOTA,JAWA_TIMUR_MADIUN_KOTA.txt,3.2,Police specialised service unit,specialised_support_services,No,Yes,0.0,1.0,false_positive,b. coverage of availability of women and children service units (UPPA) at Polda and Polres/ta;,"The policy includes an indicator on the availability of women and children service units (UPPA) at police offices (Polda and Polres/ta), implying a specialised unit within police structures for handling such cases.",Reference only,,,Persisting error
JAWA TIMUR MADIUN KOTA,JAWA_TIMUR_MADIUN_KOTA.txt,4.4,Prevention through education,primary_prevention,No,Yes,0.0,1.0,false_positive,b. conducting education about anti-violence values towards women and children;,The policy explicitly lists education about anti-violence values toward women and children as a means for the regional government to prevent the occurrence of violence against women and children.,Reference only,,,Persisting error
JAWA TIMUR MAGETAN,JAWA_TIMUR_MAGETAN.txt,4.2,Gender equality education,primary_prevention,No,Yes,0.0,1.0,false_positive,"Forms of critical education for women victims of violence consist of: training on gender equality and justice, education on reproductive health for women, and provision of understanding of laws and regulations in the field of protection of women and children.","The policy explicitly includes educational content on gender equality and justice as part of critical education for women victims of violence, which constitutes an educational activity about gender equality/women’s rights.",Reference only,,,Persisting error
JAWA TIMUR MAGETAN,JAWA_TIMUR_MAGETAN.txt,4.4,Prevention through education,primary_prevention,No,Yes,0.0,1.0,false_positive,f. providing critical education regarding the rights of women and children for the community.,"The policy explicitly lists providing critical education regarding the rights of women and children for the community as part of prevention efforts, making education an explicit prevention strategy.",Reference only,,,Persisting error
JAWA TIMUR MAGETAN,JAWA_TIMUR_MAGETAN.txt,5.2,Religious engagement,stakeholder_engagement,Yes,No,1.0,0.0,false_negative,,"The candidate sentences mention practicing/instilling religious values and providing spiritual guidance, but they do not explicitly include or assign roles to religious organisations, religious leaders, clergy, or other faith-based actors in implementation, coordination, prevention, or service delivery.",Reference only,,,Persisting error
JAWA TIMUR MAGETAN,JAWA_TIMUR_MAGETAN.txt,5.6,Media engagement,stakeholder_engagement,No,Yes,0.0,1.0,false_positive,"Point e Socialization can be carried out through mass media, electronic media, and direct outreach to the community.
e. maintaining the privacy and confidentiality of victims from all parties who have no interest, including coverage by mass media;","The policy explicitly mentions mass media/electronic media as channels for socialization and references mass media in relation to protecting victim privacy, indicating recognition of media as a relevant stakeholder/context in implementation.",Reference only,,,New error
JAWA TIMUR MAGETAN,JAWA_TIMUR_MAGETAN.txt,6.2,Women victims of trafficking,intersectional_approach,No,Yes,0.0,1.0,false_positive,"Letter e Exploitation referred to is caused by:
a. acts that exploit economically or sexually with the intention of benefiting oneself or others;
b. acts with or without the victim's consent including among others prostitution, forced labor or service, slavery or similar practices, oppression, extortion, exploitation of physical, sexual, reproductive organs, or unlawfully removing or transplanting organs and/or body tissues or exploiting the labor or ability of a person by another party to obtain material or immaterial benefits; and/or","The policy’s scope includes “exploitation” as a form of violence, explicitly listing practices such as prostitution, forced labor/service, slavery, and extortion, which are core elements associated with trafficking/exploitation; women victims are within the definition of victims covered by the regulation.",Reference only,,,New error
JAWA TIMUR MALANG KOTA,JAWA_TIMUR_MALANG_KOTA.txt,2.3,Data collection systems,institutional_mechanism,Yes,No,1.0,0.0,false_negative,,"While the text mentions building an accessible information system and reporting on service implementation, the provided sentences do not explicitly establish or assign responsibility for a system to collect/record/manage data on violence cases or victims (e.g., case documentation, databases, data exchange).",Reference only,,,New error
JAWA TIMUR PASURUAN,JAWA_TIMUR_PASURUAN.txt,1.1,Domestic violence,scope_of_violence,Yes,No,1.0,0.0,false_negative,,"The provided sentences define violence generally and discuss services for violence against women and children, but none explicitly mention domestic violence or violence within the household/family as a specific category.",Reference only,,,New error
JAWA TIMUR PASURUAN,JAWA_TIMUR_PASURUAN.txt,1.5,Economic violence,scope_of_violence,Yes,No,1.0,0.0,false_negative,,"While the text mentions exploitation and neglect (in relation to children) and women’s rights related to income/services, it does not explicitly frame economic violence, economic exploitation, or domestic neglect as a form of violence against women.",Reference only,,,New error
JAWA TIMUR PASURUAN,JAWA_TIMUR_PASURUAN.txt,1.6,Harmful practices,scope_of_violence,No,Yes,0.0,1.0,false_positive,"Furthermore, for the fate of children at that time, it seemed that there was absolutely no protection of the rights given, children born with female gender would be killed by being buried alive because they were considered a disgrace to their parents.","The explanatory section explicitly references female infanticide (girls being killed), which is a harmful practice affecting girls.",Reference only,,,New error
JAWA TIMUR PASURUAN,JAWA_TIMUR_PASURUAN.txt,3.10,Economic support,specialised_support_services,No,Yes,0.0,1.0,false_positive,"(4) PUSYAN GATRA is a form of integrated service unit, which functions as:
c. family economic business development center.","The policy establishes PUSYAN GATRA as an integrated service unit with a function as a family economic business development center, indicating an institutional service unit providing economic support/empowerment.",Reference only,,,New error
JAWA TIMUR PASURUAN,JAWA_TIMUR_PASURUAN.txt,4.4,Prevention through education,primary_prevention,No,Yes,0.0,1.0,false_positive,"a. conducting legal awareness education for the community, especially for women and children;","Education is explicitly listed as part of preventive efforts, through legal awareness education for the community (especially women and children) as a strategy within violence prevention efforts.",Reference only,,,Persisting error
JAWA TIMUR PASURUAN,JAWA_TIMUR_PASURUAN.txt,5.3,Traditional/cultural engagement,stakeholder_engagement,Yes,No,1.0,0.0,false_negative,,"The candidate sentences reference community participation and general social/cultural fields, but do not explicitly mention traditional/customary/cultural leaders, customary institutions, or customary dispute-resolution mechanisms in implementation, services, coordination, or protection.",Reference only,,,Persisting error
JAWA TIMUR PROBOLINGGO,JAWA_TIMUR_PROBOLINGGO.txt,2.3,Data collection systems,institutional_mechanism,Yes,No,1.0,0.0,false_negative,,"None of the provided candidate sentences for this criterion explicitly establish or assign responsibility for a data/information system on violence against women/children (e.g., collection, recording, reporting, management, exchange, or maintenance of such data).",Reference only,,,New error
JAWA TIMUR PROBOLINGGO,JAWA_TIMUR_PROBOLINGGO.txt,4.4,Prevention through education,primary_prevention,No,Yes,0.0,1.0,false_positive,c. providing education about the dangers of domestic violence;,"Education is explicitly listed as a prevention method, specifically through providing education about the dangers of domestic violence as part of the Regional Government’s prevention approach.",Reference only,,,Persisting error
JAWA TIMUR PROBOLINGGO,JAWA_TIMUR_PROBOLINGGO.txt,6.8,Women in legal process,intersectional_approach,No,Yes,0.0,1.0,false_positive,"(1) Women and children who are victims, witnesses and perpetrators of violence have the right to receive health examination services by Health Facilities in accordance with professional standards.","The policy explicitly includes women who are witnesses and perpetrators of violence as entitled to health examination services, which constitutes an explicit service provision for women involved in a legal process as witnesses/perpetrators.",Reference only,,,Persisting error
JAWA TIMUR PROBOLINGGO KOTA,JAWA_TIMUR_PROBOLINGGO_KOTA.txt,4.4,Prevention through education,primary_prevention,No,Yes,0.0,1.0,false_positive,b. conducting education on anti-violence values; and,"Education is explicitly listed as a form of prevention of violence (education on anti-violence values), making education an explicit prevention strategy.",Reference only,,,Persisting error
JAWA TIMUR PROBOLINGGO KOTA,JAWA_TIMUR_PROBOLINGGO_KOTA.txt,7.3,International donors,budget_funding_sources,No,Yes,0.0,1.0,false_positive,"d. conduct cooperation with the business sector, non-governmental institutions, private companies, Foundations, and other domestic institutions as well as international institutions, in accordance with the provisions of laws and regulations.","The policy explicitly allows cooperation with international institutions, which constitutes an explicit form of international support/assistance linkage for women’s protection measures.",Reference only,,,New error
JAWA TIMUR SAMPANG,JAWA_TIMUR_SAMPANG.txt,1.1,Domestic violence,scope_of_violence,Yes,No,1.0,0.0,false_negative,,"The provided sentences define violence against women/children and outline prevention/handling services, but they do not explicitly mention domestic violence or violence within the household/intimate partner context.",Reference only,,,Persisting error
JAWA TIMUR SAMPANG,JAWA_TIMUR_SAMPANG.txt,1.5,Economic violence,scope_of_violence,Yes,No,1.0,0.0,false_negative,,"While the text mentions neglect as part of violence against a child and discusses gender justice and empowerment, it does not explicitly identify economic violence/economic exploitation/domestic neglect as a form of violence against women.",Reference only,,,Persisting error
JAWA TIMUR SAMPANG,JAWA_TIMUR_SAMPANG.txt,1.9,Sexual slavery/exploitation,scope_of_violence,Yes,No,1.0,0.0,false_negative,,"Although sexual violence is defined, the provided sentences do not explicitly mention sexual exploitation or sexual slavery as distinct concepts.",Reference only,,,Persisting error
JAWA TIMUR SAMPANG,JAWA_TIMUR_SAMPANG.txt,3.4,Safety/protection shelter,specialised_support_services,Yes,No,1.0,0.0,false_negative,,"Although a 'Safe House' is defined, the provided sentences do not state that any service unit provides or operates shelter/safe house services for VAW victims.",Reference only,,,Persisting error
JAWA TIMUR SAMPANG,JAWA_TIMUR_SAMPANG.txt,3.10,Economic support,specialised_support_services,No,Yes,0.0,1.0,false_positive,c. an empowerment center for women and children.,"P2TP2A is described as functioning as an empowerment center for women and children, which implies provision of empowerment/support services that can include economic empowerment.",Reference only,,,New error
JAWA TIMUR SAMPANG,JAWA_TIMUR_SAMPANG.txt,4.4,Prevention through education,primary_prevention,No,Yes,0.0,1.0,false_positive,"a. conducting legal awareness education for the community, especially for women and children;
b. providing Communication, Information, and Education (IEC) materials related to prevention and handling of violence;","Education is explicitly included as part of prevention efforts through legal awareness education for the community, and through provision of Communication, Information, and Education (IEC) materials related to prevention and handling of violence.",Reference only,,,Persisting error
JAWA TIMUR SAMPANG,JAWA_TIMUR_SAMPANG.txt,5.3,Traditional/cultural engagement,stakeholder_engagement,Yes,No,1.0,0.0,false_negative,,"The candidate sentences refer broadly to community participation and service coordination but do not explicitly mention traditional/customary/cultural leaders, institutions, or customary mechanisms in implementation or dispute resolution.",Reference only,,,Persisting error
JAWA TIMUR SAMPANG,JAWA_TIMUR_SAMPANG.txt,6.3,Women workers,intersectional_approach,No,Yes,0.0,1.0,false_positive,17. Victim is a woman including Female Workers who work abroad and children who experience misery and/or suffering either directly or indirectly as a result of such violence.,"The definition of “Victim” explicitly includes women including female workers who work abroad, indicating women workers are a specifically recognized target group within the policy’s protection scope.",Reference only,,,Persisting error
JAWA TIMUR SITUBONDO,JAWA_TIMUR_SITUBONDO.txt,1.9,Sexual slavery/exploitation,scope_of_violence,Yes,No,1.0,0.0,false_negative,,"While sexual violence is defined (including forced intercourse for commercial purposes), the provided sentences do not explicitly address sexual exploitation or sexual slavery as such.",Reference only,,,New error
JAWA TIMUR SITUBONDO,JAWA_TIMUR_SITUBONDO.txt,4.4,Prevention through education,primary_prevention,No,Yes,0.0,1.0,false_positive,b. conducting education on anti-violence values; and,"Education is explicitly identified as a form of prevention, through “conducting education on anti-violence values,” which is an educational strategy to prevent violence against women and children.",Reference only,,,Persisting error
JAWA TIMUR SITUBONDO,JAWA_TIMUR_SITUBONDO.txt,6.2,Women victims of trafficking,intersectional_approach,Yes,No,1.0,0.0,false_negative,,"While the legal references list includes a law on trafficking in persons, the candidate sentences defining scope and services focus on violence against women and children generally and do not explicitly include trafficking victims within the policy’s scope or specify trafficking-related protections.",Reference only,,,Persisting error
JAWA TIMUR SITUBONDO,JAWA_TIMUR_SITUBONDO.txt,6.8,Women in legal process,intersectional_approach,No,Yes,0.0,1.0,false_positive,c. legal aid services to assist victims of violence in undergoing the judicial process;,"The policy includes legal aid services to assist victims of violence in undergoing the judicial process, which constitutes protection/services for women (as victims) involved in legal proceedings.",Reference only,,,New error
JAWA TIMUR SITUBONDO,JAWA_TIMUR_SITUBONDO.txt,6.11,Domestic workers,intersectional_approach,Yes,No,1.0,0.0,false_negative,,"Domestic workers are mentioned as a phenomenon (cases of violence dominated by women) needing attention, but the provided sentences do not set out specific protection measures targeted at domestic workers as a group.",Reference only,,,New error
JAWA TIMUR SUMENEP,JAWA_TIMUR_SUMENEP.txt,1.8,Human trafficking,scope_of_violence,No,Yes,0.0,1.0,false_positive,"9. Law Number 21 of 2007 concerning Eradication of the Criminal Act of Trafficking in Persons (State Gazette of the Republic of Indonesia Year 2007 Number 58, Supplement to the State Gazette Number 4720);","The policy text explicitly references a law concerning eradication of trafficking in persons, indicating inclusion of human trafficking within the policy’s referenced framework.",Reference only,,,Persisting error
JAWA TIMUR SUMENEP,JAWA_TIMUR_SUMENEP.txt,3.3,Reporting/hotline service,specialised_support_services,Yes,No,1.0,0.0,false_negative,,"While the policy describes integrated protection mechanisms and service types, none of the provided sentences explicitly mention a reporting/complaints intake mechanism, hotline, or service for receiving reports.",Reference only,,,Persisting error
JAWA TIMUR SUMENEP,JAWA_TIMUR_SUMENEP.txt,6.8,Women in legal process,intersectional_approach,No,Yes,0.0,1.0,false_positive,(3) The form of legal protection for Women and Child Victims of Violence as referred to in paragraph (1) consists of services and assistance to help victims undergo legal and judicial processes.,"The policy includes legal protection services and assistance to help victims undergo legal and judicial processes, which constitutes explicit provision of services related to engagement with the legal process.",Reference only,,,New error
JAWA TIMUR TRENGGALEK,JAWA_TIMUR_TRENGGALEK.txt,1.9,Sexual slavery/exploitation,scope_of_violence,No,Yes,0.0,1.0,false_positive,(1) Special protection for children who are exploited economically and/or sexually as referred to in Article 44 constitutes the obligation and responsibility of the Regional Government and society.,The policy explicitly includes sexual exploitation by providing special protection for children exploited economically and/or sexually.,Reference only,,,Persisting error
JAWA TIMUR TRENGGALEK,JAWA_TIMUR_TRENGGALEK.txt,4.4,Prevention through education,primary_prevention,No,Yes,0.0,1.0,false_positive,"To carry out prevention of domestic violence, the Regional Government is obliged to carry out tasks in the field of women's empowerment to implement preventive actions, among others, organizing communication, information, and education about preventing violence against women and children.","The policy explicitly frames communication, information, and education as part of preventive actions to prevent violence against women and children.",Reference only,,,Persisting error
JAWA TIMUR TRENGGALEK,JAWA_TIMUR_TRENGGALEK.txt,5.4,Education institutions engagement,stakeholder_engagement,No,Yes,0.0,1.0,false_positive,"Children in and around the school must be protected from acts of violence committed by teachers, school administrators or their friends within the school concerned, or other educational institutions.
What is meant by ""support for facilities and infrastructure"" includes, for example, schools, playgrounds, sports fields, places of worship, health centers, art buildings, recreation areas, breastfeeding rooms, childcare centers, and special detention centers for children.","The policy addresses protection in and around schools and explicitly references schools as part of supported facilities/infrastructure, indicating engagement of the education sector in protection-related implementation.",Reference only,,,Persisting error
JAWA TIMUR TRENGGALEK,JAWA_TIMUR_TRENGGALEK.txt,5.6,Media engagement,stakeholder_engagement,No,Yes,0.0,1.0,false_positive,"(2) The role of the community as referred to in paragraph (1) is carried out by individuals, child protection institutions, social community institutions, educational institutions, religious institutions, business entities, and mass media.
g. protection from disclosure of identity through mass media and to avoid labeling.","The policy explicitly recognizes mass media as a community actor in child protection and includes provisions related to protection from disclosure of identity through mass media, demonstrating media is addressed as a relevant stakeholder.",Reference only,,,Persisting error
JAWA TIMUR TRENGGALEK,JAWA_TIMUR_TRENGGALEK.txt,6.10,Refugee/forced displacement,intersectional_approach,No,Yes,0.0,1.0,false_positive,Special protection for children who become refugees as referred to in Article 45 letter a shall be implemented in accordance with the provisions of Laws and Regulations.,"The policy explicitly provides for special protection for children who become refugees, indicating that refugee/forced displacement situations are addressed (at least for children).",Reference only,,,New error
KALIMANTAN BARAT BENGKAYANG,KALIMANTAN_BARAT_BENGKAYANG.txt,1.8,Human trafficking,scope_of_violence,No,Yes,0.0,1.0,false_positive,"10. Special protection is protection given to children in emergency situations, children in conflict with the law, children from minority and isolated groups, children who are exploited economically and/or sexually, children who are trafficked, children who are victims of narcotics, alcohol, psychotropic, and other addictive substances (drugs) abuse, children victims of kidnapping, sale, trafficking, children victims of violence both physical and/or mental, children with disabilities, and children victims of maltreatment and neglect.","The policy explicitly references children who are trafficked and victims of trafficking within its definition of special protection, indicating trafficking is included.",Reference only,,,Persisting error
KALIMANTAN BARAT BENGKAYANG,KALIMANTAN_BARAT_BENGKAYANG.txt,1.9,Sexual slavery/exploitation,scope_of_violence,No,Yes,0.0,1.0,false_positive,"This matter is to provide understanding that every Citizen has the right to obtain a sense of security and freedom from all forms of violence, especially in the Household and those who potentially become victims are generally women, likewise acts of violence and exploitation against children.","The policy explicitly mentions “exploitation against children,” which encompasses sexual exploitation as a form of exploitation addressed by the regulation.",Reference only,,,Persisting error
KALIMANTAN BARAT BENGKAYANG,KALIMANTAN_BARAT_BENGKAYANG.txt,2.5,Training and capacity building,institutional_mechanism,No,Yes,0.0,1.0,false_positive,e. increase the capacity of service provider institutions;,"The policy authorizes the regional government to increase the capacity of service provider institutions, which constitutes an institutional capacity-building provision relevant to implementers/service providers.",Reference only,,,Persisting error
KALIMANTAN BARAT BENGKAYANG,KALIMANTAN_BARAT_BENGKAYANG.txt,4.4,Prevention through education,primary_prevention,No,Yes,0.0,1.0,false_positive,"c. organizing communication, information, and education about violence against women and children; and","Education is explicitly listed as part of prevention efforts through organizing communication, information, and education about violence against women and children, indicating education as a strategy to prevent such violence.",Reference only,,,Persisting error
KALIMANTAN BARAT KUBU RAYA,KALIMANTAN_BARAT_KUBU_RAYA.txt,1.10,Technology facilitated violence,scope_of_violence,No,Yes,0.0,1.0,false_positive,Paragraph a Threat of violence is any act against the law either directly or indirectly including through social media networks and communication devices.,"The policy explicitly recognizes threats of violence carried out through social media networks and communication devices, which constitutes technology-facilitated violence.",Reference only,,,New error
KALIMANTAN BARAT KUBU RAYA,KALIMANTAN_BARAT_KUBU_RAYA.txt,2.3,Data collection systems,institutional_mechanism,No,Yes,0.0,1.0,false_positive,"(1) The SKPD responsible for Women's Empowerment implements the information system and submits reports on the implementation of women's protection to the Regent.
(2) Further provisions regarding the information system and reporting as referred to in paragraph (1) shall be regulated by Regent Regulation.","The policy establishes an information system and reporting function and assigns responsibility to the SKPD responsible for Women's Empowerment to implement the system and submit reports, with further provisions to be regulated.",Reference only,,,Persisting error
KALIMANTAN BARAT KUBU RAYA,KALIMANTAN_BARAT_KUBU_RAYA.txt,4.2,Gender equality education,primary_prevention,No,Yes,0.0,1.0,false_positive,c. conducting independent socialization of women's rights;,"The policy explicitly mentions community participation in the form of independent socialization of women's rights, which is an educational/awareness activity directly related to women's rights (and thus aligned with gender equality education).",Reference only,,,New error
KALIMANTAN BARAT KUBU RAYA,KALIMANTAN_BARAT_KUBU_RAYA.txt,4.4,Prevention through education,primary_prevention,No,Yes,0.0,1.0,false_positive,"e. providing education for women victims of violence including access to employment opportunities; and
f. through complete and easily accessible communication, information and education media.","Within the listed prevention efforts, the policy explicitly includes providing education and using communication, information and education media as part of violence prevention, making education an explicit prevention strategy.",Reference only,,,New error
KALIMANTAN BARAT KUBU RAYA,KALIMANTAN_BARAT_KUBU_RAYA.txt,6.2,Women victims of trafficking,intersectional_approach,No,Yes,0.0,1.0,false_positive,"b. actions with or without the consent of the victim which include but are not limited to prostitution, forced labor or services, slavery or similar practices, oppression, extortion, utilization of physical, sexual, reproductive organs, or unlawfully removing or transplanting organs and/or body tissues or exploiting the labor or capabilities of a person by other parties to obtain benefits both material and immaterial.","The policy defines exploitation to include practices such as prostitution, forced labor/services, slavery or similar practices, and other coercive exploitation, which aligns with trafficking-related harms and thus includes women victims of trafficking/exploitation within scope.",Reference only,,,New error
KALIMANTAN BARAT KUBU RAYA,KALIMANTAN_BARAT_KUBU_RAYA.txt,6.3,Women workers,intersectional_approach,Yes,No,1.0,0.0,false_negative,,"While the policy mentions certain worker categories (e.g., home-based workers, domestic workers, migrant workers) as vulnerable groups, the provided sentences do not explicitly establish protection or special measures for women workers/employees as a distinct target group.",Reference only,,,New error
KALIMANTAN BARAT KUBU RAYA,KALIMANTAN_BARAT_KUBU_RAYA.txt,6.4,Elderly women,intersectional_approach,Yes,No,1.0,0.0,false_negative,,"The text defines “Elderly Women” and lists elderly among vulnerable groups, but the provided sentences do not specify any special protection measures targeted specifically at elderly women beyond general protections.",Reference only,,,New error
KALIMANTAN BARAT KUBU RAYA,KALIMANTAN_BARAT_KUBU_RAYA.txt,6.5,People with disability,intersectional_approach,Yes,No,1.0,0.0,false_negative,,"The policy defines women with disabilities and includes persons with disabilities among vulnerable groups, but the provided sentences do not describe specific protection measures tailored to women with disabilities or people with disabilities.",Reference only,,,New error
KALIMANTAN BARAT KUBU RAYA,KALIMANTAN_BARAT_KUBU_RAYA.txt,6.6,Women heads of household,intersectional_approach,Yes,No,1.0,0.0,false_negative,,"Female heads of household are listed among vulnerable groups, but the provided sentences do not set out any special protection measures specifically targeted at women heads of household/families.",Reference only,,,New error
KALIMANTAN BARAT KUBU RAYA,KALIMANTAN_BARAT_KUBU_RAYA.txt,6.11,Domestic workers,intersectional_approach,Yes,No,1.0,0.0,false_negative,,"Domestic workers are listed among vulnerable groups, but the provided sentences do not specify any special protection measures targeted specifically at domestic workers.",Reference only,,,New error
KALIMANTAN BARAT KUBU RAYA,KALIMANTAN_BARAT_KUBU_RAYA.txt,6.12,Women experiencing homelessness,intersectional_approach,Yes,No,1.0,0.0,false_negative,,"Homeless women are included in the list of vulnerable groups, but the provided sentences do not describe any special protection measures specifically targeted at women experiencing homelessness.",Reference only,,,New error
KALIMANTAN BARAT KUBU RAYA,KALIMANTAN_BARAT_KUBU_RAYA.txt,6.13,Formerly incarcerated women,intersectional_approach,Yes,No,1.0,0.0,false_negative,,"Former inmates of correctional institutions are listed among vulnerable groups, but the provided sentences do not provide specific protection measures targeted at formerly incarcerated women.",Reference only,,,New error
KALIMANTAN BARAT MELAWI,KALIMANTAN_BARAT_MELAWI.txt,1.10,Technology facilitated violence,scope_of_violence,No,Yes,0.0,1.0,false_positive,Sufficiently clear Sufficiently clear Sufficiently clear Sufficiently clear Sufficiently clear Sufficiently clear Sufficiently clear Sufficiently clear Sufficiently clear Sufficiently clear Sufficiently clear Sufficiently clear Sufficiently clear Sufficiently clear Sufficiently clear Sufficiently clear Letter a Threat of violence is any act unlawfully either directly or indirectly including through social media networks and communication devices.,"The candidate sentences explicitly mention threats of violence occurring through social media networks and communication devices, indicating inclusion of technology-facilitated violence.",Reference only,,,New error
KALIMANTAN BARAT MELAWI,KALIMANTAN_BARAT_MELAWI.txt,3.7,Psychosocial counselling,specialised_support_services,Yes,No,1.0,0.0,false_negative,,"The candidate sentences discuss psychological violence and include health/medical rehabilitation and social rehabilitation services, but they do not explicitly mention psychosocial or psychological counselling services (e.g., counseling/therapy) as a service available to victims.",Reference only,,,Persisting error
KALIMANTAN BARAT MELAWI,KALIMANTAN_BARAT_MELAWI.txt,4.2,Gender equality education,primary_prevention,No,Yes,0.0,1.0,false_positive,c. conducting independent socialization of women's rights;,"The policy includes an educational/awareness activity specifically about women's rights through community participation in conducting independent socialization of women's rights, which aligns with primary prevention education on women's rights.",Reference only,,,Persisting error
KALIMANTAN BARAT MELAWI,KALIMANTAN_BARAT_MELAWI.txt,4.4,Prevention through education,primary_prevention,No,Yes,0.0,1.0,false_positive,"e. providing education for women victims of violence;
f. through Communication, Information and Education (KIE) media.","The policy lists providing education for women victims of violence and using Communication, Information and Education (KIE) media as part of prevention efforts, making education an explicit strategy linked to preventing violence against women.",Reference only,,,Persisting error
KALIMANTAN BARAT MELAWI,KALIMANTAN_BARAT_MELAWI.txt,6.1,Women in conflict/disaster areas,intersectional_approach,Yes,No,1.0,0.0,false_negative,,"The candidate sentences describe general protection for women victims of violence and define services (e.g., safe house), but they do not specify any special protection measures targeted at women specifically in conflict, disaster, emergency, or displacement situations.",Reference only,,,Persisting error
KALIMANTAN BARAT MELAWI,KALIMANTAN_BARAT_MELAWI.txt,6.2,Women victims of trafficking,intersectional_approach,No,Yes,0.0,1.0,false_positive,"a. actions that exploit women economically or sexually with the intention of benefiting oneself or others.
b. actions with or without the consent of the victim which include but are not limited to prostitution, forced labor or services, slavery or similar practices, oppression, extortion, utilization of physical, sexual, reproductive organs, or unlawfully removing or transplanting organs and/or body tissues or exploiting the labor or capabilities of a person by another party to obtain benefits both material and immaterial.","The policy explicitly includes exploitation of women (economic/sexual), including forced labor/services and slavery-like practices, which are core elements of trafficking/exploitation and therefore brings women victims of trafficking within scope.",Reference only,,,New error
KALIMANTAN BARAT MELAWI,KALIMANTAN_BARAT_MELAWI.txt,6.3,Women workers,intersectional_approach,Yes,No,1.0,0.0,false_negative,,"While the text mentions categories such as home-based workers, domestic workers, and Indonesian migrant workers in an explanatory list, it does not set out explicit protection measures or special provisions specifically for women workers/employees as a target group.",Reference only,,,New error
KALIMANTAN BARAT MELAWI,KALIMANTAN_BARAT_MELAWI.txt,6.4,Elderly women,intersectional_approach,Yes,No,1.0,0.0,false_negative,,"The policy defines “Elderly Women” and mentions “the elderly” in a list of vulnerable groups, but the candidate sentences do not describe any special protection measures specifically targeted at elderly women.",Reference only,,,New error
KALIMANTAN BARAT MELAWI,KALIMANTAN_BARAT_MELAWI.txt,6.5,People with disability,intersectional_approach,Yes,No,1.0,0.0,false_negative,,"The policy defines “Women with Disabilities,” but the candidate sentences do not provide any specific protection measures or tailored services targeted at women with disabilities/people with disabilities.",Reference only,,,New error
KALIMANTAN BARAT MELAWI,KALIMANTAN_BARAT_MELAWI.txt,6.6,Women heads of household,intersectional_approach,Yes,No,1.0,0.0,false_negative,,"Although “female heads of household” appear in a list of vulnerable groups, the candidate sentences do not specify any special protection measures targeted at women heads of household/families.",Reference only,,,New error
KALIMANTAN BARAT MELAWI,KALIMANTAN_BARAT_MELAWI.txt,6.11,Domestic workers,intersectional_approach,Yes,No,1.0,0.0,false_negative,,"“Domestic workers” are mentioned in a list of vulnerable groups, but the candidate sentences do not set out any special protection measures specifically targeted at domestic workers.",Reference only,,,New error
KALIMANTAN BARAT MELAWI,KALIMANTAN_BARAT_MELAWI.txt,6.12,Women experiencing homelessness,intersectional_approach,Yes,No,1.0,0.0,false_negative,,"“The homeless” are mentioned in a list of vulnerable groups, but the candidate sentences do not provide any special protection measures specifically targeted at women experiencing homelessness.",Reference only,,,New error
KALIMANTAN BARAT MELAWI,KALIMANTAN_BARAT_MELAWI.txt,6.13,Formerly incarcerated women,intersectional_approach,Yes,No,1.0,0.0,false_negative,,"“Former inmates of correctional institutions” are mentioned in a list of vulnerable groups, but the candidate sentences do not specify any special protection measures targeted at formerly incarcerated women.",Reference only,,,New error
KALIMANTAN BARAT SAMBAS,KALIMANTAN_BARAT_SAMBAS.txt,1.1,Domestic violence,scope_of_violence,Yes,No,1.0,0.0,false_negative,,"The candidate sentences list several forms of violence (including domestic neglect) and discuss prevention and education related to elimination of domestic violence, but they do not explicitly state that the policy includes or defines domestic violence itself within the provided excerpts for this criterion.",Reference only,,,New error
KALIMANTAN BARAT SAMBAS,KALIMANTAN_BARAT_SAMBAS.txt,4.2,Gender equality education,primary_prevention,No,Yes,0.0,1.0,false_positive,"Forms of critical education for women victims of violence consist of: training on gender equality and justice, education on reproductive health for women, and providing understanding of laws and regulations on the Elimination of Domestic Violence.
Point e Critical education for women victims of violence is an effort to build women's awareness about their rights.",The policy specifies critical education to build women’s awareness of their rights and explicitly lists training on gender equality and justice as a form of such education.,Reference only,,,Persisting error
KALIMANTAN BARAT SAMBAS,KALIMANTAN_BARAT_SAMBAS.txt,4.4,Prevention through education,primary_prevention,No,Yes,0.0,1.0,false_positive,"e. providing critical education about the rights of Women and Children from acts of violence; and
Forms of critical education for women victims of violence consist of: training on gender equality and justice, education on reproductive health for women, and providing understanding of laws and regulations on the Elimination of Domestic Violence.","Education is explicitly included as a prevention strategy through the provision of critical education about rights from acts of violence, with specified educational content (including gender equality and justice training and legal understanding) aimed at preventing repeated victimization.",Reference only,,,Persisting error
KALIMANTAN BARAT SAMBAS,KALIMANTAN_BARAT_SAMBAS.txt,5.6,Media engagement,stakeholder_engagement,No,Yes,0.0,1.0,false_positive,"Point d Socialization can be carried out through mass media, electronic media, and direct counseling to the community.",The policy explicitly recognizes the media as a channel for prevention-related socialization by stating that socialization can be carried out through mass media and electronic media.,Reference only,,,New error
KALIMANTAN BARAT SAMBAS,KALIMANTAN_BARAT_SAMBAS.txt,5.8,Private sector engagement,stakeholder_engagement,Yes,No,1.0,0.0,false_negative,,"The candidate sentences do not explicitly mention businesses, employers, companies, or the private sector as stakeholders in prevention, protection, or services.",Reference only,,,Persisting error
KALIMANTAN BARAT SAMBAS,KALIMANTAN_BARAT_SAMBAS.txt,6.2,Women victims of trafficking,intersectional_approach,No,Yes,0.0,1.0,false_positive,"a. actions that exploit women and children economically or sexually with the intention of benefiting oneself or others;
b. actions with or without the consent of the victim which include but are not limited to prostitution, forced labor or services, slavery or similar practices, oppression, extortion, exploitation of physical, sexual, reproductive organs, or unlawfully removing or transplanting organs and/or body tissues or exploiting the labor or capabilities of a person by other parties to obtain benefits both material and immaterial;","The policy explicitly includes exploitation of women and children (including prostitution, forced labor/services, slavery or similar practices, and other exploitative acts), which falls within trafficking/exploitation-related harms and thus brings women victims of trafficking/exploitation within scope.",Reference only,,,New error
KALIMANTAN BARAT SANGGAU,KALIMANTAN_BARAT_SANGGAU.txt,1.8,Human trafficking,scope_of_violence,No,Yes,0.0,1.0,false_positive,"5. Law Number 21 of 2017 concerning the Eradication of the Criminal Act of Human Trafficking (State Gazette of the Republic of Indonesia of 2007 Number 58, Supplement to the State Gazette of the Republic of Indonesia Number 4720);","The policy explicitly references the law concerning the eradication of the criminal act of human trafficking, indicating trafficking in persons is included/recognized.",Reference only,,,New error
KALIMANTAN BARAT SANGGAU,KALIMANTAN_BARAT_SANGGAU.txt,1.10,Technology facilitated violence,scope_of_violence,No,Yes,0.0,1.0,false_positive,"Letter a Threat of violence, namely any act unlawfully either directly or indirectly including through social media networks and communication devices.","The policy explicitly includes threats of violence carried out indirectly, including through social media networks and communication devices, which constitutes technology-facilitated violence.",Reference only,,,New error
KALIMANTAN BARAT SANGGAU,KALIMANTAN_BARAT_SANGGAU.txt,4.2,Gender equality education,primary_prevention,No,Yes,0.0,1.0,false_positive,c. conducting independent socialization of women's rights;,"The policy includes community participation in the form of independent socialization of women's rights, which is an educational/awareness activity related to women's rights (a core element of gender equality education).",Reference only,,,Persisting error
KALIMANTAN BARAT SANGGAU,KALIMANTAN_BARAT_SANGGAU.txt,4.4,Prevention through education,primary_prevention,No,Yes,0.0,1.0,false_positive,"e. providing information regarding the Protection of Women from acts of Violence through communication, information and education (KIE) media.","The policy explicitly includes providing information through communication, information and education (KIE) media as part of efforts to prevent violence against women, making education an explicit prevention strategy.",Reference only,,,New error
KALIMANTAN BARAT SANGGAU,KALIMANTAN_BARAT_SANGGAU.txt,6.2,Women victims of trafficking,intersectional_approach,No,Yes,0.0,1.0,false_positive,"e. exploitation; and/or
b. actions with or without the consent of the Victim which include but are not limited to prostitution, forced labor or services, slavery or similar practices, oppression, extortion, exploitation of physical, sexual, reproductive organs, or unlawfully removing or transplanting organs and/or body tissues or exploiting the labor or capabilities of a person by other parties to obtain benefits both material and immaterial; and/or","The policy’s definition of violence against women explicitly includes exploitation, and the elaboration of exploitation includes practices commonly associated with trafficking (e.g., forced labor/services, slavery or similar practices, prostitution), thereby covering women victims of trafficking/exploitation within scope.",Reference only,,,New error
KALIMANTAN BARAT SINGKAWANG KOTA,KALIMANTAN_BARAT_SINGKAWANG_KOTA.txt,1.6,Harmful practices,scope_of_violence,Yes,No,1.0,0.0,false_negative,,"None of the candidate sentences explicitly mention harmful practices such as early/child marriage, female genital mutilation, honour crimes, or female infanticide.",Reference only,,,Persisting error
KALIMANTAN BARAT SINGKAWANG KOTA,KALIMANTAN_BARAT_SINGKAWANG_KOTA.txt,4.4,Prevention through education,primary_prevention,No,Yes,0.0,1.0,false_positive,"(1) For the prevention of acts of violence against women, the Regional Government shall conduct empowerment and awareness-raising to families and communities by providing information, guidance and/or counseling.
e. providing education for victims of violence and vulnerable groups;","Education/information provision is included as an explicit prevention approach: the policy requires awareness-raising by providing information/guidance/counseling to prevent violence against women, and lists providing education for victims of violence and vulnerable groups within prevention and protection efforts.",Reference only,,,Persisting error
KALIMANTAN BARAT SINGKAWANG KOTA,KALIMANTAN_BARAT_SINGKAWANG_KOTA.txt,5.3,Traditional/cultural engagement,stakeholder_engagement,Yes,No,1.0,0.0,false_negative,,"The candidate sentences refer to community participation, community leaders, and community institutions generally, but do not explicitly mention traditional/customary/cultural leaders, customary institutions, or customary dispute-resolution mechanisms.",Reference only,,,Persisting error
KALIMANTAN BARAT SINGKAWANG KOTA,KALIMANTAN_BARAT_SINGKAWANG_KOTA.txt,6.5,People with disability,intersectional_approach,Yes,No,1.0,0.0,false_negative,,"The cited disability-related measures concern children with disabilities (e.g., special needs fulfillment and inclusive/special education) and do not specify special protection measures targeted at women with disabilities or people with disabilities generally in the context of women’s protection.",Reference only,,,Persisting error
KALIMANTAN BARAT SINGKAWANG KOTA,KALIMANTAN_BARAT_SINGKAWANG_KOTA.txt,6.10,Refugee/forced displacement,intersectional_approach,No,Yes,0.0,1.0,false_positive,Special protection for children who become refugees as referred to in Article 43 letter a shall be implemented in accordance with the provisions of Laws and Regulations.,"The policy includes special protection for children who become refugees, indicating that refugee status is explicitly covered by special protection measures (even though framed for children).",Reference only,,,New error
KALIMANTAN BARAT SINTANG,KALIMANTAN_BARAT_SINTANG.txt,1.5,Economic violence,scope_of_violence,Yes,No,1.0,0.0,false_negative,,"While the policy mentions impacts on “economic” security and includes economic empowerment/independence services, the candidate sentences do not explicitly identify economic violence, economic exploitation, or domestic neglect as a form of violence against women.",Reference only,,,New error
KALIMANTAN BARAT SINTANG,KALIMANTAN_BARAT_SINTANG.txt,1.9,Sexual slavery/exploitation,scope_of_violence,Yes,No,1.0,0.0,false_negative,,"Although sexual violence is defined broadly, the candidate sentences do not explicitly include sexual exploitation or sexual slavery as such.",Reference only,,,New error
KALIMANTAN BARAT SINTANG,KALIMANTAN_BARAT_SINTANG.txt,2.2,Collaboration with NGOs,institutional_mechanism,Yes,No,1.0,0.0,false_negative,,"While the policy references involving community elements and mentions non-governmental institutions in a general rights context, the provided sentences do not explicitly establish a collaboration/cooperation mechanism with NGOs or other non-government service providers.",Reference only,,,Persisting error
KALIMANTAN BARAT SINTANG,KALIMANTAN_BARAT_SINTANG.txt,2.5,Training and capacity building,institutional_mechanism,No,Yes,0.0,1.0,false_positive,"(1) Guidance on the implementation of protection for women and children shall be carried out by relevant Agencies in accordance with their respective main duties and functions.
(2) Guidance as referred to in paragraph (1) shall be in the form of providing guidelines that include technical implementation of protection for women and children.","The policy provides for guidance on implementation by relevant agencies and specifies that such guidance includes technical implementation guidelines, which constitutes technical guidance/capacity support for implementers.",Reference only,,,New error
KALIMANTAN BARAT SINTANG,KALIMANTAN_BARAT_SINTANG.txt,4.4,Prevention through education,primary_prevention,No,Yes,0.0,1.0,false_positive,"Obligations and Responsibilities of Regional Government Article 7 (1) The Regional Government has the obligation and responsibility to implement efforts to prevent the occurrence of violence in the form of:
b. implementing education about anti-violence values towards women and children;","Education is explicitly listed as part of the regional government’s prevention efforts, including implementing education about anti-violence values toward women and children, making education an explicit strategy for preventing violence.",Reference only,,,Persisting error
KALIMANTAN BARAT SINTANG,KALIMANTAN_BARAT_SINTANG.txt,5.5,International organisations engagement,stakeholder_engagement,No,Yes,0.0,1.0,false_positive,"a. obtain protection from the community and government as well as non-governmental institutions at the local, national and international levels;","The policy states that victims have the right to protection from non-governmental institutions at local, national, and international levels, which implies engagement/availability of international non-governmental support.",Reference only,,,Persisting error
KALIMANTAN BARAT SINTANG,KALIMANTAN_BARAT_SINTANG.txt,5.6,Media engagement,stakeholder_engagement,No,Yes,0.0,1.0,false_positive,"k. obtain protection from the publication of identity through mass media.
g. maintaining the privacy and confidentiality of victims from all parties who have no interest, including coverage by mass media;","The policy explicitly references mass media in relation to protecting victims’ identities and confidentiality, recognising media as a relevant stakeholder to be managed/considered in protection and service delivery.",Reference only,,,New error
KALIMANTAN SELATAN BALANGAN,KALIMANTAN_SELATAN_BALANGAN.txt,1.5,Economic violence,scope_of_violence,Yes,No,1.0,0.0,false_negative,,"While the policy mentions neglect and provides economic empowerment support for victims, the candidate sentences do not explicitly define or include economic violence/economic exploitation as a form of violence against women (beyond general neglect).",Reference only,,,New error
KALIMANTAN SELATAN BALANGAN,KALIMANTAN_SELATAN_BALANGAN.txt,1.9,Sexual slavery/exploitation,scope_of_violence,Yes,No,1.0,0.0,false_negative,,"The candidate sentences mention sexual violence and “exploitation and human trafficking,” but do not explicitly reference sexual exploitation or sexual slavery as distinct concepts.",Reference only,,,New error
KALIMANTAN SELATAN BALANGAN,KALIMANTAN_SELATAN_BALANGAN.txt,3.8,Religious/spiritual counselling,specialised_support_services,No,Yes,0.0,1.0,false_positive,(2) Improving life resilience as referred to in paragraph (1) by providing guidance and assistance for mental spiritual strengthening in the form of religious knowledge.,"The policy provides for mental-spiritual strengthening through guidance and assistance in the form of religious knowledge for victims, which is faith-based psychosocial support.",Reference only,,,Persisting error
KALIMANTAN SELATAN BALANGAN,KALIMANTAN_SELATAN_BALANGAN.txt,4.1,Information and education about VAW,primary_prevention,No,Yes,0.0,1.0,false_positive,"d. increasing the role of mass media in providing dissemination and information on protection of women and children;
e. counseling or socialization of laws and regulations related to protection of women and children on a regular basis;","The policy includes prevention measures that explicitly involve dissemination of information via mass media and regular counseling/socialization of laws and regulations related to protection of women and children, which are awareness/education activities aimed at preventing violence and protecting women and children.",Reference only,,,Persisting error
KALIMANTAN SELATAN BALANGAN,KALIMANTAN_SELATAN_BALANGAN.txt,4.4,Prevention through education,primary_prevention,No,Yes,0.0,1.0,false_positive,e. counseling or socialization of laws and regulations related to protection of women and children on a regular basis;,"The prevention chapter lists early prevention efforts that include counseling or socialization of laws and regulations related to protection of women and children, indicating education/socialization is an explicit strategy used for prevention.",Reference only,,,New error
KALIMANTAN SELATAN BALANGAN,KALIMANTAN_SELATAN_BALANGAN.txt,5.4,Education institutions engagement,stakeholder_engagement,No,Yes,0.0,1.0,false_positive,"Article 12 The membership of the Integrated Service Center for the Empowerment of Women and Children (P2TP2A) consists of elements from relevant agencies, vertical institutions, law enforcement, community organizations, non-governmental organizations, researchers, academics and religious figures, customary figures, community figures and activists for the protection of women and children in the region.","The policy explicitly includes academics among the membership elements of the integrated service center, indicating engagement of the education/academic sector in implementation/coordination.",Reference only,,,Persisting error
KALIMANTAN SELATAN BARITO KUALA,KALIMANTAN_SELATAN_BARITO_KUALA.txt,3.8,Religious/spiritual counselling,specialised_support_services,Yes,No,1.0,0.0,false_negative,,"Although the policy references SKPD fields including 'mental and spiritual' and mentions religious leaders as possible assistants, it does not explicitly state that religious/spiritual counselling or guidance is provided as a service to victims.",Reference only,,,Persisting error
KALIMANTAN SELATAN HULU SUNGAI SELATAN,KALIMANTAN_SELATAN_HULU_SUNGAI_SELATAN.txt,2.3,Data collection systems,institutional_mechanism,Yes,No,1.0,0.0,false_negative,,"The candidate sentences mention transparency, reporting, monitoring, evaluation, and an information system in general terms, but they do not explicitly establish or assign responsibility for a system to collect/document/record/manage/exchange data specifically on violence against women/children cases or victims.",Reference only,,,New error
KALIMANTAN SELATAN HULU SUNGAI SELATAN,KALIMANTAN_SELATAN_HULU_SUNGAI_SELATAN.txt,4.3,VAW laws awareness,primary_prevention,No,Yes,0.0,1.0,false_positive,"e. disseminating information about laws and regulations related to acts of violence against women and children.
3) conducting socialization of laws and regulations related to the implementation of protection of women and children victims of violence; and",The policy includes primary prevention-oriented dissemination/socialization of laws and regulations related to violence against women and children and to the implementation of protection for victims.,Reference only,,,Persisting error
KALIMANTAN SELATAN HULU SUNGAI SELATAN,KALIMANTAN_SELATAN_HULU_SUNGAI_SELATAN.txt,5.3,Traditional/cultural engagement,stakeholder_engagement,No,Yes,0.0,1.0,false_positive,c. fostering local wisdom in handling cases of violence;,"The policy references fostering local wisdom in handling cases of violence, which indicates inclusion of customary/community cultural mechanisms in implementation.",Reference only,,,New error
KALIMANTAN SELATAN HULU SUNGAI SELATAN,KALIMANTAN_SELATAN_HULU_SUNGAI_SELATAN.txt,6.5,People with disability,intersectional_approach,No,Yes,0.0,1.0,false_positive,The rights of children who are victims of acts of violence as referred to in article 18 and article 19 experienced by children with special needs shall be handled by the Regional Government and the community by adhering to service standards for children with special needs.,"The policy includes special handling/service standards for child victims with special needs, which constitutes a disability/special-needs targeted protection measure (though it is specific to children rather than women).",Reference only,,,Persisting error
KALIMANTAN SELATAN HULU SUNGAI UTARA,KALIMANTAN_SELATAN_HULU_SUNGAI_UTARA.txt,3.8,Religious/spiritual counselling,specialised_support_services,Yes,No,1.0,0.0,false_negative,,"While the policy references ‘mental and spiritual’ as a field of SKPD duties, the provided sentences do not explicitly describe religious/spiritual counselling, guidance, mentoring, or faith-based support as a service available to victims.",Reference only,,,Persisting error
KALIMANTAN SELATAN HULU SUNGAI UTARA,KALIMANTAN_SELATAN_HULU_SUNGAI_UTARA.txt,6.2,Women victims of trafficking,intersectional_approach,No,Yes,0.0,1.0,false_positive,"13. Law Number 21 of 2007 concerning Eradication of the Criminal Act of Trafficking in Persons (PTPPO) (State Gazette of the Republic of Indonesia of 2007 Number 58, Supplement to the State Gazette of the Republic of Indonesia Number 4720);
18. Government Regulation Number 9 of 2008 concerning Procedures and Mechanisms for Integrated Services for Witnesses and/or Victims of the Criminal Act of Trafficking in Persons (State Gazette of the Republic of Indonesia of 2008 Number 22, Supplement to the State Gazette of the Republic of Indonesia Number 4818);","The policy’s legal basis explicitly references the national law on eradication of trafficking in persons and the government regulation on integrated services for trafficking victims, indicating trafficking victims are within the policy’s scope.",Reference only,,,New error
KALIMANTAN SELATAN HULU SUNGAI UTARA,KALIMANTAN_SELATAN_HULU_SUNGAI_UTARA.txt,6.8,Women in legal process,intersectional_approach,No,Yes,0.0,1.0,false_positive,"Whereas, legal assistance is assistance provided by persons and/or legal aid institutions to victims at every level of examination and throughout the legal process.
25. Special Service Room, hereinafter abbreviated as RPK is a safe and comfortable room specifically intended for witnesses and/or victims of criminal acts including suspects of criminal acts consisting of women and children who deserve to be treated or require special treatment, and whose cases are being handled at the Police office.","The policy includes legal assistance for victims throughout the legal process and defines special service rooms at police offices for witnesses/victims (including women), indicating services/protection for women involved in legal proceedings at least as witnesses/victims.",Reference only,,,Persisting error
KALIMANTAN SELATAN KOTABARU,KALIMANTAN_SELATAN_KOTABARU.txt,2.3,Data collection systems,institutional_mechanism,Yes,No,1.0,0.0,false_negative,,"The provided sentences describe victim rights, investigation authorities, and general obligations, but do not establish or assign responsibility for a system to collect/record/manage/monitor/report or exchange data on violence cases or victims.",Reference only,,,New error
KALIMANTAN SELATAN KOTABARU,KALIMANTAN_SELATAN_KOTABARU.txt,4.4,Prevention through education,primary_prevention,No,Yes,0.0,1.0,false_positive,"a. socialization activities of laws and regulations related to the protection of Children and Women to the wider community in the region;
c. training for members who are able to disseminate norms of prohibitions and sanctions to the community;
g. counseling/socialization in the form of raising awareness of the wider community down to the smallest community groups (families), especially parents, to protect women and children.","The policy lists prevention strategies that are explicitly educational in nature, including socialization of relevant laws/regulations, training to disseminate norms and sanctions, and counseling/socialization to raise awareness in the community to protect women and children.",Reference only,,,Persisting error
KALIMANTAN SELATAN TABALONG,KALIMANTAN_SELATAN_TABALONG.txt,1.5,Economic violence,scope_of_violence,Yes,No,1.0,0.0,false_negative,,"The candidate sentences define gender-based violence in physical/sexual/psychological terms and describe protection services, but do not mention economic violence, economic exploitation, or domestic neglect as a form of violence.",Reference only,,,Persisting error
KALIMANTAN SELATAN TABALONG,KALIMANTAN_SELATAN_TABALONG.txt,1.8,Human trafficking,scope_of_violence,No,Yes,0.0,1.0,false_positive,"9. Law Number 21 of 2007 concerning the Eradication of the Criminal Act of Trafficking in Persons (State Gazette of the Republic of Indonesia Year 2007 Number 58, Supplement to the State Gazette of the Republic of Indonesia Number 4720); 10. Law Number 10 of 2012 concerning the Optional Protocol to the Convention on the Rights of the Child on the Sale of Children, Child Prostitution, and Child Pornography (State Gazette of the Republic of Indonesia Year 2012 Number 149, Supplement to the State Gazette of the Republic of Indonesia Number 5330); 11. Law Number 11 of 2012 concerning the Juvenile Criminal Justice System (State Gazette of the Republic of Indonesia Year 2012 Number 153, Supplement to the State Gazette of the Republic of Indonesia Number 5332);","The policy explicitly references the law on eradication of trafficking in persons, indicating trafficking is included within the policy’s scope.",Reference only,,,Persisting error
KALIMANTAN SELATAN TABALONG,KALIMANTAN_SELATAN_TABALONG.txt,2.3,Data collection systems,institutional_mechanism,No,Yes,0.0,1.0,false_positive,"(1) The Regent is responsible for preparing reports on the implementation of P2TP2A for the Protection of Women and Children in the Region.
(2) Reporting on implementation as referred to in paragraph (1) shall be conducted annually or when necessary and submitted to the Provincial Government.","The policy assigns responsibility to the Regent to prepare reports on implementation of P2TP2A and requires reporting to be conducted annually or when necessary, which constitutes an established reporting/data documentation responsibility related to protection implementation.",Reference only,,,Persisting error
KALIMANTAN SELATAN TABALONG,KALIMANTAN_SELATAN_TABALONG.txt,4.1,Information and education about VAW,primary_prevention,No,Yes,0.0,1.0,false_positive,"b. conduct independent socialization of the rights of Women and Children;
a. prevent all forms of violence against Women and Children;","The policy includes prevention aims regarding violence against women and children and explicitly mentions community-led socialization of women’s and children’s rights, which constitutes awareness/education activity relevant to preventing violence and protecting women.",Reference only,,,New error
KALIMANTAN SELATAN TABALONG,KALIMANTAN_SELATAN_TABALONG.txt,6.2,Women victims of trafficking,intersectional_approach,No,Yes,0.0,1.0,false_positive,"9. Law Number 21 of 2007 concerning the Eradication of the Criminal Act of Trafficking in Persons (State Gazette of the Republic of Indonesia Year 2007 Number 58, Supplement to the State Gazette of the Republic of Indonesia Number 4720); 10. Law Number 10 of 2012 concerning the Optional Protocol to the Convention on the Rights of the Child on the Sale of Children, Child Prostitution, and Child Pornography (State Gazette of the Republic of Indonesia Year 2012 Number 149, Supplement to the State Gazette of the Republic of Indonesia Number 5330); 11. Law Number 11 of 2012 concerning the Juvenile Criminal Justice System (State Gazette of the Republic of Indonesia Year 2012 Number 153, Supplement to the State Gazette of the Republic of Indonesia Number 5332);","The policy explicitly references the legal framework on trafficking in persons, indicating trafficking is within the policy’s scope through its stated legal basis.",Reference only,,,New error
KALIMANTAN SELATAN TANAH BUMBU,KALIMANTAN_SELATAN_TANAH_BUMBU.txt,1.1,Domestic violence,scope_of_violence,No,Yes,0.0,1.0,false_positive,"b. to undertake prevention efforts against the occurrence of Violence against Women;
d. placing, allowing, committing, ordering the commission of or participating in committing Violence against Women and Children;","The policy addresses violence against women and children and mandates prevention and prohibits committing violence against women and children, which encompasses domestic violence even if not labeled explicitly as such.",Reference only,,,Persisting error
KALIMANTAN SELATAN TANAH BUMBU,KALIMANTAN_SELATAN_TANAH_BUMBU.txt,1.6,Harmful practices,scope_of_violence,No,Yes,0.0,1.0,false_positive,"1. Child Rights, Child Protection, prevention of child marriage and Child rearing; and","The policy explicitly mentions prevention of child marriage as part of community awareness and education, which is a harmful practice affecting girls.",Reference only,,,New error
KALIMANTAN SELATAN TANAH BUMBU,KALIMANTAN_SELATAN_TANAH_BUMBU.txt,2.5,Training and capacity building,institutional_mechanism,No,Yes,0.0,1.0,false_positive,c. increasing the capacity of Child Protection services which includes development of institutional capacity and service provider personnel.,"The policy includes provisions to increase the capacity of child protection services, explicitly including development of institutional capacity and service provider personnel, which constitutes capacity building for implementation actors.",Reference only,,,Persisting error
KALIMANTAN SELATAN TANAH BUMBU,KALIMANTAN_SELATAN_TANAH_BUMBU.txt,4.1,Information and education about VAW,primary_prevention,No,Yes,0.0,1.0,false_positive,"b. to undertake prevention efforts against the occurrence of Violence against Women;
d. publication and information media;","The policy assigns the Regional Government responsibility to undertake prevention efforts against violence against women, and it also specifies use of publication and information media as part of business sector responsibility, which constitutes information/awareness activity linked to preventing violence.",Reference only,,,Persisting error
KALIMANTAN SELATAN TANAH BUMBU,KALIMANTAN_SELATAN_TANAH_BUMBU.txt,4.3,VAW laws awareness,primary_prevention,Yes,No,1.0,0.0,false_negative,,"While the policy mentions prevention of violence against women and includes dissemination/socialization of laws related to protection of exploited children, none of the provided sentences explicitly indicate information or education about laws/policies specifically addressing violence against women.",Reference only,,,Persisting error
KALIMANTAN SELATAN TANAH BUMBU,KALIMANTAN_SELATAN_TANAH_BUMBU.txt,5.4,Education institutions engagement,stakeholder_engagement,No,Yes,0.0,1.0,false_positive,a. receiving attention and guidance from teachers and/or supervisors without discrimination;,"The policy explicitly references teachers/supervisors in the protection of school-age children, indicating engagement of the education sector in protection implementation.",Reference only,,,New error
KALIMANTAN SELATAN TANAH BUMBU,KALIMANTAN_SELATAN_TANAH_BUMBU.txt,5.6,Media engagement,stakeholder_engagement,No,Yes,0.0,1.0,false_positive,g. protection from identity disclosure through mass media and to avoid labeling.,"The policy explicitly references mass media in the context of protecting children’s identity from disclosure, recognizing media as relevant to protection measures.",Reference only,,,New error
KALIMANTAN SELATAN TANAH BUMBU,KALIMANTAN_SELATAN_TANAH_BUMBU.txt,6.5,People with disability,intersectional_approach,No,Yes,0.0,1.0,false_positive,"b. treating persons with disabilities in a discriminatory manner;
c. placing, allowing, involving, ordering the involvement of Women and Children with disabilities in situations of maltreatment and neglect;","The policy includes disability-related protections by prohibiting discriminatory treatment of persons with disabilities and prohibiting placing/allowing/involving women and children with disabilities in maltreatment and neglect situations. However, it does not detail specific service measures for women with disabilities beyond these prohibitions.",Reference only,,,Persisting error
KALIMANTAN SELATAN TANAH BUMBU,KALIMANTAN_SELATAN_TANAH_BUMBU.txt,6.9,Indigenous people/groups,intersectional_approach,No,Yes,0.0,1.0,false_positive,"(1) Special Protection for Children from isolated indigenous communities as referred to in Article 36 letter c shall be carried out through the provision of facilities and infrastructure to be able to enjoy their own culture, acknowledge and practice their own religious teachings, and use their own language.",The policy provides special protection measures targeted at an indigenous group (children from isolated indigenous communities) through provision of facilities and infrastructure to support cultural and religious practice and language use.,Reference only,,,Persisting error
KALIMANTAN SELATAN TAPIN,KALIMANTAN_SELATAN_TAPIN.txt,1.5,Economic violence,scope_of_violence,Yes,No,1.0,0.0,false_negative,,"The candidate sentences discuss general violence, protection, and empowerment objectives, but do not explicitly mention economic violence, economic exploitation, or domestic neglect as forms of violence.",Reference only,,,Persisting error
KALIMANTAN SELATAN TAPIN,KALIMANTAN_SELATAN_TAPIN.txt,2.5,Training and capacity building,institutional_mechanism,No,Yes,0.0,1.0,false_positive,"(4) The implementation as referred to in paragraph (3) shall be in the form of: policy analysis, coordination, advocacy, socialization, communication, information, and education (KIE), training, service facilitation, service provision, model development, and other forms.
c. strengthen institutional capacity for gender mainstreaming for the implementation of policies, programs and activities for the protection of women;","The policy includes training among the forms of implementation activities and also mandates strengthening institutional capacity for gender mainstreaming, which together indicate training/capacity-building provisions for implementation.",Reference only,,,Persisting error
KALIMANTAN SELATAN TAPIN,KALIMANTAN_SELATAN_TAPIN.txt,4.1,Information and education about VAW,primary_prevention,No,Yes,0.0,1.0,false_positive,"(1) The Regent implements policies, programs and activities for the protection of women, to eliminate all forms of discrimination and acts of violence against women in their region.
(4) The implementation as referred to in paragraph (3) shall be in the form of: policy analysis, coordination, advocacy, socialization, communication, information, and education (KIE), training, service facilitation, service provision, model development, and other forms.","The policy mandates implementation of policies/programs to eliminate acts of violence against women and specifies that implementation includes socialization, communication, information, and education activities, which are awareness/education measures linked to preventing VAW.",Reference only,,,Persisting error
KALIMANTAN SELATAN TAPIN,KALIMANTAN_SELATAN_TAPIN.txt,4.2,Gender equality education,primary_prevention,No,Yes,0.0,1.0,false_positive,"(4) The implementation as referred to in paragraph (3) shall be in the form of: policy analysis, coordination, advocacy, socialization, communication, information, and education (KIE), training, service facilitation, service provision, model development, and other forms.
This empowerment is importantly aimed at gender equality, namely a condition of equality for men and women to obtain opportunities and their rights as human beings so they are able to play a role and participate in political, economic, socio-cultural activities, national defense and security, and equality in enjoying the results of development.","The policy explicitly includes advocacy, socialization, communication, information, and education (KIE) and training as forms of implementation for women’s protection/empowerment, and it frames empowerment as aimed at gender equality, indicating educational/awareness activities related to gender equality and women’s rights.",Reference only,,,New error
KALIMANTAN SELATAN TAPIN,KALIMANTAN_SELATAN_TAPIN.txt,4.4,Prevention through education,primary_prevention,No,Yes,0.0,1.0,false_positive,"(1) The Regent implements policies, programs and activities for the protection of women, to eliminate all forms of discrimination and acts of violence against women in their region.
(4) The implementation as referred to in paragraph (3) shall be in the form of: policy analysis, coordination, advocacy, socialization, communication, information, and education (KIE), training, service facilitation, service provision, model development, and other forms.","The policy’s stated aim includes eliminating acts of violence against women, and it lists information and education (KIE) among the implementation forms, making education an explicit strategy within efforts that include preventing/eliminating VAW.",Reference only,,,New error
KALIMANTAN SELATAN TAPIN,KALIMANTAN_SELATAN_TAPIN.txt,5.8,Private sector engagement,stakeholder_engagement,Yes,No,1.0,0.0,false_negative,,"The candidate sentences do not explicitly identify businesses/companies/the private sector as stakeholders in prevention, protection, or service delivery (references are to community participation, civil society, and general non-government actors without specifying the private sector).",Reference only,,,Persisting error
KALIMANTAN SELATAN TAPIN,KALIMANTAN_SELATAN_TAPIN.txt,7.2,National government budget,budget_funding_sources,No,Yes,0.0,1.0,false_positive,"(2) In the event that the region receives funding assistance for the implementation of policies, programs and activities for the protection of women from the Government, it shall be implemented in accordance with the provisions of laws and regulations.","The policy explicitly mentions the possibility of receiving funding assistance from “the Government,” indicating national-level government funding support as a source.",Reference only,,,Persisting error
KALIMANTAN TENGAH BARITO TIMUR,KALIMANTAN_TENGAH_BARITO_TIMUR.txt,4.4,Prevention through education,primary_prevention,No,Yes,0.0,1.0,false_positive,"a. socialization activities of laws and regulations related to the protection of Children and Women to the wider community in the region;
g. counseling/socialization in the form of raising awareness of the wider community down to the smallest community groups (families), especially parents to protect women and children.","The policy lists prevention forms that include socialization activities and counseling/socialization aimed at raising community awareness to protect women and children, indicating education/socialization is an explicit strategy used for prevention.",Reference only,,,New error
KALIMANTAN TENGAH GUNUNG MAS,KALIMANTAN_TENGAH_GUNUNG_MAS.txt,1.5,Economic violence,scope_of_violence,Yes,No,1.0,0.0,false_negative,,"While the policy discusses empowerment and includes economic independence services, the provided sentences do not explicitly or implicitly define economic violence, economic exploitation against women, or domestic neglect as a form of violence against women.",Reference only,,,New error
KALIMANTAN TENGAH GUNUNG MAS,KALIMANTAN_TENGAH_GUNUNG_MAS.txt,1.6,Harmful practices,scope_of_violence,Yes,No,1.0,0.0,false_negative,,"The provided sentences do not mention early/child marriage, female genital mutilation, honour crimes, female infanticide, or other harmful practices affecting women and girls.",Reference only,,,Persisting error
KALIMANTAN TENGAH GUNUNG MAS,KALIMANTAN_TENGAH_GUNUNG_MAS.txt,1.9,Sexual slavery/exploitation,scope_of_violence,No,Yes,0.0,1.0,false_positive,d. children who are exploited economically and/or sexually;,"The policy explicitly includes children who are exploited sexually as a category receiving special protection, which constitutes sexual exploitation.",Reference only,,,Persisting error
KALIMANTAN TENGAH GUNUNG MAS,KALIMANTAN_TENGAH_GUNUNG_MAS.txt,4.4,Prevention through education,primary_prevention,No,Yes,0.0,1.0,false_positive,b. conducting education on anti-Violence values against Women and Children; and ~ l - 13 -,"The policy explicitly lists “conducting education on anti-Violence values against Women and Children” as a form of prevention effort, making education an explicit prevention strategy.",Reference only,,,Persisting error
KALIMANTAN TENGAH GUNUNG MAS,KALIMANTAN_TENGAH_GUNUNG_MAS.txt,5.6,Media engagement,stakeholder_engagement,No,Yes,0.0,1.0,false_positive,"Letter c What is meant by ""socialization"" is the dissemination of information on laws and regulations carried out through mass media, electronic media, and/or direct outreach to the Community.","The policy explicitly references dissemination of information through mass media and electronic media as part of socialization, indicating recognition/engagement of media channels in prevention-related communication.",Reference only,,,New error
KALIMANTAN TENGAH KATINGAN,KALIMANTAN_TENGAH_KATINGAN.txt,2.1,Institutional network,institutional_mechanism,No,Yes,0.0,1.0,false_positive,"(1) The established UPTD PPA can accommodate institutions/work units that provide services for victims of violence such as safe houses, social protection houses for Children, trauma center protection houses, women's social protection houses, shelters and other service activities in accordance with applicable Laws and Regulations.
(3) The responsibility of the Regional Government in efforts to protect women and children as referred to in Article 7 paragraph (1) shall be implemented by Regional Apparatus in accordance with their duties and functions.","The policy establishes an institutional arrangement through the UPTD PPA as an organizer of integrated services that can accommodate multiple service institutions/work units, and assigns implementation responsibility to regional apparatus, indicating an institutional coordination mechanism to support protection/response.",Reference only,,,New error
KALIMANTAN TENGAH KATINGAN,KALIMANTAN_TENGAH_KATINGAN.txt,2.2,Collaboration with NGOs,institutional_mechanism,No,Yes,0.0,1.0,false_positive,"h. cooperating with the community and/or community organizations in the implementation of protection of women in accordance with laws and regulations;
(2) Community participation as referred to in paragraph (1) shall be carried out by individuals, family partners, social community institutions, non-governmental organizations, educational institutions, religious institutions, private sector, and mass media.","The policy explicitly provides for cooperation with the community and/or community organizations and includes non-governmental organizations among participating actors, indicating a collaboration mechanism with non-government service providers.",Reference only,,,Persisting error
KALIMANTAN TENGAH KATINGAN,KALIMANTAN_TENGAH_KATINGAN.txt,4.1,Information and education about VAW,primary_prevention,No,Yes,0.0,1.0,false_positive,c. conduct socialization of Women's and Children's rights independently;,"The policy includes an explicit community activity to conduct socialization of women's and children's rights, which is an information/awareness-raising measure linked to protection from violence.",Reference only,,,Persisting error
KALIMANTAN TENGAH KATINGAN,KALIMANTAN_TENGAH_KATINGAN.txt,4.2,Gender equality education,primary_prevention,No,Yes,0.0,1.0,false_positive,c. conduct socialization of Women's and Children's rights independently;,"The policy explicitly mentions socialization of women's and children's rights, which constitutes an educational/awareness activity about women's rights (a core element of gender equality-related education).",Reference only,,,Persisting error
KALIMANTAN TENGAH KOTAWARINGIN TIMUR,KALIMANTAN_TENGAH_KOTAWARINGIN_TIMUR.txt,3.2,Police specialised service unit,specialised_support_services,No,Yes,0.0,1.0,false_positive,"This service unit can be located at the Integrated Service Center (PPT) and Integrated Crisis Center (PKT) based in Hospitals, Community Health Centers, Integrated Service Center for Women and Children Empowerment (P2TP2A), Women and Children Service Unit (UPPA), Trauma Center Shelter (RPTC), Children's Social Shelter (RPSA), BP4, and other religious institutions, prosecutor's offices, courts, Women Crisis Center (WCC), and other similar institutions.","The policy indicates that a service unit for women and children victims of violence can be located at the Women and Children Service Unit (UPPA), which is a specialized unit within the policing context.",Reference only,,,Persisting error
KALIMANTAN TENGAH KOTAWARINGIN TIMUR,KALIMANTAN_TENGAH_KOTAWARINGIN_TIMUR.txt,4.1,Information and education about VAW,primary_prevention,No,Yes,0.0,1.0,false_positive,"d. Conducting socialization regarding laws and regulations related to the protection of women and children victims of violence; and
e. Providing critical education on the rights of women and children for the community.","The policy specifies prevention efforts that include socialization about laws/regulations related to protection of women and children victims of violence and providing critical education on rights, which are explicit information/education activities aimed at preventing violence and protecting women.",Reference only,,,Persisting error
KALIMANTAN TENGAH KOTAWARINGIN TIMUR,KALIMANTAN_TENGAH_KOTAWARINGIN_TIMUR.txt,4.4,Prevention through education,primary_prevention,No,Yes,0.0,1.0,false_positive,"e. Providing critical education on the rights of women and children for the community.
The purpose of implementing critical education is to assist decision-making and prevent becoming a victim of repeated violence.","The policy lists critical education as a prevention effort and states its purpose includes preventing becoming a victim of repeated violence, making education an explicit strategy for preventing violence against women/children.",Reference only,,,Persisting error
KALIMANTAN TENGAH KOTAWARINGIN TIMUR,KALIMANTAN_TENGAH_KOTAWARINGIN_TIMUR.txt,6.2,Women victims of trafficking,intersectional_approach,No,Yes,0.0,1.0,false_positive,"b. acts with or without the consent of the victim which include but are not limited to prostitution, forced labor or services, slavery or similar practices, oppression, extortion, utilization of physical, sexual, reproductive organs, or unlawfully removing or transplanting organs and/or body tissues or utilizing the labor or ability of a person by another party to obtain benefits both material and immaterial;
c. all forms of utilization of sexual organs or other body organs of the victim to obtain benefits, including but not limited to all activities of prostitution or sexual abuse","The policy defines and includes exploitation practices such as prostitution, forced labor/services, slavery or similar practices, and sexual abuse, which are core elements associated with trafficking/exploitation, thereby bringing such victims within scope.",Reference only,,,New error
KALIMANTAN TENGAH LAMANDAU,KALIMANTAN_TENGAH_LAMANDAU.txt,2.4,Gender mainstreaming institutionalisation,institutional_mechanism,Yes,No,1.0,0.0,false_negative,,"While the policy references gender equality as a principle, none of the provided sentences establish or require gender mainstreaming as an institutional mechanism (e.g., mandated gender mainstreaming processes, units, or procedures) for implementing women’s protection/VAW programs.",Reference only,,,Persisting error
KALIMANTAN TENGAH LAMANDAU,KALIMANTAN_TENGAH_LAMANDAU.txt,4.1,Information and education about VAW,primary_prevention,No,Yes,0.0,1.0,false_positive,"c. Communication, information and education.
b. To prevent and protect women and children from violence.","The policy includes communication, information and education programming through the P2TP2A, and it explicitly states an objective to prevent and protect women and children from violence, linking these activities to VAW prevention/protection.",Reference only,,,Persisting error
KALIMANTAN TENGAH LAMANDAU,KALIMANTAN_TENGAH_LAMANDAU.txt,5.1,NGO collaboration,stakeholder_engagement,Yes,No,1.0,0.0,false_negative,,"The excerpts mention community-managed services and coordination with police/social services/social institutions, and cooperation with government and the business sector, but they do not explicitly reference civil society organisations/NGOs or collaboration with them for prevention or service delivery.",Reference only,,,New error
KALIMANTAN TENGAH LAMANDAU,KALIMANTAN_TENGAH_LAMANDAU.txt,5.4,Education institutions engagement,stakeholder_engagement,No,Yes,0.0,1.0,false_positive,"(5) Children in and around schools must be protected from acts of violence committed by teachers, school administrators or their friends within the relevant school or other educational institutions.
c. academic elements.
(2) The Integrated Service Center for Women and Children Empowerment (P2TP2A) can also serve as a place to conduct training for cadres who have great commitment and concern for women's and children's issues in all fields (health, education, economy, politics, law as well as protection of women and children from acts of violence and human trafficking) so that they can then work together and participate in providing services to the community in a forum for improving the quality of life and protection for women and children.","The policy addresses the education sector by requiring protection of children in and around schools/educational institutions and includes academic elements in P2TP2A membership, as well as training cadres concerned with issues including education, indicating engagement of education-related institutions/actors.",Reference only,,,New error
KALIMANTAN TENGAH LAMANDAU,KALIMANTAN_TENGAH_LAMANDAU.txt,6.5,People with disability,intersectional_approach,No,Yes,0.0,1.0,false_positive,"The Government and other state institutions are obligated and responsible to provide special protection to children in emergency situations, children in conflict with the law, children from minority and isolated groups, children exploited economically and/or sexually, children who are trafficked, children who are victims of narcotics, alcohol, psychotropic substances, and other addictive substances (napza) abuse, children who are victims of kidnapping, sale and trafficking, children who are victims of violence both physical and/or mental, children with disabilities, and children who are victims of maltreatment and neglect.",The policy explicitly mentions special protection for children with disabilities; this constitutes a disability-targeted special protection measure (though framed for children rather than women specifically).,Reference only,,,Persisting error
KALIMANTAN TENGAH PALANGKA RAYA KOTA,KALIMANTAN_TENGAH_PALANGKA_RAYA_KOTA.txt,1.5,Economic violence,scope_of_violence,Yes,No,1.0,0.0,false_negative,,"While the policy mentions empowerment and economic independence services, the provided sentences do not explicitly frame economic violence, economic exploitation, or domestic neglect as a form of violence against women.",Reference only,,,Persisting error
KALIMANTAN TENGAH PALANGKA RAYA KOTA,KALIMANTAN_TENGAH_PALANGKA_RAYA_KOTA.txt,1.9,Sexual slavery/exploitation,scope_of_violence,No,Yes,0.0,1.0,false_positive,d. children who are exploited economically and/or sexually;,"The policy explicitly includes children who are exploited sexually as a group receiving special protection, which covers sexual exploitation.",Reference only,,,Persisting error
KALIMANTAN TENGAH PALANGKA RAYA KOTA,KALIMANTAN_TENGAH_PALANGKA_RAYA_KOTA.txt,4.4,Prevention through education,primary_prevention,No,Yes,0.0,1.0,false_positive,"(1) The Regional Government has the obligation and responsibility to implement efforts to prevent the occurrence of violence against Women and Children as referred to in Article 17 paragraph (3) letter e and paragraph (4) letter i conducted in the form of:
b. conducting education on anti-violence values against Women and Children; and","The policy explicitly frames prevention of violence against women and children as including education, specifically by requiring education on anti-violence values as part of efforts to prevent the occurrence of violence.",Reference only,,,New error
KALIMANTAN TENGAH PULANG PISAU,KALIMANTAN_TENGAH_PULANG_PISAU.txt,3.9,Resocialisation services,specialised_support_services,Yes,No,1.0,0.0,false_negative,,"While the policy mentions counseling/therapy for recovery and defines rehabilitation generally, the candidate sentences do not identify a specific service unit providing resocialisation/reintegration services.",Reference only,,,New error
KALIMANTAN TENGAH PULANG PISAU,KALIMANTAN_TENGAH_PULANG_PISAU.txt,4.2,Gender equality education,primary_prevention,No,Yes,0.0,1.0,false_positive,"c. ensuring gender equality and children's rights are respected, without discrimination based on gender or age;
d. being responsible for raising awareness among indigenous communities regarding the rights of women and children, including awareness of the importance of protection and respect for their rights;
e. conducting outreach programs and training for members of indigenous communities, especially customary leaders, on the rights of women and children and effective protection methods;","The policy includes responsibilities for customary institutions to ensure gender equality is respected and to raise awareness, conduct outreach programs, and provide training on the rights of women and children—explicit educational/awareness activities about gender equality and women’s/children’s rights.",Reference only,,,Persisting error
KALIMANTAN TENGAH PULANG PISAU,KALIMANTAN_TENGAH_PULANG_PISAU.txt,6.3,Women workers,intersectional_approach,No,Yes,0.0,1.0,false_positive,c. providing shelter for female workers at the workplace;,"The policy includes a specific measure for female workers by requiring business entities to provide shelter for female workers at the workplace, indicating targeted protection for women workers.",Reference only,,,Persisting error
KALIMANTAN TENGAH PULANG PISAU,KALIMANTAN_TENGAH_PULANG_PISAU.txt,6.9,Indigenous people/groups,intersectional_approach,No,Yes,0.0,1.0,false_positive,"(1) The obligations and responsibilities of Customary Institutions in implementing protection for women and children as referred to in Article 6 letter e, include:
d. being responsible for raising awareness among indigenous communities regarding the rights of women and children, including awareness of the importance of protection and respect for their rights;","The policy assigns obligations and responsibilities to Customary Institutions and includes actions directed toward indigenous communities, indicating that customary/indigenous structures are explicitly included in implementation of protection.",Reference only,,,New error
KALIMANTAN TENGAH SUKAMARA,KALIMANTAN_TENGAH_SUKAMARA.txt,1.2,Sexual violence,scope_of_violence,Yes,No,1.0,0.0,false_negative,,"The provided sentences refer generally to ""acts of violence"" and related services, but do not explicitly mention sexual violence or sexual assault as a category.",Reference only,,,Persisting error
KALIMANTAN TENGAH SUKAMARA,KALIMANTAN_TENGAH_SUKAMARA.txt,1.9,Sexual slavery/exploitation,scope_of_violence,No,Yes,0.0,1.0,false_positive,"b. all work that exploits, provides or offers children for prostitution, pornography production, pornographic performances, or gambling;","The policy explicitly addresses exploitation of children for prostitution and pornography, which constitutes sexual exploitation.",Reference only,,,Persisting error
KALIMANTAN TENGAH SUKAMARA,KALIMANTAN_TENGAH_SUKAMARA.txt,3.6,Health/medical services,specialised_support_services,Yes,No,1.0,0.0,false_negative,,"The provided sentences discuss health rehabilitation concepts and comprehensive health services for children, but do not explicitly establish a health/medical service unit for women victims of violence within the shown excerpts.",Reference only,,,New error
KALIMANTAN TENGAH SUKAMARA,KALIMANTAN_TENGAH_SUKAMARA.txt,3.10,Economic support,specialised_support_services,No,Yes,0.0,1.0,false_positive,"a. implementing training program activities to improve women's skills and expertise in order to realize the improvement of women's welfare;
b. facilitation of business capital strengthening for women with weak economic conditions;","The policy includes economic empowerment measures for women, including skills training and facilitation of business capital strengthening, which constitute economic support services.",Reference only,,,New error
KALIMANTAN TENGAH SUKAMARA,KALIMANTAN_TENGAH_SUKAMARA.txt,4.2,Gender equality education,primary_prevention,No,Yes,0.0,1.0,false_positive,"c. conduct training, socialization, advocacy for gender mainstreaming to all officials and staff within the PD environment;
b. increases awareness of women's rights;",The policy includes educational/awareness activities related to gender equality and women’s rights through training/socialization/advocacy for gender mainstreaming within government units and community actions to increase awareness of women’s rights.,Reference only,,,Persisting error
KALIMANTAN TENGAH SUKAMARA,KALIMANTAN_TENGAH_SUKAMARA.txt,4.3,VAW laws awareness,primary_prevention,Yes,No,1.0,0.0,false_negative,,"While the policy mentions socialization on preventing violence against women and provides for legal assistance and law enforcement services, none of the candidate sentences explicitly indicate primary prevention activities that educate the public specifically about VAW laws and policies.",Reference only,,,Persisting error
KALIMANTAN TENGAH SUKAMARA,KALIMANTAN_TENGAH_SUKAMARA.txt,4.4,Prevention through education,primary_prevention,No,Yes,0.0,1.0,false_positive,"b. providing training for religious leaders, community leaders, customary leaders, educators, journalists and media managers in order to prevent violence against women and children;
b. conduct socialization seminars and counseling regarding child protection and rights;","The policy includes education-oriented strategies (training, seminars, and counseling) explicitly framed as measures to prevent violence against women and children and to promote child protection and rights.",Reference only,,,Persisting error
KALIMANTAN TENGAH SUKAMARA,KALIMANTAN_TENGAH_SUKAMARA.txt,5.4,Education institutions engagement,stakeholder_engagement,No,Yes,0.0,1.0,false_positive,"(3) In the event that a child victim of violence experiences dropping out of school, the organizer of the educational unit is obligated to coordinate with related agencies.
b. providing training for religious leaders, community leaders, customary leaders, educators, journalists and media managers in order to prevent violence against women and children;
c. develop child-friendly school models;","The policy assigns obligations to education unit organizers to coordinate when child victims drop out, includes educators in prevention training, and references developing child-friendly school models, indicating education-sector involvement in protection/prevention and capacity building.",Reference only,,,Persisting error
KALIMANTAN TENGAH SUKAMARA,KALIMANTAN_TENGAH_SUKAMARA.txt,6.4,Elderly women,intersectional_approach,Yes,No,1.0,0.0,false_negative,,"While the text mentions improving the quality of life of the elderly through programs, it does not specify elderly women or provide special protection measures targeted specifically at elderly women.",Reference only,,,Persisting error
KALIMANTAN TIMUR BONTANG KOTA,KALIMANTAN_TIMUR_BONTANG_KOTA.txt,1.9,Sexual slavery/exploitation,scope_of_violence,Yes,No,1.0,0.0,false_negative,,"While sexual violence is defined to include coercion of sexual relations for commercial purposes, the provided sentences do not explicitly mention sexual exploitation or sexual slavery as such.",Reference only,,,New error
KALIMANTAN TIMUR BONTANG KOTA,KALIMANTAN_TIMUR_BONTANG_KOTA.txt,5.2,Religious engagement,stakeholder_engagement,Yes,No,1.0,0.0,false_negative,,"While the policy references 'mental and spiritual matters' within government functions and includes 'psychosocial and spiritual services' as part of medical services, it does not explicitly include or assign roles to religious organizations, religious leaders, clergy, spiritual counsellors, or other faith-based actors in prevention, service delivery, coordination, or implementation.",Reference only,,,Persisting error
KALIMANTAN TIMUR BONTANG KOTA,KALIMANTAN_TIMUR_BONTANG_KOTA.txt,5.3,Traditional/cultural engagement,stakeholder_engagement,Yes,No,1.0,0.0,false_negative,,"The candidate sentences mention 'customary relations' only in defining household violence scope, and refer generally to community participation and organizations, but do not explicitly include traditional/customary/cultural leaders, institutions, or customary mechanisms in implementation, coordination, services, prevention, or dispute resolution.",Reference only,,,Persisting error
KALIMANTAN TIMUR BONTANG KOTA,KALIMANTAN_TIMUR_BONTANG_KOTA.txt,6.1,Women in conflict/disaster areas,intersectional_approach,Yes,No,1.0,0.0,false_negative,,"The cited provisions address protection and services for women and children victims of violence generally (e.g., safe houses, integrated services, legal protection) and mention “violence in conflict areas” only as part of the scope of violence, but they do not specify special protection measures targeted at women in conflict, disaster, emergency, or displacement situations.",Reference only,,,Persisting error
KALIMANTAN TIMUR BONTANG KOTA,KALIMANTAN_TIMUR_BONTANG_KOTA.txt,6.3,Women workers,intersectional_approach,Yes,No,1.0,0.0,false_negative,,"While the policy includes “discrimination and violence in the workplace” within the scope of violence and provides general services for women victims, it does not explicitly identify women workers/employees as a specific target group for special protection measures.",Reference only,,,Persisting error
KALIMANTAN TIMUR KUTAI BARAT,KALIMANTAN_TIMUR_KUTAI_BARAT.txt,3.2,Police specialised service unit,specialised_support_services,Yes,No,1.0,0.0,false_negative,,"The text mentions facilities such as special service rooms within police lines, but it does not establish or describe a specialised police service unit for VAW victims within police offices.",Reference only,,,New error
KALIMANTAN TIMUR KUTAI BARAT,KALIMANTAN_TIMUR_KUTAI_BARAT.txt,4.4,Prevention through education,primary_prevention,No,Yes,0.0,1.0,false_positive,"c. providing education on the dangers of domestic violence;
b. conducting education on anti-violence values Against Women and Children; and","Education is explicitly listed as a prevention method, including education on the dangers of domestic violence and education on anti-violence values against women and children, indicating education as a strategy to prevent violence.",Reference only,,,Persisting error
KALIMANTAN TIMUR KUTAI TIMUR,KALIMANTAN_TIMUR_KUTAI_TIMUR.txt,1.3,Physical violence,scope_of_violence,No,Yes,0.0,1.0,false_positive,"c. to restoration of physical, psychological and sexual health in accordance with the suffering experienced by the Woman Victim of Violence;","The policy explicitly references restoration of “physical” health for women victims of violence, indicating that physical harm/violence is within scope.",Reference only,,,Persisting error
KALIMANTAN TIMUR KUTAI TIMUR,KALIMANTAN_TIMUR_KUTAI_TIMUR.txt,1.4,Psychological violence,scope_of_violence,No,Yes,0.0,1.0,false_positive,"c. to restoration of physical, psychological and sexual health in accordance with the suffering experienced by the Woman Victim of Violence;","The policy explicitly references restoration of “psychological” health for women victims of violence, indicating psychological harm/violence is within scope.",Reference only,,,Persisting error
KALIMANTAN TIMUR KUTAI TIMUR,KALIMANTAN_TIMUR_KUTAI_TIMUR.txt,3.7,Psychosocial counselling,specialised_support_services,Yes,No,1.0,0.0,false_negative,,"While the policy references restoration of psychological health and social rehabilitation, none of the candidate sentences explicitly mention psychosocial or psychological counselling services as a distinct service.",Reference only,,,Persisting error
KALIMANTAN TIMUR KUTAI TIMUR,KALIMANTAN_TIMUR_KUTAI_TIMUR.txt,5.1,NGO collaboration,stakeholder_engagement,Yes,No,1.0,0.0,false_negative,,"The cited provisions describe integrated services, SPM standards, and government monitoring/implementation, but none of the candidate sentences explicitly mention collaboration with civil society organisations/NGOs for service delivery or prevention.",Reference only,,,New error
KALIMANTAN TIMUR KUTAI TIMUR,KALIMANTAN_TIMUR_KUTAI_TIMUR.txt,5.4,Education institutions engagement,stakeholder_engagement,Yes,No,1.0,0.0,false_negative,,"Although the policy mentions improving education for women, the candidate sentences do not explicitly include schools, universities, academics, or the education sector as stakeholders/implementers in prevention, protection, services, coordination, or capacity building.",Reference only,,,New error
KALIMANTAN TIMUR PASER,KALIMANTAN_TIMUR_PASER.txt,4.4,Prevention through education,primary_prevention,No,Yes,0.0,1.0,false_positive,conducting education on anti-violence values toward women;,"The policy explicitly identifies education (education on anti-violence values toward women) as part of its prevention strategy, directly linking education to preventing violence against women.",Reference only,,,Persisting error
KALIMANTAN TIMUR PASER,KALIMANTAN_TIMUR_PASER.txt,6.3,Women workers,intersectional_approach,Yes,No,1.0,0.0,false_negative,,"While the policy mentions protection in the workplace and empowerment related to work and earning a living, it does not explicitly identify women workers/employees as a specific target group with special protection measures; targets are framed as “every woman” or women victims of violence.",Reference only,,,New error
KALIMANTAN TIMUR PENAJAM PASER UTARA,KALIMANTAN_TIMUR_PENAJAM_PASER_UTARA.txt,1.5,Economic violence,scope_of_violence,Yes,No,1.0,0.0,false_negative,,"While the policy mentions prevention through fields including “Economy and employment,” it does not define or identify economic violence, economic exploitation, or domestic neglect as forms of violence against women in the provided sentences.",Reference only,,,Persisting error
KALIMANTAN TIMUR PENAJAM PASER UTARA,KALIMANTAN_TIMUR_PENAJAM_PASER_UTARA.txt,2.3,Data collection systems,institutional_mechanism,No,Yes,0.0,1.0,false_positive,"This Regional Regulation regulates protection efforts for Women victims of violence specifically in terms of services, monitoring and evaluation, reporting, funding, guidance and supervision of Women victims of violence in Penajam Paser Utara Regency.","The policy states that the regulation covers reporting as part of protection efforts, which implies an assigned function/process for documenting and reporting information related to protection for women victims of violence.",Reference only,,,New error
KALIMANTAN TIMUR PENAJAM PASER UTARA,KALIMANTAN_TIMUR_PENAJAM_PASER_UTARA.txt,3.10,Economic support,specialised_support_services,Yes,No,1.0,0.0,false_negative,,"Although the policy mentions empowerment and capacity building in general aims, none of the provided sentences specify an economic empowerment/support service unit (e.g., skills training or financial support) for victims.",Reference only,,,New error
KALIMANTAN TIMUR PENAJAM PASER UTARA,KALIMANTAN_TIMUR_PENAJAM_PASER_UTARA.txt,4.1,Information and education about VAW,primary_prevention,No,Yes,0.0,1.0,false_positive,"(1) Regional Governments are obligated to organize Prevention of Violence against Women in a swift, integrated and comprehensive manner.
(2) The organization of Prevention of acts of Violence against Women as referred to in paragraph (1) shall be carried out through the fields of:
a. Education;
c. conduct socialization of Women's rights independently;","The policy explicitly mandates prevention of violence against women and specifies that prevention is carried out through multiple fields including education, and it also mentions community-led socialization of women’s rights, which constitutes awareness/education activities relevant to preventing VAW and protecting women.",Reference only,,,Persisting error
KALIMANTAN TIMUR PENAJAM PASER UTARA,KALIMANTAN_TIMUR_PENAJAM_PASER_UTARA.txt,4.2,Gender equality education,primary_prevention,No,Yes,0.0,1.0,false_positive,c. conduct socialization of Women's rights independently;,"The policy includes an explicit educational/awareness activity focused on women’s rights via community participation provisions that allow the community to conduct socialization of women’s rights, which aligns with primary prevention education about women’s rights.",Reference only,,,Persisting error
KALIMANTAN TIMUR PENAJAM PASER UTARA,KALIMANTAN_TIMUR_PENAJAM_PASER_UTARA.txt,4.4,Prevention through education,primary_prevention,No,Yes,0.0,1.0,false_positive,"(1) Regional Governments are obligated to organize Prevention of Violence against Women in a swift, integrated and comprehensive manner.
(2) The organization of Prevention of acts of Violence against Women as referred to in paragraph (1) shall be carried out through the fields of:
a. Education;","The policy explicitly frames prevention of violence against women as an obligation of regional government and specifies education as one of the fields through which prevention is to be organized, making education an explicit prevention strategy.",Reference only,,,Persisting error
KALIMANTAN TIMUR PENAJAM PASER UTARA,KALIMANTAN_TIMUR_PENAJAM_PASER_UTARA.txt,6.2,Women victims of trafficking,intersectional_approach,Yes,No,1.0,0.0,false_negative,,"While the text defines “Health Rehabilitation” as recovery of victims of trafficking in persons, the regulation’s scope and service provisions shown are framed around women victims of violence generally and do not explicitly include women victims of trafficking (as trafficking/exploitation) within the policy’s target group or scope.",Reference only,,,Persisting error
KALIMANTAN UTARA NUNUKAN,KALIMANTAN_UTARA_NUNUKAN.txt,2.3,Data collection systems,institutional_mechanism,Yes,No,1.0,0.0,false_negative,,"The candidate sentences discuss monitoring and evaluation of implementation and service provision, but they do not establish or assign responsibility for a system to collect, record, manage, exchange, or maintain data specifically on violence cases, victims, or related information.",Reference only,,,New error
KALIMANTAN UTARA NUNUKAN,KALIMANTAN_UTARA_NUNUKAN.txt,3.4,Safety/protection shelter,specialised_support_services,No,Yes,0.0,1.0,false_positive,"d. establishing networks with government or private hospitals for treatment and health recovery of victims and cooperating with witness and victim protection institutions, social protection houses or trauma centers owned by the government, community or other institutions for the health recovery of victims;","The policy references cooperation with social protection houses or trauma centers for victims’ recovery, indicating availability of shelter-type protection services through linked institutions.",Reference only,,,Persisting error
KALIMANTAN UTARA NUNUKAN,KALIMANTAN_UTARA_NUNUKAN.txt,4.1,Information and education about VAW,primary_prevention,No,Yes,0.0,1.0,false_positive,"e. conducting socialization regarding laws and regulations related to the protection of women and children victims of violence; and
f. providing critical education regarding the rights of women and children for the community.","The policy explicitly includes prevention activities involving socialization about laws/regulations protecting women and children victims of violence and providing critical education on women’s and children’s rights to the community, which are information/education measures aimed at preventing violence and protecting women.",Reference only,,,Persisting error
KALIMANTAN UTARA NUNUKAN,KALIMANTAN_UTARA_NUNUKAN.txt,4.2,Gender equality education,primary_prevention,Yes,No,1.0,0.0,false_negative,,"While the policy mentions gender mainstreaming and general communication/information/education to enhance women’s legal awareness, the provided sentences do not explicitly describe primary prevention education/awareness activities specifically about gender equality and/or women’s rights as such (beyond general empowerment and mainstreaming statements).",Reference only,,,New error
KALIMANTAN UTARA NUNUKAN,KALIMANTAN_UTARA_NUNUKAN.txt,4.4,Prevention through education,primary_prevention,No,Yes,0.0,1.0,false_positive,f. providing critical education regarding the rights of women and children for the community.,"Within the listed prevention efforts, the policy explicitly includes providing critical education regarding the rights of women and children for the community as part of violence prevention, making education an explicit prevention strategy.",Reference only,,,Persisting error
KALIMANTAN UTARA NUNUKAN,KALIMANTAN_UTARA_NUNUKAN.txt,6.1,Women in conflict/disaster areas,intersectional_approach,Yes,No,1.0,0.0,false_negative,,"The cited provisions focus on rights and services for women and children victims of violence generally, and mention disaster-affected children in a social welfare list, but do not specify special protection measures targeted at women in conflict, disaster, emergency, or displacement situations.",Reference only,,,New error
KALIMANTAN UTARA NUNUKAN,KALIMANTAN_UTARA_NUNUKAN.txt,6.3,Women workers,intersectional_approach,Yes,No,1.0,0.0,false_negative,,"The excerpts provide general protections for women and children victims of violence and address child workers, but do not explicitly provide protection or special measures for women workers/employees as a specific target group.",Reference only,,,New error
KEPULAUAN BANGKA BELITUNG BANGKA,KEPULAUAN_BANGKA_BELITUNG_BANGKA.txt,1.2,Sexual violence,scope_of_violence,Yes,No,1.0,0.0,false_negative,,"The provided sentences discuss women victims of violence in general and related protection mechanisms, but they do not explicitly mention sexual violence or clearly define violence to include sexual violence.",Reference only,,,Persisting error
KEPULAUAN BANGKA BELITUNG BANGKA,KEPULAUAN_BANGKA_BELITUNG_BANGKA.txt,1.9,Sexual slavery/exploitation,scope_of_violence,Yes,No,1.0,0.0,false_negative,,"While the text mentions exploitation in employment relations and economic exploitation, it does not explicitly mention sexual exploitation or sexual slavery.",Reference only,,,New error
KEPULAUAN BANGKA BELITUNG BANGKA,KEPULAUAN_BANGKA_BELITUNG_BANGKA.txt,3.3,Reporting/hotline service,specialised_support_services,Yes,No,1.0,0.0,false_negative,,"The cited provisions discuss implementation mechanisms (including monitoring, evaluation, and reporting) and access to legal consultation, but do not describe a mechanism/service for receiving reports or complaints of violence (e.g., hotline, complaint desk, intake channel).",Reference only,,,Persisting error
KEPULAUAN BANGKA BELITUNG BANGKA,KEPULAUAN_BANGKA_BELITUNG_BANGKA.txt,3.10,Economic support,specialised_support_services,No,Yes,0.0,1.0,false_positive,Empowerment of women in the economic field as referred to in Article 7 letter a is implemented through:,"The policy explicitly provides for economic empowerment measures such as skills/job training, capital assistance, and related support mechanisms.",Reference only,,,New error
KEPULAUAN BANGKA BELITUNG BANGKA,KEPULAUAN_BANGKA_BELITUNG_BANGKA.txt,4.3,VAW laws awareness,primary_prevention,Yes,No,1.0,0.0,false_negative,,"The policy includes legal awareness activities via communication, information and education services, but the provided sentences do not specify that these activities are about violence-against-women laws/policies in particular; references to violence appear in protection provisions rather than in legal-awareness education.",Reference only,,,New error
KEPULAUAN BANGKA BELITUNG BANGKA,KEPULAUAN_BANGKA_BELITUNG_BANGKA.txt,5.3,Traditional/cultural engagement,stakeholder_engagement,No,Yes,0.0,1.0,false_positive,"f. facilitation and efforts to preserve customs and traditions and the development of science, technology, arts and culture for the advancement of women.","The policy includes facilitation and efforts to preserve customs and traditions as part of women's empowerment in the social and cultural field, indicating engagement with customary/cultural mechanisms in implementation.",Reference only,,,New error
KEPULAUAN BANGKA BELITUNG BANGKA,KEPULAUAN_BANGKA_BELITUNG_BANGKA.txt,6.8,Women in legal process,intersectional_approach,No,Yes,0.0,1.0,false_positive,"Women Former Inmates of Correctional Institutions Article 20 (1) The implementation of Protection for women former inmates of Correctional Institutions as referred to in Article 13 letter g is in order to provide protection from obstacles to adjusting themselves in community life, so that they can carry out life normally.
(2) Women former inmates of Correctional Institutions as referred to in paragraph (1) receive protection for:","The policy explicitly provides protection for women who are former inmates of correctional institutions, which is a category of women involved in the criminal justice system, and specifies protections such as rehabilitation and reintegration.",Reference only,,,New error
KEPULAUAN BANGKA BELITUNG BANGKA,KEPULAUAN_BANGKA_BELITUNG_BANGKA.txt,7.3,International donors,budget_funding_sources,No,Yes,0.0,1.0,false_positive,"g. coordinating the participation of the business sector and other institutions, including international assistance for women's empowerment and protection; and","The policy explicitly mentions coordinating participation of institutions including international assistance for women’s empowerment and protection, indicating international support is contemplated.",Reference only,,,Persisting error
KEPULAUAN BANGKA BELITUNG BANGKA BARAT,KEPULAUAN_BANGKA_BELITUNG_BANGKA_BARAT.txt,3.2,Police specialised service unit,specialised_support_services,Yes,No,1.0,0.0,false_negative,,"The text mentions facilities such as special service rooms within the police force, but it does not explicitly establish or describe a specialised service unit within police offices dedicated to VAW victims.",Reference only,,,New error
KEPULAUAN BANGKA BELITUNG BANGKA BARAT,KEPULAUAN_BANGKA_BELITUNG_BANGKA_BARAT.txt,3.3,Reporting/hotline service,specialised_support_services,Yes,No,1.0,0.0,false_negative,,"While the policy references cooperation with police to report and process perpetrators and notes that handling mechanisms will be stipulated by Regent Regulation, it does not itself provide a concrete mechanism/service (e.g., hotline, complaint desk, reporting channel) for receiving reports or complaints.",Reference only,,,Persisting error
KEPULAUAN BANGKA BELITUNG BANGKA BARAT,KEPULAUAN_BANGKA_BELITUNG_BANGKA_BARAT_v2.txt,1.8,Human trafficking,scope_of_violence,No,Yes,0.0,1.0,false_positive,"11. Law Number 21 Year 2007 concerning Eradication of the Criminal Act of Trafficking in Persons (State Gazette of the Republic of Indonesia Year 2007 Number 58, Supplement to the State Gazette of the Republic of Indonesia Number 4720);","The policy explicitly references the law on eradication of trafficking in persons, indicating trafficking is included.",Reference only,,,New error
KEPULAUAN BANGKA BELITUNG BANGKA BARAT,KEPULAUAN_BANGKA_BELITUNG_BANGKA_BARAT_v2.txt,2.1,Institutional network,institutional_mechanism,No,Yes,0.0,1.0,false_positive,"(1) The Regional Government establishes an Integrated Service Center (PPT) as the Implementing Institution for Prevention and Protection of Women and Children Victims of Violence.
(2) The PPT as referred to in paragraph (1) consists of elements of:","The policy establishes an Integrated Service Center (PPT) as the implementing institution for prevention and protection, and specifies that it consists of multiple sectoral elements, indicating an institutional coordination mechanism/network.",Reference only,,,New error
KEPULAUAN BANGKA BELITUNG BANGKA BARAT,KEPULAUAN_BANGKA_BELITUNG_BANGKA_BARAT_v2.txt,2.5,Training and capacity building,institutional_mechanism,No,Yes,0.0,1.0,false_positive,"(1) Social community organizations that participate in the implementation of protection for victims as referred to in Article 6 paragraph (2), shall be given guidance by the Regional Government.
(2) Guidance as referred to in paragraph (1) may take the form of social guidance, skills guidance and operational technical guidance.","The policy requires that participating social community organizations be given guidance by the Regional Government, including operational technical guidance and skills guidance, which constitutes capacity building/training support for implementing actors.",Reference only,,,Persisting error
KEPULAUAN BANGKA BELITUNG BANGKA BARAT,KEPULAUAN_BANGKA_BELITUNG_BANGKA_BARAT_v2.txt,3.3,Reporting/hotline service,specialised_support_services,No,Yes,0.0,1.0,false_positive,b. submitting reports to the authorities if acts of violence against Women and Children occur; and,The policy includes a mechanism for reporting by stating that community participation may include submitting reports to the authorities when violence against women and children occurs.,Reference only,,,New error
KEPULAUAN BANGKA BELITUNG BANGKA BARAT,KEPULAUAN_BANGKA_BELITUNG_BANGKA_BARAT_v2.txt,3.9,Resocialisation services,specialised_support_services,Yes,No,1.0,0.0,false_negative,,"The candidate sentences describe protection types (medical, legal, psychological, economic) and general aims (including reunification/empowerment), but do not explicitly establish a service unit providing resocialisation/rehabilitation/reintegration services.",Reference only,,,Persisting error
KEPULAUAN BANGKA BELITUNG BANGKA BARAT,KEPULAUAN_BANGKA_BELITUNG_BANGKA_BARAT_v2.txt,4.4,Prevention through education,primary_prevention,No,Yes,0.0,1.0,false_positive,c. providing education on anti-violence values against children and women; and,"The policy explicitly lists providing education on anti-violence values against children and women as part of the Regional Government’s prevention efforts, making education an explicit prevention strategy.",Reference only,,,Persisting error
KEPULAUAN BANGKA BELITUNG BANGKA SELATAN,KEPULAUAN_BANGKA_BELITUNG_BANGKA_SELATAN.txt,1.8,Human trafficking,scope_of_violence,No,Yes,0.0,1.0,false_positive,"9. Law Number 21 of 2007 concerning the Eradication of the Criminal Act of Trafficking in Persons (State Gazette of the Republic of Indonesia of 2007 Number 58, Supplement to the State Gazette of the Republic of Indonesia Number 4720);","The policy explicitly references a law concerning the eradication of trafficking in persons, indicating trafficking is included in the policy’s legal framework/context.",Reference only,,,New error
KEPULAUAN BANGKA BELITUNG BANGKA SELATAN,KEPULAUAN_BANGKA_BELITUNG_BANGKA_SELATAN.txt,2.5,Training and capacity building,institutional_mechanism,No,Yes,0.0,1.0,false_positive,"(1) Social community organizations that participate in the implementation of protection for victims as referred to in Article 11 paragraph (2), shall be given guidance by the Regional Government.
(2) The guidance as referred to in paragraph (1) may be in the form of social guidance, skills guidance and operational technical guidance.
(3) The guidance as referred to in paragraph (2) shall be carried out by the Institution for the Protection of Women and Children established by the Regional Government.","The policy requires that participating social community organizations be given guidance by the Regional Government, specifies that such guidance may include skills guidance and operational technical guidance, and assigns implementation of this guidance to the relevant protection institution—constituting capacity building/technical guidance.",Reference only,,,Persisting error
KEPULAUAN BANGKA BELITUNG BANGKA SELATAN,KEPULAUAN_BANGKA_BELITUNG_BANGKA_SELATAN.txt,3.4,Safety/protection shelter,specialised_support_services,Yes,No,1.0,0.0,false_negative,,The retrieved sentences for this criterion describe integrated services and general protection but do not explicitly mention a shelter/safe house or a service unit providing protective accommodation.,Reference only,,,New error
KEPULAUAN BANGKA BELITUNG BANGKA SELATAN,KEPULAUAN_BANGKA_BELITUNG_BANGKA_SELATAN.txt,5.3,Traditional/cultural engagement,stakeholder_engagement,No,Yes,0.0,1.0,false_positive,"(3) The implementation of protection for victims as referred to in paragraph (1) must pay attention to religious norms, customs and the rights and obligations of parents/guardians, husbands and/or other persons who are legally responsible for the victim.","The policy requires implementation of protection to pay attention to ""customs,"" which implicitly engages customary/cultural considerations in implementation even if specific traditional leaders or institutions are not named.",Reference only,,,New error
KEPULAUAN BANGKA BELITUNG BANGKA SELATAN,KEPULAUAN_BANGKA_BELITUNG_BANGKA_SELATAN_v2.txt,1.5,Economic violence,scope_of_violence,No,Yes,0.0,1.0,false_positive,"(1) Implementation of protection for female workers/laborers to provide protection from acts of economic exploitation and cruel, inhumane treatment and to ensure proper appreciation for their work.","The policy explicitly mentions protection from “acts of economic exploitation,” which directly addresses economic violence/exploitation.",Reference only,,,Persisting error
KEPULAUAN BANGKA BELITUNG BANGKA SELATAN,KEPULAUAN_BANGKA_BELITUNG_BANGKA_SELATAN_v2.txt,1.9,Sexual slavery/exploitation,scope_of_violence,Yes,No,1.0,0.0,false_negative,,"While the text references commercial sex workers and human trafficking prevention, it does not explicitly mention sexual exploitation or sexual slavery as such (the only explicit exploitation referenced is economic or employment-related).",Reference only,,,Persisting error
KEPULAUAN BANGKA BELITUNG BANGKA SELATAN,KEPULAUAN_BANGKA_BELITUNG_BANGKA_SELATAN_v2.txt,2.1,Institutional network,institutional_mechanism,No,Yes,0.0,1.0,false_positive,"b. coordination and synchronization of the preparation of planning for programs and activities with related OPD; and
b. coordination and synchronization of program and activity implementation with related OPD.
d. coordination of policies, programs and activities.","The policy assigns the regional government responsibility for coordination and specifies coordination/synchronization with related government agencies (OPD) in planning and implementation, indicating an institutional coordination mechanism to support implementation.",Reference only,,,New error
KEPULAUAN BANGKA BELITUNG BANGKA SELATAN,KEPULAUAN_BANGKA_BELITUNG_BANGKA_SELATAN_v2.txt,2.3,Data collection systems,institutional_mechanism,No,Yes,0.0,1.0,false_positive,,"The policy requires integrating gender-disaggregated data and includes mapping, collection, processing, and presentation of data as part of planning, which establishes/mandates data-related functions relevant to women’s empowerment and protection. [unresolved evidence citation removed]",Reference only,,,Persisting error
KEPULAUAN BANGKA BELITUNG BANGKA SELATAN,KEPULAUAN_BANGKA_BELITUNG_BANGKA_SELATAN_v2.txt,2.4,Gender mainstreaming institutionalisation,institutional_mechanism,No,Yes,0.0,1.0,false_positive,(1) Women's empowerment and protection shall be implemented by integrating gender mainstreaming and gender-disaggregated data in an integrated manner based on applicable laws and regulations.,"The policy explicitly requires that women’s empowerment and protection be implemented by integrating gender mainstreaming, making it an institutional mechanism for implementation.",Reference only,,,Persisting error
KEPULAUAN BANGKA BELITUNG BANGKA SELATAN,KEPULAUAN_BANGKA_BELITUNG_BANGKA_SELATAN_v2.txt,2.5,Training and capacity building,institutional_mechanism,No,Yes,0.0,1.0,false_positive,c. facilitating capacity building of institutions implementing empowerment and protection of women;,"The policy includes facilitating capacity building of institutions implementing women’s empowerment and protection, which is a form of institutional capacity building for implementers.",Reference only,,,Persisting error
KEPULAUAN BANGKA BELITUNG BANGKA SELATAN,KEPULAUAN_BANGKA_BELITUNG_BANGKA_SELATAN_v2.txt,3.3,Reporting/hotline service,specialised_support_services,No,Yes,0.0,1.0,false_positive,"a. actions to provide information and/or report violence against women to law enforcement or the authorities, or participate in handling acts of violence against women.","The policy explicitly provides for reporting violence against women to law enforcement or authorities, establishing a mechanism for receiving reports/complaints (even if not a dedicated hotline).",Reference only,,,New error
KEPULAUAN BANGKA BELITUNG BANGKA SELATAN,KEPULAUAN_BANGKA_BELITUNG_BANGKA_SELATAN_v2.txt,3.10,Economic support,specialised_support_services,No,Yes,0.0,1.0,false_positive,Empowerment of women in the economic field is implemented through:,"The policy specifies economic empowerment measures including skills and job training, facilitation/capital assistance, and related support, indicating provision for economic support services.",Reference only,,,New error
KEPULAUAN BANGKA BELITUNG BANGKA SELATAN,KEPULAUAN_BANGKA_BELITUNG_BANGKA_SELATAN_v2.txt,4.2,Gender equality education,primary_prevention,Yes,No,1.0,0.0,false_negative,,"While the policy mentions gender equality as a principle and includes general communication/information/education services (including legal awareness), the provided sentences do not explicitly indicate primary prevention education activities specifically about gender equality and/or women’s rights.",Reference only,,,Persisting error
KEPULAUAN BANGKA BELITUNG BANGKA SELATAN,KEPULAUAN_BANGKA_BELITUNG_BANGKA_SELATAN_v2.txt,4.3,VAW laws awareness,primary_prevention,Yes,No,1.0,0.0,false_negative,,"The candidate sentences refer to providing information about violence against women and to general legal awareness/knowledge services, but they do not explicitly state education or information activities about specific VAW laws or policies as a primary prevention measure.",Reference only,,,Persisting error
KEPULAUAN BANGKA BELITUNG BANGKA SELATAN,KEPULAUAN_BANGKA_BELITUNG_BANGKA_SELATAN_v2.txt,4.4,Prevention through education,primary_prevention,No,Yes,0.0,1.0,false_positive,"b. provision of communication, information and education media regarding empowerment and prevention of violence against women in families, communities, educational institutions and public spaces.","The policy explicitly links education-related activities (communication, information, and education media) to the prevention of violence against women, indicating education as a strategy for prevention.",Reference only,,,Persisting error
KEPULAUAN BANGKA BELITUNG BANGKA SELATAN,KEPULAUAN_BANGKA_BELITUNG_BANGKA_SELATAN_v2.txt,5.4,Education institutions engagement,stakeholder_engagement,No,Yes,0.0,1.0,false_positive,"b. provision of communication, information and education media regarding empowerment and prevention of violence against women in families, communities, educational institutions and public spaces.
Empowerment of women in the field of education through:
a. organization of formal and nonformal education for women in South Bangka Regency.","The policy includes prevention-related communication/information/education media in educational institutions and provides for women’s empowerment through formal and nonformal education, indicating engagement of the education sector in implementation.",Reference only,,,New error
KEPULAUAN BANGKA BELITUNG BANGKA SELATAN,KEPULAUAN_BANGKA_BELITUNG_BANGKA_SELATAN_v2.txt,6.2,Women victims of trafficking,intersectional_approach,Yes,No,1.0,0.0,false_negative,,"The retrieved sentences mention prevention of human trafficking in the context of protecting female commercial sex workers, but they do not explicitly include or define women victims of trafficking as a target group within the policy’s protection scope.",Reference only,,,Persisting error
KEPULAUAN BANGKA BELITUNG BANGKA SELATAN,KEPULAUAN_BANGKA_BELITUNG_BANGKA_SELATAN_v2.txt,7.3,International donors,budget_funding_sources,No,Yes,0.0,1.0,false_positive,"f. coordinating the participation of the business sector and other institutions, including international assistance for empowerment and protection of women; and","The policy explicitly references coordination of participation by other institutions, including international assistance, for women’s empowerment and protection.",Reference only,,,Persisting error
KEPULAUAN BANGKA BELITUNG BANGKA TENGAH,KEPULAUAN_BANGKA_BELITUNG_BANGKA_TENGAH.txt,1.5,Economic violence,scope_of_violence,Yes,No,1.0,0.0,false_negative,,"While the policy discusses women’s rights related to work, wages, and empowerment, none of the provided sentences explicitly identify economic violence, economic exploitation, or domestic neglect as a form of violence against women.",Reference only,,,Persisting error
KEPULAUAN BANGKA BELITUNG BANGKA TENGAH,KEPULAUAN_BANGKA_BELITUNG_BANGKA_TENGAH.txt,5.3,Traditional/cultural engagement,stakeholder_engagement,Yes,No,1.0,0.0,false_negative,,"While the text mentions “community leaders” and general community participation, it does not explicitly reference traditional/customary/cultural leaders, customary institutions, or customary/community dispute-resolution mechanisms.",Reference only,,,Persisting error
KEPULAUAN BANGKA BELITUNG BANGKA TENGAH,KEPULAUAN_BANGKA_BELITUNG_BANGKA_TENGAH.txt,7.2,National government budget,budget_funding_sources,No,Yes,0.0,1.0,false_positive,"(2) In the event that the Region receives funding assistance for the implementation of policies, programs and activities for women's empowerment and protection from the Government, it must be implemented in accordance with the laws and regulations.","The policy provides for the possibility of receiving funding assistance from “the Government,” indicating a national-level government funding source in addition to the local budget.",Reference only,,,Persisting error
KEPULAUAN BANGKA BELITUNG BANGKA TENGAH,KEPULAUAN_BANGKA_BELITUNG_BANGKA_TENGAH.txt,7.3,International donors,budget_funding_sources,No,Yes,0.0,1.0,false_positive,"a. conduct cooperation with the business sector, non-governmental organizations, private companies, Foundations, and other domestic institutions as well as international institutions, in accordance with the provisions of laws and regulations;","The policy explicitly mentions cooperation with “international institutions” as part of implementing women’s protection policies and activities, which constitutes explicit international support (even if not framed strictly as budget lines).",Reference only,,,New error
KEPULAUAN BANGKA BELITUNG BANGKA TENGAH,KEPULAUAN_BANGKA_BELITUNG_BANGKA_TENGAH.txt,7.4,Other legal sources,budget_funding_sources,Yes,No,1.0,0.0,false_negative,,"The candidate sentences identify the local budget and possible assistance from the Government, and mention cooperation with various entities, but they do not explicitly define additional funding/budget sources categorized as “other legal sources” (e.g., dedicated levies, earmarked funds, fines, or other legally specified revenue streams).",Reference only,,,Persisting error
KEPULAUAN BANGKA BELITUNG BELITUNG,KEPULAUAN_BANGKA_BELITUNG_BELITUNG.txt,1.9,Sexual slavery/exploitation,scope_of_violence,No,Yes,0.0,1.0,false_positive,"Letter b What is meant by exploitation is an act with or without the consent of the victim which includes prostitution, forced labor or services, slavery or practices similar to slavery, oppression, extortion, utilization of physical sexual reproductive organs or unlawfully transferring/utilizing labor or transplanting organs and or body tissues or utilizing the labor or ability of a person by another party to obtain benefits both material and immaterial.","The policy explicitly includes prostitution and slavery or practices similar to slavery within its definition of exploitation, which covers sexual exploitation and sexual slavery-related practices.",Reference only,,,Persisting error
KEPULAUAN BANGKA BELITUNG BELITUNG,KEPULAUAN_BANGKA_BELITUNG_BELITUNG.txt,3.8,Religious/spiritual counselling,specialised_support_services,Yes,No,1.0,0.0,false_negative,,"While the policy references an OPD field of “mental and spiritual,” it does not explicitly provide religious/spiritual counselling or faith-based mentoring services for victims in the cited sentences.",Reference only,,,Persisting error
KEPULAUAN BANGKA BELITUNG BELITUNG,KEPULAUAN_BANGKA_BELITUNG_BELITUNG.txt,6.2,Women victims of trafficking,intersectional_approach,No,Yes,0.0,1.0,false_positive,a. to prevent acts of violence and discrimination against women and children including trafficking in persons;,"The policy’s objectives explicitly include preventing violence and discrimination against women and children including trafficking in persons, thereby covering women victims of trafficking within its scope.",Reference only,,,Persisting error
KEPULAUAN BANGKA BELITUNG BELITUNG,KEPULAUAN_BANGKA_BELITUNG_BELITUNG.txt,7.5,Provincial government budget,budget_funding_sources,No,Yes,0.0,1.0,false_positive,b. Provincial Regional Revenue and Expenditure Budget;,"The policy explicitly lists the Provincial Regional Revenue and Expenditure Budget as a financing source, indicating provincial government budget support.",Reference only,,,Persisting error
KEPULAUAN BANGKA BELITUNG PANGKALPINANG KOTA,KEPULAUAN_BANGKA_BELITUNG_PANGKALPINANG_KOTA.txt,1.8,Human trafficking,scope_of_violence,No,Yes,0.0,1.0,false_positive,"c. provide protection and security for women victims of violence and discrimination, as well as criminal acts of human trafficking;","The policy explicitly references ""criminal acts of human trafficking"" within the objectives of women's empowerment and protection, indicating trafficking is included.",Reference only,,,Persisting error
KEPULAUAN BANGKA BELITUNG PANGKALPINANG KOTA,KEPULAUAN_BANGKA_BELITUNG_PANGKALPINANG_KOTA.txt,2.5,Training and capacity building,institutional_mechanism,No,Yes,0.0,1.0,false_positive,c. strengthen institutional capacity for gender mainstreaming for the implementation of policy programs and activities for the protection of women;,"The policy provides for strengthening institutional capacity (specifically for gender mainstreaming) in implementing protection policies and programs, which constitutes an institutional capacity-building requirement for implementation.",Reference only,,,New error
KEPULAUAN BANGKA BELITUNG PANGKALPINANG KOTA,KEPULAUAN_BANGKA_BELITUNG_PANGKALPINANG_KOTA.txt,3.2,Police specialised service unit,specialised_support_services,Yes,No,1.0,0.0,false_negative,,"The text mentions providing special service rooms at police offices, but it does not explicitly establish a specialised service unit within police offices dedicated to VAW victims.",Reference only,,,New error
KEPULAUAN BANGKA BELITUNG PANGKALPINANG KOTA,KEPULAUAN_BANGKA_BELITUNG_PANGKALPINANG_KOTA.txt,3.8,Religious/spiritual counselling,specialised_support_services,No,Yes,0.0,1.0,false_positive,"f. provision of apparatus, health workers, social workers, and spiritual counselors;","The policy explicitly includes the provision of spiritual counselors among the resources to be provided for protection efforts, indicating faith-based/spiritual counselling support.",Reference only,,,Persisting error
KEPULAUAN BANGKA BELITUNG PANGKALPINANG KOTA,KEPULAUAN_BANGKA_BELITUNG_PANGKALPINANG_KOTA.txt,4.4,Prevention through education,primary_prevention,No,Yes,0.0,1.0,false_positive,"(1) The City Government is obligated and responsible to implement efforts to prevent the occurrence of violence against women in the form of:
b. conducting education on anti-violence values against women;","Education is explicitly listed as part of the City Government’s efforts to prevent the occurrence of violence against women, specifically through conducting education on anti-violence values against women.",Reference only,,,Persisting error
KEPULAUAN BANGKA BELITUNG PANGKALPINANG KOTA,KEPULAUAN_BANGKA_BELITUNG_PANGKALPINANG_KOTA.txt,5.2,Religious engagement,stakeholder_engagement,Yes,No,1.0,0.0,false_negative,,"While the policy refers broadly to community participation and community elements, none of the candidate sentences explicitly mention religious organisations, religious leaders, clergy, or other faith-based actors in delivery, prevention, coordination, or implementation.",Reference only,,,Persisting error
KEPULAUAN BANGKA BELITUNG PANGKALPINANG KOTA,KEPULAUAN_BANGKA_BELITUNG_PANGKALPINANG_KOTA.txt,5.4,Education institutions engagement,stakeholder_engagement,Yes,No,1.0,0.0,false_negative,,"The policy discusses women’s empowerment in the field of education and conducting education on anti-violence values, but it does not explicitly engage or assign roles to education institutions (schools, universities, academics, or the education sector) as stakeholders in implementation, coordination, services, or capacity building.",Reference only,,,Persisting error
KEPULAUAN BANGKA BELITUNG PANGKALPINANG KOTA,KEPULAUAN_BANGKA_BELITUNG_PANGKALPINANG_KOTA.txt,5.8,Private sector engagement,stakeholder_engagement,Yes,No,1.0,0.0,false_negative,,"Although funding may include environmental social responsibility and the policy mentions broad community participation, the candidate sentences do not explicitly identify or engage the business/private sector as a stakeholder in prevention, protection, or services.",Reference only,,,Persisting error
KEPULAUAN BANGKA BELITUNG PANGKALPINANG KOTA,KEPULAUAN_BANGKA_BELITUNG_PANGKALPINANG_KOTA.txt,6.2,Women victims of trafficking,intersectional_approach,No,Yes,0.0,1.0,false_positive,"c. provide protection and security for women victims of violence and discrimination, as well as criminal acts of human trafficking;","The policy’s stated objectives explicitly include providing protection and security for women victims of violence and discrimination, as well as victims of criminal acts of human trafficking.",Reference only,,,Persisting error
KEPULAUAN RIAU KARIMUN,KEPULAUAN_RIAU_KARIMUN.txt,1.2,Sexual violence,scope_of_violence,Yes,No,1.0,0.0,false_negative,,"The provided sentences refer generally to ""all forms of Violence Against Women and Children"" and list related laws, but none explicitly mention sexual violence or a specific sexual-violence category.",Reference only,,,Persisting error
KEPULAUAN RIAU KARIMUN,KEPULAUAN_RIAU_KARIMUN.txt,1.3,Physical violence,scope_of_violence,Yes,No,1.0,0.0,false_negative,,The candidate sentences contain only general references to violence against women and children and do not explicitly mention physical violence as a category.,Reference only,,,Persisting error
KEPULAUAN RIAU KARIMUN,KEPULAUAN_RIAU_KARIMUN.txt,1.4,Psychological violence,scope_of_violence,Yes,No,1.0,0.0,false_negative,,The candidate sentences do not explicitly mention psychological violence; they only refer broadly to violence against women and children.,Reference only,,,Persisting error
KEPULAUAN RIAU KARIMUN,KEPULAUAN_RIAU_KARIMUN.txt,1.5,Economic violence,scope_of_violence,Yes,No,1.0,0.0,false_negative,,"There is no explicit mention of economic violence, economic exploitation, or domestic neglect in the provided sentences.",Reference only,,,Persisting error
KEPULAUAN RIAU KARIMUN,KEPULAUAN_RIAU_KARIMUN.txt,1.8,Human trafficking,scope_of_violence,No,Yes,0.0,1.0,false_positive,"5. Law Number 21 of 2007 concerning the Eradication of the Criminal Act of Trafficking in Women (State Gazette of the Republic of Indonesia Year 2007 Number 58, Supplement to the State Gazette of the Republic of Indonesia Number 4720);","The candidate sentences explicitly reference a law concerning eradication of trafficking in women, indicating inclusion of trafficking within the policy context.",Reference only,,,Persisting error
KEPULAUAN RIAU KARIMUN,KEPULAUAN_RIAU_KARIMUN.txt,1.9,Sexual slavery/exploitation,scope_of_violence,Yes,No,1.0,0.0,false_negative,,The provided sentences do not explicitly mention sexual exploitation or sexual slavery; trafficking is referenced but not sexual exploitation/slavery specifically.,Reference only,,,Persisting error
KEPULAUAN RIAU KARIMUN,KEPULAUAN_RIAU_KARIMUN.txt,2.1,Institutional network,institutional_mechanism,Yes,No,1.0,0.0,false_negative,,"The provided sentences are limited to the regulation title, preamble, and legal bases. They state the government’s obligation and the need for a regulation, but do not describe any institutional coordination mechanism, network, or inter-agency structure for implementation.",Reference only,,,Persisting error
KEPULAUAN RIAU KARIMUN,KEPULAUAN_RIAU_KARIMUN.txt,2.2,Collaboration with NGOs,institutional_mechanism,Yes,No,1.0,0.0,false_negative,,"The candidate sentences contain only general considerations and legal references and do not mention NGOs, civil society, community organizations, or any cooperation/collaboration mechanism with non-government service providers.",Reference only,,,Persisting error
KEPULAUAN RIAU KARIMUN,KEPULAUAN_RIAU_KARIMUN.txt,2.3,Data collection systems,institutional_mechanism,Yes,No,1.0,0.0,false_negative,,"No sentence in the provided excerpts establishes or assigns responsibility for collecting, recording, monitoring, reporting, managing, or exchanging data related to violence against women/children or protection cases.",Reference only,,,Persisting error
KEPULAUAN RIAU KARIMUN,KEPULAUAN_RIAU_KARIMUN.txt,2.5,Training and capacity building,institutional_mechanism,Yes,No,1.0,0.0,false_negative,,"The provided text does not include any requirement or provision for training, technical guidance, capacity building, or professional development for implementers or service providers.",Reference only,,,Persisting error
KEPULAUAN RIAU KARIMUN,KEPULAUAN_RIAU_KARIMUN.txt,2.6,Monitoring and evaluation,institutional_mechanism,Yes,No,1.0,0.0,false_negative,,"The candidate sentences do not refer to monitoring, evaluation, performance review, reporting on implementation, or assessment of service delivery; they only provide introductory and legal-basis material.",Reference only,,,Persisting error
KEPULAUAN RIAU KARIMUN,KEPULAUAN_RIAU_KARIMUN.txt,3.1,Integrated service unit,specialised_support_services,Yes,No,1.0,0.0,false_negative,,The provided sentences are limited to the regulation title/preamble and legal bases; they do not mention establishing or operating an integrated service unit for women victims of violence.,Reference only,,,Persisting error
KEPULAUAN RIAU KARIMUN,KEPULAUAN_RIAU_KARIMUN.txt,3.1,Integrated service unit,specialised_support_services,Yes,No,1.0,0.0,false_negative,,The provided sentences are limited to the regulation title/preamble and legal bases; they do not mention establishing or operating an integrated service unit for women victims of violence.,Reference only,,,Persisting error
KEPULAUAN RIAU KARIMUN,KEPULAUAN_RIAU_KARIMUN.txt,3.3,Reporting/hotline service,specialised_support_services,Yes,No,1.0,0.0,false_negative,,"None of the retrieved sentences describe any mechanism (hotline, complaint desk, reporting channel) for receiving reports/complaints of violence.",Reference only,,,Persisting error
KEPULAUAN RIAU KARIMUN,KEPULAUAN_RIAU_KARIMUN.txt,3.5,Legal assistance,specialised_support_services,Yes,No,1.0,0.0,false_negative,,"Although the text cites laws related to protection and violence, it does not state that any service unit provides legal assistance to victims.",Reference only,,,Persisting error
KEPULAUAN RIAU KARIMUN,KEPULAUAN_RIAU_KARIMUN.txt,3.6,Health/medical services,specialised_support_services,Yes,No,1.0,0.0,false_negative,,"The candidate sentences do not mention health facilities, medical treatment, or any service unit responsible for providing medical services to victims.",Reference only,,,Persisting error
KEPULAUAN RIAU KARIMUN,KEPULAUAN_RIAU_KARIMUN.txt,3.7,Psychosocial counselling,specialised_support_services,Yes,No,1.0,0.0,false_negative,,"There is no mention of psychosocial support, psychological counselling, trauma services, or related victim support services in the provided sentences.",Reference only,,,Persisting error
KEPULAUAN RIAU KARIMUN,KEPULAUAN_RIAU_KARIMUN.txt,3.9,Resocialisation services,specialised_support_services,Yes,No,1.0,0.0,false_negative,,"The provided sentences do not refer to rehabilitation, reintegration, resocialisation programs, or any unit delivering such services.",Reference only,,,Persisting error
KEPULAUAN RIAU KARIMUN,KEPULAUAN_RIAU_KARIMUN.txt,3.10,Economic support,specialised_support_services,Yes,No,1.0,0.0,false_negative,,"No sentence mentions economic empowerment, skills training, financial assistance, or any service unit providing economic support to victims.",Reference only,,,New error
KEPULAUAN RIAU KARIMUN,KEPULAUAN_RIAU_KARIMUN.txt,4.1,Information and education about VAW,primary_prevention,Yes,No,1.0,0.0,false_negative,,"The candidate sentences describe the regulation’s purpose and legal basis for protection of women and children and cite relevant laws, but they do not mention any specific information, awareness, communication, socialization, or education activities aimed at preventing violence against women or protecting women from violence.",Reference only,,,Persisting error
KEPULAUAN RIAU KARIMUN,KEPULAUAN_RIAU_KARIMUN.txt,4.3,VAW laws awareness,primary_prevention,Yes,No,1.0,0.0,false_negative,,"Although the text lists laws related to domestic violence and trafficking, it does not describe any activity to educate or inform the public about VAW laws or policies; it only provides legal references.",Reference only,,,Persisting error
KEPULAUAN RIAU KARIMUN,KEPULAUAN_RIAU_KARIMUN.txt,4.4,Prevention through education,primary_prevention,Yes,No,1.0,0.0,false_negative,,The candidate sentences do not state that education is a strategy to prevent violence against women or children; they focus on the rationale for issuing the regulation and its legal foundations.,Reference only,,,Persisting error
KEPULAUAN RIAU KARIMUN,KEPULAUAN_RIAU_KARIMUN.txt,5.1,NGO collaboration,stakeholder_engagement,Yes,No,1.0,0.0,false_negative,,"The provided sentences are limited to the regulation header and general legal considerations/references, without any mention of collaboration or engagement with civil society organisations/NGOs in services or prevention.",Reference only,,,Persisting error
KEPULAUAN RIAU KARIMUN,KEPULAUAN_RIAU_KARIMUN.txt,5.4,Education institutions engagement,stakeholder_engagement,Yes,No,1.0,0.0,false_negative,,"The excerpts contain only introductory considerations and legal bases and do not include any explicit or implicit role for schools, universities, academics, or the education sector.",Reference only,,,Persisting error
KEPULAUAN RIAU KARIMUN,KEPULAUAN_RIAU_KARIMUN.txt,5.7,Community engagement,stakeholder_engagement,Yes,No,1.0,0.0,false_negative,,"Although the text mentions providing legal certainty to parties involved, it does not identify community/society stakeholders or describe engagement/collaboration with the community for services or prevention.",Reference only,,,Persisting error
KEPULAUAN RIAU KARIMUN,KEPULAUAN_RIAU_KARIMUN.txt,5.8,Private sector engagement,stakeholder_engagement,Yes,No,1.0,0.0,false_negative,,"The provided sentences do not mention businesses, employers, or the private sector as stakeholders in prevention, protection, or service provision.",Reference only,,,Persisting error
KEPULAUAN RIAU KARIMUN,KEPULAUAN_RIAU_KARIMUN.txt,6.2,Women victims of trafficking,intersectional_approach,No,Yes,0.0,1.0,false_positive,"5. Law Number 21 of 2007 concerning the Eradication of the Criminal Act of Trafficking in Women (State Gazette of the Republic of Indonesia Year 2007 Number 58, Supplement to the State Gazette of the Republic of Indonesia Number 4720);","The policy’s cited legal basis explicitly references a law on the eradication of trafficking in women, indicating trafficking in women is within the scope considered.",Reference only,,,New error
LAMPUNG BANDAR LAMPUNG KOTA,LAMPUNG_BANDAR_LAMPUNG_KOTA.txt,1.6,Harmful practices,scope_of_violence,No,Yes,0.0,1.0,false_positive,6. forced marriage;,"The policy explicitly includes “forced marriage” under sexual violence, which is a harmful practice affecting women and girls.",Reference only,,,Persisting error
LAMPUNG BANDAR LAMPUNG KOTA,LAMPUNG_BANDAR_LAMPUNG_KOTA.txt,3.7,Psychosocial counselling,specialised_support_services,Yes,No,1.0,0.0,false_negative,,"The candidate sentences include interviews/observation, referrals, and medical consultations, but do not explicitly provide psychosocial/psychological counselling services for victims (separate from medical consultations).",Reference only,,,New error
LAMPUNG BANDAR LAMPUNG KOTA,LAMPUNG_BANDAR_LAMPUNG_KOTA.txt,6.1,Women in conflict/disaster areas,intersectional_approach,No,Yes,0.0,1.0,false_positive,l. to special protection in emergency conditions/situations.,"The policy explicitly states that every woman has the right to special protection in emergency conditions/situations, which covers emergency/disaster contexts.",Reference only,,,New error
LAMPUNG BANDAR LAMPUNG KOTA,LAMPUNG_BANDAR_LAMPUNG_KOTA.txt,6.2,Women victims of trafficking,intersectional_approach,No,Yes,0.0,1.0,false_positive,"(1) The community is responsible for carrying out prevention, risk reduction and handling of cases of women victims of violence, exploitation, trafficking in persons.","The policy explicitly includes handling of cases of women victims of trafficking in persons within community responsibilities, indicating trafficking victims are within scope.",Reference only,,,Persisting error
LAMPUNG BANDAR LAMPUNG KOTA,LAMPUNG_BANDAR_LAMPUNG_KOTA.txt,7.2,National government budget,budget_funding_sources,No,Yes,0.0,1.0,false_positive,"Funding for the protection of women may be sourced from the State Revenue and Expenditure Budget, Regional Revenue and Expenditure Budget both Provincial and Municipal and/or other lawful sources that are non-binding in accordance with the provisions of legislation.","The policy explicitly includes the State Revenue and Expenditure Budget as a possible funding source, which corresponds to the national government budget.",Reference only,,,Persisting error
LAMPUNG BANDAR LAMPUNG KOTA,LAMPUNG_BANDAR_LAMPUNG_KOTA.txt,7.5,Provincial government budget,budget_funding_sources,No,Yes,0.0,1.0,false_positive,"Funding for the protection of women may be sourced from the State Revenue and Expenditure Budget, Regional Revenue and Expenditure Budget both Provincial and Municipal and/or other lawful sources that are non-binding in accordance with the provisions of legislation.","The policy explicitly states that funding may come from the Regional Revenue and Expenditure Budget at the provincial level, indicating provincial government budget as a source.",Reference only,,,Persisting error
LAMPUNG LAMPUNG TIMUR,LAMPUNG_LAMPUNG_TIMUR.txt,3.10,Economic support,specialised_support_services,No,Yes,0.0,1.0,false_positive,"P2TP2A as an integrated service center for the protection of women and children in East Lampung Regency, must gradually be able to function as: a referral center, reproductive health consultation center, legal consultation center, integrated crisis center (PKT), violence handling center, trauma recovery center (trauma center), women's crisis center (women crisis center), training center, science and technology information center (PIPTEK), business consultation center, safe house (shelter), transit house, children's friend telephone (TESSA) 129 or other forms that support the improvement of protection services for women and children.","The policy states that P2TP2A should be able to function as a training center and business consultation center, which constitutes economic empowerment/support services.",Reference only,,,New error
LAMPUNG LAMPUNG TIMUR,LAMPUNG_LAMPUNG_TIMUR.txt,4.1,Information and education about VAW,primary_prevention,No,Yes,0.0,1.0,false_positive,"The Regent is obligated to implement policies, programs, and activities for the protection of women and children, to eliminate all forms of discrimination and acts of violence against women and children in their region.
The implementation as referred to in paragraph (1) shall be in the form of: policy analysis, coordination, advocacy, socialization, communication, information, and education (KIE), training, service facilitation, service provision, development of models for the protection of women and children, and other forms.","The policy obligates implementation of protection activities aimed at eliminating violence against women and children, and specifies that implementation can include socialization, communication, information, and education (KIE), which are information/awareness/education activities relevant to preventing or addressing violence.",Reference only,,,Persisting error
LAMPUNG LAMPUNG TIMUR,LAMPUNG_LAMPUNG_TIMUR.txt,4.4,Prevention through education,primary_prevention,No,Yes,0.0,1.0,false_positive,"The Regent is obligated to implement policies, programs, and activities for the protection of women and children, to eliminate all forms of discrimination and acts of violence against women and children in their region.
The implementation as referred to in paragraph (1) shall be in the form of: policy analysis, coordination, advocacy, socialization, communication, information, and education (KIE), training, service facilitation, service provision, development of models for the protection of women and children, and other forms.","The policy sets an objective to eliminate acts of violence against women and children and identifies education (KIE) among the forms of implementation of protection policies/programs, indicating education is used as a strategy within efforts to address/eliminate violence.",Reference only,,,New error
LAMPUNG LAMPUNG TIMUR,LAMPUNG_LAMPUNG_TIMUR.txt,5.2,Religious engagement,stakeholder_engagement,Yes,No,1.0,0.0,false_negative,,"While the text mentions cooperation with community institutions/civil society and includes a definition that community institutions can include religious organizations, it does not explicitly include religious organizations/leaders/clergy/faith-based actors in delivery, prevention, coordination, or implementation within the provided candidate sentences for this criterion.",Reference only,,,Persisting error
LAMPUNG LAMPUNG TIMUR,LAMPUNG_LAMPUNG_TIMUR.txt,6.2,Women victims of trafficking,intersectional_approach,No,Yes,0.0,1.0,false_positive,"For women and children who are victims of violence and human trafficking, services include: complaint services/victim identification, legal assistance, health rehabilitation, psychosocial rehabilitation, social reintegration, repatriation assistance or other forms according to the needs and best interests of the victim.",The policy explicitly includes women who are victims of human trafficking within the scope of protection services and specifies service types for these victims.,Reference only,,,Persisting error
LAMPUNG LAMPUNG TIMUR,LAMPUNG_LAMPUNG_TIMUR.txt,7.3,International donors,budget_funding_sources,No,Yes,0.0,1.0,false_positive,"In implementing policies, programs, and activities for the protection of women and children, the Regional Government of East Lampung Regency may conduct cooperation with international institutions.","The policy explicitly allows the Regional Government to cooperate with international institutions in implementing protection policies, which constitutes explicit international support/assistance (even if not framed as a specific budget line).",Reference only,,,New error
LAMPUNG LAMPUNG UTARA,LAMPUNG_LAMPUNG_UTARA.txt,1.9,Sexual slavery/exploitation,scope_of_violence,No,Yes,0.0,1.0,false_positive,d. Children who are exploited economically and/or sexually;,"The policy explicitly includes children who are exploited economically and/or sexually as a group eligible for special protection, which covers sexual exploitation.",Reference only,,,Persisting error
LAMPUNG LAMPUNG UTARA,LAMPUNG_LAMPUNG_UTARA.txt,4.4,Prevention through education,primary_prevention,No,Yes,0.0,1.0,false_positive,"(1) Regional Government conducts prevention as referred to in article 6 letter a by means of:
c. providing education on the dangers of domestic violence;","The policy explicitly identifies education as a prevention strategy, including “providing education on the dangers of domestic violence” as a means by which the regional government conducts prevention.",Reference only,,,Persisting error
LAMPUNG LAMPUNG UTARA,LAMPUNG_LAMPUNG_UTARA.txt,6.2,Women victims of trafficking,intersectional_approach,No,Yes,0.0,1.0,false_positive,a. prevent violence against women and children including human trafficking;,"The objectives explicitly include preventing violence against women and children including human trafficking, which brings trafficking of women within the policy’s scope.",Reference only,,,New error
LAMPUNG LAMPUNG UTARA,LAMPUNG_LAMPUNG_UTARA.txt,6.3,Women workers,intersectional_approach,No,Yes,0.0,1.0,false_positive,"What is meant by ""neglect of workers"" is an act by any person or legal entity that results in improper treatment of female workers whereas according to the law applicable to them or due to an agreement or contract they are obliged to provide adequate protection from lawful actions against workers such as haphazard recruitment, unclear shelters and workplaces, arbitrary business owners.","The policy text explicitly references improper treatment of female workers under the concept of “neglect of workers,” indicating attention to women workers as a specific group.",Reference only,,,Persisting error
LAMPUNG LAMPUNG UTARA,LAMPUNG_LAMPUNG_UTARA.txt,6.5,People with disability,intersectional_approach,No,Yes,0.0,1.0,false_positive,l. Children with Disabilities;,"The policy explicitly includes “Children with Disabilities” as a category receiving special protection, which constitutes a disability-targeted special protection measure (though framed for children rather than women).",Reference only,,,Persisting error
LAMPUNG LAMPUNG UTARA,LAMPUNG_LAMPUNG_UTARA.txt,7.4,Other legal sources,budget_funding_sources,Yes,No,1.0,0.0,false_negative,,"Although the financing provision indicates funding may be sourced from the Regional Revenue and Expenditure Budget and includes an incomplete reference to other provisions, the candidate sentences do not explicitly identify any specific additional (non-local-budget) legal funding sources.",Reference only,,,New error
LAMPUNG PESAWARAN,LAMPUNG_PESAWARAN.txt,1.5,Economic violence,scope_of_violence,Yes,No,1.0,0.0,false_negative,,"While the text mentions economic exploitation and neglect in relation to children and includes women’s economic empowerment measures, it does not explicitly frame economic violence/economic exploitation/domestic neglect as a form of violence against women in the provided sentences.",Reference only,,,New error
LAMPUNG PESAWARAN,LAMPUNG_PESAWARAN.txt,2.3,Data collection systems,institutional_mechanism,Yes,No,1.0,0.0,false_negative,,"The provided sentences discuss integrated prevention, coordination, complaint/service units, confidentiality, and shared responsibilities, but do not establish or assign responsibility for a system to collect, record, manage, exchange, or report data on violence against women or related cases/victims.",Reference only,,,Persisting error
LAMPUNG PESAWARAN,LAMPUNG_PESAWARAN.txt,2.5,Training and capacity building,institutional_mechanism,No,Yes,0.0,1.0,false_positive,"c. providing training related to child care/education, counseling principles, basic psychology to communities participating in efforts to organize early childhood education, development of Toddler Family Development Groups (BKB), organizing integrated child protection services and other similar activities related to fulfilling children's needs;","The policy explicitly includes provision of training (e.g., child care/education, counseling principles, basic psychology) as a form of guidance under the regional head’s authority, which constitutes training/capacity building for those involved in protection implementation.",Reference only,,,Persisting error
LAMPUNG PESAWARAN,LAMPUNG_PESAWARAN.txt,3.8,Religious/spiritual counselling,specialised_support_services,No,Yes,0.0,1.0,false_positive,"Special Protection for Children with deviant social behavior as referred to in Article 49 letter m shall be carried out through guidance on religious values and social values, counseling, social rehabilitation, and social assistance.","The policy includes guidance on religious values (alongside counseling and rehabilitation) as part of special protection measures, indicating availability of faith-based guidance/support.",Reference only,,,New error
LAMPUNG PESAWARAN,LAMPUNG_PESAWARAN.txt,3.10,Economic support,specialised_support_services,No,Yes,0.0,1.0,false_positive,"a. provision of skills and job training;
d. facilitation of capital assistance; and","The policy provides for economic empowerment measures such as skills/job training and facilitation of capital assistance, which are forms of economic support/empowerment.",Reference only,,,New error
LAMPUNG PESAWARAN,LAMPUNG_PESAWARAN.txt,4.2,Gender equality education,primary_prevention,Yes,No,1.0,0.0,false_negative,,"While the policy mentions gender mainstreaming and awareness/education related to protection and empowerment of women, the provided sentences do not explicitly specify educational activities focused on gender equality and/or women’s rights as the subject matter.",Reference only,,,Persisting error
LAMPUNG PESAWARAN,LAMPUNG_PESAWARAN.txt,4.4,Prevention through education,primary_prevention,No,Yes,0.0,1.0,false_positive,"e. awareness campaigns, socialization and education to the community regarding the protection and empowerment of women.
d. incorporating local content material on children's rights and the elimination of violence against children as teaching material in teaching and learning activities in early childhood education institutions up to the level of Senior High School;","The policy includes education as part of prevention strategies, including community education related to protection/empowerment of women in the context of preventing violence against women and incorporating teaching material on eliminating violence against children in schools.",Reference only,,,Persisting error
LAMPUNG PESAWARAN,LAMPUNG_PESAWARAN.txt,6.1,Women in conflict/disaster areas,intersectional_approach,Yes,No,1.0,0.0,false_negative,,"The provided sentences include special protection for children in emergency situations (including refugees, riots, natural disasters, armed conflict) and general protection mechanisms for women victims (e.g., safe houses), but they do not specify special protection measures targeted at women in conflict, disaster, emergency, or displacement situations.",Reference only,,,Persisting error
LAMPUNG PESAWARAN,LAMPUNG_PESAWARAN.txt,6.1,Women in conflict/disaster areas,intersectional_approach,Yes,No,1.0,0.0,false_negative,,"The provided sentences include special protection for children in emergency situations (including refugees, riots, natural disasters, armed conflict) and general protection mechanisms for women victims (e.g., safe houses), but they do not specify special protection measures targeted at women in conflict, disaster, emergency, or displacement situations.",Reference only,,,Persisting error
LAMPUNG PESAWARAN,LAMPUNG_PESAWARAN.txt,6.3,Women workers,intersectional_approach,Yes,No,1.0,0.0,false_negative,,"The candidate sentences describe general women’s rights (including the right to obtain work) and general protection for women victims, but do not set out protection or special measures specifically targeting women workers as a group.",Reference only,,,New error
LAMPUNG PESAWARAN,LAMPUNG_PESAWARAN.txt,6.5,People with disability,intersectional_approach,Yes,No,1.0,0.0,false_negative,,"The excerpts provide special protection measures for children with disabilities, but do not specify special protection measures targeted at women with disabilities or people with disabilities generally (beyond the child-focused provisions).",Reference only,,,New error
LAMPUNG PESAWARAN,LAMPUNG_PESAWARAN.txt,6.8,Women in legal process,intersectional_approach,No,Yes,0.0,1.0,false_positive,"(1) Protection of women includes:
(2) Protection for women victims also includes the provision of safe houses as temporary shelter to obtain a sense of security during the judicial process and/or outside the judicial process.","The policy provides protection for women victims/witnesses in legal processes (personal security, confidentiality, testimony mechanisms) and includes safe houses, which are services relevant to women involved as victims or witnesses in legal proceedings.",Reference only,,,New error
LAMPUNG PESAWARAN,LAMPUNG_PESAWARAN.txt,6.10,Refugee/forced displacement,intersectional_approach,No,Yes,0.0,1.0,false_positive,"a. children who become refugees;
(2) Special protection for children in emergency situations as referred to in paragraph (1), shall be implemented in accordance with the provisions of laws and regulations.","The policy identifies children who become refugees as part of emergency situations and states that special protection for children in emergency situations will be implemented, which constitutes special protection measures targeted at refugees/forced displacement (for children).",Reference only,,,New error
LAMPUNG PESISIR BARAT,LAMPUNG_PESISIR_BARAT.txt,2.3,Data collection systems,institutional_mechanism,No,Yes,0.0,1.0,false_positive,"(2) Cooperation as referred to in paragraph (1) includes:
a. exchange of data and information;","The policy includes ""exchange of data and information"" as a form of cooperation, which implies an organized approach to sharing and managing information related to protection efforts, including violence cases and victims.",Reference only,,,Persisting error
LAMPUNG PESISIR BARAT,LAMPUNG_PESISIR_BARAT.txt,2.6,Monitoring and evaluation,institutional_mechanism,Yes,No,1.0,0.0,false_negative,,"The candidate sentences address funding, service principles, and general responsibilities (including fostering/supervising), but they do not explicitly establish monitoring and evaluation processes for implementation or service delivery.",Reference only,,,New error
LAMPUNG PESISIR BARAT,LAMPUNG_PESISIR_BARAT.txt,3.2,Police specialised service unit,specialised_support_services,Yes,No,1.0,0.0,false_negative,,"While the policy mentions assistance involving police and accompaniment during examinations at police/prosecutors/courts, none of the provided sentences establish a specialised VAW service unit within police offices.",Reference only,,,Persisting error
LAMPUNG PESISIR BARAT,LAMPUNG_PESISIR_BARAT.txt,3.9,Resocialisation services,specialised_support_services,Yes,No,1.0,0.0,false_negative,,"The provided sentences list medical, medicolegal, psychosocial, legal, economic independence, and spiritual services, and mention continuous handling up to rehabilitation, but they do not explicitly identify a service unit providing resocialisation/rehabilitation/reintegration services as a distinct service offering.",Reference only,,,New error
LAMPUNG PESISIR BARAT,LAMPUNG_PESISIR_BARAT.txt,6.3,Women workers,intersectional_approach,No,Yes,0.0,1.0,false_positive,c. creating a friendly and safe work environment atmosphere for women;,"The policy includes a measure aimed at the workplace by calling for creation of a friendly and safe work environment atmosphere for women, which constitutes an explicit protection-related measure for women in work settings.",Reference only,,,Persisting error
LAMPUNG PRINGSEWU,LAMPUNG_PRINGSEWU.txt,3.3,Reporting/hotline service,specialised_support_services,Yes,No,1.0,0.0,false_negative,,"The cited 'REPORTING' provisions describe institutional reporting by PPT/SKPD/Regent to higher authorities, not a mechanism or service for victims/community to submit reports or complaints of violence.",Reference only,,,Persisting error
LAMPUNG PRINGSEWU,LAMPUNG_PRINGSEWU.txt,4.3,VAW laws awareness,primary_prevention,No,Yes,0.0,1.0,false_positive,b. conducting socialization of laws and regulations related to the protection of Women and Children Victims of Violence;,"The policy includes a primary prevention activity of conducting socialization of laws and regulations related to the protection of women and children victims of violence, which constitutes awareness/education about relevant VAW laws/policies.",Reference only,,,Persisting error
LAMPUNG PRINGSEWU,LAMPUNG_PRINGSEWU.txt,6.2,Women victims of trafficking,intersectional_approach,No,Yes,0.0,1.0,false_positive,"a. prevent all forms of acts of violence including trafficking in persons;
b. eliminate all forms of violence and exploitation against women and children;","The policy’s objectives explicitly include preventing violence including trafficking in persons and eliminating violence and exploitation against women and children, which brings trafficking/exploitation of women within scope.",Reference only,,,Persisting error
LAMPUNG PRINGSEWU,LAMPUNG_PRINGSEWU.txt,7.4,Other legal sources,budget_funding_sources,Yes,No,1.0,0.0,false_negative,,"The candidate sentences identify regional government budget obligations and describe protection/service forms and partnerships, but do not specify alternative funding/budget sources categorized as 'other legal sources' (i.e., non-governmental legal funding sources) beyond the regional budget.",Reference only,,,Persisting error
LAMPUNG TANGGAMUS,LAMPUNG_TANGGAMUS.txt,3.9,Resocialisation services,specialised_support_services,Yes,No,1.0,0.0,false_negative,,"Although victims’ rights mention social rehabilitation/reintegration and funding mentions psychosocial services, the provided sentences do not clearly identify a specific service unit that provides resocialisation (rehabilitation/reintegration) services as a distinct service unit function.",Reference only,,,New error
LAMPUNG TANGGAMUS,LAMPUNG_TANGGAMUS.txt,6.1,Women in conflict/disaster areas,intersectional_approach,Yes,No,1.0,0.0,false_negative,,"The text mentions “victims of disaster and conflict” as a category under “other violence,” but it does not specify any special protection measures targeted at women in conflict/disaster/emergency/displacement situations beyond the general victim services framework.",Reference only,,,New error
LAMPUNG TANGGAMUS,LAMPUNG_TANGGAMUS.txt,6.5,People with disability,intersectional_approach,Yes,No,1.0,0.0,false_negative,,"The policy lists “persons with disabilities” among categories of ‘other violence’ victims, but the provided text does not set out special protection measures specifically targeted at women with disabilities or persons with disabilities.",Reference only,,,New error
MALUKU KEPULAUAN TANIMBAR,MALUKU_KEPULAUAN_TANIMBAR.txt,1.6,Harmful practices,scope_of_violence,No,Yes,0.0,1.0,false_positive,c. preventing marriage at child age;,The policy explicitly addresses a harmful practice by including prevention of child marriage as a form of community responsibility.,Reference only,,,Persisting error
MALUKU KEPULAUAN TANIMBAR,MALUKU_KEPULAUAN_TANIMBAR.txt,4.4,Prevention through education,primary_prevention,No,Yes,0.0,1.0,false_positive,b. Providing education about anti-violence values towards women and children;,"The policy explicitly identifies providing education about anti-violence values toward women and children as part of establishing and implementing protection policies, indicating education as a strategy connected to preventing violence.",Reference only,,,Persisting error
MALUKU MALUKU TENGAH,MALUKU_MALUKU_TENGAH.txt,1.8,Human trafficking,scope_of_violence,No,Yes,0.0,1.0,false_positive,"10. Law Number 21 Year 2007 concerning Eradication of the Criminal Act of Trafficking in Persons (State Gazette of the Republic of Indonesia Year 2007 Number 58, Supplement to the State Gazette of the Republic of Indonesia Number 4720);","The policy explicitly references the national law on eradication of trafficking in persons, indicating trafficking is included within the policy’s legal framework and scope.",Reference only,,,New error
MALUKU MALUKU TENGAH,MALUKU_MALUKU_TENGAH.txt,2.5,Training and capacity building,institutional_mechanism,No,Yes,0.0,1.0,false_positive,(1) The Regional Government is obligated to conduct guidance on the implementation of protection for women and children victims of violence including technical guidance and training.,"The policy explicitly obligates the Regional Government to conduct guidance on implementation, including technical guidance and training, which directly addresses training and capacity building.",Reference only,,,Persisting error
MALUKU MALUKU TENGAH,MALUKU_MALUKU_TENGAH.txt,3.4,Safety/protection shelter,specialised_support_services,No,Yes,0.0,1.0,false_positive,Special handling is carried out through Safe House services and in cooperation with the police and the Witness and Victim Protection Agency (LPSK).,"The policy explicitly references Safe House services as part of special handling for victims requiring security protection, indicating availability of shelter/protection services.",Reference only,,,Persisting error
MALUKU MALUKU TENGAH,MALUKU_MALUKU_TENGAH.txt,6.5,People with disability,intersectional_approach,No,Yes,0.0,1.0,false_positive,"(2) In addition to the minimum Service standards as referred to in paragraph (1), the Regent establishes Special Minimum Service Standards for victims with Disabilities.","The policy explicitly provides for special minimum service standards for victims with disabilities, indicating special protection measures targeted at people with disabilities (including women with disabilities among victims).",Reference only,,,Persisting error
MALUKU SERAM BAGIAN BARAT,MALUKU_SERAM_BAGIAN_BARAT.txt,1.1,Domestic violence,scope_of_violence,Yes,No,1.0,0.0,false_negative,,"The provided sentences discuss protection for women and children victims of violence in general, but none explicitly mention domestic violence or violence within the household/family as a specific category.",Reference only,,,Persisting error
MALUKU SERAM BAGIAN BARAT,MALUKU_SERAM_BAGIAN_BARAT.txt,1.9,Sexual slavery/exploitation,scope_of_violence,Yes,No,1.0,0.0,false_negative,,"While sexual violence is defined, the provided sentences do not explicitly mention sexual exploitation or sexual slavery as such.",Reference only,,,Persisting error
MALUKU SERAM BAGIAN BARAT,MALUKU_SERAM_BAGIAN_BARAT.txt,5.5,International organisations engagement,stakeholder_engagement,Yes,No,1.0,0.0,false_negative,,"The provided sentences reference cooperation with non-governmental institutions and mention domestic or foreign NGOs only as potential funding sources, but they do not explicitly describe engagement/collaboration with international organizations for service delivery or prevention implementation.",Reference only,,,Persisting error
MALUKU SERAM BAGIAN BARAT,MALUKU_SERAM_BAGIAN_BARAT.txt,6.5,People with disability,intersectional_approach,Yes,No,1.0,0.0,false_negative,,"Although the definition of “Victim” includes vulnerable groups such as persons with disabilities, the candidate sentences do not set out special protection measures specifically targeted at women with disabilities or persons with disabilities.",Reference only,,,New error
MALUKU SERAM BAGIAN BARAT,MALUKU_SERAM_BAGIAN_BARAT.txt,7.2,National government budget,budget_funding_sources,No,Yes,0.0,1.0,false_positive,"Letter b, what is meant by other lawful sources is assistance, financial assistance from the Central Government, Province, or assistance from domestic or foreign NGOs.","The policy clarifies that “other lawful sources” include assistance/financial assistance from the Central Government, which indicates national government budget support as a funding source.",Reference only,,,Persisting error
MALUKU SERAM BAGIAN BARAT,MALUKU_SERAM_BAGIAN_BARAT.txt,7.5,Provincial government budget,budget_funding_sources,No,Yes,0.0,1.0,false_positive,"Letter b, what is meant by other lawful sources is assistance, financial assistance from the Central Government, Province, or assistance from domestic or foreign NGOs.","The policy specifies that “other lawful sources” include assistance/financial assistance from the Province, indicating provincial government budget support as a funding source.",Reference only,,,Persisting error
MALUKU TUAL KOTA,MALUKU_TUAL_KOTA.txt,1.1,Domestic violence,scope_of_violence,Yes,No,1.0,0.0,false_negative,,"The provided sentences define and address violence against women and children generally (physical, psychological, sexual, neglect, exploitation) and outline protection/services, but they do not explicitly mention domestic violence as a form of violence within the policy text shown.",Reference only,,,New error
MALUKU TUAL KOTA,MALUKU_TUAL_KOTA.txt,3.10,Economic support,specialised_support_services,No,Yes,0.0,1.0,false_positive,"(1) The implementation of Protection for victims is carried out in an integrated manner in medical treatment, legal protection, medicolegal, psychological and economic aspects, the implementation of which can be conducted through partnerships with social community institutions engaged in the field of protection of women and children.
(2) Organizational guidance as referred to in paragraph (1), may be in the form of social guidance, skills guidance and operational technical guidance.","The policy includes protection implemented in an integrated manner covering economic aspects, and mentions guidance that may include skills guidance, indicating economic empowerment/support elements.",Reference only,,,New error
MALUKU TUAL KOTA,MALUKU_TUAL_KOTA.txt,4.4,Prevention through education,primary_prevention,No,Yes,0.0,1.0,false_positive,"The prevention activities of the occurrence of violence as referred to in article 3 include:
a. Socialization;
b. Dissemination; and
c. Training;","The policy explicitly frames prevention of violence as including socialization, dissemination, and training, which constitute education/awareness strategies used to prevent violence against women and children.",Reference only,,,New error
MALUKU TUAL KOTA,MALUKU_TUAL_KOTA.txt,5.2,Religious engagement,stakeholder_engagement,No,Yes,0.0,1.0,false_positive,"(2) P2TP2A as referred to in paragraph (1), consists of elements from the Police, Prosecutor's Office, Court, Health Office, Social Office, Ministry of Religious Affairs, Office of Women's Empowerment and Child Protection, NGOs, Child Observers.","The policy explicitly includes the Ministry of Religious Affairs as part of the P2TP2A elements, demonstrating engagement of a faith-related actor in the integrated service delivery structure.",Reference only,,,Persisting error
MALUKU TUAL KOTA,MALUKU_TUAL_KOTA.txt,6.2,Women victims of trafficking,intersectional_approach,No,Yes,0.0,1.0,false_positive,"(6) Forms of violence through exploitation are forms of violence including acts of exploiting children economically or sexually to benefit oneself or others, acts with or without the consent of the victim but not limited to prostitution, forced labor or services, slavery or similar practices, oppression, extortion, utilization of physical, sexual, reproductive organs, or unlawfully, transferring or transplanting organs and or body tissues or exploiting or the ability of a person to obtain benefits.","The policy’s scope includes violence through exploitation, explicitly listing practices such as prostitution, forced labor/services, slavery, and extortion, which aligns with trafficking/exploitation-related victimization.",Reference only,,,New error
MALUKU UTARA HALMAHERA TIMUR,MALUKU_UTARA_HALMAHERA_TIMUR.txt,1.8,Human trafficking,scope_of_violence,No,Yes,0.0,1.0,false_positive,"b. child victims of violence who are exploited economically and sexually, neglected children, child victims of kidnapping and child victims of human trafficking;",The policy explicitly mentions child victims of human trafficking as a group for whom social welfare must be provided.,Reference only,,,Persisting error
MALUKU UTARA HALMAHERA TIMUR,MALUKU_UTARA_HALMAHERA_TIMUR.txt,4.1,Information and education about VAW,primary_prevention,No,Yes,0.0,1.0,false_positive,"e. conducting socialization regarding laws and regulations related to the protection of women and children victims of violence; and
f. providing critical education regarding the rights of women and children for the community.","The policy specifies prevention actions that include socialization about laws and regulations protecting women and child victims of violence and providing critical education on the rights of women and children, which are explicit information/education activities aimed at preventing violence and protecting women.",Reference only,,,Persisting error
MALUKU UTARA HALMAHERA TIMUR,MALUKU_UTARA_HALMAHERA_TIMUR.txt,4.2,Gender equality education,primary_prevention,Yes,No,1.0,0.0,false_negative,,"While the policy mentions gender mainstreaming and general awareness/knowledge enhancement and information/education services, the provided sentences do not explicitly indicate primary prevention education or campaigns specifically about gender equality and/or women’s rights.",Reference only,,,New error
MALUKU UTARA HALMAHERA TIMUR,MALUKU_UTARA_HALMAHERA_TIMUR.txt,4.4,Prevention through education,primary_prevention,No,Yes,0.0,1.0,false_positive,f. providing critical education regarding the rights of women and children for the community.,"The policy lists “providing critical education regarding the rights of women and children for the community” as a prevention measure, making education an explicit strategy to prevent violence against women and children.",Reference only,,,Persisting error
MALUKU UTARA HALMAHERA TIMUR,MALUKU_UTARA_HALMAHERA_TIMUR.txt,6.4,Elderly women,intersectional_approach,No,Yes,0.0,1.0,false_positive,"h organizing protection of women especially protection for victims of violence, female workers, elderly women, and women with disabilities, in conflict areas and disaster-affected areas;
m providing and organizing integrated or non-integrated services for women victims of violence, female workers, elderly women, and women with disabilities.",The policy explicitly mentions organizing protection for elderly women and providing services that include elderly women as a specified group.,Reference only,,,Persisting error
MALUKU UTARA HALMAHERA TIMUR,MALUKU_UTARA_HALMAHERA_TIMUR.txt,6.8,Women in legal process,intersectional_approach,No,Yes,0.0,1.0,false_positive,f. provide protection to reporters and witnesses; and,"The policy explicitly includes protection for reporters and witnesses, which covers women involved in legal processes as witnesses/reporters.",Reference only,,,New error
MALUKU UTARA TERNATE KOTA,MALUKU_UTARA_TERNATE_KOTA.txt,1.8,Human trafficking,scope_of_violence,No,Yes,0.0,1.0,false_positive,"20. Integrated Service Center for Women's Empowerment and Child Protection hereinafter abbreviated as P2TP2A is a form of forum for women's empowerment and child protection based on the community in an effort to fulfill information and needs in the fields of education, health, economy, politics, law, protection and prevention of acts of violence and trafficking against women and children.","The policy explicitly references prevention of acts of violence and trafficking against women and children, indicating trafficking is included.",Reference only,,,Persisting error
MALUKU UTARA TERNATE KOTA,MALUKU_UTARA_TERNATE_KOTA.txt,1.9,Sexual slavery/exploitation,scope_of_violence,Yes,No,1.0,0.0,false_negative,,"While sexual violence is defined (including forced intercourse for commercial purposes), the provided sentences do not explicitly mention sexual exploitation or sexual slavery as such.",Reference only,,,New error
MALUKU UTARA TERNATE KOTA,MALUKU_UTARA_TERNATE_KOTA.txt,2.1,Institutional network,institutional_mechanism,No,Yes,0.0,1.0,false_positive,"(1) The implementation of protection for victims is carried out in an integrated manner within the Integrated Service Center for the Empowerment of Women and Children (P2TP2A).
a. establishing and facilitating the implementation of integrated service centers for victims by involving community elements;
Assistance is carried out by persons or institutions that have expertise to conduct counseling, therapy and advocacy for the strengthening and recovery of victims of violence and cooperate with P2TP2A.","The policy establishes an integrated institutional mechanism for victim protection through P2TP2A and integrated service centers, and it also specifies cooperation with P2TP2A by relevant persons/institutions, indicating a coordination network for implementation.",Reference only,,,New error
MALUKU UTARA TERNATE KOTA,MALUKU_UTARA_TERNATE_KOTA.txt,2.2,Collaboration with NGOs,institutional_mechanism,No,Yes,0.0,1.0,false_positive,"Assistance is carried out by persons or institutions that have expertise to conduct counseling, therapy and advocacy for the strengthening and recovery of victims of violence and cooperate with P2TP2A.
a. establishing and facilitating the implementation of integrated service centers for victims by involving community elements;
What is meant by obtaining protection is obtaining protection from individuals, groups or institutions, both Government and non-Government.","The text explicitly allows protection to be provided by non-government institutions and requires cooperation with P2TP2A by persons or institutions with relevant expertise; it also mentions involving community elements in integrated service centers, which constitutes a collaboration mechanism with non-government actors.",Reference only,,,Persisting error
MALUKU UTARA TERNATE KOTA,MALUKU_UTARA_TERNATE_KOTA.txt,2.5,Training and capacity building,institutional_mechanism,No,Yes,0.0,1.0,false_positive,"b. implementing education and guidance on anti-violence and protection for women and children victims of violence;
c. implementing socialization of laws and regulations related to the implementation of protection for women and children victims of violence;","The policy assigns the Regional Government responsibility to implement education and guidance on anti-violence and protection and to conduct socialization of relevant laws and regulations, which constitutes training/technical guidance and capacity-building-type activities for implementation.",Reference only,,,New error
MALUKU UTARA TERNATE KOTA,MALUKU_UTARA_TERNATE_KOTA.txt,4.4,Prevention through education,primary_prevention,No,Yes,0.0,1.0,false_positive,"(1) The Regional Government has the obligation and responsibility to implement efforts to prevent the occurrence of violence in the form of:
b. implementing education and guidance on anti-violence and protection for women and children victims of violence;","Education is explicitly listed as part of the Regional Government’s efforts to prevent the occurrence of violence, including implementing education and guidance on anti-violence and protection for women and children victims of violence.",Reference only,,,Persisting error
NUSA TENGGARA BARAT BIMA,NUSA_TENGGARA_BARAT_BIMA.txt,1.1,Domestic violence,scope_of_violence,Yes,No,1.0,0.0,false_negative,,"The provided sentences refer generally to ""violence against women"" and related services and prevention, but none explicitly mention domestic violence or violence within the household/intimate partner context.",Reference only,,,Persisting error
NUSA TENGGARA BARAT BIMA,NUSA_TENGGARA_BARAT_BIMA.txt,1.2,Sexual violence,scope_of_violence,Yes,No,1.0,0.0,false_negative,,"The candidate sentences discuss prevention and services for ""violence against women"" and ""violence against women and children"" in general, but do not explicitly mention sexual violence or any sexual-violence-specific terms.",Reference only,,,Persisting error
NUSA TENGGARA BARAT BIMA,NUSA_TENGGARA_BARAT_BIMA.txt,1.3,Physical violence,scope_of_violence,Yes,No,1.0,0.0,false_negative,,"Although the text repeatedly mentions ""violence"" and protection from violence, it does not specify physical violence or physical assault as a distinct form.",Reference only,,,New error
NUSA TENGGARA BARAT BIMA,NUSA_TENGGARA_BARAT_BIMA.txt,1.4,Psychological violence,scope_of_violence,Yes,No,1.0,0.0,false_negative,,"The sentences mention fear, threats, and non-discrimination including ""psychological condition,"" but they do not explicitly identify psychological violence (e.g., emotional/psychological abuse) as a form of violence addressed by the policy.",Reference only,,,New error
NUSA TENGGARA BARAT BIMA,NUSA_TENGGARA_BARAT_BIMA.txt,1.5,Economic violence,scope_of_violence,Yes,No,1.0,0.0,false_negative,,"The excerpts mention exploitation and child neglect/care, and women’s empowerment in economic fields, but do not explicitly frame economic violence/economic exploitation/domestic neglect as a form of violence against women.",Reference only,,,Persisting error
NUSA TENGGARA BARAT BIMA,NUSA_TENGGARA_BARAT_BIMA.txt,1.6,Harmful practices,scope_of_violence,No,Yes,0.0,1.0,false_positive,"f. conducting socialization and education on laws and regulations related to women's empowerment, protection of women and Children, such as prevention of unregistered marriages and the dangers of child marriage;
h. prohibiting the occurrence of unregistered marriages;","The policy includes harmful practices by referencing prevention of unregistered marriages and the dangers of child marriage, and also includes prohibiting unregistered marriages.",Reference only,,,Persisting error
NUSA TENGGARA BARAT BIMA,NUSA_TENGGARA_BARAT_BIMA.txt,1.9,Sexual slavery/exploitation,scope_of_violence,Yes,No,1.0,0.0,false_negative,,The excerpts refer to exploitation in general terms but do not explicitly mention sexual exploitation or sexual slavery.,Reference only,,,Persisting error
NUSA TENGGARA BARAT BIMA,NUSA_TENGGARA_BARAT_BIMA.txt,3.5,Legal assistance,specialised_support_services,Yes,No,1.0,0.0,false_negative,,"While the policy lists several service functions (complaints, outreach, case management, shelter, mediation, assistance), none of the candidate sentences explicitly mention legal aid/representation or legal assistance services.",Reference only,,,Persisting error
NUSA TENGGARA BARAT BIMA,NUSA_TENGGARA_BARAT_BIMA.txt,4.2,Gender equality education,primary_prevention,No,Yes,0.0,1.0,false_positive,"b. development of materials and implementation of Communication, Information, and Education on gender equality and child protection for families in the region.
c. development of Communication, Information, and Education for the protection of women's rights in the regions.","The policy includes Communication, Information, and Education activities focused on gender equality and on protection of women's rights, which are educational/awareness-raising measures related to gender equality and women’s rights.",Reference only,,,Persisting error
NUSA TENGGARA BARAT BIMA,NUSA_TENGGARA_BARAT_BIMA.txt,4.3,VAW laws awareness,primary_prevention,No,Yes,0.0,1.0,false_positive,"f. conducting socialization and education on laws and regulations related to women's empowerment, protection of women and Children, such as prevention of unregistered marriages and the dangers of child marriage;","The policy includes socialization and education on laws and regulations related to women’s empowerment and protection of women and children, which constitutes primary prevention through legal/policy awareness-raising.",Reference only,,,Persisting error
NUSA TENGGARA BARAT BIMA,NUSA_TENGGARA_BARAT_BIMA.txt,4.4,Prevention through education,primary_prevention,No,Yes,0.0,1.0,false_positive,"b. provision of education on the prevention of violence against women in the region;
b. provision of education on prevention of violence against Children requiring special protection in the region;",The policy explicitly identifies education as a method for preventing violence against women and for preventing violence against children requiring special protection.,Reference only,,,Persisting error
NUSA TENGGARA BARAT BIMA,NUSA_TENGGARA_BARAT_BIMA.txt,6.4,Elderly women,intersectional_approach,Yes,No,1.0,0.0,false_negative,,"Although the text references “the elderly” as a group in a general principle explanation, it does not set out any special protection measures specifically targeted at elderly women.",Reference only,,,Persisting error
NUSA TENGGARA BARAT BIMA,NUSA_TENGGARA_BARAT_BIMA.txt,6.5,People with disability,intersectional_approach,Yes,No,1.0,0.0,false_negative,,"The text mentions “disability groups” in a general description of gender equality principles, but it does not specify any special protection measures targeted at women with disabilities or persons with disabilities.",Reference only,,,New error
NUSA TENGGARA BARAT BIMA,NUSA_TENGGARA_BARAT_BIMA.txt,6.7,Women from minority groups,intersectional_approach,Yes,No,1.0,0.0,false_negative,,"The passages provide general women’s protection services and non-discrimination principles, but do not specify special protection measures targeted at women from minority or isolated groups.",Reference only,,,Persisting error
NUSA TENGGARA BARAT BIMA KOTA,NUSA_TENGGARA_BARAT_BIMA_KOTA.txt,2.3,Data collection systems,institutional_mechanism,Yes,No,1.0,0.0,false_negative,,"While the text mentions building an information system and includes reporting/monitoring language elsewhere, none of the provided candidate sentences explicitly establish or assign responsibility for a system to collect, document, record, manage, exchange, or maintain data specifically on violence cases/victims.",Reference only,,,New error
NUSA TENGGARA BARAT BIMA KOTA,NUSA_TENGGARA_BARAT_BIMA_KOTA.txt,4.2,Gender equality education,primary_prevention,No,Yes,0.0,1.0,false_positive,"Forms of prevention of violence against women carried out by PPT, can be implemented through: Socialization activities of Laws and Regulations to the community related to the protection of women's rights; and Training of PPT members related to the implementation of their duties in preventing violence against women.
the implementation of independent socialization of women's rights;","The policy includes educational/socialization activities related to the protection of women's rights, including independent socialization of women's rights and community socialization of laws and regulations related to protecting women's rights, which constitutes primary prevention education on women's rights.",Reference only,,,Persisting error
NUSA TENGGARA BARAT DOMPU,NUSA_TENGGARA_BARAT_DOMPU.txt,2.4,Gender mainstreaming institutionalisation,institutional_mechanism,Yes,No,1.0,0.0,false_negative,,"While the policy references principles such as justice and gender equality, the provided sentences do not establish or require gender mainstreaming as an institutional mechanism (e.g., gender mainstreaming procedures, units, or mandatory integration across programs/budgets).",Reference only,,,Persisting error
NUSA TENGGARA BARAT DOMPU,NUSA_TENGGARA_BARAT_DOMPU.txt,4.2,Gender equality education,primary_prevention,Yes,No,1.0,0.0,false_negative,,"While the policy references gender equality as a guiding principle and includes education/awareness activities on violence prevention and victims’ rights, the candidate sentences do not show primary prevention education specifically focused on gender equality and/or women’s rights in general (beyond rights as victims of violence).",Reference only,,,New error
NUSA TENGGARA BARAT DOMPU,NUSA_TENGGARA_BARAT_DOMPU.txt,6.5,People with disability,intersectional_approach,No,Yes,0.0,1.0,false_positive,j. Children with Disabilities;,"The policy explicitly includes “Children with Disabilities” as a category receiving special protection, indicating disability-targeted special protection measures (though framed for children rather than women specifically).",Reference only,,,Persisting error
NUSA TENGGARA BARAT DOMPU,NUSA_TENGGARA_BARAT_DOMPU.txt,6.10,Refugee/forced displacement,intersectional_approach,No,Yes,0.0,1.0,false_positive,a. Children who become refugees;,"The policy explicitly provides special protection for children in emergency situations including “Children who become refugees,” which constitutes a targeted measure for refugee/forced displacement contexts (though limited to children).",Reference only,,,New error
NUSA TENGGARA BARAT LOMBOK TENGAH,NUSA_TENGGARA_BARAT_LOMBOK_TENGAH.txt,1.1,Domestic violence,scope_of_violence,Yes,No,1.0,0.0,false_negative,,"The provided sentences discuss violence against women and children generally and related services, but none explicitly mention domestic violence or violence occurring within the household/intimate partner context.",Reference only,,,Persisting error
NUSA TENGGARA BARAT LOMBOK TENGAH,NUSA_TENGGARA_BARAT_LOMBOK_TENGAH.txt,1.6,Harmful practices,scope_of_violence,No,Yes,0.0,1.0,false_positive,"women and children victims of violence: providing a sense of security to women and children from crime and violence: preventing children from child marriage, guaranteeing Protection and fulfillment of children's rights, and providing guarantees for reproductive health to women and children.
c. development of prevention of Child marriage.","The policy explicitly addresses prevention of child marriage, which is a harmful practice affecting girls.",Reference only,,,Persisting error
NUSA TENGGARA BARAT LOMBOK TENGAH,NUSA_TENGGARA_BARAT_LOMBOK_TENGAH.txt,1.8,Human trafficking,scope_of_violence,No,Yes,0.0,1.0,false_positive,"h. Children with Human Immunodeficiency Virus and Acquired Immune Deficiency Syndrome, i Children who are victims of kidnapping, sale, and/or trafficking:","The policy explicitly includes children who are victims of “kidnapping, sale, and/or trafficking,” which covers trafficking in persons.",Reference only,,,Persisting error
NUSA TENGGARA BARAT LOMBOK TENGAH,NUSA_TENGGARA_BARAT_LOMBOK_TENGAH.txt,2.4,Gender mainstreaming institutionalisation,institutional_mechanism,No,Yes,0.0,1.0,false_positive,"Quality of Life of Women includes, Institutionalization of PUG at government institutions at the regency/city Region level.","The policy text explicitly references the institutionalization of PUG (gender mainstreaming) at government institutions, indicating gender mainstreaming as an institutional mechanism.",Reference only,,,Persisting error
NUSA TENGGARA BARAT LOMBOK TENGAH,NUSA_TENGGARA_BARAT_LOMBOK_TENGAH.txt,3.8,Religious/spiritual counselling,specialised_support_services,Yes,No,1.0,0.0,false_negative,,"None of the provided sentences mention religious/spiritual counselling, faith-based guidance, or similar spiritual support services for victims.",Reference only,,,Persisting error
NUSA TENGGARA BARAT LOMBOK TENGAH,NUSA_TENGGARA_BARAT_LOMBOK_TENGAH.txt,4.2,Gender equality education,primary_prevention,No,Yes,0.0,1.0,false_positive,"a. understanding and awareness of women's basic rights,
c. fostering awareness in women about equality and their position.
(3) Guidance as referred to in paragraph (2), is conducted in the form of education, socialization, and advocacy.","The policy explicitly includes awareness-raising on women’s basic rights and on equality/position of women, and states these efforts are implemented through education, socialization, and advocacy—constituting primary prevention educational activities about women’s rights and gender equality.",Reference only,,,Persisting error
NUSA TENGGARA BARAT LOMBOK TENGAH,NUSA_TENGGARA_BARAT_LOMBOK_TENGAH.txt,5.3,Traditional/cultural engagement,stakeholder_engagement,No,Yes,0.0,1.0,false_positive,"c. revitalization of culture that risks encouraging the occurrence of violence and child marriage.
d. encouraging cultural practices that support the realization of Child Protection and prevent child marriage.","The policy addresses culture directly by calling for revitalization of culture that risks encouraging violence/child marriage and encouraging cultural practices that support child protection, indicating engagement with customary/cultural mechanisms in prevention.",Reference only,,,New error
NUSA TENGGARA BARAT LOMBOK TENGAH,NUSA_TENGGARA_BARAT_LOMBOK_TENGAH.txt,5.6,Media engagement,stakeholder_engagement,Yes,No,1.0,0.0,false_negative,,"The candidate sentences discuss community participation, stakeholder coordination, and services, but do not explicitly mention media or press as stakeholders.",Reference only,,,Persisting error
NUSA TENGGARA BARAT LOMBOK TENGAH,NUSA_TENGGARA_BARAT_LOMBOK_TENGAH.txt,6.1,Women in conflict/disaster areas,intersectional_approach,No,Yes,0.0,1.0,false_positive,"d. efforts to Protect Women in disaster situations.
Efforts for the Protection of Women in disaster situations as referred to in Article 9 letter d, shall be implemented through:
b. provision of women-friendly facilities at disaster evacuation sites.",The policy explicitly includes protection of women in disaster situations and specifies implementation measures such as health services and women-friendly facilities at evacuation sites.,Reference only,,,Persisting error
NUSA TENGGARA BARAT LOMBOK TENGAH,NUSA_TENGGARA_BARAT_LOMBOK_TENGAH.txt,6.2,Women victims of trafficking,intersectional_approach,No,Yes,0.0,1.0,false_positive,"Efforts for prevention and Protection of Women victims of Violence, Exploitation, and Discrimination as referred to in Article 9 letter c, include:","The policy includes protection for women victims of exploitation (which encompasses trafficking-related exploitation) within its scope of prevention, handling, and empowerment.",Reference only,,,New error
NUSA TENGGARA BARAT LOMBOK TENGAH,NUSA_TENGGARA_BARAT_LOMBOK_TENGAH_v2.txt,1.1,Domestic violence,scope_of_violence,Yes,No,1.0,0.0,false_negative,,"The provided sentences discuss violence against women and children in general and service provision before/after violence, but none explicitly mention domestic violence or violence within the household/family as a distinct category.",Reference only,,,Persisting error
NUSA TENGGARA BARAT LOMBOK TENGAH,NUSA_TENGGARA_BARAT_LOMBOK_TENGAH_v2.txt,1.8,Human trafficking,scope_of_violence,No,Yes,0.0,1.0,false_positive,"h. Children with Human Immunodeficiency Virus and Acquired Immune Deficiency Syndrome, i) Children victims of kidnapping, sale, and/or trafficking;","The policy explicitly includes “Children victims of kidnapping, sale, and/or trafficking,” which covers trafficking in persons.",Reference only,,,Persisting error
NUSA TENGGARA BARAT LOMBOK TENGAH,NUSA_TENGGARA_BARAT_LOMBOK_TENGAH_v2.txt,4.3,VAW laws awareness,primary_prevention,Yes,No,1.0,0.0,false_negative,,"While the text references various laws and obligations and mentions education/socialization generally, none of the candidate sentences explicitly describe primary prevention activities that provide information or education specifically about VAW laws and policies.",Reference only,,,Persisting error
NUSA TENGGARA BARAT LOMBOK TENGAH,NUSA_TENGGARA_BARAT_LOMBOK_TENGAH_v2.txt,4.4,Prevention through education,primary_prevention,No,Yes,0.0,1.0,false_positive,"a. socialization and education about the importance of Child Protection,","The policy explicitly includes “socialization and education” as an intervention strategy related to child protection, which is framed in the context of preventing violence and related harms against children.",Reference only,,,Persisting error
NUSA TENGGARA BARAT LOMBOK TENGAH,NUSA_TENGGARA_BARAT_LOMBOK_TENGAH_v2.txt,5.2,Religious engagement,stakeholder_engagement,No,Yes,0.0,1.0,false_positive,"a. strengthening the understanding and role of parents, families, social/community organizations, schools, Islamic boarding schools and other stakeholders in Child Protection efforts,","The policy explicitly references Islamic boarding schools as stakeholders in child protection efforts, indicating inclusion of faith-based actors in implementation/prevention activities.",Reference only,,,Persisting error
NUSA TENGGARA BARAT LOMBOK TENGAH,NUSA_TENGGARA_BARAT_LOMBOK_TENGAH_v2.txt,5.3,Traditional/cultural engagement,stakeholder_engagement,No,Yes,0.0,1.0,false_positive,"c. conducting evaluations of village regulations, school regulations and/or awig-awig that encourage the occurrence of violence and child vulnerability, and Strengthening the institutional capacity of child Protection and empowerment and education units as referred to in paragraph (1) letter a is carried out through local government policy intervention toward increasing the knowledge and skills of law enforcement officers, village apparatus, KUA officers, customary stakeholders, extension workers and teachers.","The policy explicitly mentions evaluating awig-awig and building capacity of customary stakeholders, which directly involves customary/community mechanisms and traditional actors in implementation and prevention.",Reference only,,,Persisting error
NUSA TENGGARA BARAT LOMBOK TENGAH,NUSA_TENGGARA_BARAT_LOMBOK_TENGAH_v2.txt,5.6,Media engagement,stakeholder_engagement,Yes,No,1.0,0.0,false_negative,,"The provided sentences discuss community participation, stakeholder coordination, and service institutions, but do not explicitly mention media or journalism/press actors as stakeholders.",Reference only,,,Persisting error
NUSA TENGGARA BARAT LOMBOK TENGAH,NUSA_TENGGARA_BARAT_LOMBOK_TENGAH_v2.txt,6.3,Women workers,intersectional_approach,No,Yes,0.0,1.0,false_positive,"b. fulfillment of the right to obtain paid leave including maternity leave, and","The policy includes a specific labor-related measure for women (paid leave including maternity leave), which constitutes an explicit protection/special measure relevant to women workers/employees.",Reference only,,,New error
NUSA TENGGARA BARAT LOMBOK TENGAH,NUSA_TENGGARA_BARAT_LOMBOK_TENGAH_v2.txt,6.5,People with disability,intersectional_approach,Yes,No,1.0,0.0,false_negative,,The only explicit disability-related special needs mentioned are for children with disabilities; the candidate sentences do not specify special protection measures for women with disabilities or people with disabilities in relation to women.,Reference only,,,New error
NUSA TENGGARA BARAT LOMBOK UTARA,NUSA_TENGGARA_BARAT_LOMBOK_UTARA.txt,1.6,Harmful practices,scope_of_violence,No,Yes,0.0,1.0,false_positive,"k. raising awareness about safe sex, dangers of cigarettes, alcoholic beverages, narcotics and psychotropic abuse, Child marriage, pornography, pornographic acts and HIV/AIDS to families, the Community and Children;
u. development of Marriage Age Maturation Programs;",The policy explicitly addresses harmful practices by including child marriage in awareness-raising activities and by providing for marriage age maturation programs.,Reference only,,,Persisting error
NUSA TENGGARA BARAT LOMBOK UTARA,NUSA_TENGGARA_BARAT_LOMBOK_UTARA.txt,2.4,Gender mainstreaming institutionalisation,institutional_mechanism,No,Yes,0.0,1.0,false_positive,(2) 	The provisions referred to in paragraph (1) shall be implemented in the form of gender mainstreaming in every policy and community life.,"The policy explicitly requires that the relevant provisions be implemented in the form of gender mainstreaming in every policy and community life, establishing gender mainstreaming as an institutional mechanism.",Reference only,,,Persisting error
NUSA TENGGARA BARAT LOMBOK UTARA,NUSA_TENGGARA_BARAT_LOMBOK_UTARA.txt,4.4,Prevention through education,primary_prevention,No,Yes,0.0,1.0,false_positive,"(1) 	Regional Government conducts prevention of Violence against Women and Children by means of:
c. 	providing education on the dangers of domestic Violence;
c. organizing education on the prevention of Violence against Women and Children;","Education is explicitly included as a prevention strategy, including providing education on the dangers of domestic violence and organizing education on the prevention of violence against women and children.",Reference only,,,Persisting error
NUSA TENGGARA BARAT MATARAM KOTA,NUSA_TENGGARA_BARAT_MATARAM_KOTA.txt,3.8,Religious/spiritual counselling,specialised_support_services,Yes,No,1.0,0.0,false_negative,,"Although the policy references a 'mental and spiritual' field in implementation responsibilities, the provided sentences do not explicitly state that religious/spiritual counselling or faith-based guidance is offered as a service to victims.",Reference only,,,Persisting error
NUSA TENGGARA BARAT MATARAM KOTA,NUSA_TENGGARA_BARAT_MATARAM_KOTA.txt,6.8,Women in legal process,intersectional_approach,No,Yes,0.0,1.0,false_positive,"d. provide services to women and children victims of acts of violence, reporters, and witnesses; and","The objectives include providing services to women and children victims of violence as well as reporters and witnesses, which explicitly covers women involved in the legal process as witnesses/reporters (even if not as suspects/defendants/perpetrators).",Reference only,,,New error
NUSA TENGGARA TIMUR MANGGARAI,NUSA_TENGGARA_TIMUR_MANGGARAI.txt,1.9,Sexual slavery/exploitation,scope_of_violence,Yes,No,1.0,0.0,false_negative,,"While the policy includes 'sexual violence' and a general category of 'exploitation,' the provided sentences do not explicitly specify sexual exploitation or sexual slavery.",Reference only,,,Persisting error
NUSA TENGGARA TIMUR MANGGARAI,NUSA_TENGGARA_TIMUR_MANGGARAI.txt,4.4,Prevention through education,primary_prevention,No,Yes,0.0,1.0,false_positive,b. providing education on anti-violence values towards women and children;,"The policy explicitly includes providing education on anti-violence values toward women and children as part of the Regional Government’s prevention efforts, making education an explicit prevention strategy.",Reference only,,,Persisting error
NUSA TENGGARA TIMUR MANGGARAI,NUSA_TENGGARA_TIMUR_MANGGARAI.txt,5.6,Media engagement,stakeholder_engagement,No,Yes,0.0,1.0,false_positive,Paragraph (1) Letter a socialization is carried out among others through radio advertisements and newspapers as well as installation of pamphlets/billboards/stickers Letter b Sufficiently clear.,"The policy explicitly uses media channels (radio advertisements and newspapers) as part of socialization efforts, indicating engagement/recognition of media in prevention-related outreach.",Reference only,,,Persisting error
NUSA TENGGARA TIMUR MANGGARAI BARAT,NUSA_TENGGARA_TIMUR_MANGGARAI_BARAT.txt,1.9,Sexual slavery/exploitation,scope_of_violence,Yes,No,1.0,0.0,false_negative,,"Although sexual violence is defined, the provided sentences do not explicitly include sexual exploitation or sexual slavery as distinct concepts.",Reference only,,,Persisting error
NUSA TENGGARA TIMUR MANGGARAI BARAT,NUSA_TENGGARA_TIMUR_MANGGARAI_BARAT.txt,4.4,Prevention through education,primary_prevention,No,Yes,0.0,1.0,false_positive,"(1) The Regional Government is responsible for implementing prevention efforts against the occurrence of violence in the form of:
b. Conducting education on anti-violence values towards women and children;","Education is explicitly listed as part of the Regional Government’s prevention efforts against the occurrence of violence, specifically through conducting education on anti-violence values toward women and children.",Reference only,,,Persisting error
NUSA TENGGARA TIMUR SIKKA,NUSA_TENGGARA_TIMUR_SIKKA.txt,4.3,VAW laws awareness,primary_prevention,No,Yes,0.0,1.0,false_positive,c. Conducting socialization of laws and regulations related to the implementation of protection for women and children victims of violence,"The policy explicitly includes socialization (public dissemination/awareness) of laws and regulations related to implementing protection for women and children victims of violence, which constitutes education/awareness about relevant VAW-related laws and policies.",Reference only,,,Persisting error
NUSA TENGGARA TIMUR TIMOR TENGAH UTARA,NUSA_TENGGARA_TIMUR_TIMOR_TENGAH_UTARA.txt,3.3,Reporting/hotline service,specialised_support_services,No,Yes,0.0,1.0,false_positive,d. providing counseling to immediately report to local authorities if Violence against women occurs;,"The policy includes a prevention measure that provides counseling to immediately report to local authorities if violence against women occurs, which constitutes a mechanism for receiving reports/complaints (even if not a dedicated hotline).",Reference only,,,New error
NUSA TENGGARA TIMUR TIMOR TENGAH UTARA,NUSA_TENGGARA_TIMUR_TIMOR_TENGAH_UTARA.txt,3.5,Legal assistance,specialised_support_services,No,Yes,0.0,1.0,false_positive,"b. facilitating access and legal consultation services.
b. facilitating paralegal training on a regular basis (3) Development of Service Institutions as referred to in paragraph (1) letter b shall be implemented through:
c. recruiting village cadres as assistant paralegals.","The text explicitly includes facilitating access and legal consultation services, and also supports paralegal capacity through regular paralegal training and recruiting assistant paralegals, indicating legal assistance-related services.",Reference only,,,Persisting error
NUSA TENGGARA TIMUR TIMOR TENGAH UTARA,NUSA_TENGGARA_TIMUR_TIMOR_TENGAH_UTARA.txt,3.6,Health/medical services,specialised_support_services,No,Yes,0.0,1.0,false_positive,"b. enhancement of awareness, willingness and ability to address health problems through quality promotive, preventive, curative, and rehabilitative efforts primarily in the field of reproductive health;","The policy includes efforts to address health problems through promotive, preventive, curative, and rehabilitative efforts (primarily reproductive health), which indicates provision/facilitation of health-related services.",Reference only,,,Persisting error
NUSA TENGGARA TIMUR TIMOR TENGAH UTARA,NUSA_TENGGARA_TIMUR_TIMOR_TENGAH_UTARA.txt,3.7,Psychosocial counselling,specialised_support_services,No,Yes,0.0,1.0,false_positive,"a. conducting counseling and socialization regarding matters related to violence against women;
d. providing counseling to immediately report to local authorities if Violence against women occurs;","The policy includes counseling related to violence against women and counseling to report incidents, which constitutes counselling services (though not explicitly framed as psychological therapy).",Reference only,,,Persisting error
NUSA TENGGARA TIMUR TIMOR TENGAH UTARA,NUSA_TENGGARA_TIMUR_TIMOR_TENGAH_UTARA.txt,3.10,Economic support,specialised_support_services,No,Yes,0.0,1.0,false_positive,"a. provision of skills and job training;
d. facilitation and capital assistance; and","The policy explicitly provides for skills/job training and capital assistance as part of women’s economic empowerment facilitation, which constitutes economic support services.",Reference only,,,New error
NUSA TENGGARA TIMUR TIMOR TENGAH UTARA,NUSA_TENGGARA_TIMUR_TIMOR_TENGAH_UTARA.txt,4.3,VAW laws awareness,primary_prevention,Yes,No,1.0,0.0,false_negative,,"While the policy mentions counseling/socialization about violence against women and general legal awareness activities, none of the provided sentences explicitly link information/education activities to laws or policies specifically on violence against women.",Reference only,,,Persisting error
NUSA TENGGARA TIMUR TIMOR TENGAH UTARA,NUSA_TENGGARA_TIMUR_TIMOR_TENGAH_UTARA.txt,5.3,Traditional/cultural engagement,stakeholder_engagement,No,Yes,0.0,1.0,false_positive,"d. facilitation and efforts to preserve customs and traditions and development of science, technology, arts and culture for the advancement of women.","The policy references facilitation and efforts to preserve customs and traditions, which indicates engagement with customary/cultural mechanisms within implementation activities in the socio-cultural sector.",Reference only,,,New error
NUSA TENGGARA TIMUR TIMOR TENGAH UTARA,NUSA_TENGGARA_TIMUR_TIMOR_TENGAH_UTARA.txt,5.4,Education institutions engagement,stakeholder_engagement,No,Yes,0.0,1.0,false_positive,(5) Implementation of Gender analysis on RPJMD and Renstra PD may collaborate with Higher Education institutions or other parties who have capability in their field.,"The policy explicitly allows collaboration with higher education institutions in implementing gender analysis for planning documents, indicating engagement of education institutions in implementation/capacity-building processes.",Reference only,,,Persisting error
PAPUA BARAT DAYA SORONG,PAPUA_BARAT_DAYA_SORONG.txt,1.9,Sexual slavery/exploitation,scope_of_violence,Yes,No,1.0,0.0,false_negative,,"Although sexual violence and human trafficking are defined, none of the candidate sentences explicitly mention sexual exploitation or sexual slavery.",Reference only,,,Persisting error
PAPUA BARAT DAYA SORONG,PAPUA_BARAT_DAYA_SORONG.txt,3.4,Safety/protection shelter,specialised_support_services,Yes,No,1.0,0.0,false_negative,,The text defines a 'Safe House' but does not state that any service unit provides or operates shelters/safe houses for victims; the cited provisions focus on P2TP2A and other services without specifying shelter provision.,Reference only,,,Persisting error
PAPUA BARAT DAYA SORONG,PAPUA_BARAT_DAYA_SORONG.txt,3.10,Economic support,specialised_support_services,No,Yes,0.0,1.0,false_positive,a. independence or empowerment services; and,"The policy includes 'independence or empowerment services' under legal aid services, indicating an economic empowerment/support component for victims.",Reference only,,,New error
PAPUA BARAT DAYA SORONG,PAPUA_BARAT_DAYA_SORONG.txt,5.2,Religious engagement,stakeholder_engagement,Yes,No,1.0,0.0,false_negative,,"While the policy references services in the 'mental and spiritual' field, none of the provided sentences explicitly mention religious organizations, religious leaders, clergy, spiritual counsellors, or other faith-based actors being engaged in prevention, services, coordination, or implementation.",Reference only,,,Persisting error
PAPUA BARAT DAYA SORONG,PAPUA_BARAT_DAYA_SORONG.txt,7.4,Other legal sources,budget_funding_sources,Yes,No,1.0,0.0,false_negative,,"The candidate sentences reference budgets available within SKPD programs and regional budget allocation, but do not identify any other specific legal funding sources (e.g., private sector, earmarked funds, grants, or other non-government legal sources) as budget sources.",Reference only,,,Persisting error
PAPUA BARAT DAYA TAMBRAUW,PAPUA_BARAT_DAYA_TAMBRAUW.txt,3.4,Safety/protection shelter,specialised_support_services,Yes,No,1.0,0.0,false_negative,,"The text defines a ""Safe House"" as a temporary residence for protection, but none of the provided sentences state that a service unit provides or operates such shelter for victims.",Reference only,,,Persisting error
PAPUA BARAT DAYA TAMBRAUW,PAPUA_BARAT_DAYA_TAMBRAUW.txt,3.8,Religious/spiritual counselling,specialised_support_services,Yes,No,1.0,0.0,false_negative,,"Although services are to be implemented by relevant agencies including the ""mental and spiritual"" field, the provided sentences do not explicitly describe religious/spiritual counselling, guidance, mentoring, or faith-based psychosocial support as a service for victims.",Reference only,,,Persisting error
RIAU BENGKALIS,RIAU_BENGKALIS.txt,2.3,Data collection systems,institutional_mechanism,No,Yes,0.0,1.0,false_positive,a. exchange of data and information;,"The policy includes cooperation that covers the exchange of data and information, which implicitly addresses data/information management and sharing related to protection objectives (including violence cases/victims) even if it does not detail a standalone data system.",Reference only,,,Persisting error
RIAU BENGKALIS,RIAU_BENGKALIS.txt,2.6,Monitoring and evaluation,institutional_mechanism,Yes,No,1.0,0.0,false_negative,,"The candidate sentences reference minimum service standards and accompaniment that includes monitoring victims’ interests during legal processes, but they do not establish monitoring and evaluation of overall policy implementation and service delivery (e.g., M&E framework, reporting, evaluation responsibilities).",Reference only,,,Persisting error
RIAU BENGKALIS,RIAU_BENGKALIS.txt,3.8,Religious/spiritual counselling,specialised_support_services,Yes,No,1.0,0.0,false_negative,,"Although the policy mentions that social rehabilitation is implemented by regional apparatus including the field of 'mental and spiritual', the provided sentences do not explicitly state that victims receive religious/spiritual counseling, guidance, or faith-based mentoring as a service.",Reference only,,,New error
RIAU BENGKALIS,RIAU_BENGKALIS.txt,4.4,Prevention through education,primary_prevention,No,Yes,0.0,1.0,false_positive,Prevention as referred to in paragraph (1) is implemented in an integrated manner by Regional Apparatus whose (2) main duties and functions are in the fields of: women's empowerment and child protection; education;,"The prevention framework is stated to be implemented in an integrated manner by regional apparatus whose duties include the education sector, indicating education is an explicit part of the prevention strategy for violence against women and children.",Reference only,,,New error
RIAU BENGKALIS,RIAU_BENGKALIS.txt,6.3,Women workers,intersectional_approach,No,Yes,0.0,1.0,false_positive,"receive special protection in the implementation of
her work or profession against matters that may threaten safety and/or health in connection with women's reproductive function; and ownership and management of joint assets in marriage in accordance with statutory regulations.","The policy explicitly recognizes women’s right to receive special protection in the implementation of their work/profession, which constitutes a specific protection measure for women workers/employees.",Reference only,,,Persisting error
RIAU PEKANBARU KOTA,RIAU_PEKANBARU_KOTA.txt,1.1,Domestic violence,scope_of_violence,No,Yes,0.0,1.0,false_positive,"strengthen the function of community organizations operating in the field of Women's empowerment; conduct various socialization regarding the prevention and anticipation of acts of violence against Women to various components of society in the Region; and optimize the role of religious institutions, customary institutions, culture, as well as exploration of local wisdom in order to prevent and minimize violence against Women occurring both at home or outside the home.","The policy explicitly references preventing and minimizing violence against women occurring ""both at home or outside the home,"" which includes domestic (in-home) violence.",Reference only,,,Persisting error
RIAU PEKANBARU KOTA,RIAU_PEKANBARU_KOTA.txt,1.5,Economic violence,scope_of_violence,Yes,No,1.0,0.0,false_negative,,"While the policy includes economic empowerment measures for women victims of violence (e.g., job skills training, capital assistance), the provided sentences do not explicitly frame economic violence/exploitation or domestic neglect as a form of violence against women.",Reference only,,,New error
RIAU PEKANBARU KOTA,RIAU_PEKANBARU_KOTA.txt,4.2,Gender equality education,primary_prevention,No,Yes,0.0,1.0,false_positive,"implementation of policies, programs and activities to improve family quality to realize gender equality and Child protection in the regions; and development of materials and implementation of communication, information and education on gender equality and Child protection for families in the regions.
The provision of services for families in realizing gender equality and Child protection through communication, information and education as referred to in Article 111 letter a, letter b, and letter c constitutes communication activities to increase knowledge as well as improve the attitudes and behavior of families and communities in population and family planning programs.","The policy explicitly provides for developing materials and implementing communication, information and education on gender equality (and child protection) for families, and frames these as communication activities to increase knowledge and improve attitudes/behavior to realize gender equality.",Reference only,,,Persisting error
RIAU PEKANBARU KOTA,RIAU_PEKANBARU_KOTA.txt,4.4,Prevention through education,primary_prevention,No,Yes,0.0,1.0,false_positive,"conducting legal awareness education for the community, especially for women;
-19- providing Communication, Information, and Education (IEC) materials related to prevention and handling of violence; and conducting socialization, advocacy and social campaigns in the context of prevention and handling of violence.",The policy explicitly includes education-oriented measures (legal awareness education and provision of communication/information/education materials plus socialization/campaigns) as part of preventive/promotive efforts to prevent and handle violence against women.,Reference only,,,Persisting error
RIAU PEKANBARU KOTA,RIAU_PEKANBARU_KOTA.txt,6.4,Elderly women,intersectional_approach,Yes,No,1.0,0.0,false_negative,,None of the provided sentences mention elderly women or establish special protection measures targeted to older/elderly women.,Reference only,,,Persisting error
RIAU PEKANBARU KOTA,RIAU_PEKANBARU_KOTA.txt,6.10,Refugee/forced displacement,intersectional_approach,No,Yes,0.0,1.0,false_positive,"Special Protection for Children in emergency situations who become refugees as referred to in Article 169 letter is carried out with the following provisions:
Children who become refugees;","The policy explicitly provides special protection for refugees in emergency situations, specifically for children who become refugees, indicating that refugee/forced displacement is addressed as a target situation for special protection measures.",Reference only,,,New error
SULAWESI BARAT MAMUJU,SULAWESI_BARAT_MAMUJU.txt,1.3,Physical violence,scope_of_violence,No,Yes,0.0,1.0,false_positive,a. physical and mental health examination and treatment;,"The policy includes health service activities for victims that explicitly mention physical examination and treatment, implying coverage of physical violence impacts.",Reference only,,,Persisting error
SULAWESI BARAT MAMUJU,SULAWESI_BARAT_MAMUJU.txt,1.4,Psychological violence,scope_of_violence,No,Yes,0.0,1.0,false_positive,b. psychological examination and recovery;,"The policy explicitly includes psychological examination and recovery as part of services for victims, indicating psychological violence is addressed.",Reference only,,,Persisting error
SULAWESI BARAT MAMUJU,SULAWESI_BARAT_MAMUJU.txt,1.5,Economic violence,scope_of_violence,No,Yes,0.0,1.0,false_positive,"Empowerment and Protection of women currently needs to receive serious attention from all parties, including attention from the Regional Government, related to the existence of phenomena in social community life that often make them victims of violence and exploitation, they are often positioned as economic objects and are often excluded and/or marginalized in social interactions.","The text notes women being positioned as economic objects and being victims of violence and exploitation, which constitutes explicit inclusion of economic exploitation as a concern.",Reference only,,,Persisting error
SULAWESI BARAT MAMUJU,SULAWESI_BARAT_MAMUJU.txt,1.9,Sexual slavery/exploitation,scope_of_violence,Yes,No,1.0,0.0,false_negative,,"While the text mentions ""exploitation"" generally, it does not explicitly specify sexual exploitation or sexual slavery in the provided sentences.",Reference only,,,New error
SULAWESI BARAT MAMUJU,SULAWESI_BARAT_MAMUJU.txt,2.3,Data collection systems,institutional_mechanism,No,Yes,0.0,1.0,false_positive,c. conduct data collection on case services;,"The policy assigns P2TP2A the duty to conduct data collection on case services, which constitutes an established responsibility for collecting and documenting information related to violence cases and services.",Reference only,,,Persisting error
SULAWESI BARAT MAMUJU,SULAWESI_BARAT_MAMUJU.txt,4.2,Gender equality education,primary_prevention,No,Yes,0.0,1.0,false_positive,"The provision of services for families in realizing gender equality includes:
a. communication, information and education;","The policy explicitly links realizing gender equality with communication, information, and education services for families, which constitutes primary prevention education/awareness activities about gender equality.",Reference only,,,Persisting error
SULAWESI BARAT MAMUJU,SULAWESI_BARAT_MAMUJU.txt,5.1,NGO collaboration,stakeholder_engagement,Yes,No,1.0,0.0,false_negative,,"The cited provisions describe prevention fields and forms, and integration of services with government agencies, communities, educational and religious institutions, professional institutions, Islamic boarding schools, and the business sector, but they do not explicitly mention civil society organisations/NGOs or specify collaboration with NGOs for services or prevention.",Reference only,,,New error
SULAWESI BARAT PASANGKAYU,SULAWESI_BARAT_PASANGKAYU.txt,1.1,Domestic violence,scope_of_violence,Yes,No,1.0,0.0,false_negative,,"The provided sentences define and list general forms of violence against women and children (physical, psychological, sexual, neglect, exploitation) and describe protection/handling measures (e.g., protection orders, safe houses), but none explicitly mention domestic violence/intimate partner violence as a distinct category.",Reference only,,,Persisting error
SULAWESI BARAT PASANGKAYU,SULAWESI_BARAT_PASANGKAYU.txt,3.1,Integrated service unit,specialised_support_services,Yes,No,1.0,0.0,false_negative,,"The cited sentences describe specific services (medical personnel at health centers/hospitals, special rooms at police offices, safe houses, and coordination), but they do not establish or name an integrated service unit/one-stop service unit specifically for women victims of violence.",Reference only,,,Persisting error
SULAWESI BARAT PASANGKAYU,SULAWESI_BARAT_PASANGKAYU.txt,3.10,Economic support,specialised_support_services,No,Yes,0.0,1.0,false_positive,"(1) Regional Government implements guidance for Women and Children (2) Guidance for Women and Children as referred to in paragraph (1) is conducted through:
c. training.
(3) Guidance for Women and Children is carried out by Regional Apparatus that administers governmental affairs in the field of Women and Children empowerment.","The policy includes training as part of government guidance for women and children, implemented by the regional apparatus responsible for women and children empowerment, which can function as skills-building/economic empowerment support.",Reference only,,,New error
SULAWESI BARAT PASANGKAYU,SULAWESI_BARAT_PASANGKAYU.txt,4.1,Information and education about VAW,primary_prevention,Yes,No,1.0,0.0,false_negative,,"The retrieved sentences mention prevention of violence against women and activities such as a regional action plan, information systems, and cooperation, but they do not explicitly include awareness-raising, communication, socialization, or education activities aimed at preventing violence against women (the only explicit education/socialization activities shown are for children).",Reference only,,,Persisting error
SULAWESI BARAT PASANGKAYU,SULAWESI_BARAT_PASANGKAYU.txt,4.4,Prevention through education,primary_prevention,No,Yes,0.0,1.0,false_positive,"b. socialization, seminars or workshops;","The policy explicitly includes prevention activities for violence against children that involve educational approaches (socialization, seminars, or workshops), indicating education is used as a prevention strategy.",Reference only,,,Persisting error
SULAWESI BARAT PASANGKAYU,SULAWESI_BARAT_PASANGKAYU.txt,5.4,Education institutions engagement,stakeholder_engagement,No,Yes,0.0,1.0,false_positive,"Seminar or workshop activities can be carried out by Universities, NGOs or other institutions that handle Child protection.","The policy explicitly states that seminars or workshops can be carried out by universities, which directly involves education institutions in prevention/capacity-building activities.",Reference only,,,Persisting error
SULAWESI BARAT PASANGKAYU,SULAWESI_BARAT_PASANGKAYU.txt,5.6,Media engagement,stakeholder_engagement,No,Yes,0.0,1.0,false_positive,Socialization can use various means or media adjusted to the material to be conveyed.,"The policy notes that socialization can use various means or media, which recognizes media as a channel/stakeholder for prevention-related outreach.",Reference only,,,New error
SULAWESI BARAT PASANGKAYU,SULAWESI_BARAT_PASANGKAYU.txt,6.2,Women victims of trafficking,intersectional_approach,No,Yes,0.0,1.0,false_positive,"e. exploitation.
b. acts with or without the consent of the Victim which include but are not limited to prostitution, forced labor or Services, slavery or similar practices, oppression, extortion, exploitation of physical, sexual, reproductive organs, or exploiting the labor or ability of a person by another party to obtain benefits both material and immaterial; and/or","The policy includes “exploitation” as a form of violence against women and children and defines exploitation to include practices such as prostitution, forced labor/services, slavery or similar practices, and other exploitative acts, which encompasses trafficking/exploitation victims within scope.",Reference only,,,New error
SULAWESI SELATAN BULUKUMBA,SULAWESI_SELATAN_BULUKUMBA.txt,1.8,Human trafficking,scope_of_violence,No,Yes,0.0,1.0,false_positive,,"The policy explicitly includes children who are victims of kidnapping, sale, and/or trafficking as a category for special protection, which covers trafficking in persons. [unresolved evidence citation removed]",Reference only,,,Persisting error
SULAWESI SELATAN BULUKUMBA,SULAWESI_SELATAN_BULUKUMBA.txt,2.4,Gender mainstreaming institutionalisation,institutional_mechanism,No,Yes,0.0,1.0,false_positive,"Based on this, the Regional Government of Bulukumba Regency has the desire to realize its commitment in order to provide protection for women and children so that their rights can be fulfilled and to realize gender equality and justice in all aspects in accordance with human dignity, as well as to optimize women's empowerment, child protection, and gender mainstreaming in the region so that efforts need to be made involving all parties in various aspects of development.","The policy text explicitly references optimizing gender mainstreaming in the region as part of implementing protection for women and children, indicating gender mainstreaming is treated as an institutional mechanism within implementation efforts.",Reference only,,,New error
SULAWESI SELATAN BULUKUMBA,SULAWESI_SELATAN_BULUKUMBA.txt,4.3,VAW laws awareness,primary_prevention,Yes,No,1.0,0.0,false_negative,,"The candidate sentences describe prevention through education and community participation and mention making/encouraging regulations, but they do not explicitly describe primary prevention activities that provide information or education about laws and policies on violence against women.",Reference only,,,Persisting error
SULAWESI SELATAN BULUKUMBA,SULAWESI_SELATAN_BULUKUMBA.txt,5.2,Religious engagement,stakeholder_engagement,Yes,No,1.0,0.0,false_negative,,"While the Task Force membership includes a regional apparatus field related to religious affairs, the provided sentences do not explicitly include religious organizations/leaders/faith-based actors in service delivery, prevention, coordination, or implementation.",Reference only,,,Persisting error
SULAWESI SELATAN BULUKUMBA,SULAWESI_SELATAN_BULUKUMBA.txt,6.3,Women workers,intersectional_approach,Yes,No,1.0,0.0,false_negative,,"While the policy references creating a friendly and safe work environment atmosphere for women, it does not explicitly provide protection or special measures for women workers/employees as a distinct target group.",Reference only,,,Persisting error
SULAWESI SELATAN BULUKUMBA,SULAWESI_SELATAN_BULUKUMBA.txt,6.4,Elderly women,intersectional_approach,Yes,No,1.0,0.0,false_negative,,"The policy references “the elderly” as part of vulnerable groups in general principles/definitions, but it does not provide special protection measures specifically targeted at elderly women.",Reference only,,,Persisting error
SULAWESI SELATAN BULUKUMBA,SULAWESI_SELATAN_BULUKUMBA.txt,6.7,Women from minority groups,intersectional_approach,Yes,No,1.0,0.0,false_negative,,"Minority/isolated groups are referenced only in relation to children (special protection for children from minority and isolated groups), not women specifically.",Reference only,,,Persisting error
SULAWESI SELATAN BULUKUMBA,SULAWESI_SELATAN_BULUKUMBA.txt,6.8,Women in legal process,intersectional_approach,Yes,No,1.0,0.0,false_negative,,"The policy provides services to women victims, reporters, and witnesses, and defines vulnerable groups to include women and children in conflict with the law, but it does not explicitly provide protection/services for women in conflict with the law as suspects, defendants, or perpetrators (or otherwise specify women in legal process beyond victims/reporters/witnesses).",Reference only,,,New error
SULAWESI SELATAN BULUKUMBA,SULAWESI_SELATAN_BULUKUMBA.txt,6.9,Indigenous people/groups,intersectional_approach,Yes,No,1.0,0.0,false_negative,,"Indigenous peoples are mentioned only as part of the definition of vulnerable groups (indigenous legal community of ammatoa Kajang), but no special protection measures are specified as targeted to Indigenous peoples/communities.",Reference only,,,New error
SULAWESI SELATAN LUWU TIMUR,SULAWESI_SELATAN_LUWU_TIMUR.txt,1.5,Economic violence,scope_of_violence,Yes,No,1.0,0.0,false_negative,,"While the policy provides 'economic independence services' for victims and discusses women’s economic rights, the candidate sentences do not explicitly identify economic violence, economic exploitation, or domestic neglect as forms of violence against women.",Reference only,,,Persisting error
SULAWESI SELATAN LUWU TIMUR,SULAWESI_SELATAN_LUWU_TIMUR.txt,4.4,Prevention through education,primary_prevention,No,Yes,0.0,1.0,false_positive,b. conducting education about anti-violence values toward women;,"Education is explicitly listed as part of prevention activities, specifically through conducting education about anti-violence values toward women, indicating education as a strategy to prevent violence against women.",Reference only,,,Persisting error
SULAWESI SELATAN LUWU TIMUR,SULAWESI_SELATAN_LUWU_TIMUR.txt,7.2,National government budget,budget_funding_sources,No,Yes,0.0,1.0,false_positive,"-12- (2) In the event that the Region receives funding assistance for the implementation of policies, programs and activities for Women's Empowerment and Protection from the Government, it must be implemented in accordance with the laws and regulations.
1. Government is the Central Government.","The policy provides for funding assistance from the Government, and it defines “Government” as the Central Government, indicating a national government funding source (as assistance) may support implementation.",Reference only,,,Persisting error
SULAWESI SELATAN LUWU TIMUR,SULAWESI_SELATAN_LUWU_TIMUR_v2.txt,1.9,Sexual slavery/exploitation,scope_of_violence,Yes,No,1.0,0.0,false_negative,,"While the policy references sexual suffering/health recovery and includes economic exploitation, none of the provided sentences explicitly mention sexual exploitation or sexual slavery.",Reference only,,,Persisting error
SULAWESI SELATAN LUWU TIMUR,SULAWESI_SELATAN_LUWU_TIMUR_v2.txt,3.4,Safety/protection shelter,specialised_support_services,Yes,No,1.0,0.0,false_negative,,"Although a 'Safe House' is defined in the general provisions, the provided sentences do not explicitly state that a service unit provides shelter/safe house services for women victims (no operational provision assigning shelter service delivery is shown in the candidate sentences for this criterion).",Reference only,,,Persisting error
SULAWESI SELATAN LUWU TIMUR,SULAWESI_SELATAN_LUWU_TIMUR_v2.txt,4.4,Prevention through education,primary_prevention,No,Yes,0.0,1.0,false_positive,"(1) In the protection of women, prevention of violence is carried out.
b. providing education on the dangers of violence against women;",The policy frames prevention of violence as part of protecting women and explicitly lists providing education on the dangers of violence against women as a prevention method.,Reference only,,,Persisting error
SULAWESI SELATAN LUWU TIMUR,SULAWESI_SELATAN_LUWU_TIMUR_v2.txt,6.2,Women victims of trafficking,intersectional_approach,No,Yes,0.0,1.0,false_positive,"12. Violence against women is any action that results in or may result in misery or suffering of women physically, sexually or psychologically, economic exploitation, including threats of certain actions, coercion or arbitrary deprivation of freedom, whether occurring in the public sphere or in private life.","The definition of ""violence against women"" explicitly includes ""economic exploitation,"" which brings exploitation-related harms (including trafficking/exploitation) within the policy’s scope.",Reference only,,,New error
SULAWESI SELATAN PALOPO KOTA,SULAWESI_SELATAN_PALOPO_KOTA.txt,1.6,Harmful practices,scope_of_violence,No,Yes,0.0,1.0,false_positive,c. preventing marriage at child age;,"The policy explicitly mentions preventing marriage at child age, which is a harmful practice affecting girls/children.",Reference only,,,New error
SULAWESI SELATAN PALOPO KOTA,SULAWESI_SELATAN_PALOPO_KOTA.txt,5.3,Traditional/cultural engagement,stakeholder_engagement,No,Yes,0.0,1.0,false_positive,"Paragraph (1) Letter a Sufficiently clear Letter b Sufficiently clear Letter c Sufficiently clear Letter d What is meant by non-governmental institutions includes; customary institutions, religious institutions, social institutions, NGOs, the National Commission on Human Rights, the National Commission on Violence Against Women, the Commission for Child Protection, the Witness and Victim Protection Agency, including community leaders, customary leaders, religious leaders and other parties desired by the victim.
13. Implementer is a government institution as well as social institutions, religious institutions, customary institutions, in accordance with their respective duties and functions, including providing facilities needed for victim recovery.","The policy explicitly includes customary institutions and customary leaders as part of non-governmental institutions/actors, and defines implementers to include customary institutions, indicating their role in implementation.",Reference only,,,Persisting error
SULAWESI SELATAN PALOPO KOTA,SULAWESI_SELATAN_PALOPO_KOTA.txt,5.4,Education institutions engagement,stakeholder_engagement,No,Yes,0.0,1.0,false_positive,"f. build networks and cooperation with law enforcement apparatus, government apparatus, universities and various non-governmental organizations that work and/or care for women and children victims of violence.
(1) Prevention of the occurrence of acts of violence against women and children as referred to in Article 9, shall be implemented by Regional Agencies whose duties and functions are in the fields of:","The policy explicitly mentions cooperation with universities in prevention networking, and assigns prevention implementation responsibilities to regional agencies including the education field, indicating engagement of the education sector.",Reference only,,,Persisting error
SULAWESI SELATAN PALOPO KOTA,SULAWESI_SELATAN_PALOPO_KOTA.txt,6.1,Women in conflict/disaster areas,intersectional_approach,Yes,No,1.0,0.0,false_negative,,"The text defines victims as women and children who experience violence including in conflict and post-conflict situations, but it does not specify any special protection measures targeted at women in conflict, disaster, emergency, or displacement contexts; the only explicit 'special protection' definition provided applies to children in various emergency-related situations.",Reference only,,,New error
SULAWESI SELATAN TANA TORAJA,SULAWESI_SELATAN_TANA_TORAJA.txt,2.3,Data collection systems,institutional_mechanism,No,Yes,0.0,1.0,false_positive,"Gender mainstreaming is a strategy built to integrate gender into an integral dimension of planning, formulation, implementation, monitoring, and evaluation of national development program policies.
Gender mainstreaming is a strategy built to integrate gender into an integral dimension of planning, formulation, implementation, monitoring, and evaluation of national development program policies.","The candidate sentences define gender mainstreaming as integrating gender into planning, implementation, monitoring, and evaluation, but do not establish a system for collecting/recording/reporting data on violence cases. The only explicit data-related element present is the definition of gender mainstreaming, which is not a VAW data system requirement; therefore the criterion is not addressed.",Reference only,,,Persisting error
SULAWESI SELATAN TANA TORAJA,SULAWESI_SELATAN_TANA_TORAJA.txt,2.5,Training and capacity building,institutional_mechanism,No,Yes,0.0,1.0,false_positive,"facilitating institutional strengthening and development of gender mainstreaming mechanisms in government institutions, women's study centers, research and development institutions, non-governmental institutions;","The policy includes facilitating institutional strengthening and development of mechanisms (in government and other institutions) as part of gender mainstreaming implementation, which constitutes institutional capacity building relevant to implementation personnel and structures.",Reference only,,,New error
SULAWESI SELATAN TANA TORAJA,SULAWESI_SELATAN_TANA_TORAJA.txt,4.4,Prevention through education,primary_prevention,No,Yes,0.0,1.0,false_positive,"building complaint and service units regarding violence against women at the sub-district, village and/or Lembang level; and awareness campaigns, socialization and education to the community regarding the protection and empowerment of women.
incorporating local content material on children's rights and the elimination of violence against children as teaching material in teaching and learning activities in early childhood education institutions up to the Senior High School level;","The policy explicitly uses education as part of prevention strategies: it calls for awareness campaigns/socialization/education to the community to prevent violence against women, and it includes incorporating teaching material on children’s rights and elimination of violence against children within formal education settings as a prevention measure.",Reference only,,,Persisting error
SULAWESI SELATAN TANA TORAJA,SULAWESI_SELATAN_TANA_TORAJA.txt,5.3,Traditional/cultural engagement,stakeholder_engagement,Yes,No,1.0,0.0,false_negative,,"The candidate sentences reference community participation, local content in education, and general community organizations, but do not explicitly or implicitly include traditional/customary/cultural leaders, customary institutions, or customary dispute-resolution mechanisms in implementation or coordination.",Reference only,,,Persisting error
SULAWESI SELATAN TANA TORAJA,SULAWESI_SELATAN_TANA_TORAJA.txt,6.1,Women in conflict/disaster areas,intersectional_approach,Yes,No,1.0,0.0,false_negative,,"The cited provisions on emergency/refugee/disaster/conflict situations are framed as special protection for children, not women. While women’s protection and safe houses are mentioned generally, the candidate sentences do not specify special protection measures targeted at women in conflict, disaster, emergency, or displacement situations.",Reference only,,,Persisting error
SULAWESI SELATAN TANA TORAJA,SULAWESI_SELATAN_TANA_TORAJA.txt,6.1,Women in conflict/disaster areas,intersectional_approach,Yes,No,1.0,0.0,false_negative,,"The cited provisions on emergency/refugee/disaster/conflict situations are framed as special protection for children, not women. While women’s protection and safe houses are mentioned generally, the candidate sentences do not specify special protection measures targeted at women in conflict, disaster, emergency, or displacement situations.",Reference only,,,Persisting error
SULAWESI SELATAN TANA TORAJA,SULAWESI_SELATAN_TANA_TORAJA.txt,6.8,Women in legal process,intersectional_approach,No,Yes,0.0,1.0,false_positive,provision of testimony during the legal process which is regulated through protection mechanisms.,"The policy includes protection for women related to providing testimony during the legal process, which is a legal-process service/protection relevant to women as witnesses.",Reference only,,,Persisting error
SULAWESI SELATAN TANA TORAJA,SULAWESI_SELATAN_TANA_TORAJA.txt,6.10,Refugee/forced displacement,intersectional_approach,No,Yes,0.0,1.0,false_positive,"Children in emergency situations as referred to in Article 37 letter a, consist of: children who become refugees;
Special protection for children in emergency situations as referred to in paragraph (1), shall be implemented in accordance with the provisions of laws and regulations.","The policy explicitly identifies “children who become refugees” as part of emergency situations and states special protection for children in emergency situations will be implemented, indicating special protection measures targeted at refugees/forced displacement (at least for children).",Reference only,,,New error
SULAWESI TENGAH DONGGALA,SULAWESI_TENGAH_DONGGALA.txt,1.5,Economic violence,scope_of_violence,Yes,No,1.0,0.0,false_negative,,"While the text mentions economic exploitation and neglect (primarily in relation to children) and notes victims may suffer economic loss, it does not explicitly frame economic violence/economic exploitation/domestic neglect as a form of violence against women.",Reference only,,,New error
SULAWESI TENGAH DONGGALA,SULAWESI_TENGAH_DONGGALA.txt,2.5,Training and capacity building,institutional_mechanism,Yes,No,1.0,0.0,false_negative,,"The candidate sentences refer to socialization, seminars/workshops (as public prevention activities), and duties of various personnel, but do not explicitly require or provide training/technical guidance/capacity building for officials, implementers, or service providers.",Reference only,,,Persisting error
SULAWESI TENGAH DONGGALA,SULAWESI_TENGAH_DONGGALA.txt,3.2,Police specialised service unit,specialised_support_services,Yes,No,1.0,0.0,false_negative,,"The text mentions providing special rooms for victims at police agencies, but it does not establish or describe a specialised police service unit for VAW within police offices.",Reference only,,,New error
SULAWESI TENGAH DONGGALA,SULAWESI_TENGAH_DONGGALA.txt,3.9,Resocialisation services,specialised_support_services,Yes,No,1.0,0.0,false_negative,,"While the policy mentions various services (safe houses, counseling, coordination, health, legal, spiritual), the provided sentences do not explicitly describe resocialisation/rehabilitation/reintegration services as a service unit or program for victims.",Reference only,,,Persisting error
SULAWESI TENGAH DONGGALA,SULAWESI_TENGAH_DONGGALA.txt,3.10,Economic support,specialised_support_services,No,Yes,0.0,1.0,false_positive,b. financial support to meet the needs of victims according to the community's capacity;,"The policy includes provision of financial support to meet victims’ needs (as a form of assistance), which constitutes economic support.",Reference only,,,New error
SULAWESI TENGAH DONGGALA,SULAWESI_TENGAH_DONGGALA.txt,4.2,Gender equality education,primary_prevention,No,Yes,0.0,1.0,false_positive,"Paragraph (2) Letter a: Sufficiently clear Letter b: Socialization activities in the form of explanations regarding children's rights, implications of violations of women's rights and laws and regulations related to the protection of women to the community.","The policy includes socialization activities that explain women's rights and the implications of violations of women's rights to the community, which constitutes primary prevention education/awareness raising about women's rights.",Reference only,,,Persisting error
SULAWESI TENGAH DONGGALA,SULAWESI_TENGAH_DONGGALA.txt,4.3,VAW laws awareness,primary_prevention,No,Yes,0.0,1.0,false_positive,"Paragraph (2) Letter a: Sufficiently clear Letter b: Socialization activities in the form of explanations regarding children's rights, implications of violations of women's rights and laws and regulations related to the protection of women to the community.","The policy describes socialization to the community that includes explanations of laws and regulations related to the protection of women, which is an information/education activity about relevant legal frameworks connected to preventing/responding to violence against women.",Reference only,,,Persisting error
SULAWESI TENGAH DONGGALA,SULAWESI_TENGAH_DONGGALA.txt,4.4,Prevention through education,primary_prevention,No,Yes,0.0,1.0,false_positive,"Education is carried out related to children's rights, maltreatment and violence against children.","The policy explicitly states that education is carried out related to maltreatment and violence against children, indicating education is used as a strategy connected to preventing violence against children.",Reference only,,,Persisting error
SULAWESI TENGAH DONGGALA,SULAWESI_TENGAH_DONGGALA.txt,6.5,People with disability,intersectional_approach,No,Yes,0.0,1.0,false_positive,"The regional government provides special protection for children who are victims of riots or armed conflict in the form of fulfillment of basic needs consisting of clothing, shelter, housing, education, health, social, and recreation, security guarantees, and equality including special treatment for children with disabilities and children experiencing psychosocial disorders.","The policy explicitly mentions special treatment for children with disabilities (and psychosocial disorders) as part of special protection measures, indicating disability-targeted protection measures are included (at least for children).",Reference only,,,Persisting error
SULAWESI TENGAH MOROWALI,SULAWESI_TENGAH_MOROWALI.txt,4.4,Prevention through education,primary_prevention,No,Yes,0.0,1.0,false_positive,"e. providing critical education about the rights of Women and Children as victims of Violence to the community; and
Letter e Critical education for women victims of violence is an effort to build women's awareness about their rights.
The purpose of implementing critical education is so that it can help decision-making and prevent becoming a victim of repeated violence.","Education is explicitly included as a prevention strategy via “critical education” aimed at building awareness of rights and preventing repeated victimization, as part of the policy’s prevention measures for violence against women and children.",Reference only,,,Persisting error
SULAWESI TENGAH MOROWALI,SULAWESI_TENGAH_MOROWALI.txt,6.5,People with disability,intersectional_approach,Yes,No,1.0,0.0,false_negative,,"While the text includes general victim protections and references non-discrimination in definitions/explanations, it does not set out special protection measures specifically targeted at women with disabilities or persons with disabilities.",Reference only,,,Persisting error
SULAWESI TENGAH PARIGI MOUTONG,SULAWESI_TENGAH_PARIGI_MOUTONG.txt,1.8,Human trafficking,scope_of_violence,No,Yes,0.0,1.0,false_positive,"h. children who are victims of kidnapping, sale, and/or trafficking;","The policy explicitly references children who are victims of kidnapping, sale, and/or trafficking, indicating inclusion of trafficking.",Reference only,,,Persisting error
SULAWESI TENGAH PARIGI MOUTONG,SULAWESI_TENGAH_PARIGI_MOUTONG.txt,3.2,Police specialised service unit,specialised_support_services,Yes,No,1.0,0.0,false_negative,,"The text mentions support facilities such as “special service rooms within the police force,” but it does not explicitly establish or describe a specialised service unit within police offices dedicated to VAW victims.",Reference only,,,New error
SULAWESI TENGAH PARIGI MOUTONG,SULAWESI_TENGAH_PARIGI_MOUTONG.txt,5.3,Traditional/cultural engagement,stakeholder_engagement,Yes,No,1.0,0.0,false_negative,,"The candidate sentences mention community, social institutions, and religious organizations, but do not explicitly reference traditional/customary/cultural leaders, customary institutions, or customary dispute-resolution mechanisms.",Reference only,,,Persisting error
SULAWESI TENGAH PARIGI MOUTONG,SULAWESI_TENGAH_PARIGI_MOUTONG.txt,6.5,People with disability,intersectional_approach,No,Yes,0.0,1.0,false_positive,l. children with disabilities;,"The policy explicitly identifies “children with disabilities” as a category receiving special protection, which constitutes a targeted special protection measure for people with disabilities (at least within the child-protection scope).",Reference only,,,Persisting error
SULAWESI TENGAH POSO,SULAWESI_TENGAH_POSO.txt,1.8,Human trafficking,scope_of_violence,No,Yes,0.0,1.0,false_positive,"8. Special Protection is Protection given to children in emergency situations, children in conflict with the law, children in minority and isolated groups, children who are exploited economically and or sexually, children who are trafficked, children who are victims of narcotics abuse, alcohol, psychotropic substances and other addictive substances (drugs), child victims of kidnapping sales trafficking, child victims of violence both physical and or mental, child victims of conflict who experience physical violence or trauma, children with disabilities, and child victims of maltreatment and neglect.","The policy includes trafficking by listing children who are trafficked among those eligible for special protection, indicating trafficking is covered.",Reference only,,,Persisting error
SULAWESI TENGAH POSO,SULAWESI_TENGAH_POSO.txt,2.6,Monitoring and evaluation,institutional_mechanism,No,Yes,0.0,1.0,false_positive,Supervision of the implementation of this Regional Regulation shall be carried out in accordance with the provisions of the applicable Laws and Regulations.,"The policy includes a supervision provision for implementation of the regulation, which constitutes an oversight/monitoring mechanism for implementation (even if it does not detail evaluation methods).",Reference only,,,Persisting error
SULAWESI TENGAH POSO,SULAWESI_TENGAH_POSO.txt,5.4,Education institutions engagement,stakeholder_engagement,No,Yes,0.0,1.0,false_positive,"(4) PPT and or P2TP2A is an integrated assistance forum managed in an integrated manner consisting of health personnel, education personnel, social institutions, law enforcement officers, psychologists, psychiatrists, volunteer assistants and or spiritual advisors and involving community participation;
b. Education for child victims of violence may be in the form of formal, informal and non-formal education; and","The policy includes education personnel as part of the integrated assistance forum and provides for education as a component of victim recovery, indicating engagement of the education sector in implementation and recovery services.",Reference only,,,New error
SULAWESI TENGAH SIGI,SULAWESI_TENGAH_SIGI.txt,2.3,Data collection systems,institutional_mechanism,No,Yes,0.0,1.0,false_positive,a. exchange of data and information;,"The policy includes cooperation that covers exchange of data and information, which implies a requirement/mechanism for managing and sharing information related to violence cases and responses.",Reference only,,,Persisting error
SULAWESI TENGAH SIGI,SULAWESI_TENGAH_SIGI.txt,2.5,Training and capacity building,institutional_mechanism,No,Yes,0.0,1.0,false_positive,"b. technical guidance;
c. education and training;","The policy obligates the Regional Government to provide guidance that includes technical guidance and education/training, which directly addresses training and capacity-building for implementation.",Reference only,,,Persisting error
SULAWESI TENGAH SIGI,SULAWESI_TENGAH_SIGI.txt,4.2,Gender equality education,primary_prevention,No,Yes,0.0,1.0,false_positive,c. conduct independent socialization of women's and children's rights;,"The policy explicitly includes community-led socialization of women’s and children’s rights, which constitutes educational/awareness activity about women’s rights (a core element of gender equality education).",Reference only,,,Persisting error
SULAWESI TENGAH SIGI,SULAWESI_TENGAH_SIGI.txt,6.2,Women victims of trafficking,intersectional_approach,No,Yes,0.0,1.0,false_positive,"Therefore, the Regional Government of Sigi Regency is obligated to provide protection for women and children victims of violence which is an implementation of several laws and regulations, including Law Number 7 of 1984 concerning Ratification of the Convention on the Elimination of All Forms of Discrimination Against Women, Law Number 39 of 1999 concerning Human Rights, Law Number 23 of 2002 concerning Child Protection, Law Number 23 of 2004 concerning the Elimination of Domestic Violence, and Law Number 21 of 2007 concerning the Eradication of the Criminal Act of Human Trafficking.
Paragraph (1) Letter a Sufficiently Clear Letter b What is meant by exploitation is an action with or without the consent of the victim which includes prostitution, forced work or service, slavery or practices similar to slavery, oppression, extortion, physical sexual exploitation of reproductive organs or unlawfully transferring/utilizing labor or transplanting organs and or body tissue or utilizing the labor or ability of a person by another party to obtain benefits both material and immaterial.","The text explicitly references the legal framework on eradication of human trafficking and defines “exploitation” in terms commonly associated with trafficking/exploitation, indicating that trafficking-related victimization is within scope.",Reference only,,,New error
SULAWESI TENGAH SIGI,SULAWESI_TENGAH_SIGI.txt,6.9,Indigenous people/groups,intersectional_approach,No,Yes,0.0,1.0,false_positive,"THE ROLE OF CUSTOMARY INSTITUTIONS IN THE PROTECTION OF WOMEN AND CHILDREN VICTIMS OF VIOLENCE
(1) Customary institutions that provide services for the resolution of cases of violence against women and children who are victims of acts of violence may carry out their functions in accordance with applicable customary provisions as long as they do not conflict with the principles and objectives stipulated in this Regional Regulation.","The policy explicitly addresses the role of customary institutions and allows customary institutions to provide services for resolving cases of violence against women and children victims, indicating inclusion of customary (adat) community mechanisms within the protection framework.",Reference only,,,New error
SULAWESI TENGAH TOLI TOLI,SULAWESI_TENGAH_TOLI_TOLI.txt,2.3,Data collection systems,institutional_mechanism,No,Yes,0.0,1.0,false_positive,(1) The Regional Government prepares and develops an information and reporting system for the protection of Women and Children from acts of Violence.,"The policy assigns responsibility to the Regional Government to prepare and develop an information and reporting system for protection from violence, which constitutes establishing a system for reporting/management of information related to violence cases.",Reference only,,,Persisting error
SULAWESI TENGAH TOLI TOLI,SULAWESI_TENGAH_TOLI_TOLI.txt,6.5,People with disability,intersectional_approach,No,Yes,0.0,1.0,false_positive,i. Children with Disabilities;,"The policy explicitly includes “Children with Disabilities” among those receiving special protection, indicating disability-targeted special protection measures (at least for children).",Reference only,,,Persisting error
SULAWESI TENGAH TOLI TOLI,SULAWESI_TENGAH_TOLI_TOLI.txt,6.8,Women in legal process,intersectional_approach,No,Yes,0.0,1.0,false_positive,c. providing assistance for Victims as witnesses from the investigation process until the verdict;,"The policy explicitly provides legal assistance/accompaniment for victims as witnesses from investigation through verdict, which constitutes protection/services for women involved in the legal process (as witnesses).",Reference only,,,New error
SULAWESI TENGGARA BUTON,SULAWESI_TENGGARA_BUTON.txt,1.1,Domestic violence,scope_of_violence,Yes,No,1.0,0.0,false_negative,,"The provided sentences define and list general forms of violence against women and children (physical, psychological, sexual, neglect, exploitation, other violence) and discuss protection and services, but they do not explicitly mention domestic violence as a category or term.",Reference only,,,New error
SULAWESI TENGGARA BUTON,SULAWESI_TENGGARA_BUTON.txt,3.4,Safety/protection shelter,specialised_support_services,Yes,No,1.0,0.0,false_negative,,"While the policy defines a safe house and states services should be safe and comfortable, the provided sentences do not identify a specific service unit that provides shelter/safe house services.",Reference only,,,New error
SULAWESI TENGGARA BUTON,SULAWESI_TENGGARA_BUTON.txt,4.1,Information and education about VAW,primary_prevention,No,Yes,0.0,1.0,false_positive,"c. providing counseling/guidance;
d. conducting socialization regarding laws and regulations related to the protection of women and children victims of violence; and
e. providing critical education on the rights of women and children for the community.","The policy specifies prevention measures that include counseling/guidance, socialization about laws and regulations protecting women and children victims of violence, and critical education on the rights of women and children—explicitly framing these as prevention activities.",Reference only,,,Persisting error
SULAWESI TENGGARA BUTON,SULAWESI_TENGGARA_BUTON.txt,4.4,Prevention through education,primary_prevention,No,Yes,0.0,1.0,false_positive,e. providing critical education on the rights of women and children for the community.,"The policy explicitly lists “providing critical education on the rights of women and children for the community” as a means of implementing prevention efforts, making education an explicit prevention strategy.",Reference only,,,Persisting error
SULAWESI TENGGARA BUTON,SULAWESI_TENGGARA_BUTON.txt,6.2,Women victims of trafficking,intersectional_approach,No,Yes,0.0,1.0,false_positive,"a. acts that exploit economically or sexually with the intention of benefiting oneself or others;
b. acts with or without the consent of the victim which include but are not limited to prostitution, forced labor or services, slavery or similar practices, oppression, extortion, exploitation of physical, sexual, reproductive organs, or unlawfully removing or transplanting organs and/or body tissues or exploiting the labor or capabilities of a person by other parties to obtain benefits either material or immaterial; and/or","The policy defines and includes exploitation (including prostitution, forced labor/services, slavery or similar practices, and other forms of exploitation), which falls within trafficking/exploitation-related harms, indicating women victims of such exploitation are within scope.",Reference only,,,New error
SULAWESI TENGGARA BUTON SELATAN,SULAWESI_TENGGARA_BUTON_SELATAN.txt,2.5,Training and capacity building,institutional_mechanism,No,Yes,0.0,1.0,false_positive,b. technical guidance and training;,"The policy explicitly includes “technical guidance and training” as part of government guidance and supervision for implementation, indicating a requirement/provision for training/capacity building.",Reference only,,,Persisting error
SULAWESI TENGGARA BUTON SELATAN,SULAWESI_TENGGARA_BUTON_SELATAN.txt,4.3,VAW laws awareness,primary_prevention,No,Yes,0.0,1.0,false_positive,e. disseminating information about laws and regulations related to acts of violence against women and children.,"The policy explicitly includes dissemination of information about laws and regulations related to acts of violence against women and children as part of community participation, which constitutes primary prevention through legal awareness.",Reference only,,,Persisting error
SULAWESI TENGGARA BUTON SELATAN,SULAWESI_TENGGARA_BUTON_SELATAN.txt,5.3,Traditional/cultural engagement,stakeholder_engagement,No,Yes,0.0,1.0,false_positive,c. fostering local wisdom in handling cases of violence;,"The policy explicitly references fostering local wisdom in handling cases of violence, which indicates use of customary/community cultural mechanisms in implementation/handling.",Reference only,,,New error
SULAWESI TENGGARA BUTON SELATAN,SULAWESI_TENGGARA_BUTON_SELATAN.txt,5.5,International organisations engagement,stakeholder_engagement,Yes,No,1.0,0.0,false_negative,,"The candidate sentences describe cooperation with various domestic actors (including central/provincial/other local governments, NGOs, media) but do not mention international organizations or international support.",Reference only,,,Persisting error
SULAWESI TENGGARA BUTON SELATAN,SULAWESI_TENGGARA_BUTON_SELATAN.txt,5.6,Media engagement,stakeholder_engagement,No,Yes,0.0,1.0,false_positive,g. Media.,"The policy explicitly lists media as a party with which the Regional Government conducts cooperation, recognizing media as a stakeholder.",Reference only,,,Persisting error
SULAWESI TENGGARA BUTON SELATAN,SULAWESI_TENGGARA_BUTON_SELATAN.txt,6.8,Women in legal process,intersectional_approach,No,Yes,0.0,1.0,false_positive,"c. providing assistance for victims as witnesses from the investigation process until the verdict; and
d. provide services to women and children from acts of violence, reporters, and witnesses; and
h. the right of victims and their families to obtain facilitation in the judicial process;","The policy includes services and facilitation related to the judicial process and explicitly provides assistance for victims as witnesses from investigation through verdict, indicating protection/services for women involved in legal processes as witnesses (though not as suspects/defendants/perpetrators).",Reference only,,,New error
SULAWESI TENGGARA BUTON UTARA,SULAWESI_TENGGARA_BUTON_UTARA.txt,3.4,Safety/protection shelter,specialised_support_services,Yes,No,1.0,0.0,false_negative,,"Although the policy defines a Safe House and mentions cooperation with social protection houses/trauma centers, the provided sentences do not explicitly establish or identify a service unit that provides shelter for victims.",Reference only,,,New error
SULAWESI TENGGARA BUTON UTARA,SULAWESI_TENGGARA_BUTON_UTARA.txt,4.1,Information and education about VAW,primary_prevention,No,Yes,0.0,1.0,false_positive,"Forms of prevention of violence against women and children carried out by PPT, can be implemented through:
a. Socialization activities of laws and regulations to the community related to the protection of the rights of Women and Children; and","The policy includes prevention measures that involve community socialization of laws/regulations related to protecting women’s and children’s rights, which constitutes awareness/education activities aimed at preventing violence against women and children.",Reference only,,,Persisting error
SULAWESI TENGGARA BUTON UTARA,SULAWESI_TENGGARA_BUTON_UTARA.txt,4.2,Gender equality education,primary_prevention,No,Yes,0.0,1.0,false_positive,a. Socialization activities of laws and regulations to the community related to the protection of the rights of Women and Children; and,"The policy provides for community socialization of laws and regulations related to the protection of women’s and children’s rights, which is an educational/awareness activity specifically about women’s/children’s rights (a core component of gender equality and women’s rights education).",Reference only,,,New error
SULAWESI TENGGARA BUTON UTARA,SULAWESI_TENGGARA_BUTON_UTARA.txt,4.4,Prevention through education,primary_prevention,No,Yes,0.0,1.0,false_positive,"a. Socialization activities of laws and regulations to the community related to the protection of the rights of Women and Children; and
b. Training of PPT members related to the implementation of their duties in preventing violence against Women and Children.",The policy explicitly frames prevention as including educational-type strategies—community socialization of relevant laws/regulations and training of PPT members—used to prevent violence against women and children.,Reference only,,,New error
SULAWESI TENGGARA BUTON UTARA,SULAWESI_TENGGARA_BUTON_UTARA.txt,6.2,Women victims of trafficking,intersectional_approach,No,Yes,0.0,1.0,false_positive,"b) eliminate all forms of violence and exploitation against women and children;
14. Exploitation is an action with or without the victim's consent which includes but is not limited to prostitution, forced labor or services, slavery or practices similar to slavery, oppression, extortion, utilization of physical, sexual, reproductive organs, or unlawfully transferring or transplanting organs and/or body tissues or exploiting the labor or ability of a person by another party to obtain benefits both material and immaterial.","The policy scope explicitly includes eliminating exploitation against women and children and defines exploitation in terms that cover trafficking-related practices (e.g., prostitution, forced labor/services, slavery-like practices), thereby encompassing women victims of trafficking/exploitation.",Reference only,,,New error
SULAWESI TENGGARA KONAWE,SULAWESI_TENGGARA_KONAWE.txt,4.1,Information and education about VAW,primary_prevention,No,Yes,0.0,1.0,false_positive,a. Socialization activities of laws and regulations to the community related to the protection of the rights of children and women; and,"The policy includes prevention activities that involve community socialization of laws and regulations related to protecting the rights of children and women, which constitutes information/awareness activities aimed at preventing violence against women (and children).",Reference only,,,Persisting error
SULAWESI TENGGARA KONAWE,SULAWESI_TENGGARA_KONAWE.txt,4.4,Prevention through education,primary_prevention,No,Yes,0.0,1.0,false_positive,"a. Socialization activities of laws and regulations to the community related to the protection of the rights of children and women; and
b. Training of PPT members related to the implementation of their duties in preventing violence against children and women.","The policy identifies prevention forms that include socialization activities to the community and training of PPT members, both framed as mechanisms to prevent violence against children and women, making education/training an explicit prevention strategy.",Reference only,,,New error
SULAWESI TENGGARA KONAWE,SULAWESI_TENGGARA_KONAWE.txt,6.2,Women victims of trafficking,intersectional_approach,No,Yes,0.0,1.0,false_positive,"b. eliminate all forms of violence and exploitation against children and women;
b. acts with or without the consent of the victim which include but are not limited to prostitution, forced labor or services, slavery or similar practices, oppression, extortion, exploitation of physical, sexual, reproductive organs, or unlawfully removing or transplanting organs and/or body tissues or exploiting the labor or capabilities of a person by other parties to obtain benefits either material or immaterial; and/or","The policy scope includes eliminating violence and exploitation against women, and it defines exploitation to include practices commonly associated with trafficking (e.g., prostitution, forced labor/services, slavery-like practices), thereby covering women victims of trafficking/exploitation within its protection framework.",Reference only,,,New error
SULAWESI TENGGARA KONAWE,SULAWESI_TENGGARA_KONAWE.txt,6.8,Women in legal process,intersectional_approach,No,Yes,0.0,1.0,false_positive,"d. provide services to children and women victims of violence, reporters, and witnesses; and
d. Legal services to assist victims in undergoing legal processes, and;","The policy explicitly includes services for victims who are reporters and witnesses, and it specifies legal services to assist victims in undergoing legal processes, indicating protection/services for women involved in legal processes at least as witnesses/reporters (and as victims navigating proceedings).",Reference only,,,New error
SULAWESI TENGGARA KONAWE KEPULAUAN,SULAWESI_TENGGARA_KONAWE_KEPULAUAN.txt,4.1,Information and education about VAW,primary_prevention,No,Yes,0.0,1.0,false_positive,"Forms of prevention of violence against women and children carried out by the Integrated Service Center, can be implemented through:
a. socialization activities of laws and regulations to the community related to the protection of the rights of women and children; and","The policy describes prevention of violence against women and children through community socialization activities related to protecting women’s and children’s rights, which constitutes awareness/education to prevent violence.",Reference only,,,Persisting error
SULAWESI TENGGARA KONAWE KEPULAUAN,SULAWESI_TENGGARA_KONAWE_KEPULAUAN.txt,4.4,Prevention through education,primary_prevention,No,Yes,0.0,1.0,false_positive,"Forms of prevention of violence against women and children carried out by the Integrated Service Center, can be implemented through:
a. socialization activities of laws and regulations to the community related to the protection of the rights of women and children; and
b. training of Integrated Service Center members related to the implementation of their duties in preventing violence against children and women.","The policy explicitly frames prevention as including socialization activities to the community and training of Integrated Service Center members aimed at preventing violence against women and children, which are education/training strategies for prevention.",Reference only,,,New error
SULAWESI TENGGARA KONAWE KEPULAUAN,SULAWESI_TENGGARA_KONAWE_KEPULAUAN.txt,6.2,Women victims of trafficking,intersectional_approach,No,Yes,0.0,1.0,false_positive,"14. Exploitation is an action with or without the victim's consent which includes but is not limited to prostitution, forced labor or services, slavery or practices similar to slavery, oppression, extortion, utilization of physical, sexual, reproductive organs, or unlawfully removing or transplanting organs and/or -5- body tissues or utilizing the labor or ability of a person by another party to obtain benefits both material and immaterial.
b. acts with or without the consent of the victim which include but are not limited to prostitution, forced labor or services, slavery or similar practices, oppression, extortion, exploitation of physical, sexual, reproductive organs, or unlawfully removing or transplanting organs and/or body tissues or exploiting the labor or capabilities of a person by other parties to obtain benefits both material and immaterial; and/or","The policy explicitly includes “exploitation” within its definitions and details forms of exploitation such as prostitution, forced labor/services, slavery-like practices, and extortion, which brings trafficking/exploitation victims (including women) within scope.",Reference only,,,New error
SULAWESI TENGGARA KONAWE UTARA,SULAWESI_TENGGARA_KONAWE_UTARA.txt,2.1,Institutional network,institutional_mechanism,No,Yes,0.0,1.0,false_positive,"f. building networks and cooperation with law enforcement apparatus, government apparatus, universities and various non-governmental organizations that work and/or care for women and children; and
(1) In order to achieve the objectives of protection of women and children, cooperation may be conducted with:
(2) Cooperation as referred to in paragraph (1) shall be set forth in the form of a cooperation agreement in accordance with the provisions of laws and regulations.","The policy explicitly calls for building networks and cooperation with multiple actors (including law enforcement, government, universities, and NGOs) and provides a formal cooperation framework that can be set out in cooperation agreements, indicating an institutional coordination mechanism to support implementation.",Reference only,,,Persisting error
SULAWESI TENGGARA KONAWE UTARA,SULAWESI_TENGGARA_KONAWE_UTARA.txt,2.3,Data collection systems,institutional_mechanism,No,Yes,0.0,1.0,false_positive,"This Regional Regulation regulates efforts to implement protection for women and children, particularly in terms of services, monitoring and evaluation, reporting, funding, guidance and supervision of women and children victims of violence in North Konawe Regency.
e. building and providing a complete and easily accessible information system;","The policy indicates that implementation includes monitoring and evaluation and reporting, and it also includes an effort to build and provide a complete and easily accessible information system, which implies establishing/maintaining information management relevant to violence against women and children.",Reference only,,,Persisting error
SULAWESI TENGGARA KONAWE UTARA,SULAWESI_TENGGARA_KONAWE_UTARA.txt,3.6,Health/medical services,specialised_support_services,Yes,No,1.0,0.0,false_negative,,"The cited victim service list for UPTD PPA does not include medical/health services, and while other provisions mention health facilities/infrastructure and cooperation with health workers, they do not establish a service unit providing medical services to victims.",Reference only,,,New error
SULAWESI TENGGARA KONAWE UTARA,SULAWESI_TENGGARA_KONAWE_UTARA.txt,6.3,Women workers,intersectional_approach,No,Yes,0.0,1.0,false_positive,a. protection in the field of employment;,"The policy explicitly recognizes women’s right to protection in the field of employment, which constitutes an explicit protection measure related to women workers/employees.",Reference only,,,Persisting error
SULAWESI TENGGARA KONAWE UTARA,SULAWESI_TENGGARA_KONAWE_UTARA.txt,6.10,Refugee/forced displacement,intersectional_approach,No,Yes,0.0,1.0,false_positive,"a. child refugees;
(3) The handling of child refugees as referred to in paragraph (1) letter a is carried out without regard to citizenship status and they have the right to receive basic services.","The policy provides special protection for children in emergency situations including child refugees and specifies handling of child refugees with rights to basic services regardless of citizenship status, which constitutes explicit measures addressing refugees/forced displacement (at least for child refugees).",Reference only,,,New error
SULAWESI TENGGARA MUNA BARAT,SULAWESI_TENGGARA_MUNA_BARAT.txt,1.9,Sexual slavery/exploitation,scope_of_violence,No,Yes,0.0,1.0,false_positive,b. Forced sexual relations against someone within the scope of the household with another person for commercial purposes and/or certain purposes.,"The policy includes forced sexual relations involving another person for commercial purposes and/or certain purposes, which constitutes sexual exploitation.",Reference only,,,Persisting error
SULAWESI TENGGARA MUNA BARAT,SULAWESI_TENGGARA_MUNA_BARAT.txt,3.3,Reporting/hotline service,specialised_support_services,Yes,No,1.0,0.0,false_negative,,"The cited mechanism includes “monitoring, evaluation and reporting,” but this refers to program implementation reporting rather than a mechanism/service for receiving reports or complaints of violence from victims/survivors.",Reference only,,,Persisting error
SULAWESI TENGGARA MUNA BARAT,SULAWESI_TENGGARA_MUNA_BARAT.txt,3.6,Health/medical services,specialised_support_services,Yes,No,1.0,0.0,false_negative,,"The candidate sentences reference integrated services generally and mention health in a general explanatory context, but do not explicitly establish a service unit that provides health/medical services for victims of violence against women.",Reference only,,,Persisting error
SULAWESI TENGGARA MUNA BARAT,SULAWESI_TENGGARA_MUNA_BARAT.txt,4.2,Gender equality education,primary_prevention,No,Yes,0.0,1.0,false_positive,"a. Providing socialization to the community regarding women's protection policies;
b. Providing books, leaflets, brochures regarding women's protection, and other related issues and disseminating them to the community;","The policy includes primary-prevention-type educational/communication actions through community socialization about women's protection policies and dissemination of informational materials (books/leaflets/brochures) related to women's protection, which is linked to women’s rights and gender equality objectives.",Reference only,,,New error
SULAWESI TENGGARA MUNA BARAT,SULAWESI_TENGGARA_MUNA_BARAT.txt,7.3,International donors,budget_funding_sources,No,Yes,0.0,1.0,false_positive,"f. Coordinating the participation of the business sector and other institutions, including international assistance for women's protection; and","The policy explicitly references coordinating participation of institutions including international assistance for women’s protection, indicating international support is contemplated.",Reference only,,,Persisting error
SULAWESI UTARA BITUNG KOTA,SULAWESI_UTARA_BITUNG_KOTA.txt,2.3,Data collection systems,institutional_mechanism,Yes,No,1.0,0.0,false_negative,,"The candidate sentences mention reporting violence to authorities and an information system in general contexts, but do not explicitly establish or assign responsibility for a system to collect, document, record, monitor, manage, exchange, or maintain data on VAW/victims/cases.",Reference only,,,New error
SULAWESI UTARA BITUNG KOTA,SULAWESI_UTARA_BITUNG_KOTA.txt,3.3,Reporting/hotline service,specialised_support_services,Yes,No,1.0,0.0,false_negative,,"The text includes reporting by PPT to the Mayor and referral mechanisms between service units, but it does not specify a mechanism/service for victims or the public to submit reports/complaints (e.g., hotline/complaint intake).",Reference only,,,New error
SULAWESI UTARA BITUNG KOTA,SULAWESI_UTARA_BITUNG_KOTA.txt,6.2,Women victims of trafficking,intersectional_approach,No,Yes,0.0,1.0,false_positive,"b. acts without the consent of women and children who become victims of exploitation, including but not limited to prostitution, forced labor or services, slavery or similar practices, oppression, extortion, utilization of physical, sexual, reproductive organs, or unlawfully removing or transplanting organs and/or body tissues or utilizing the labor or capabilities of a person by other parties to obtain benefits, whether physical/material in nature or non-physical/non-material in nature; and/or
c. all forms of utilization of sexual organs or other body organs of women and children who become victims of exploitation to obtain benefits, including but not limited to all activities of prostitution or sexual abuse.","The policy explicitly defines exploitation of women and children to include practices such as prostitution, forced labor/services, slavery-like practices, and sexual abuse, which brings trafficking/exploitation victims within scope.",Reference only,,,New error
SULAWESI UTARA BITUNG KOTA,SULAWESI_UTARA_BITUNG_KOTA.txt,6.8,Women in legal process,intersectional_approach,No,Yes,0.0,1.0,false_positive,d. legal services to assist women and children who are victims of acts of violence in undergoing legal processes; and,"The policy includes legal services to assist women (and children) victims of violence in undergoing legal processes, which constitutes explicit provision of services related to engagement with the legal process.",Reference only,,,New error
SUMATERA BARAT BUKITTINGGI KOTA,SUMATERA_BARAT_BUKITTINGGI_KOTA.txt,1.2,Sexual violence,scope_of_violence,Yes,No,1.0,0.0,false_negative,,"The provided sentences discuss violence generally (physical, psychological, discrimination, exploitation) but do not explicitly mention sexual violence or sexual crimes against women/children within the cited passages for this criterion.",Reference only,,,New error
SUMATERA BARAT BUKITTINGGI KOTA,SUMATERA_BARAT_BUKITTINGGI_KOTA.txt,1.9,Sexual slavery/exploitation,scope_of_violence,No,Yes,0.0,1.0,false_positive,"m. To receive protection from treatment during the care of parents, guardians, or any other party responsible for care, from discriminatory treatment, exploitation, both economic and sexual, neglect, cruelty, violence, and abuse, injustice and other mistreatment.","The policy explicitly includes protection from exploitation that is both economic and sexual, which covers sexual exploitation.",Reference only,,,Persisting error
SUMATERA BARAT BUKITTINGGI KOTA,SUMATERA_BARAT_BUKITTINGGI_KOTA.txt,2.2,Collaboration with NGOs,institutional_mechanism,No,Yes,0.0,1.0,false_positive,"b. reporters are referred by NGOs, social organizations, communities or mass media; and
a. local government, NGOs/Social organizations and the community are obligated to provide protection for neglected children domiciled in the Region in accordance with laws and regulations;
(1) The Regional Government is obligated to conduct socialization and education regarding the protection of women and children by involving all elements of customary stakeholders, as well as universities and other community organizations in the Region.","The policy explicitly references NGOs and social/community organizations as part of complaint referral pathways and assigns obligations jointly to local government, NGOs/social organizations, and the community for protection of neglected children; it also requires socialization/education activities involving community organizations, indicating collaboration mechanisms with non-government actors.",Reference only,,,Persisting error
SUMATERA BARAT BUKITTINGGI KOTA,SUMATERA_BARAT_BUKITTINGGI_KOTA.txt,2.6,Monitoring and evaluation,institutional_mechanism,No,Yes,0.0,1.0,false_positive,"i. conducting monitoring, evaluation and reporting at least once every 1 (one) year.","The policy assigns the CFC Task Force the duty to conduct monitoring, evaluation, and reporting at least annually, which constitutes an explicit monitoring and evaluation mechanism for implementation.",Reference only,,,Persisting error
SUMATERA BARAT BUKITTINGGI KOTA,SUMATERA_BARAT_BUKITTINGGI_KOTA.txt,3.2,Police specialised service unit,specialised_support_services,No,Yes,0.0,1.0,false_positive,"(1) Services for Handling Complaints of violations of women's and children's rights are implemented by P2TP2A, PPA Units at Polres, Puskesmas, Government Hospitals, and Legal Aid Institutions.","The policy specifies that complaint-handling services are implemented by multiple entities including “PPA Units at Polres,” indicating a specialized unit within police offices involved in handling complaints related to violations of women’s and children’s rights (including violence).",Reference only,,,Persisting error
SUMATERA BARAT BUKITTINGGI KOTA,SUMATERA_BARAT_BUKITTINGGI_KOTA.txt,4.3,VAW laws awareness,primary_prevention,No,Yes,0.0,1.0,false_positive,"(2) Socialization and education as referred to in paragraph (1) shall be conducted through the implementation of legal counseling, either through lecture methods, discussions, pamphlets, films, drama, randai, saluang, rabab, and other traditional arts.","The policy mandates socialization and education on protection of women and children through legal counseling, which constitutes an information/education activity about legal aspects relevant to protection from violence, including VAW.",Reference only,,,Persisting error
SUMATERA BARAT BUKITTINGGI KOTA,SUMATERA_BARAT_BUKITTINGGI_KOTA.txt,4.4,Prevention through education,primary_prevention,No,Yes,0.0,1.0,false_positive,"a. Conducting socialization, education and anti-violence against women campaigns by actively involving all Regional Work Unit Apparatus, work partners and the community.","The policy explicitly frames education (along with socialization and campaigns) as part of protection measures through anti-violence against women campaigns, indicating education as a strategy to prevent violence.",Reference only,,,Persisting error
SUMATERA BARAT BUKITTINGGI KOTA,SUMATERA_BARAT_BUKITTINGGI_KOTA.txt,5.6,Media engagement,stakeholder_engagement,No,Yes,0.0,1.0,false_positive,"b. reporters are referred by NGOs, social organizations, communities or mass media; and",The policy explicitly recognizes mass media as a stakeholder in the complaint-handling process by allowing referrals via mass media.,Reference only,,,Persisting error
SUMATERA BARAT BUKITTINGGI KOTA,SUMATERA_BARAT_BUKITTINGGI_KOTA.txt,6.2,Women victims of trafficking,intersectional_approach,No,Yes,0.0,1.0,false_positive,"d. To protect women and children from acts of violence, neglect, exploitation, and human trafficking as well as the rights of women in the event of divorce.","The policy’s objectives explicitly include protection from “human trafficking,” which places trafficking (and thus women victims of trafficking) within the regulation’s scope.",Reference only,,,New error
SUMATERA BARAT BUKITTINGGI KOTA,SUMATERA_BARAT_BUKITTINGGI_KOTA.txt,6.3,Women workers,intersectional_approach,No,Yes,0.0,1.0,false_positive,"g. Protecting women workers from acts of discrimination, exploitation and violence.
c. For women workers:",The text explicitly identifies women workers as a target group for protection (including protection from discrimination/exploitation/violence and specific labor-related rights such as leave and breastfeeding opportunities).,Reference only,,,Persisting error
SUMATERA BARAT BUKITTINGGI KOTA,SUMATERA_BARAT_BUKITTINGGI_KOTA.txt,6.9,Indigenous people/groups,intersectional_approach,No,Yes,0.0,1.0,false_positive,"(2) Preventive protection as referred to in paragraph (1) letter a is implemented through socialization and guidance to parents, heads of families, housewives, guardians, teaching/educational staff, experts, caregivers (owners and officers of orphanages) and customary law communities regarding their obligations in the protection of women and children.
Protection of women and children must be carried out by parents, family, relatives, guardians, caregivers, teachers, Regional Government, and customary law communities in the Region.","The policy explicitly includes customary law communities (masyarakat adat) as actors within the protection system and preventive protection activities, indicating inclusion of customary/Indigenous communities in the protection framework.",Reference only,,,New error
SUMATERA BARAT DHARMASRAYA,SUMATERA_BARAT_DHARMASRAYA.txt,1.3,Physical violence,scope_of_violence,Yes,No,1.0,0.0,false_negative,,"While the text repeatedly refers to ""acts of violence"" in general and to health rehabilitation, none of the provided sentences explicitly mention physical violence.",Reference only,,,Persisting error
SUMATERA BARAT DHARMASRAYA,SUMATERA_BARAT_DHARMASRAYA.txt,1.4,Psychological violence,scope_of_violence,Yes,No,1.0,0.0,false_negative,,"The provided sentences discuss psychological recovery and counseling services, but they do not explicitly identify psychological violence as a form of violence covered.",Reference only,,,Persisting error
SUMATERA BARAT DHARMASRAYA,SUMATERA_BARAT_DHARMASRAYA.txt,1.6,Harmful practices,scope_of_violence,No,Yes,0.0,1.0,false_positive,"d. preventing unregistered marriages and marriage at child age.
d. enhancement of women's awareness of the impact of early marriage;",The policy explicitly addresses harmful practices by referencing prevention of child/early marriage and increasing awareness of the impact of early marriage.,Reference only,,,Persisting error
SUMATERA BARAT DHARMASRAYA,SUMATERA_BARAT_DHARMASRAYA.txt,1.9,Sexual slavery/exploitation,scope_of_violence,No,Yes,0.0,1.0,false_positive,b. obtain protection from economic exploitation and sexual exploitation;,The policy explicitly includes sexual exploitation as something women have the right to be protected from.,Reference only,,,Persisting error
SUMATERA BARAT DHARMASRAYA,SUMATERA_BARAT_DHARMASRAYA.txt,3.10,Economic support,specialised_support_services,No,Yes,0.0,1.0,false_positive,"a. implementing programs, activities, training for improving the skills and expertise of women in order to realize the improvement of women's welfare;
b. facilitation of business capital strengthening for women who have weak economies;","The policy includes economic empowerment measures for women, including skills training and facilitation of business capital strengthening for women with weak economies, which constitutes economic support/empowerment.",Reference only,,,New error
SUMATERA BARAT DHARMASRAYA,SUMATERA_BARAT_DHARMASRAYA.txt,4.2,Gender equality education,primary_prevention,No,Yes,0.0,1.0,false_positive,"c. conducting training, socialization, advocacy of Gender Mainstreaming to all officials and staff within the Regional Apparatus;","The policy includes training, socialization, and advocacy on Gender Mainstreaming for officials and staff, which is an educational/awareness activity directly related to gender equality.",Reference only,,,Persisting error
SUMATERA BARAT DHARMASRAYA,SUMATERA_BARAT_DHARMASRAYA.txt,4.4,Prevention through education,primary_prevention,No,Yes,0.0,1.0,false_positive,"b. encouraging the formation of a harmonious, educational and democratic family;","The policy frames an 'educational' family environment as part of parents’ and families’ responsibilities to prevent violence against women and children, indicating education as a prevention strategy.",Reference only,,,Persisting error
SUMATERA BARAT DHARMASRAYA,SUMATERA_BARAT_DHARMASRAYA.txt,5.4,Education institutions engagement,stakeholder_engagement,No,Yes,0.0,1.0,false_positive,"(1) Every organizer of an educational unit is obligated to provide opportunities to Children to obtain educational services without discrimination.
(3) In the event that a Child victim of an act of Violence experiences dropping out of school, then the child victim of violence shall be provided formal or non-formal education, in this case carried out by the organizer of the educational unit and coordinated with the Women and Child Empowerment Unit","The policy places obligations on organizers of educational units to provide education services without discrimination and requires educational units to provide continued education for child victims of violence in coordination with the relevant government unit, demonstrating engagement of education institutions in protection/services.",Reference only,,,Persisting error
SUMATERA BARAT DHARMASRAYA,SUMATERA_BARAT_DHARMASRAYA.txt,5.6,Media engagement,stakeholder_engagement,Yes,No,1.0,0.0,false_negative,,"The provided sentences do not explicitly recognize or engage media as a stakeholder in prevention, protection, or services; while informatics/communication is listed as a government field, there is no mention of media actors or media involvement in these excerpts.",Reference only,,,Persisting error
SUMATERA BARAT DHARMASRAYA,SUMATERA_BARAT_DHARMASRAYA.txt,5.8,Private sector engagement,stakeholder_engagement,No,Yes,0.0,1.0,false_positive,g. providing special breastfeeding facilities or breastfeeding corner rooms at government agencies or business entities.,"The policy explicitly references business entities in implementing preventive health-related facilities (breastfeeding facilities/corner rooms) at government agencies or business entities, indicating recognition/engagement of the private sector.",Reference only,,,New error
SUMATERA BARAT DHARMASRAYA,SUMATERA_BARAT_DHARMASRAYA.txt,6.2,Women victims of trafficking,intersectional_approach,No,Yes,0.0,1.0,false_positive,"d. providing special protection to women victims of acts of violence and human trafficking; and
17. Human trafficking is the act of recruitment, transportation, harboring, sending, transfer, or receipt of a person by threat of violence, use of violence, kidnapping, confinement, forgery, fraud, abuse of power or position of vulnerability, debt bondage or giving payment or benefits, so as to obtain consent from the person holding control over that other person, whether carried out within the country or between countries, for the purpose of exploitation or resulting in the person being exploited.",The policy explicitly includes women victims of human trafficking by requiring special protection for women victims of violence and human trafficking and defining human trafficking within the regulation.,Reference only,,,Persisting error
SUMATERA BARAT DHARMASRAYA,SUMATERA_BARAT_DHARMASRAYA.txt,6.3,Women workers,intersectional_approach,No,Yes,0.0,1.0,false_positive,"e. obtain work leave while receiving wages/salary in accordance with statutory regulations;
g. obtain special protection in the implementation of her work or profession against matters that could threaten her safety and or health in relation to women's reproductive function; and
g. providing special breastfeeding facilities or breastfeeding corner rooms at government agencies or business entities.","The policy provides work-related protections for women, including leave with wages/salary, special protection in the implementation of work/profession related to reproductive function, and breastfeeding facilities at workplaces.",Reference only,,,Persisting error
SUMATERA BARAT KEPULAUAN MENTAWAI,SUMATERA_BARAT_KEPULAUAN_MENTAWAI.txt,4.3,VAW laws awareness,primary_prevention,No,Yes,0.0,1.0,false_positive,"d. providing information through socialization and advocacy regarding women's rights and Children's rights as well as laws and regulations concerning women and Children,","The policy explicitly includes providing information through socialization and advocacy regarding women’s rights and laws and regulations concerning women and children, which constitutes awareness/education about relevant laws and policies.",Reference only,,,Persisting error
SUMATERA BARAT KEPULAUAN MENTAWAI,SUMATERA_BARAT_KEPULAUAN_MENTAWAI.txt,4.4,Prevention through education,primary_prevention,No,Yes,0.0,1.0,false_positive,"(1) Parents, religious leaders, customary leaders, youth leaders and customary law community units participate in realizing protection for women and Children by preventing the occurrence of violence against women and Children.
a. guiding Children to behave in accordance with religion, ethics, morals, and customs,
f. strengthening the role of customary institutions in conducting socialization on the rights of women and Children, and","The policy frames prevention of violence against women and children as being realized through activities that include guiding children’s behavior and conducting socialization on the rights of women and children, indicating education/socialization as an explicit prevention strategy.",Reference only,,,Persisting error
SUMATERA BARAT KEPULAUAN MENTAWAI,SUMATERA_BARAT_KEPULAUAN_MENTAWAI.txt,5.4,Education institutions engagement,stakeholder_engagement,No,Yes,0.0,1.0,false_positive,"h. providing budget for Early Childhood Education management institutions, preventing the occurrence of violence and exploitation of Children, 1.",The policy includes education-sector entities by assigning Village Government responsibilities that include budgeting for Early Childhood Education management institutions as part of child protection efforts.,Reference only,,,New error
SUMATERA BARAT KEPULAUAN MENTAWAI,SUMATERA_BARAT_KEPULAUAN_MENTAWAI.txt,6.7,Women from minority groups,intersectional_approach,Yes,No,1.0,0.0,false_negative,,"The candidate sentences do not explicitly mention women from minority or isolated groups as a specific target group for special protection; references to minority/isolated groups appear only in relation to children, and the women’s services clause refers generally to “other vulnerable groups” without specifying minority/isolated women.",Reference only,,,Persisting error
SUMATERA BARAT KEPULAUAN MENTAWAI,SUMATERA_BARAT_KEPULAUAN_MENTAWAI.txt,7.2,National government budget,budget_funding_sources,No,Yes,0.0,1.0,false_positive,"Funding for the implementation of the Gender and Child data system is sourced from the state revenue and expenditure budget, the provincial regional revenue and expenditure budget and the Regional revenue and expenditure budget as well as other legitimate and non-binding sources in accordance with the provisions of laws and regulations.","The policy explicitly states that funding is sourced from the state revenue and expenditure budget, which corresponds to the national government budget.",Reference only,,,Persisting error
SUMATERA BARAT KEPULAUAN MENTAWAI,SUMATERA_BARAT_KEPULAUAN_MENTAWAI.txt,7.5,Provincial government budget,budget_funding_sources,No,Yes,0.0,1.0,false_positive,"Funding for the implementation of the Gender and Child data system is sourced from the state revenue and expenditure budget, the provincial regional revenue and expenditure budget and the Regional revenue and expenditure budget as well as other legitimate and non-binding sources in accordance with the provisions of laws and regulations.",The policy explicitly lists the provincial regional revenue and expenditure budget as a source of funding.,Reference only,,,Persisting error
SUMATERA BARAT PADANG PARIAMAN,SUMATERA_BARAT_PADANG_PARIAMAN.txt,1.6,Harmful practices,scope_of_violence,No,Yes,0.0,1.0,false_positive,d. enhancement of women's awareness of the impact of early marriage;,"The policy explicitly addresses early marriage by including efforts to enhance women’s awareness of the impact of early marriage, which is a harmful practice affecting women and girls.",Reference only,,,Persisting error
SUMATERA BARAT PADANG PARIAMAN,SUMATERA_BARAT_PADANG_PARIAMAN.txt,1.9,Sexual slavery/exploitation,scope_of_violence,No,Yes,0.0,1.0,false_positive,"a. all work in the form of slavery or similar practices;
b. all work that exploits, provides, or offers Children for prostitution, pornography production, pornographic performances, or gambling;","The policy explicitly includes slavery or similar practices and the exploitation of children for prostitution/pornography, which constitutes sexual exploitation and can encompass sexual slavery/exploitation.",Reference only,,,Persisting error
SUMATERA BARAT PADANG PARIAMAN,SUMATERA_BARAT_PADANG_PARIAMAN.txt,2.3,Data collection systems,institutional_mechanism,Yes,No,1.0,0.0,false_negative,,"None of the provided sentences establish or assign responsibility for a system to collect, record, manage, monitor, or report data specifically on violence against women, victims, or cases.",Reference only,,,New error
SUMATERA BARAT PADANG PARIAMAN,SUMATERA_BARAT_PADANG_PARIAMAN.txt,3.10,Economic support,specialised_support_services,No,Yes,0.0,1.0,false_positive,"a. implementing programs, activities, training for improving the skills and expertise of women in order to realize the improvement of women's welfare;
b. facilitation of business capital strengthening for women with weak economic capacity;","The policy includes economic empowerment measures for women, including skills training and facilitation of business capital strengthening, which constitute economic support mechanisms.",Reference only,,,New error
SUMATERA BARAT PADANG PARIAMAN,SUMATERA_BARAT_PADANG_PARIAMAN.txt,4.2,Gender equality education,primary_prevention,No,Yes,0.0,1.0,false_positive,"c. implementing training, socialization, advocacy of Gender Mainstreaming to all officials and staff within the SKPD;","The policy includes training, socialization, and advocacy related to Gender Mainstreaming for officials/staff, which is an educational activity directly tied to advancing gender equality in government practice.",Reference only,,,Persisting error
SUMATERA BARAT PADANG PARIAMAN,SUMATERA_BARAT_PADANG_PARIAMAN.txt,4.4,Prevention through education,primary_prevention,No,Yes,0.0,1.0,false_positive,"d. conducts socialization, seminars and counseling regarding Protection and rights of Children;","The policy explicitly includes socialization, seminars, and counseling regarding child protection and rights, which are education-oriented strategies linked to preventing violence against children.",Reference only,,,Persisting error
SUMATERA BARAT PADANG PARIAMAN,SUMATERA_BARAT_PADANG_PARIAMAN.txt,6.2,Women victims of trafficking,intersectional_approach,No,Yes,0.0,1.0,false_positive,"b. undertaking prevention efforts against acts of Violence against women including criminal acts of trafficking in persons;
16. Human trafficking is the act of recruitment, transportation, harboring, sending, transfer, or receipt of a person by threat of Violence, use of Violence, kidnapping, confinement, forgery, fraud, abuse of power or position of vulnerability, debt bondage or giving payment or benefits, so as to obtain consent from the person holding control over that other person, whether carried out within the Country or between Countries, for the purpose of exploitation or resulting in a person being exploited.","The policy explicitly references trafficking in persons in the context of preventing violence against women and defines human trafficking, indicating trafficking is within scope.",Reference only,,,New error
SUMATERA BARAT PAYAKUMBUH KOTA,SUMATERA_BARAT_PAYAKUMBUH_KOTA.txt,1.1,Domestic violence,scope_of_violence,Yes,No,1.0,0.0,false_negative,,"The retrieved sentences discuss services for women and children victims of violence generally (health services, social rehabilitation, safe houses, complaint handling), but none explicitly mention domestic violence or violence in the household as a category.",Reference only,,,New error
SUMATERA BARAT PAYAKUMBUH KOTA,SUMATERA_BARAT_PAYAKUMBUH_KOTA.txt,3.2,Police specialised service unit,specialised_support_services,No,Yes,0.0,1.0,false_positive,d. Women and Children Service Unit (UPPA),"The policy lists a specific 'Women and Children Service Unit (UPPA)' among complaint-handling service providers, indicating a specialised unit relevant to police services for VAW/VAWC victims.",Reference only,,,Persisting error
SUMATERA BARAT PAYAKUMBUH KOTA,SUMATERA_BARAT_PAYAKUMBUH_KOTA.txt,3.10,Economic support,specialised_support_services,No,Yes,0.0,1.0,false_positive,"(1) The Regional Government provides skills training to enhance the capacity of women.
a. Provision of business capital for economically disadvantaged women.","The policy provides skills training to enhance women's capacity and facilitates provision of business capital for economically disadvantaged women, indicating economic empowerment/support measures.",Reference only,,,New error
SUMATERA BARAT PAYAKUMBUH KOTA,SUMATERA_BARAT_PAYAKUMBUH_KOTA.txt,4.4,Prevention through education,primary_prevention,No,Yes,0.0,1.0,false_positive,"a. Conducts Socialization regarding the prevention of violence against women by optimizing the role of customary, cultural, religious institutions and community organizations;
b. Providing training for religious leaders, community leaders, traditional leaders, educators, journalists and media managers in order to prevent violence against women and children.","The policy uses educational-type strategies (socialization and training) explicitly framed as measures to prevent violence against women (and women/children), indicating education as a prevention strategy.",Reference only,,,New error
SUMATERA BARAT PAYAKUMBUH KOTA,SUMATERA_BARAT_PAYAKUMBUH_KOTA.txt,5.4,Education institutions engagement,stakeholder_engagement,No,Yes,0.0,1.0,false_positive,"b. Providing training for religious leaders, community leaders, traditional leaders, educators, journalists and media managers in order to prevent violence against women and children.",The policy includes the education sector in capacity building by providing for training of educators as part of prevention of violence against women and children.,Reference only,,,New error
SUMATERA BARAT PAYAKUMBUH KOTA,SUMATERA_BARAT_PAYAKUMBUH_KOTA.txt,5.8,Private sector engagement,stakeholder_engagement,No,Yes,0.0,1.0,false_positive,"9. Child-Friendly Regency/City hereinafter abbreviated as KLA is a Regency City that has a development system based on children's rights through the integration of commitment and resources of government, community and business world that are planned comprehensively and sustainably in policies, programs and activities to ensure the fulfillment of children's rights.","The policy explicitly includes the business world as part of the integrated commitment and resources for a child-rights-based development system (Child-Friendly City), which constitutes recognition of the private sector as a stakeholder.",Reference only,,,New error
SUMATERA BARAT PAYAKUMBUH KOTA,SUMATERA_BARAT_PAYAKUMBUH_KOTA.txt,6.2,Women victims of trafficking,intersectional_approach,No,Yes,0.0,1.0,false_positive,"14. Trafficking in persons is the act of recruitment, transportation, harboring, sending, transfer or receipt of a person by threat of violence, use of violence, kidnapping, confinement, coercion, fraud, abuse of power or position of vulnerability, debt bondage or giving payment or benefits so as to obtain consent from the person holding control over that other person, whether carried out within the country or between countries, for the purpose of exploitation or resulting in the person being exploited.
5. Protection of Women is all efforts to guarantee and protect the rights of women so that they can live healthily and participate optimally in accordance with human dignity and obtain protection from neglect, violence and discrimination, whether in the form of protective, preventive, repressive or post-remedial (assistance and treatment) protection.
12. Women victims of violence are women who experience actions that result in misery or suffering physically, sexually or psychologically, including threats of certain actions, coercion or arbitrary deprivation of freedom, whether occurring in the public sphere or in private life.","The policy defines trafficking in persons and frames women’s protection to include protection from exploitation and violence, which places trafficking/exploitation within the regulation’s scope and relevant target population.",Reference only,,,Persisting error
SUMATERA BARAT PAYAKUMBUH KOTA,SUMATERA_BARAT_PAYAKUMBUH_KOTA.txt,6.8,Women in legal process,intersectional_approach,No,Yes,0.0,1.0,false_positive,"(1) Law enforcement and legal aid services are intended to provide assistance and protection to women and children victims of violence and witnesses with a gender-responsive approach so that victims obtain justice and certainty of their legal rights.
(1) Law enforcement and legal aid services constitute actions by law enforcement apparatus to implement laws and regulations in the context of handling cases of violence against women and children, especially to impose sanctions on perpetrators and provide protection for witnesses and/or victims.","The policy explicitly provides law enforcement and legal aid services intended to protect and assist women victims and witnesses in legal processes, including protection for witnesses/victims in handling cases.",Reference only,,,Persisting error
SUMATERA BARAT PESISIR SELATAN,SUMATERA_BARAT_PESISIR_SELATAN.txt,1.6,Harmful practices,scope_of_violence,No,Yes,0.0,1.0,false_positive,d. prevents unregistered marriages and marriage at child age.,The policy explicitly includes prevention of child marriage (and unregistered marriages) as part of community actions to prevent violence against women and children.,Reference only,,,Persisting error
SUMATERA BARAT PESISIR SELATAN,SUMATERA_BARAT_PESISIR_SELATAN.txt,1.9,Sexual slavery/exploitation,scope_of_violence,No,Yes,0.0,1.0,false_positive,"b. all work that exploits, provides, or offers Children for prostitution, pornography production, pornographic performances, or gambling;","The policy explicitly includes exploitation of children for prostitution and pornography within the worst forms of work, which constitutes sexual exploitation.",Reference only,,,Persisting error
SUMATERA BARAT PESISIR SELATAN,SUMATERA_BARAT_PESISIR_SELATAN.txt,4.2,Gender equality education,primary_prevention,No,Yes,0.0,1.0,false_positive,"c. implementing training, socialization, advocacy of Gender Mainstreaming to all officials and staff within the OPD environment;","The policy includes training, socialization, and advocacy activities related to Gender Mainstreaming within government units, which are educational/awareness-raising activities specifically about gender equality-related policy implementation.",Reference only,,,New error
SUMATERA BARAT PESISIR SELATAN,SUMATERA_BARAT_PESISIR_SELATAN.txt,4.4,Prevention through education,primary_prevention,No,Yes,0.0,1.0,false_positive,"(2) Prevention of the occurrence of acts of violence against women and children as referred to in paragraph (1), shall be implemented by OPD whose duties and functions are in the fields of:","The policy explicitly situates prevention of violence against women and children within OPD functions that include the education sector, indicating education is an explicit strategy/implementation channel for prevention.",Reference only,,,Persisting error
SUMATERA BARAT PESISIR SELATAN,SUMATERA_BARAT_PESISIR_SELATAN.txt,5.4,Education institutions engagement,stakeholder_engagement,No,Yes,0.0,1.0,false_positive,"(3) In the event that a Child victim of Violence experiences dropping out of school, then the child victim of violence shall be provided formal or non-formal education, in this case carried out by the organizer of the education unit and coordinated with UPTD PPA.","The policy assigns responsibilities to education unit organizers to provide education to child victims and requires coordination with UPTD PPA, directly engaging education institutions in service provision/coordination.",Reference only,,,Persisting error
SUMATERA BARAT SOLOK KOTA,SUMATERA_BARAT_SOLOK_KOTA.txt,4.4,Prevention through education,primary_prevention,No,Yes,0.0,1.0,false_positive,"b. providing training for government officials, law enforcers, religious leaders, community leaders, customary leaders, educators, journalists, and media managers regarding prevention and handling of violence against women and children.","The policy explicitly includes training for multiple stakeholder groups regarding prevention and handling of violence against women and children, indicating education/training as a strategy to prevent such violence.",Reference only,,,Persisting error
SUMATERA BARAT SOLOK KOTA,SUMATERA_BARAT_SOLOK_KOTA.txt,5.1,NGO collaboration,stakeholder_engagement,Yes,No,1.0,0.0,false_negative,,"The cited provisions describe community participation and roles for various community actors (including mass media and business sector) and integrated services, but they do not explicitly mention civil society organisations/NGOs or collaboration mechanisms with NGOs for service delivery or prevention.",Reference only,,,Persisting error
SUMATERA BARAT SOLOK KOTA,SUMATERA_BARAT_SOLOK_KOTA.txt,5.4,Education institutions engagement,stakeholder_engagement,No,Yes,0.0,1.0,false_positive,"b. providing training for government officials, law enforcers, religious leaders, community leaders, customary leaders, educators, journalists, and media managers regarding prevention and handling of violence against women and children.","The policy includes capacity building/training that explicitly involves educators, indicating engagement of the education sector in prevention/handling efforts.",Reference only,,,New error
SUMATERA BARAT SOLOK KOTA,SUMATERA_BARAT_SOLOK_KOTA.txt,5.8,Private sector engagement,stakeholder_engagement,No,Yes,0.0,1.0,false_positive,"The business sector in efforts to fulfill Children's Rights, is responsible for:
(2) The community as referred to in paragraph (1) consists of, among others, parents, family, ninik mamak, cadiak pandai, alim ulama, bundo kanduang, customary leaders, religious leaders, mass media, and the business sector.","The policy explicitly recognizes the business sector as a stakeholder and assigns responsibilities to it (including child-perspective policies, safe products, and corporate social responsibility contributions).",Reference only,,,Persisting error
SUMATERA BARAT SOLOK KOTA,SUMATERA_BARAT_SOLOK_KOTA.txt,6.2,Women victims of trafficking,intersectional_approach,No,Yes,0.0,1.0,false_positive,j. providing special protection to women victims of violence and human trafficking;,The policy explicitly includes women victims of human trafficking by assigning the Regional Government responsibility to provide special protection to women victims of violence and human trafficking.,Reference only,,,Persisting error
SUMATERA BARAT SOLOK KOTA,SUMATERA_BARAT_SOLOK_KOTA.txt,6.3,Women workers,intersectional_approach,No,Yes,0.0,1.0,false_positive,"e. providing work leave while continuing to receive salary or wages in accordance with statutory regulations;
i. providing special protection in the implementation of work or profession against matters that may threaten safety and or health related to women's reproductive function;
l. creating regulations to govern employers who employ women to comply with labor statutory regulations.","The policy includes employment-related protections and special measures relevant to women workers, including work leave with continued wages, special protection in work/profession related to reproductive function, and regulations for employers who employ women to comply with labor laws.",Reference only,,,Persisting error
SUMATERA BARAT SOLOK KOTA,SUMATERA_BARAT_SOLOK_KOTA.txt,6.8,Women in legal process,intersectional_approach,No,Yes,0.0,1.0,false_positive,"(1) Law enforcement and legal aid services constitute actions by law enforcement officials to implement laws and regulations in the context of handling cases of violence against women and children, especially to impose sanctions on perpetrators and provide protection for witnesses and/or victims.
(3) Law enforcement and legal aid services are intended to provide assistance and protection to women and children victims of violence and witnesses with a gender-responsive approach so that victims obtain justice and certainty of their legal rights.","The policy provides law enforcement and legal aid services in handling cases of violence against women and children, including protection for witnesses and/or victims and assistance/protection for women victims of violence and witnesses using a gender-responsive approach.",Reference only,,,New error
SUMATERA SELATAN MUARA ENIM,SUMATERA_SELATAN_MUARA_ENIM.txt,1.5,Economic violence,scope_of_violence,Yes,No,1.0,0.0,false_negative,,"While the text discusses women’s economic empowerment and children’s economic exploitation, it does not explicitly frame economic violence/economic exploitation/domestic neglect as a form of violence against women in the provided sentences.",Reference only,,,New error
SUMATERA SELATAN MUARA ENIM,SUMATERA_SELATAN_MUARA_ENIM.txt,1.6,Harmful practices,scope_of_violence,Yes,No,1.0,0.0,false_negative,,"The provided sentences do not mention early/child marriage, female genital mutilation, honour crimes, female infanticide, or other harmful practices affecting women and girls.",Reference only,,,New error
SUMATERA SELATAN MUARA ENIM,SUMATERA_SELATAN_MUARA_ENIM.txt,2.3,Data collection systems,institutional_mechanism,Yes,No,1.0,0.0,false_negative,,"While the text references integrated services and includes general definitions and responsibilities, none of the provided candidate sentences explicitly establish or assign responsibility for a system to collect, record, manage, exchange, monitor, or report data specifically on violence against women, victims, or cases.",Reference only,,,New error
SUMATERA SELATAN MUARA ENIM,SUMATERA_SELATAN_MUARA_ENIM.txt,6.2,Women victims of trafficking,intersectional_approach,Yes,No,1.0,0.0,false_negative,,"The text defines human trafficking generally, but the cited women-protection service provisions refer to women victims of violence without explicitly including trafficking/exploitation as a covered category for women. The only explicit trafficking-related special protection cited is for child victims of abduction/sale/trafficking, not women.",Reference only,,,Persisting error
SUMATERA SELATAN MUARA ENIM,SUMATERA_SELATAN_MUARA_ENIM.txt,6.8,Women in legal process,intersectional_approach,No,Yes,0.0,1.0,false_positive,"(1) Victim assistance services, enforcement and legal aid are intended to provide assistance and protection to women victims of violence and witnesses with a gender-responsive approach so that victims obtain justice and legal certainty.","The policy explicitly includes protection/services for women as witnesses (and women victims) through victim assistance, enforcement, and legal aid services. However, the cited text does not explicitly address women suspects/defendants/perpetrators; it does cover women witnesses.",Reference only,,,Persisting error
SUMATERA SELATAN MUARA ENIM,SUMATERA_SELATAN_MUARA_ENIM.txt,6.10,Refugee/forced displacement,intersectional_approach,No,Yes,0.0,1.0,false_positive,Special protection for children who become refugees as referred to in Article 61 paragraph (1) letter a shall be implemented in accordance with the provisions of laws and regulations.,"The policy explicitly provides special protection for refugees in the form of special protection for children who become refugees, indicating targeted measures for refugee/forced displacement situations (at least for children).",Reference only,,,New error
SUMATERA SELATAN MUSI BANYUASIN,SUMATERA_SELATAN_MUSI_BANYUASIN.txt,1.6,Harmful practices,scope_of_violence,No,Yes,0.0,1.0,false_positive,c. prevention of marriage at the age of Children.,"The policy explicitly addresses prevention of child marriage by calling for the prevention of ""marriage at the age of Children.""",Reference only,,,Persisting error
SUMATERA SELATAN MUSI BANYUASIN,SUMATERA_SELATAN_MUSI_BANYUASIN.txt,1.9,Sexual slavery/exploitation,scope_of_violence,No,Yes,0.0,1.0,false_positive,"b. obtain protection from economic exploitation and sexual exploitation;
a. all work in the form of slavery or similar practices;","The policy explicitly includes ""sexual exploitation"" in women’s rights protections and also references slavery or similar practices within the worst forms of work involving children, which covers sexual slavery-related concepts.",Reference only,,,Persisting error
SUMATERA SELATAN MUSI BANYUASIN,SUMATERA_SELATAN_MUSI_BANYUASIN.txt,3.2,Police specialised service unit,specialised_support_services,No,Yes,0.0,1.0,false_positive,d. Women and Children Service Units (UPPA);,"The policy lists 'Women and Children Service Units (UPPA)' among complaint-handling service providers, which indicates a specialized unit associated with handling such cases (including within the policing context).",Reference only,,,Persisting error
SUMATERA SELATAN MUSI BANYUASIN,SUMATERA_SELATAN_MUSI_BANYUASIN.txt,4.3,VAW laws awareness,primary_prevention,No,Yes,0.0,1.0,false_positive,b. providing guidelines on handling acts of violence against Women;,"The policy includes providing guidelines on handling acts of violence against women, which is an information/education-type primary prevention activity related to policies/procedures for addressing VAW.",Reference only,,,Persisting error
SUMATERA SELATAN MUSI BANYUASIN,SUMATERA_SELATAN_MUSI_BANYUASIN.txt,4.4,Prevention through education,primary_prevention,No,Yes,0.0,1.0,false_positive,"a. conducting socialization regarding prevention of violence against Women by optimizing the role of customary, cultural, religious institutions and community organizations;
b. developing child-friendly schools;","The policy includes prevention measures that use education-related strategies, including socialization to prevent violence against women and developing child-friendly schools as part of preventing violence against children.",Reference only,,,Persisting error
SUMATERA SELATAN MUSI BANYUASIN,SUMATERA_SELATAN_MUSI_BANYUASIN.txt,5.4,Education institutions engagement,stakeholder_engagement,No,Yes,0.0,1.0,false_positive,"Paragraph 2 Education Article 24 Children in formal and non-formal educational institution environments must be protected from acts of violence.
b. developing child-friendly schools;",The policy addresses the education sector by requiring protection from violence in educational institutions and includes development of child-friendly schools as a prevention measure.,Reference only,,,New error
SUMATERA SELATAN MUSI RAWAS,SUMATERA_SELATAN_MUSI_RAWAS.txt,1.9,Sexual slavery/exploitation,scope_of_violence,No,Yes,0.0,1.0,false_positive,(1) Special protection for children who are exploited economically and/or sexually as referred to in Article 3O is the obligation and responsibility of the government and society.,The policy explicitly includes sexual exploitation (of children) and provides for special protection related to such exploitation.,Reference only,,,Persisting error
SUMATERA SELATAN MUSI RAWAS,SUMATERA_SELATAN_MUSI_RAWAS.txt,3.2,Police specialised service unit,specialised_support_services,Yes,No,1.0,0.0,false_negative,,"The cited text mentions providing special service rooms at police offices, but it does not establish or describe a specialised police unit dedicated to VAW victims (i.e., an organizational unit within police offices).",Reference only,,,New error
SUMATERA SELATAN MUSI RAWAS,SUMATERA_SELATAN_MUSI_RAWAS.txt,4.4,Prevention through education,primary_prevention,No,Yes,0.0,1.0,false_positive,b. conducting education about anti-violence values toward women and children;,"The policy explicitly includes conducting education about anti-violence values toward women and children as part of implementation, indicating education is used as a prevention strategy.",Reference only,,,Persisting error
SUMATERA SELATAN MUSI RAWAS,SUMATERA_SELATAN_MUSI_RAWAS.txt,6.2,Women victims of trafficking,intersectional_approach,No,Yes,0.0,1.0,false_positive,"6. Trafficking in Persons is the act of recruitment, transportation, harboring, sending, transfer, or receipt of a person by threat of violence, use of violence, abduction, confinement, forgery, fraud, abuse of power or position of vulnerability, debt bondage or giving payment or benefits, so as to obtain the consent of a person holding control over another person, whether conducted within the country or between countries, for the purpose of exploitation or resulting in a person being exploited.
7. Victim of Trafficking in Persons is a person who experiences psychological, mental, physical, sexual, economic, and/or social suffering, caused by the criminal act of trafficking in persons.","The policy defines trafficking in persons and explicitly defines a victim of trafficking in persons, indicating that trafficking victims (which can include women) are within scope.",Reference only,,,New error
SUMATERA SELATAN MUSI RAWAS,SUMATERA_SELATAN_MUSI_RAWAS.txt,6.3,Women workers,intersectional_approach,No,Yes,0.0,1.0,false_positive,(2) Women have the right to obtain special protection in the implementation of their work or profession against matters that may threaten their safety and or health in relation to Women's reproductive function.,"The policy explicitly states that women have the right to obtain special protection in the implementation of their work or profession, directly addressing women workers as a target group for special protection.",Reference only,,,Persisting error
SUMATERA SELATAN MUSI RAWAS,SUMATERA_SELATAN_MUSI_RAWAS.txt,6.10,Refugee/forced displacement,intersectional_approach,No,Yes,0.0,1.0,false_positive,Special protection for children who become refugees as referred to in Article 30 letter a shall be implemented in accordance with the provisions of humanitarian law.,"The policy explicitly provides special protection for children who become refugees, indicating that refugee status is addressed with special protection measures (even though framed for children).",Reference only,,,New error
SUMATERA SELATAN OGAN KOMERING ULU,SUMATERA_SELATAN_OGAN_KOMERING_ULU_v2.txt,1.5,Economic violence,scope_of_violence,Yes,No,1.0,0.0,false_negative,,"While the text discusses women’s economic empowerment and economic/sexual exploitation of children, it does not explicitly frame economic violence, economic exploitation, or domestic neglect as a form of violence against women in the provided sentences.",Reference only,,,New error
SUMATERA SELATAN OGAN KOMERING ULU,SUMATERA_SELATAN_OGAN_KOMERING_ULU_v2.txt,1.6,Harmful practices,scope_of_violence,No,Yes,0.0,1.0,false_positive,a. prevention of child marriage;,"The policy explicitly includes prevention of child marriage, which is a harmful practice affecting girls.",Reference only,,,Persisting error
SUMATERA SELATAN OGAN KOMERING ULU,SUMATERA_SELATAN_OGAN_KOMERING_ULU_v2.txt,1.9,Sexual slavery/exploitation,scope_of_violence,No,Yes,0.0,1.0,false_positive,"The involvement of various companies, labor unions, non-governmental organizations, and the Community in the elimination of economic and/or sexual exploitation of Children as referred to in Article 44 letter c is carried out through:",The policy explicitly addresses sexual exploitation of children and actions to eliminate economic and/or sexual exploitation.,Reference only,,,Persisting error
SUMATERA SELATAN OGAN KOMERING ULU,SUMATERA_SELATAN_OGAN_KOMERING_ULU_v2.txt,3.3,Reporting/hotline service,specialised_support_services,Yes,No,1.0,0.0,false_negative,,"The candidate sentences mention reporting in the context of periodic reporting for monitoring/supervision and internal reporting to the regent, but they do not describe a mechanism/service (e.g., hotline/complaints channel) for victims or the public to submit reports or complaints of violence.",Reference only,,,Persisting error
SUMATERA SELATAN OGAN KOMERING ULU,SUMATERA_SELATAN_OGAN_KOMERING_ULU_v2.txt,3.7,Psychosocial counselling,specialised_support_services,No,Yes,0.0,1.0,false_positive,"f. social guidance and psychosocial counseling;
b. counseling;",The policy explicitly includes psychosocial counseling within social rehabilitation and also lists counseling as part of physical and mental health recovery services.,Reference only,,,Persisting error
SUMATERA SELATAN OGAN KOMERING ULU,SUMATERA_SELATAN_OGAN_KOMERING_ULU_v2.txt,3.8,Religious/spiritual counselling,specialised_support_services,No,Yes,0.0,1.0,false_positive,"d. mental spiritual guidance;
a. religious counseling;","The policy includes mental spiritual guidance as part of social rehabilitation and also specifies religious counseling as a form of counseling, indicating faith-based psychosocial support is available.",Reference only,,,Persisting error
SUMATERA SELATAN OGAN KOMERING ULU,SUMATERA_SELATAN_OGAN_KOMERING_ULU_v2.txt,3.9,Resocialisation services,specialised_support_services,No,Yes,0.0,1.0,false_positive,"e. resocialization.
d. repatriation and Social Reintegration.","The policy explicitly includes resocialization as part of recovery services and also provides for repatriation and social reintegration for exploited children needing restoration, covering resocialisation/reintegration services.",Reference only,,,Persisting error
SUMATERA SELATAN OGAN KOMERING ULU,SUMATERA_SELATAN_OGAN_KOMERING_ULU_v2.txt,4.2,Gender equality education,primary_prevention,No,Yes,0.0,1.0,false_positive,d. conducting socialization in order to increase awareness of women's rights and women's participation in the field of politics;,"The policy includes an explicit educational/socialization activity aimed at increasing awareness of women’s rights (and participation), which constitutes primary prevention through information/awareness raising about women’s rights.",Reference only,,,Persisting error
SUMATERA SELATAN OGAN KOMERING ULU,SUMATERA_SELATAN_OGAN_KOMERING_ULU_v2.txt,5.2,Religious engagement,stakeholder_engagement,No,Yes,0.0,1.0,false_positive,"Special Protection for Children as referred to in Article 108 shall be carried out by involving the role of parents, the Community, Educational Institutions, and Religious Institutions.
b. enhancement of the role of parents, families, the Community, educators, education personnel, religious leaders, customary leaders, Community leaders in supporting the Social Reintegration process of Children who are Victims of Narcotics, Alcohol, Psychotropics, and Other Addictive Substances Abuse;
c. spiritual/worship guidance officers;","The policy explicitly involves religious institutions and religious leaders in special protection and prevention efforts, and also includes provision of spiritual/worship guidance officers as part of implementing special protection.",Reference only,,,Persisting error
SUMATERA SELATAN OGAN KOMERING ULU,SUMATERA_SELATAN_OGAN_KOMERING_ULU_v2.txt,5.3,Traditional/cultural engagement,stakeholder_engagement,No,Yes,0.0,1.0,false_positive,"b. enhancement of the role of parents, families, the Community, educators, education personnel, religious leaders, customary leaders, Community leaders in supporting the Social Reintegration process of Children who are Victims of Narcotics, Alcohol, Psychotropics, and Other Addictive Substances Abuse;","The policy explicitly includes customary leaders (and community leaders) as actors whose role is enhanced in supporting social reintegration for child victims of substance abuse, demonstrating engagement of traditional/customary leadership in implementation.",Reference only,,,Persisting error
SUMATERA SELATAN OGAN KOMERING ULU,SUMATERA_SELATAN_OGAN_KOMERING_ULU_v2.txt,6.3,Women workers,intersectional_approach,No,Yes,0.0,1.0,false_positive,"a. equal wages for male and female workers for the same work;
b. prohibition of discrimination against female workers;
c. prohibition of termination of employment for female workers who marry, become pregnant, and give birth;
d. guidelines for employing female workers at night;
e. providing flexibility for female workers who are breastfeeding children;","The policy sets out specific employment-related measures for female workers, including equal pay, non-discrimination, protection from termination due to marriage/pregnancy/childbirth, night-work guidelines, and flexibility for breastfeeding workers.",Reference only,,,Persisting error
SUMATERA SELATAN OGAN KOMERING ULU,SUMATERA_SELATAN_OGAN_KOMERING_ULU_v2.txt,6.6,Women heads of household,intersectional_approach,No,Yes,0.0,1.0,false_positive,"b. providing capital assistance to women, especially migrant workers, women in remote areas, women as heads of households, and women victims of domestic violence; and","The policy explicitly mentions women as heads of households as a priority group for capital assistance, which constitutes a targeted special measure.",Reference only,,,Persisting error
SUMATERA SELATAN OGAN KOMERING ULU SELATAN,SUMATERA_SELATAN_OGAN_KOMERING_ULU_SELATAN.txt,1.3,Physical violence,scope_of_violence,Yes,No,1.0,0.0,false_negative,,"The retrieved sentences refer generally to “violence” and related services, but do not explicitly mention physical violence or physical assault as a category.",Reference only,,,New error
SUMATERA SELATAN OGAN KOMERING ULU SELATAN,SUMATERA_SELATAN_OGAN_KOMERING_ULU_SELATAN.txt,1.4,Psychological violence,scope_of_violence,Yes,No,1.0,0.0,false_negative,,"While the text mentions psychosocial counseling and psychological recovery, it does not explicitly identify psychological violence as a form/type of violence addressed.",Reference only,,,New error
SUMATERA SELATAN OGAN KOMERING ULU SELATAN,SUMATERA_SELATAN_OGAN_KOMERING_ULU_SELATAN.txt,1.6,Harmful practices,scope_of_violence,No,Yes,0.0,1.0,false_positive,c. prevention of marriage at the age of Children.,"The policy explicitly includes prevention of marriage at the age of children (child marriage), a harmful practice affecting girls.",Reference only,,,Persisting error
SUMATERA SELATAN OGAN KOMERING ULU SELATAN,SUMATERA_SELATAN_OGAN_KOMERING_ULU_SELATAN.txt,1.9,Sexual slavery/exploitation,scope_of_violence,No,Yes,0.0,1.0,false_positive,"b. obtain protection from economic exploitation and sexual exploitation;
a. all work in the form of slavery or similar practices;
b. all work that exploits, provides, or offers Children for: 1. prostitution;","The policy explicitly mentions sexual exploitation (for women) and also prohibits worst forms of child labor including slavery-like practices and exploitation for prostitution, which covers sexual exploitation/sexual slavery-related practices.",Reference only,,,Persisting error
SUMATERA SELATAN OGAN KOMERING ULU SELATAN,SUMATERA_SELATAN_OGAN_KOMERING_ULU_SELATAN.txt,4.3,VAW laws awareness,primary_prevention,Yes,No,1.0,0.0,false_negative,,"The candidate sentences include socialization on preventing violence against women and references to law enforcement processes, but they do not explicitly indicate information or education activities about specific VAW laws and policies.",Reference only,,,New error
SUMATERA SELATAN OGAN KOMERING ULU SELATAN,SUMATERA_SELATAN_OGAN_KOMERING_ULU_SELATAN.txt,4.4,Prevention through education,primary_prevention,No,Yes,0.0,1.0,false_positive,b. developing child-friendly schools;,"The policy includes an education-related preventive strategy for children by specifying the development of child-friendly schools as part of efforts to prevent violations of children’s rights, which includes preventing acts of violence against children.",Reference only,,,Persisting error
SUMATERA SELATAN PALEMBANG KOTA,SUMATERA_SELATAN_PALEMBANG_KOTA.txt,1.9,Sexual slavery/exploitation,scope_of_violence,Yes,No,1.0,0.0,false_negative,,"The candidate sentences mention sexual violence and general exploitation (including for economic gain or personal pleasure), but do not explicitly address sexual exploitation or sexual slavery as such.",Reference only,,,New error
SUMATERA SELATAN PALEMBANG KOTA,SUMATERA_SELATAN_PALEMBANG_KOTA.txt,2.5,Training and capacity building,institutional_mechanism,Yes,No,1.0,0.0,false_negative,,"The candidate sentences describe service standards, responsible institutions, and guidelines on handling, but they do not explicitly require or provide training, technical guidance (as capacity building), or professional development for implementers/service providers.",Reference only,,,Persisting error
SUMATERA SELATAN PALEMBANG KOTA,SUMATERA_SELATAN_PALEMBANG_KOTA.txt,2.6,Monitoring and evaluation,institutional_mechanism,Yes,No,1.0,0.0,false_negative,,"The text mentions community monitoring of conditions that may lead to violations, but it does not establish monitoring and evaluation of policy implementation and service delivery (e.g., M&E framework, reporting, evaluation responsibilities) in the provided sentences.",Reference only,,,New error
SUMATERA SELATAN PALEMBANG KOTA,SUMATERA_SELATAN_PALEMBANG_KOTA.txt,4.3,VAW laws awareness,primary_prevention,Yes,No,1.0,0.0,false_negative,,"The candidate sentences refer to prevention socialization and to providing guidelines for handling violence, but they do not explicitly indicate primary prevention education or information activities about VAW laws and policies.",Reference only,,,New error
SUMATERA SELATAN PALEMBANG KOTA,SUMATERA_SELATAN_PALEMBANG_KOTA.txt,5.4,Education institutions engagement,stakeholder_engagement,Yes,No,1.0,0.0,false_negative,,"None of the candidate sentences explicitly mention schools, universities, academics, or the education sector as actors in prevention, protection, services, coordination, or capacity building.",Reference only,,,Persisting error
SUMATERA SELATAN PALEMBANG KOTA,SUMATERA_SELATAN_PALEMBANG_KOTA.txt,6.8,Women in legal process,intersectional_approach,No,Yes,0.0,1.0,false_positive,"12. Protection of Women and Children in Conflict with the Law is a form of service that must be implemented by law enforcement officers or security officers to provide a sense of security, both physical and psychological to victims or witnesses from threats, disturbances, terror, and violence from any party given at the stage of investigation, inquiry, prosecution and examination at trial.",The policy explicitly defines “Protection of Women and Children in Conflict with the Law” as a service provided by law enforcement/security officers to ensure physical and psychological security for victims or witnesses during investigation through trial stages.,Reference only,,,Persisting error
SUMATERA SELATAN PALEMBANG KOTA,SUMATERA_SELATAN_PALEMBANG_KOTA.txt,7.1,Local government budget,budget_funding_sources,Yes,No,1.0,0.0,false_negative,,"The candidate sentences describe the City Government’s roles/obligations and service provisions, and mention that the regulation’s scope includes “funding,” but they do not explicitly identify a local government budget (or any specific local budget source) as a funding source.",Reference only,,,Persisting error
SUMATERA SELATAN PALEMBANG KOTA,SUMATERA_SELATAN_PALEMBANG_KOTA.txt,7.2,National government budget,budget_funding_sources,Yes,No,1.0,0.0,false_negative,,"The candidate sentences discuss City Government obligations, service delivery arrangements, and that the regulation’s scope includes “funding,” but they do not mention any national/central government budget as a funding source.",Reference only,,,Persisting error
SUMATERA SELATAN PALEMBANG KOTA,SUMATERA_SELATAN_PALEMBANG_KOTA.txt,7.4,Other legal sources,budget_funding_sources,Yes,No,1.0,0.0,false_negative,,"Although the scope of the regulation includes “funding,” the provided sentences do not specify any funding/budget sources categorized as “other legal sources” (e.g., earmarked funds, grants, or other legally defined sources).",Reference only,,,Persisting error
SUMATERA SELATAN PENUKAL ABAB LEMATANG ILIR,SUMATERA_SELATAN_PENUKAL_ABAB_LEMATANG_ILIR.txt,1.8,Human trafficking,scope_of_violence,No,Yes,0.0,1.0,false_positive,d. child victims of kidnapping and child victims of human trafficking;,The policy explicitly includes child victims of human trafficking within the scope of social welfare-related child protection and empowerment.,Reference only,,,Persisting error
SUMATERA SELATAN PENUKAL ABAB LEMATANG ILIR,SUMATERA_SELATAN_PENUKAL_ABAB_LEMATANG_ILIR.txt,2.5,Training and capacity building,institutional_mechanism,No,Yes,0.0,1.0,false_positive,"(2) Guidance and supervision as referred to in paragraph (1) includes:
a. provision of implementation instructions;","The policy provides for guidance and supervision of implementation, explicitly including the provision of implementation instructions, which constitutes technical guidance/capacity support for implementing officials/agencies.",Reference only,,,New error
SUMATERA SELATAN PENUKAL ABAB LEMATANG ILIR,SUMATERA_SELATAN_PENUKAL_ABAB_LEMATANG_ILIR.txt,3.10,Economic support,specialised_support_services,No,Yes,0.0,1.0,false_positive,"14. Empowerment is the strengthening of women victims of violence to be able to work and work independently after they are recovered and provided with health and social rehabilitation services.
c. empowering families through providing training, business capital stimulus and assistance;",The policy defines empowerment for women victims of violence as strengthening to work independently after recovery and includes training and business capital stimulus/assistance (economic empowerment measures) within service provisions.,Reference only,,,New error
SUMATERA SELATAN PENUKAL ABAB LEMATANG ILIR,SUMATERA_SELATAN_PENUKAL_ABAB_LEMATANG_ILIR.txt,4.1,Information and education about VAW,primary_prevention,No,Yes,0.0,1.0,false_positive,"e. conducting socialization regarding laws and regulations related to the protection of Women and Children victims of violence; and
f. providing critical education regarding the rights of Women and Children for the community.
b. conducting socialization of women's and children's rights independently;","The policy includes primary prevention measures that explicitly involve socialization of laws/regulations related to protection of women and children victims of violence and critical education on women’s and children’s rights, as well as community-led socialization of women’s and children’s rights.",Reference only,,,Persisting error
SUMATERA SELATAN PENUKAL ABAB LEMATANG ILIR,SUMATERA_SELATAN_PENUKAL_ABAB_LEMATANG_ILIR.txt,4.4,Prevention through education,primary_prevention,No,Yes,0.0,1.0,false_positive,f. providing critical education regarding the rights of Women and Children for the community.,"Within the section on prevention of violence against women and children, the policy explicitly includes providing critical education regarding the rights of women and children for the community as a prevention strategy.",Reference only,,,Persisting error
SUMATERA SELATAN PENUKAL ABAB LEMATANG ILIR,SUMATERA_SELATAN_PENUKAL_ABAB_LEMATANG_ILIR.txt,5.3,Traditional/cultural engagement,stakeholder_engagement,No,Yes,0.0,1.0,false_positive,"Social reintegration services are carried out by the Regency Government by coordinating with relevant agencies and institutions, both government and non-government; and village community institutions and/or local community leaders.","The policy references coordination with village community institutions and/or local community leaders in carrying out social reintegration services, which constitutes engagement with community mechanisms/leaders in implementation.",Reference only,,,New error
SUMATERA SELATAN PENUKAL ABAB LEMATANG ILIR,SUMATERA_SELATAN_PENUKAL_ABAB_LEMATANG_ILIR.txt,6.2,Women victims of trafficking,intersectional_approach,No,Yes,0.0,1.0,false_positive,(2) The PPT as referred to in paragraph (1) is an integrated part and constitutes one unity with the PPT that provides integrated services for witnesses and/or victims of criminal acts of human trafficking.,"The policy explicitly links the integrated service center (PPT) for women and children victims of violence with a PPT that provides integrated services for witnesses and/or victims of criminal acts of human trafficking, indicating trafficking victims are within scope.",Reference only,,,Persisting error
SUMATERA SELATAN PENUKAL ABAB LEMATANG ILIR,SUMATERA_SELATAN_PENUKAL_ABAB_LEMATANG_ILIR.txt,6.5,People with disability,intersectional_approach,No,Yes,0.0,1.0,false_positive,(3) Special infrastructure for persons with disabilities in public places.,The policy includes a specific measure for persons with disabilities by providing for special infrastructure for persons with disabilities in public places.,Reference only,,,Persisting error
SUMATERA SELATAN PRABUMULIH KOTA,SUMATERA_SELATAN_PRABUMULIH_KOTA.txt,1.6,Harmful practices,scope_of_violence,No,Yes,0.0,1.0,false_positive,"d. increasing women's awareness of the impact of early marriage, (10) facilitating and endeavoring to preserve customs and","The policy explicitly mentions increasing women’s awareness of the impact of early marriage, which is a harmful practice affecting women and girls.",Reference only,,,Persisting error
SUMATERA SELATAN PRABUMULIH KOTA,SUMATERA_SELATAN_PRABUMULIH_KOTA.txt,1.9,Sexual slavery/exploitation,scope_of_violence,No,Yes,0.0,1.0,false_positive,"a. all work in the form of slavery or similar practices:
b. all work that exploits, provides, or offers Children for prostitution, pornography production, pornographic performances, or gambling,","The policy prohibits involving children in worst forms of work, explicitly including “slavery or similar practices” and exploitation for “prostitution” and “pornography,” which constitute sexual exploitation/sexual slavery-related practices.",Reference only,,,Persisting error
SUMATERA SELATAN PRABUMULIH KOTA,SUMATERA_SELATAN_PRABUMULIH_KOTA.txt,2.4,Gender mainstreaming institutionalisation,institutional_mechanism,No,Yes,0.0,1.0,false_positive,"21. Gender Mainstreaming is a strategy built to integrate gender into an integral dimension of planning, formulation, implementation, monitoring, and evaluation of policies, programs, and development activities in the Region.
(1) The Focal Point for Women's Empowerment and Child Protection encourages the implementation of selection and establishment of Focal Points in each PD, where each PD consists of officials and/or staff in charge of planning and/or program duties.","The policy defines gender mainstreaming as a strategy integrated into planning, formulation, implementation, monitoring, and evaluation, and it institutionalizes implementation through the establishment of focal points in each regional apparatus (PD) to promote and facilitate gender-responsive planning/program duties related to women's empowerment and child protection.",Reference only,,,Persisting error
SUMATERA SELATAN PRABUMULIH KOTA,SUMATERA_SELATAN_PRABUMULIH_KOTA.txt,4.4,Prevention through education,primary_prevention,No,Yes,0.0,1.0,false_positive,"Prevention of Acts of Violence against Women and Children Article 17 In order to prevent the occurrence of acts of Violence against women and children, the City Government: conducts socialization regarding the prevention of Violence against","The policy frames prevention of violence against women and children as including socialization that optimizes the role of education (alongside culture, religion, and community organizations), making education an explicit element of the prevention strategy.",Reference only,,,Persisting error
SUMATERA UTARA BATU BARA,SUMATERA_UTARA_BATU_BARA.txt,1.5,Economic violence,scope_of_violence,Yes,No,1.0,0.0,false_negative,,"While the policy defines victims as potentially experiencing economic loss and mentions neglect/maltreatment in relation to children, the candidate sentences do not explicitly define economic violence/economic exploitation/domestic neglect as a form of violence against women.",Reference only,,,New error
SUMATERA UTARA BATU BARA,SUMATERA_UTARA_BATU_BARA.txt,1.8,Human trafficking,scope_of_violence,No,Yes,0.0,1.0,false_positive,"5. Law Number 21 Year 2007 concerning the Eradication of the Criminal Act of Trafficking in Persons (State Gazette of the Republic of Indonesia Year 2007 Number 58, Supplement to the State Gazette of the Republic of Indonesia Number 4720);","The policy explicitly references the national law concerning the eradication of trafficking in persons, indicating trafficking is included within the legal framework considered.",Reference only,,,Persisting error
SUMATERA UTARA BATU BARA,SUMATERA_UTARA_BATU_BARA.txt,2.5,Training and capacity building,institutional_mechanism,No,Yes,0.0,1.0,false_positive,"(2) Guidance as referred to in paragraph (1) includes providing implementation instructions, guidance, supervision, monitoring and evaluation of service implementation for Women and Children Victims of Violence.
a. coverage of women and children victims of violence who receive complaint handling by trained officers in integrated service units;
b. coverage of women and children victims of violence who receive health services by trained health personnel at Puskesmas and Hospitals;","The policy provides for guidance that includes implementation instructions and supervision/monitoring/evaluation, and it specifies service coverage delivered by trained officers/health personnel, indicating requirements related to training/capacity for personnel delivering services.",Reference only,,,Persisting error
SUMATERA UTARA BATU BARA,SUMATERA_UTARA_BATU_BARA.txt,4.2,Gender equality education,primary_prevention,No,Yes,0.0,1.0,false_positive,b. conduct socialization of the rights of Women and Children independently;,"The policy explicitly mentions community participation through conducting socialization of the rights of women and children, which is an educational/awareness activity related to women’s/children’s rights.",Reference only,,,Persisting error
SUMATERA UTARA LABUHANBATU SELATAN,SUMATERA_UTARA_LABUHANBATU_SELATAN.txt,1.1,Domestic violence,scope_of_violence,Yes,No,1.0,0.0,false_negative,,"The candidate sentences discuss violence against women and children generally (including within the family/household) and list forms of violence, but they do not explicitly mention or define “domestic violence” as a specific category.",Reference only,,,New error
SUMATERA UTARA LABUHANBATU SELATAN,SUMATERA_UTARA_LABUHANBATU_SELATAN.txt,1.6,Harmful practices,scope_of_violence,Yes,No,1.0,0.0,false_negative,,"None of the candidate sentences explicitly mention harmful practices such as child/early marriage, female genital mutilation, honour crimes, or female infanticide.",Reference only,,,Persisting error
SUMATERA UTARA PADANGSIDIMPUAN KOTA,SUMATERA_UTARA_PADANGSIDIMPUAN_KOTA.txt,3.4,Safety/protection shelter,specialised_support_services,No,Yes,0.0,1.0,false_positive,"23. Safe house is a temporary residence used to provide protection to victims in accordance with determined operational standards.
29. Integrated Service Center for Women and Child Protection hereinafter abbreviated as P2TP2A is an integrated service center in efforts to empower women in various fields of development, as well as protection of women and children from various types of discrimination and acts of violence, including trafficking in persons, established by the regional government or community-based, which includes: referral center, business consultation center, reproductive health consultation center, legal consultation center, integrated crisis center (PKT), integrated service center (PPT), trauma recovery center (trauma center), women's crisis handling center (women crisis center), training center, science and technology information center (PIPTEK), safe house (shelter), transit house, children's friend telephone (TESA) 129, or other forms.","The policy defines a safe house as a temporary residence used to provide protection to victims and includes safe house/shelter as part of the integrated service center (P2TP2A) forms, indicating availability of shelter-type protection services.",Reference only,,,Persisting error
SUMATERA UTARA PADANGSIDIMPUAN KOTA,SUMATERA_UTARA_PADANGSIDIMPUAN_KOTA.txt,4.2,Gender equality education,primary_prevention,No,Yes,0.0,1.0,false_positive,"e. providing critical education about the rights of women and children as victims of violence to the community; and 2021, No. 3 -83-
c. conduct training, socialization, advocacy for gender mainstreaming to all officials and staff within the SKPD environment;","The policy provides for educational activities about women’s rights (critical education to the community) and includes training/socialization/advocacy for gender mainstreaming within government units, which are educational activities aimed at advancing gender equality and women’s rights.",Reference only,,,Persisting error
SUMATERA UTARA PADANGSIDIMPUAN KOTA,SUMATERA_UTARA_PADANGSIDIMPUAN_KOTA.txt,4.4,Prevention through education,primary_prevention,No,Yes,0.0,1.0,false_positive,"e. providing critical education about the rights of women and children as victims of violence to the community; and 2021, No. 3 -83-
a. education;
The Family Learning Center (PUSPAGA) is a form of preventive service under the coordination of the Office of Women's Empowerment and Child Protection as a manifestation of state concern in improving family life and family resilience through education or parenting programs, parenting skills, child protection skills, ability to increase child participation in the family as well as counseling program services for children and families.","Education is explicitly included as part of prevention efforts: the policy calls for critical education about rights of victims, identifies education as a field for implementing prevention of violence, and establishes a preventive service (PUSPAGA) delivered through education/parenting programs and skills-building.",Reference only,,,Persisting error
SUMATERA UTARA PADANGSIDIMPUAN KOTA,SUMATERA_UTARA_PADANGSIDIMPUAN_KOTA.txt,5.8,Private sector engagement,stakeholder_engagement,No,Yes,0.0,1.0,false_positive,"(1) Health Services are carried out by health workers at health facilities owned by the government, regional government, and the community, including the private sector by providing treatment services and health recovery for victims.
29. Business Entity is an institution that daily carries out activities seeking profit and gain, but has a commitment to the protection of women and children.","The policy explicitly includes the private sector as part of health service provision for victims, and defines business entities as having a commitment to protection of women and children, indicating recognition of the business/private sector as a stakeholder.",Reference only,,,Persisting error
SUMATERA UTARA PADANGSIDIMPUAN KOTA,SUMATERA_UTARA_PADANGSIDIMPUAN_KOTA.txt,6.3,Women workers,intersectional_approach,No,Yes,0.0,1.0,false_positive,"e. obtain work leave while receiving wages/salary in accordance with laws and regulations;
g. obtain special protection in the implementation of work or profession against matters that may threaten safety and or health in relation to women's reproductive function; and","The policy explicitly addresses women in the employment context by recognizing rights related to work leave and special protection in the implementation of work/profession, indicating protection measures for women workers.",Reference only,,,Persisting error
SUMATERA UTARA PAKPAK BHARAT,SUMATERA_UTARA_PAKPAK_BHARAT.txt,1.9,Sexual slavery/exploitation,scope_of_violence,No,Yes,0.0,1.0,false_positive,b. eliminate all forms of violence and exploitation against women and children;,"The policy explicitly includes the objective to eliminate all forms of violence and exploitation against women and children, which encompasses sexual exploitation as a form of exploitation, even if not further specified in the provided sentences.",Reference only,,,Persisting error
SUMATERA UTARA PAKPAK BHARAT,SUMATERA_UTARA_PAKPAK_BHARAT.txt,2.3,Data collection systems,institutional_mechanism,Yes,No,1.0,0.0,false_negative,,"The candidate sentences discuss establishing service centers, service obligations, performance indicators, and monitoring/evaluation generally, but do not explicitly establish or assign responsibility for a system to collect, record, manage, exchange, or maintain data on violence cases or victims.",Reference only,,,New error
SUMATERA UTARA PAKPAK BHARAT,SUMATERA_UTARA_PAKPAK_BHARAT.txt,3.7,Psychosocial counselling,specialised_support_services,Yes,No,1.0,0.0,false_negative,,"The candidate sentences mention health rehabilitation, social rehabilitation, and spiritual guidance, but do not explicitly mention psychosocial or psychological counselling services (e.g., counselling/therapy) as a service for victims.",Reference only,,,New error
SUMATERA UTARA PAKPAK BHARAT,SUMATERA_UTARA_PAKPAK_BHARAT.txt,3.10,Economic support,specialised_support_services,Yes,No,1.0,0.0,false_negative,,"While the policy mentions broader prevention efforts such as opening accessibility to training/funding and employment opportunities, the provided sentences do not identify any service unit that provides economic empowerment/support specifically as a victim service unit.",Reference only,,,New error
SUMATERA UTARA PAKPAK BHARAT,SUMATERA_UTARA_PAKPAK_BHARAT.txt,4.2,Gender equality education,primary_prevention,No,Yes,0.0,1.0,false_positive,b. conduct socialization of women's and children's rights independently;,"The policy includes a primary prevention-related educational activity by enabling the community to conduct socialization of women’s and children’s rights, which directly aligns with education/awareness on women’s rights.",Reference only,,,Persisting error
SUMATERA UTARA PAKPAK BHARAT,SUMATERA_UTARA_PAKPAK_BHARAT.txt,6.2,Women victims of trafficking,intersectional_approach,No,Yes,0.0,1.0,false_positive,"a. prevent acts of violence against women and children including human trafficking;
7. Human trafficking is the act of recruitment, transportation, harboring, sending, transfer, or receipt of a person by threat of violence, use of violence, abduction, confinement, forgery, fraud and abuse of power or position of vulnerability, debt bondage or giving payment or benefits, so as to obtain consent from the person holding control over that other person, whether conducted within the country or between countries, for the purpose of exploitation or resulting in the person being exploited.","The policy explicitly includes human trafficking within its objectives and defines human trafficking, indicating that trafficking/exploitation is within scope for protection of women (and children) victims.",Reference only,,,Persisting error
