fullname,filename,indicator_id,indicator_value,dimension,golden_label,pred_label,value,pred_value,error_type,confidence,evidence,rationale,discrepancy_root_cause
ACEH BIREUEN,ACEH_BIREUEN.txt,2.2,Collaboration with NGOs,institutional_mechanism,Yes,No,1.0,0.0,false_negative,0.7039056039366212,,"The candidate sentences mention cooperation with the community/community institutions and coordination with community elements, but they do not explicitly identify NGOs, civil society organisations, or non-government service providers as collaboration partners or establish a mechanism specifically involving such actors.",Reference only
ACEH BIREUEN,ACEH_BIREUEN.txt,3.3,Reporting/hotline service,specialised_support_services,Yes,No,1.0,0.0,false_negative,0.6351489523872873,,"While the text mentions “complaint handling” as a right and encourages reporting to local authorities, it does not explicitly establish or describe a designated mechanism/service/channel for receiving complaints or reports (e.g., a hotline, a reporting desk/unit, or procedures for intake).",Reference only
ACEH BIREUEN,ACEH_BIREUEN.txt,3.7,Psychosocial counselling,specialised_support_services,Yes,No,1.0,0.0,false_negative,0.9540452601799487,,"The text references psychological recovery and “assistance … psychologically,” but it does not explicitly describe counselling/therapy/psychosocial support services or identify counselling as a service modality; the references can be read as general assistance rather than counselling services under the coding rules.",Reference only
ACEH BIREUEN,ACEH_BIREUEN.txt,4.4,Prevention through education,primary_prevention,Yes,No,1.0,0.0,false_negative,0.999839789132067,,"While the policy includes “education on anti-violence values against women,” the candidate sentences do not explicitly identify formal education instruments or institutions (e.g., schools, curricula, teaching/learning materials, education sector bodies) as a prevention mechanism, which is required by the coding rules for this indicator.",Reference only
ACEH BIREUEN,ACEH_BIREUEN.txt,5.4,Education institutions engagement,stakeholder_engagement,No,Yes,0.0,1.0,false_positive,1.0,"improve coordination, integration, synchronization, and synergy between SKPK with all stakeholders including religious organizations, professional organizations, academics, the private sector and the wider community in efforts to improve the quality of protection of women;","The policy explicitly includes academics among the stakeholders with whom coordination/synergy is to be improved to enhance the quality of women’s protection, which encompasses prevention/response to violence against women.",Reference only
ACEH BIREUEN,ACEH_BIREUEN.txt,6.8,Women in legal process,intersectional_approach,No,Yes,0.0,1.0,false_positive,0.996059490038474,"14. Special Protection is protection given to women and children in emergency situations, women and children in conflict with the law, women and children from minority and isolated groups, women and children who are exploited economically and/or sexually, women and children who are trafficked, women and children who are victims of kidnapping, sale, trafficking, women and children victims of violence both physical and/or mental.","The policy’s definition of “Special Protection” explicitly includes women (and children) in conflict with the law, which meets the criterion even without detailing specific services for suspects/defendants/perpetrators/witnesses.",Reference only
ACEH BIREUEN,ACEH_BIREUEN.txt,7.3,International donors,budget_funding_sources,No,Yes,0.0,1.0,false_positive,0.9997863883614204,"f. coordinating the participation of the business sector and other institutions, including international assistance for the protection of women; and","The policy explicitly references coordinating participation of institutions including international assistance for the protection of women, which constitutes international support involvement.",Reference only
ACEH SUBULUSSALAM KOTA,ACEH_SUBULUSSALAM_KOTA.txt,1.2,Sexual violence,scope_of_violence,No,Yes,0.0,1.0,false_positive,0.9993058455881236,"13. Violence is any act against a person, especially women, which results in misery or suffering physically, psychologically, sexually and/or domestic neglect including threats to commit acts, coercion, or deprivation of liberty unlawfully, whether within or outside the scope of the household.","The definition of “Violence” explicitly includes suffering that is “sexually” caused, which brings sexual violence within the policy’s scope per the coding rules.",Reference only
ACEH SUBULUSSALAM KOTA,ACEH_SUBULUSSALAM_KOTA.txt,4.1,Information and education about VAW,primary_prevention,Yes,No,1.0,0.0,false_negative,0.9719996120795404,,"The candidate sentences focus on protection and service provision (e.g., complaint handling, health services, legal assistance) and on providing “information and access to…protection,” but they do not describe awareness-raising/education/campaigns/socialisation activities that educate the public or communities about violence against women or anti-violence norms as a preventive measure. References to “prevention and handling guidelines” and opening information access are about service guidelines/access to protection rather than preventive education about VAW.",Reference only
BALI BADUNG,BALI_BADUNG.txt,3.7,Psychosocial counselling,specialised_support_services,Yes,No,1.0,0.0,false_negative,1.0,,"The candidate sentences refer to psychological health recovery and rehabilitation concepts (e.g., health rehabilitation including psychological aspects), but they do not explicitly provide psychosocial/psychological counselling, therapy, trauma counselling, or identify psychological professionals as service providers. Under the coding rules, general recovery without counselling/support services is insufficient.",Reference only
BALI BADUNG,BALI_BADUNG.txt,4.1,Information and education about VAW,primary_prevention,Yes,No,1.0,0.0,false_negative,0.9989321699323961,,"The cited provisions mention preventing violence and community responsibilities such as providing information/reporting violence to authorities and socialization of women’s and children’s rights, but they do not describe awareness-raising/education activities that provide information about violence against women itself or anti-violence values as a preventive measure (e.g., campaigns, public education on VAW/GBV, norms against violence).",Reference only
BALI BADUNG,BALI_BADUNG.txt,6.2,Women victims of trafficking,intersectional_approach,No,Yes,0.0,1.0,false_positive,0.9997711312602866,"7. Law Number 21 of 2007 concerning the Eradication of the Criminal Act of Trafficking in Persons (State Gazette of the Republic of Indonesia of 2007 Number 58, Supplement to the State Gazette of the Republic of Indonesia Number 4720);","The policy’s legal foundation explicitly references national legislation on trafficking in persons, which (per the coding rules) is sufficient to indicate trafficking cases/victims are within scope.",Reference only
BALI BANGLI,BALI_BANGLI.txt,4.1,Information and education about VAW,primary_prevention,Yes,No,1.0,0.0,false_negative,0.9867839714786286,,"The cited provisions mention prevention generally and include community responsibilities such as “providing information and/or reporting” violence incidents, but they do not describe awareness-raising, education, socialisation, campaigns, or communication activities that educate the public about violence against women/anti-violence norms as a preventive measure. The only explicit “socialization” mentioned concerns women’s and children’s rights, which is excluded under the coding rules when not explicitly about preventing VAW.",Reference only
BALI BANGLI,BALI_BANGLI.txt,4.2,Gender equality education,primary_prevention,Yes,No,1.0,0.0,false_negative,0.9996948475006302,,"The text includes “socialization of Women's and Children's rights,” but it is not explicitly situated as a strategy or measure to prevent violence against women, as required by the coding rules. References to “gender equality” appear as a guiding principle rather than an educational/prevention activity. Therefore, the criterion is not met based on the provided sentences.",Reference only
BALI BANGLI,BALI_BANGLI.txt,6.2,Women victims of trafficking,intersectional_approach,No,Yes,0.0,1.0,false_positive,0.9999084493610688,"6. Law Number 21 of 2007 concerning Eradication of the Criminal Act of Trafficking in Persons (State Gazette of the Republic of Indonesia of 2007 Number 58, Supplement to State Gazette of the Republic of Indonesia Number 4720);","The policy’s legal foundation explicitly cites the national law on trafficking in persons, which (per the coding rules) is sufficient to indicate trafficking cases/victims are intended to be covered within scope.",Reference only
BALI BULELENG,BALI_BULELENG.txt,6.2,Women victims of trafficking,intersectional_approach,No,Yes,0.0,1.0,false_positive,1.0,"7. Law Number 21 of 2007 concerning the Eradication of the Criminal Act of Trafficking in Persons (State Gazette of the Republic of Indonesia Year 2007 Number 58, Supplement to the State Gazette of the Republic of Indonesia Number 4720);","The policy’s legal foundation explicitly cites national legislation on trafficking in persons, indicating trafficking cases/victims are within scope under the coding rules.",Reference only
BALI TABANAN,BALI_TABANAN.txt,2.5,Training and capacity building,institutional_mechanism,No,Yes,0.0,1.0,false_positive,0.1243530017715962,capacity building of apparatus and other stakeholders.,"The policy states that the regional government's authority and responsibility includes capacity building of apparatus and other stakeholders, which constitutes an explicit mandate for capacity-building activities aimed at those involved in implementing protection/services under the regulation.",Reference only
BALI TABANAN,BALI_TABANAN.txt,4.2,Gender equality education,primary_prevention,Yes,No,1.0,0.0,false_negative,0.9995727995378068,,"While the text mentions “socialization of women's and children's rights” and lists gender equality/non-discrimination as principles, the coding rules require that such educational activities be explicitly situated as a strategy to prevent violence against women. The candidate sentences do not explicitly frame the rights socialization (or any other education/awareness activity) as a prevention measure for VAW.",Reference only
BANTEN TANGERANG SELATAN KOTA,BANTEN_TANGERANG_SELATAN_KOTA.txt,3.3,Reporting/hotline service,specialised_support_services,Yes,No,1.0,0.0,false_negative,0.9979182594562725,,"The excerpts describe integrated services and victims’ rights to information related to complaints, but they do not explicitly establish or describe a mechanism/service/unit for receiving complaints or reports of violence from victims or the public (nor any SOP/channel for intake).",Reference only
BANTEN TANGERANG SELATAN KOTA,BANTEN_TANGERANG_SELATAN_KOTA.txt,4.4,Prevention through education,primary_prevention,Yes,No,1.0,0.0,false_negative,1.0,,"Although the policy includes “education on anti-violence values” as part of prevention, the candidate sentences do not explicitly identify formal education instruments or institutions (e.g., schools, curricula, teaching/learning materials, education sector bodies) as a prevention mechanism, which is required by the coding rules for this indicator.",Reference only
BENGKULU KEPAHIANG,BENGKULU_KEPAHIANG.txt,1.8,Human trafficking,scope_of_violence,No,Yes,0.0,1.0,false_positive,1.0,"11. Law Number 21 of 2007 concerning the Eradication of the Criminal Act of Trafficking in Persons (State Gazette of the Republic of Indonesia of 2007 Number 58, Supplement to the State Gazette of the Republic of Indonesia Number 4720);","The policy’s legal foundation explicitly cites a national law concerning the eradication of trafficking in persons, which is sufficient under the coding rules to include human trafficking.",Reference only
BENGKULU KEPAHIANG,BENGKULU_KEPAHIANG.txt,4.1,Information and education about VAW,primary_prevention,Yes,No,1.0,0.0,false_negative,0.9982993684665691,,"The retrieved sentences mention prevention efforts including socialization of laws/regulations related to rights and protection and critical education about the rights of women and children, plus community socialization of women’s and children’s rights. However, the coding rules exclude education/awareness about laws and regulations and education about women’s rights unless it is explicitly about violence against women/anti-violence values. None of the cited sentences explicitly describe education/awareness providing information about violence against women/GBV, dangers/prohibition of violence, or anti-violence norms (as opposed to legal socialization or rights education).",Reference only
BENGKULU KEPAHIANG,BENGKULU_KEPAHIANG.txt,4.4,Prevention through education,primary_prevention,Yes,No,1.0,0.0,false_negative,1.0,,"While the policy includes “critical education” as part of prevention, the retrieved sentences do not explicitly involve formal education instruments or institutions (e.g., schools, curricula, teaching/learning materials, education sector bodies) as a prevention mechanism. The mention of “educational institutions” appears only as one type of community actor, not as an explicit education-based prevention strategy. Under the coding rules, broad education/socialization without explicit formal education instruments/institutions is insufficient.",Reference only
BENGKULU KEPAHIANG,BENGKULU_KEPAHIANG.txt,6.2,Women victims of trafficking,intersectional_approach,No,Yes,0.0,1.0,false_positive,1.0,"11. Law Number 21 of 2007 concerning the Eradication of the Criminal Act of Trafficking in Persons (State Gazette of the Republic of Indonesia of 2007 Number 58, Supplement to the State Gazette of the Republic of Indonesia Number 4720);","The policy’s legal foundation explicitly cites the national law on the eradication of trafficking in persons, which (per the coding rules) is sufficient to indicate trafficking cases/victims are within scope.",Reference only
BENGKULU REJANG LEBONG,BENGKULU_REJANG_LEBONG.txt,7.3,International donors,budget_funding_sources,No,Yes,0.0,1.0,false_positive,1.0,international institutions whose existence is recognized.,"The policy explicitly includes cooperation with ""international institutions whose existence is recognized,"" which indicates international involvement/support as a potential partner in implementation-related cooperation.",Reference only
BENGKULU SELUMA,BENGKULU_SELUMA.txt,1.6,Harmful practices,scope_of_violence,No,Yes,0.0,1.0,false_positive,0.999732989016709,preventing marriage at child age;,"The policy explicitly mentions preventing marriage at child age, which is a harmful practice (child/early marriage) under the coding rules.",Reference only
BENGKULU SELUMA,BENGKULU_SELUMA.txt,4.3,VAW laws awareness,primary_prevention,No,Yes,0.0,1.0,false_positive,0.9997635027533704,Conducting socialization of laws and regulations related to the implementation of protection for women and children victims of violence; and,"The policy explicitly includes, within the description of protection policies/programs/activities, the socialization of laws and regulations related to implementing protection for women and children victims of violence. This constitutes an information/education activity about relevant laws/regulations in the context of protection from violence, aligning with the criterion’s requirement for legal-awareness activities as part of prevention/implementation measures.",Reference only
BENGKULU SELUMA,BENGKULU_SELUMA.txt,6.1,Women in conflict/disaster areas,intersectional_approach,No,Yes,0.0,1.0,false_positive,0.9967677513939859,"8. Victim is a woman and child who experiences acts of violence and/or threats of violence that include physical, sexual, psychological, economic and/or social violence, in the family, community and/or society, in conflict situations, post-conflict, and the state.","The policy’s definition of “Victim” explicitly includes women (and children) experiencing violence in “conflict situations” and “post-conflict,” indicating women in conflict contexts are within the protected group.",Reference only
DI YOGYAKARTA BANTUL,DI_YOGYAKARTA_BANTUL.txt,2.4,Gender mainstreaming institutionalisation,institutional_mechanism,No,Yes,0.0,1.0,false_positive,0.9920735490734585,"This Presidential Instruction affirms that all Ministries and non-Ministerial government institutions in the National Government, Provinces, and Regencies/Cities must carry out gender mainstreaming in planning, implementation, monitoring, and evaluation of development policies and programs.","The text explicitly states that ministries and government institutions at national and subnational levels must carry out gender mainstreaming in planning, implementation, monitoring, and evaluation of development policies and programs, which constitutes an institutional mechanism requirement for gender mainstreaming (even though it appears in the general/background section).",Reference only
DI YOGYAKARTA BANTUL,DI_YOGYAKARTA_BANTUL.txt,3.2,Police specialised service unit,specialised_support_services,No,Yes,0.0,1.0,false_positive,1.0,"The PPT is equipped with companions from educators, doctors, psychologists, clerics/religious leaders and networked with lawyers for women and children as well as the RPK Unit at the Police.","The policy explicitly refers to the “RPK Unit at the Police” as part of the network supporting the PPT, which is a named specialised police victim service unit (Special Service Room) for women/children victims of violence.",Reference only
DI YOGYAKARTA BANTUL,DI_YOGYAKARTA_BANTUL_v2.txt,2.2,Collaboration with NGOs,institutional_mechanism,Yes,No,1.0,0.0,false_negative,0.9051482536448665,,"While the policy defines an 'Institution' as including NGOs, the provided sentences do not explicitly state any cooperation/partnership mechanism with NGOs or non-government service providers, nor do they describe NGO participation in a forum/network as partners. The coordination mechanisms described (e.g., FPKK/PPT) are established by government and the membership/roles listed do not identify NGOs.",Reference only
DI YOGYAKARTA BANTUL,DI_YOGYAKARTA_BANTUL_v2.txt,2.3,Data collection systems,institutional_mechanism,No,Yes,0.0,1.0,false_positive,1.0,"collect, compile and present reports on cases of violence.","The policy assigns FPKK an explicit function to collect, compile, and present reports on cases of violence, which directly links data/reporting activities to violence cases and satisfies the criterion for a data collection/reporting responsibility.",Reference only
DI YOGYAKARTA BANTUL,DI_YOGYAKARTA_BANTUL_v2.txt,2.4,Gender mainstreaming institutionalisation,institutional_mechanism,Yes,No,1.0,0.0,false_negative,1.0,,"The candidate sentences mention gender equality/justice principles and a gender-responsive budget, but they do not establish or require gender mainstreaming as an institutional mechanism (e.g., no mainstreaming mandate, focal points, or gender mainstreaming working group/arrangement). Under the coding rules, gender-responsive budgeting alone is insufficient.",Reference only
DI YOGYAKARTA BANTUL,DI_YOGYAKARTA_BANTUL_v2.txt,4.4,Prevention through education,primary_prevention,Yes,No,1.0,0.0,false_negative,0.9540452601799487,,"Although the policy mentions “critical education” and “life skills training” and notes that educational institutions can participate, the candidate sentences do not explicitly identify formal education instruments (e.g., school-based programs/curricula/materials) as a prevention mechanism for violence against women/children in the way required by the coding rules.",Reference only
DI YOGYAKARTA GUNUNGKIDUL,DI_YOGYAKARTA_GUNUNGKIDUL.txt,3.1,Integrated service unit,specialised_support_services,No,Yes,0.0,1.0,false_positive,0.9999465949513187,"15. Integrated Service Center, hereinafter abbreviated as PPT, is a functional work unit that provides integrated services for victims of violence.
16. Networked Integrated Service Center for Women and Children Empowerment, hereinafter referred to as Networked P2TP2A, is an Integrated Service Center in Gunungkidul Regency that provides networked integrated services for women and children victims of violence, established by Decree of the Regent of Gunungkidul.
2. The Regional Government establishes a Networked P2TP2A as an integrated service center by Regent's Decree.","The policy defines an Integrated Service Center (PPT) as a functional unit providing integrated services for victims of violence and also defines/establishes a Networked P2TP2A as an integrated service center providing networked integrated services for women and children victims of violence, established by Regent's Decree.",Reference only
DI YOGYAKARTA GUNUNGKIDUL,DI_YOGYAKARTA_GUNUNGKIDUL.txt,3.2,Police specialised service unit,specialised_support_services,No,Yes,0.0,1.0,false_positive,1.0,"This service unit may be located at Integrated Service Centers (PPT) and Integrated Crisis Centers (PKT) based in Hospitals, Community Health Centers, Women and Children Service Units (UPPA), Trauma Center Shelters (RPTC), Children's Social Shelters (RPSA), BP4, and other religious institutions, prosecutor's offices, courts, Women Crisis Centers (WCC), and other similar institutions.","The policy explicitly references Women and Children Service Units (UPPA), which are police-based specialised units, as possible locations for integrated service functions for women and children victims of violence.",Reference only
DI YOGYAKARTA GUNUNGKIDUL,DI_YOGYAKARTA_GUNUNGKIDUL.txt,5.4,Education institutions engagement,stakeholder_engagement,Yes,No,1.0,0.0,false_negative,0.9718190783871707,,"While education is mentioned as a field for gender mainstreaming and education-sector government units appear among FPK2PA members, the candidate sentences do not explicitly include schools, universities, academics, or education institutions as stakeholders/partners in prevention or service delivery, nor do they assign education institutions an implementation role.",Reference only
DI YOGYAKARTA GUNUNGKIDUL,DI_YOGYAKARTA_GUNUNGKIDUL_v2.txt,4.4,Prevention through education,primary_prevention,Yes,No,1.0,0.0,false_negative,0.999847417929993,,"Although the policy includes “education about the dangers of domestic violence” as a prevention effort, the candidate sentences do not identify education institutions, curricula, teaching/learning materials, or other formal education instruments as the prevention mechanism; the references to the “education” sector are only about potential cooperation fields and do not specify an education-institution-based prevention strategy.",Reference only
DI YOGYAKARTA KULON PROGO,DI_YOGYAKARTA_KULON_PROGO.txt,3.2,Police specialised service unit,specialised_support_services,Yes,No,1.0,0.0,false_negative,0.9997711312602866,,"The candidate sentences mention the police as one of several actors involved in counseling or case processing, but do not identify or establish any specialised police-based victim service unit (e.g., UPPA/RPK) within police offices.",Reference only
DI YOGYAKARTA KULON PROGO,DI_YOGYAKARTA_KULON_PROGO.txt,4.1,Information and education about VAW,primary_prevention,Yes,No,1.0,0.0,false_negative,0.9866096625996819,,"The candidate sentences describe prevention efforts and include socialization about laws/regulations and critical education about rights, plus education on non-discriminatory values. However, the coding rules for this indicator exclude education/awareness about women’s rights, gender equality, and laws/regulations related to VAW; and none of the cited sentences explicitly describe information/education activities that teach about violence against women itself (e.g., dangers/prohibition of VAW, protection from violence, or anti-violence norms) as the content of the education.",Reference only
DI YOGYAKARTA KULON PROGO,DI_YOGYAKARTA_KULON_PROGO.txt,4.4,Prevention through education,primary_prevention,Yes,No,1.0,0.0,false_negative,0.9995194058964563,,"Although the policy mentions “critical education” and identifies “educational institutions” as actors in prevention, the candidate sentences do not explicitly describe formal education instruments (e.g., school-based programs, curricula, teaching/learning materials, education centers) as a prevention mechanism for violence against women/children. The references are broad (socialization/critical education) without specifying education-sector delivery mechanisms or curriculum/materials, which the coding rules require for a Yes.",Reference only
DI YOGYAKARTA SLEMAN,DI_YOGYAKARTA_SLEMAN.txt,5.6,Media engagement,stakeholder_engagement,No,Yes,0.0,1.0,false_positive,0.2449186624037092,"What is meant by ""socialization"" is the dissemination of information on laws and regulations carried out through mass media, electronic media, and/or direct counseling to the community.","The policy defines “socialization” (dissemination of information on laws and regulations) as being carried out through mass media and electronic media, assigning media a role in awareness/information dissemination as part of prevention-related activities.",Reference only
DI YOGYAKARTA SLEMAN,DI_YOGYAKARTA_SLEMAN.txt,7.1,Local government budget,budget_funding_sources,No,Yes,0.0,1.0,false_positive,0.9918075963148956,"What is meant by ""facilitated by the Village Government"" is assistance in forming forums at the Village level, including providing financing in organizing activities, monitoring, and evaluating women's empowerment and protection of child victims of violence.","The text explains that facilitation by the Village Government includes providing financing for organizing activities, which constitutes a local (village-level) government funding source.",Reference only
GORONTALO GORONTALO,GORONTALO_GORONTALO.txt,1.8,Human trafficking,scope_of_violence,No,Yes,0.0,1.0,false_positive,0.9999084493610688,"7. Law Number 21 of 2007 concerning the Eradication of the Criminal Act of Trafficking in Persons (State Gazette of the Republic of Indonesia of 2007 Number 58, Supplement to the State Gazette of the Republic of Indonesia Number 4720);","The policy’s legal basis explicitly cites “Law Number 21 of 2007 concerning the Eradication of the Criminal Act of Trafficking in Persons,” which satisfies the criterion rule that citing trafficking legislation is sufficient for inclusion.",Reference only
GORONTALO GORONTALO,GORONTALO_GORONTALO.txt,4.1,Information and education about VAW,primary_prevention,Yes,No,1.0,0.0,false_negative,0.9959148223903438,,"The retrieved sentences mention prevention efforts including socialization about laws/regulations related to protection of women and child victims of violence and critical education about the rights of women and children, plus education on non-discrimination values. However, per the coding rules, education about laws/regulations and education about women’s/children’s rights or gender equality (without being explicitly about violence against women/anti-violence values) does not qualify. None of the candidate sentences explicitly describe awareness/education about violence against women itself, its dangers, prohibition, or anti-violence norms/values as the educational content.",Reference only
GORONTALO GORONTALO,GORONTALO_GORONTALO.txt,4.4,Prevention through education,primary_prevention,Yes,No,1.0,0.0,false_negative,0.9993363528070438,,"Although the policy lists “critical education” and identifies “educational institutions” among actors carrying out prevention, the retrieved sentences do not explicitly describe education as a formal prevention strategy in the sense required by the coding rules (e.g., school-based programs, curricula, teaching/learning materials, or explicit involvement of education institutions delivering educational programming). The references are broad (critical education/socialization) and do not specify formal education instruments or school/curriculum-based prevention measures.",Reference only
GORONTALO GORONTALO,GORONTALO_GORONTALO.txt,6.2,Women victims of trafficking,intersectional_approach,No,Yes,0.0,1.0,false_positive,0.9998626756131501,"7. Law Number 21 of 2007 concerning the Eradication of the Criminal Act of Trafficking in Persons (State Gazette of the Republic of Indonesia of 2007 Number 58, Supplement to the State Gazette of the Republic of Indonesia Number 4720);","The policy’s legal foundation explicitly cites the national law on the eradication of trafficking in persons, which (per the coding rules) is sufficient to indicate trafficking cases/victims are intended to be covered within scope.",Reference only
GORONTALO GORONTALO KOTA,GORONTALO_GORONTALO_KOTA.txt,1.8,Human trafficking,scope_of_violence,No,Yes,0.0,1.0,false_positive,0.999938965775063,"7. Law Number 21 of 2007 concerning the Eradication of the Criminal Act of Trafficking in Persons (State Gazette of the Republic of Indonesia of 2007 Number 58, Supplement to the State Gazette of the Republic of Indonesia Number 4720);","The policy’s legal basis explicitly cites a national law concerning the eradication of trafficking in persons, which is sufficient to code inclusion of human trafficking.",Reference only
GORONTALO GORONTALO KOTA,GORONTALO_GORONTALO_KOTA.txt,4.4,Prevention through education,primary_prevention,Yes,No,1.0,0.0,false_negative,0.9970800754612301,,"Although the policy mentions “critical education” and “education on non-discrimination values,” the coding rules require education as a prevention strategy to be tied to formal education instruments or institutions (e.g., schools, curricula, teaching/learning materials, learning/training centres, or education-sector bodies). The candidate sentences only reference broad education/socialisation activities and list “educational institutions” as actors in prevention, but do not explicitly describe school-based/curriculum/materials or other formal education mechanisms as the prevention strategy.",Reference only
GORONTALO GORONTALO KOTA,GORONTALO_GORONTALO_KOTA.txt,6.2,Women victims of trafficking,intersectional_approach,No,Yes,0.0,1.0,false_positive,0.9998626756131501,"7. Law Number 21 of 2007 concerning the Eradication of the Criminal Act of Trafficking in Persons (State Gazette of the Republic of Indonesia of 2007 Number 58, Supplement to the State Gazette of the Republic of Indonesia Number 4720);","The policy’s legal foundation explicitly cites the national law on eradication of trafficking in persons, which per the coding rules is sufficient to include trafficking cases/victims within scope even without further trafficking-specific measures in the retrieved sentences.",Reference only
GORONTALO GORONTALO UTARA,GORONTALO_GORONTALO_UTARA.txt,6.2,Women victims of trafficking,intersectional_approach,No,Yes,0.0,1.0,false_positive,0.9998245316235193,"6. Law Number 21 of 2007 concerning Eradication of the Criminal Act of Trafficking in Persons (State Gazette of the Republic of Indonesia of 2007 Number 58, Supplement to the State Gazette of the Republic of Indonesia Number 4720);","The policy’s legal basis explicitly cites a national law on the eradication of trafficking in persons, which (per the coding rules) is sufficient to indicate trafficking cases/victims are intended to be covered within scope.",Reference only
JAMBI BUNGO,JAMBI_BUNGO.txt,4.4,Prevention through education,primary_prevention,Yes,No,1.0,0.0,false_negative,0.46211715726000985,,"Although the policy lists “increasing the quantity and quality of education both formal and non-formal” under prevention, the candidate sentences do not explicitly identify involvement of education institutions, curricula, teaching/learning materials, or school-based programs as the prevention mechanism; the references to education are broad and do not meet the criterion’s requirement for formal education instruments or institutions explicitly tied to prevention.",Reference only
JAMBI BUNGO,JAMBI_BUNGO.txt,6.2,Women victims of trafficking,intersectional_approach,No,Yes,0.0,1.0,false_positive,1.0,"11. Trafficking in Persons is the act of recruitment, transportation, harboring, sending, transfer, or receipt of a person by threat of violence, use of violence, abduction, confinement, forgery, fraud and abuse of power or vulnerable position, debt bondage or giving payment or benefits, so as to obtain consent from the person holding control over that other person, whether carried out within the country or between countries, for the purpose of exploitation or resulting in the person being exploited.
7. Law Number 21 of 2007 concerning Eradication of the Criminal Act of Trafficking in Persons (State Gazette of the Republic of Indonesia of 2007 Number 58, Supplement to the State Gazette of the Republic of Indonesia Number 4720);","The policy explicitly defines “Trafficking in Persons,” and it also cites the national anti-trafficking law in its legal basis, which (per the coding rules) is sufficient to include trafficking and trafficking victims within scope.",Reference only
JAMBI SAROLANGUN,JAMBI_SAROLANGUN.txt,1.5,Economic violence,scope_of_violence,Yes,No,1.0,0.0,false_negative,0.8482836399575129,,"The candidate sentences discuss “economic protection” and vulnerability/social vulnerability, but they do not explicitly identify economic violence/abuse/exploitation or domestic neglect as a form of violence against women, nor do they link economic harm to violence or abuse against women.",Reference only
JAMBI SAROLANGUN,JAMBI_SAROLANGUN.txt,2.3,Data collection systems,institutional_mechanism,Yes,No,1.0,0.0,false_negative,1.0,,"The candidate sentences mention development of “gender and child data systems” as an aim, but they do not explicitly link data collection/recording/monitoring to violence against women, victims of violence, or violence cases as required by the coding rules.",Reference only
JAMBI SAROLANGUN,JAMBI_SAROLANGUN.txt,3.7,Psychosocial counselling,specialised_support_services,Yes,No,1.0,0.0,false_negative,0.996272703580106,,"The provided sentences do not explicitly mention psychosocial/psychological counselling, therapy, trauma counselling, or psychological professionals. Mentions of “counseling” appear only as a generic form of community participation, not as a victim psychosocial service.",Reference only
JAMBI SAROLANGUN,JAMBI_SAROLANGUN.txt,3.10,Economic support,specialised_support_services,Yes,No,1.0,0.0,false_negative,0.9983527295289705,,"While the policy discusses women’s economic empowerment measures (e.g., skills/job training, capital assistance) and separately mentions services for women victims of violence, the provided sentences do not explicitly link economic empowerment/support measures to women victims of violence as required by the coding rules.",Reference only
JAMBI SAROLANGUN,JAMBI_SAROLANGUN.txt,4.3,VAW laws awareness,primary_prevention,Yes,No,1.0,0.0,false_negative,1.0,,"The policy references communication/information/education to improve legal awareness and mentions socialization about women empowerment and child protection policies, but it does not specify that the information/education is about laws/regulations/policies on violence against women (e.g., domestic violence, sexual violence, trafficking) as a prevention strategy. Listing national laws in the preamble is not an education/awareness activity, and the socialization described is about general policies rather than VAW laws specifically.",Reference only
JAMBI SAROLANGUN,JAMBI_SAROLANGUN.txt,7.3,International donors,budget_funding_sources,No,Yes,0.0,1.0,false_positive,1.0,"coordinating the participation of the business world and other institutions, including international assistance for women empowerment and child protection; and","The policy explicitly references coordinating participation of institutions including international assistance for women empowerment and child protection, which meets the criterion for international support involvement.",Reference only
JAWA BARAT BANDUNG,JAWA_BARAT_BANDUNG.txt,2.4,Gender mainstreaming institutionalisation,institutional_mechanism,Yes,No,1.0,0.0,false_negative,0.9997863883614204,,"The candidate sentences reference strengthening the capacity of “Gender institutions” and broader planning integration for women’s protection, but they do not explicitly require or establish gender mainstreaming (e.g., mainstreaming mechanisms, focal points, or mainstreaming in planning/budgeting) as an institutional implementation mechanism.",Reference only
JAWA BARAT BANDUNG,JAWA_BARAT_BANDUNG.txt,4.4,Prevention through education,primary_prevention,Yes,No,1.0,0.0,false_negative,1.0,,"Although the policy mentions education and improving education for women in the context of preventing violence against women, the candidate sentences do not explicitly identify formal education instruments or institutions (e.g., schools, curricula, teaching/learning materials, education institutions) as the prevention mechanism, which is required by the coding rules for this indicator.",Reference only
JAWA BARAT BANDUNG BARAT,JAWA_BARAT_BANDUNG_BARAT.txt,1.2,Sexual violence,scope_of_violence,Yes,No,1.0,0.0,false_negative,0.8093010702017811,,"Within the provided sentences, the policy does not explicitly mention sexual violence (e.g., rape, sexual assault, sexual harassment) or otherwise clearly classify sexual violence as a covered form of violence. References to “sexual exploitation” do not, by themselves, explicitly establish inclusion of sexual violence under the criterion’s coding rules.",Reference only
JAWA BARAT BANDUNG BARAT,JAWA_BARAT_BANDUNG_BARAT.txt,4.4,Prevention through education,primary_prevention,Yes,No,1.0,0.0,false_negative,0.358357398350786,,"Although the policy links prevention to “increasing the quantity and quality of education” and mentions cooperation with universities, it does not explicitly identify education institutions, curricula, school-based programs, teaching/learning materials, or other formal education instruments as the prevention mechanism for violence, as required by the coding rules; the references remain broad improvements/access rather than explicit education-instrument-based prevention.",Reference only
JAWA BARAT BANDUNG BARAT,JAWA_BARAT_BANDUNG_BARAT.txt,5.3,Traditional/cultural engagement,stakeholder_engagement,No,Yes,0.0,1.0,false_positive,0.9998626756131501,"3. The KLA Task Force shall consist of representatives from the Regional Government, Children's Representatives, and may involve related Agencies, the business community, religious/community/customary leaders, and the community.","The policy explicitly mentions involvement of customary leaders within a task force, indicating engagement of traditional/customary leadership in implementation/coordination mechanisms.",Reference only
JAWA BARAT BANDUNG KOTA,JAWA_BARAT_BANDUNG_KOTA.txt,1.10,Technology-facilitated violence,scope_of_violence,No,Yes,0.0,1.0,false_positive,0.9999084493610688,the right to protection from violence in digital space including cyber harassment;,"The policy explicitly recognizes violence in digital space, including cyber harassment, as something women have a right to be protected from, which meets the criterion for technology-facilitated violence.",Reference only
JAWA BARAT BANDUNG KOTA,JAWA_BARAT_BANDUNG_KOTA.txt,4.4,Prevention through education,primary_prevention,Yes,No,1.0,0.0,false_negative,0.999938965775063,,"Although the policy mentions prevention generally and includes various “socialization” activities, the candidate sentences do not explicitly identify formal education instruments (e.g., school-based programs, curricula, teaching/learning materials, education institutions) as a prevention mechanism for violence against women/children. References to providing access to education services for victims are framed as protection/service provision rather than an explicit prevention strategy through education.",Reference only
JAWA BARAT BANDUNG KOTA,JAWA_BARAT_BANDUNG_KOTA.txt,5.4,Education institutions engagement,stakeholder_engagement,Yes,No,1.0,0.0,false_negative,0.8482836399575129,,"The text mentions violence occurring in the ""education sector"" and references ""the education sector"" as a participant in broader women's empowerment implementation, but it does not explicitly include schools/universities/academics/education institutions as stakeholders or partners in VAW prevention, protection, services, coordination, or capacity building.",Reference only
JAWA BARAT BANJAR KOTA,JAWA_BARAT_BANJAR_KOTA.txt,4.2,Gender equality education,primary_prevention,No,Yes,0.0,1.0,false_positive,0.9413755384972873,conducting education on non-discrimination values towards women and children;,"The policy includes an explicit educational activity on non-discrimination values toward women and children, and this activity appears within the functions of a forum tasked with coordinating and synchronizing prevention of violence against women and children, satisfying the requirement that the education be situated within violence-prevention measures.",Reference only
JAWA BARAT BANJAR KOTA,JAWA_BARAT_BANJAR_KOTA.txt,5.6,Media engagement,stakeholder_engagement,No,Yes,0.0,1.0,false_positive,0.9995956829634189,"What is meant by ""socialization"" is the dissemination of information on laws and regulations carried out through mass media, electronic media, and/or direct counseling to the community.","The policy assigns mass media/electronic media a role in “socialization” (dissemination of information on laws and regulations), which constitutes engaging media in prevention/awareness activities under the coding rules.",Reference only
JAWA BARAT BANJAR KOTA,JAWA_BARAT_BANJAR_KOTA.txt,6.7,Women from minority groups,intersectional_approach,Yes,No,1.0,0.0,false_negative,1.0,,"While the policy includes a non-discrimination explanation referencing ethnicity, religion, race, culture, and language, it does not explicitly identify women from minority/isolated/indigenous groups as a target group receiving special protection measures; it frames these as non-discrimination categories rather than targeted protections.",Reference only
JAWA BARAT BEKASI,JAWA_BARAT_BEKASI.txt,3.10,Economic support,specialised_support_services,No,Yes,0.0,1.0,false_positive,0.9976591468471265,"1. Empowerment of women victims of violence shall be carried out in an integrated manner in accordance with the provisions of laws and regulations.
economy;","The policy explicitly addresses empowerment of women victims of violence and states it is directed toward participation/opportunities including in the economy, indicating economic empowerment/support is part of victim empowerment measures.",Reference only
JAWA BARAT BEKASI,JAWA_BARAT_BEKASI.txt,4.4,Prevention through education,primary_prevention,Yes,No,1.0,0.0,false_negative,0.6351489523872872,,"Although the policy assigns prevention of violence against women to the regional apparatus responsible for education, and separately mentions providing education about women’s rights to the community, it does not explicitly identify formal education instruments (e.g., schools, curricula, teaching/learning materials, school-based programs) as the prevention mechanism. The references to education are either sectoral responsibility or broad education/socialization, which the coding rules exclude unless tied to formal education instruments or institutions as a prevention measure.",Reference only
JAWA BARAT BEKASI KOTA,JAWA_BARAT_BEKASI_KOTA.txt,3.8,Religious/spiritual counselling,specialised_support_services,No,Yes,0.0,1.0,false_positive,1.0,"social, mental and spiritual guidance;","The policy includes “social, mental and spiritual guidance” as a form of service, which qualifies as spiritual/religious guidance/support under the coding rules.",Reference only
JAWA BARAT BEKASI KOTA,JAWA_BARAT_BEKASI_KOTA.txt,4.4,Prevention through education,primary_prevention,Yes,No,1.0,0.0,false_negative,0.1243530017715962,,"Although the policy lists “increasing the quantity and quality of education both formal and informal” within a prevention article, the candidate sentences do not explicitly identify formal education instruments (e.g., curricula, teaching/learning materials, school-based programs) or education institutions delivering specific prevention education content as the prevention mechanism; the reference is a general education improvement/access measure rather than an explicit education-based prevention strategy as defined by the coding rules.",Reference only
JAWA BARAT BEKASI KOTA,JAWA_BARAT_BEKASI_KOTA.txt,6.10,Refugee/forced displacement,intersectional_approach,No,Yes,0.0,1.0,false_positive,0.703905603936621,"1. Children in emergency situations referred to are children who become refugees, child victims of riots and unrest, child victims of disasters and children in conflict situations.
2. The Government is obligated to provide protection and fulfillment of needs consisting of security protection, fulfillment of children's basic needs during emergency situations.","The policy explicitly identifies refugees within the category of “children in emergency situations” and obligates the government to provide protection and fulfill needs during such emergencies, which constitutes special protection measures for refugees/forced displacement (at least for children).",Reference only
JAWA BARAT BEKASI KOTA,JAWA_BARAT_BEKASI_KOTA_v2.txt,2.3,Data collection systems,institutional_mechanism,Yes,No,1.0,0.0,false_negative,0.24491866240370908,,"While the policy mentions building an information system and compiling a data system for women’s empowerment and protection, the provided sentences do not explicitly link these data/information functions to violence against women cases, victims, or VAW case management. The UPTD PPA function to “collect, compile and present reports on the protection of women” is also not explicitly tied to violence cases/victims in the cited sentence, so it does not meet the coding rule’s explicit-link requirement.",Reference only
JAWA BARAT BEKASI KOTA,JAWA_BARAT_BEKASI_KOTA_v2.txt,3.10,Economic support,specialised_support_services,Yes,No,1.0,0.0,false_negative,0.9997863883614204,,"While the policy discusses general women’s economic empowerment (e.g., job training, capital assistance) and general accessibility to employment/training/funding, the candidate sentences do not explicitly specify that these economic measures are provided to women victims of violence as part of protection/recovery/rehabilitation services, which is required by the coding rules.",Reference only
JAWA BARAT BEKASI KOTA,JAWA_BARAT_BEKASI_KOTA_v2.txt,4.2,Gender equality education,primary_prevention,Yes,No,1.0,0.0,false_negative,0.9961813235593591,,"While the policy includes education/socialization about women’s rights and obligations, the retrieved sentences do not explicitly situate these women’s rights/gender equality education activities as a strategy to prevent violence against women (the prevention-linked education mentioned is not specified as being about gender equality/women’s rights). Under the coding rules, women’s rights education alone is insufficient without an explicit prevention-of-VAW linkage.",Reference only
JAWA BARAT BEKASI KOTA,JAWA_BARAT_BEKASI_KOTA_v2.txt,4.4,Prevention through education,primary_prevention,Yes,No,1.0,0.0,false_negative,0.8093010702017811,,"Although the policy mentions prevention programs through education/socialization and references involvement of the education sector, the retrieved sentences do not explicitly identify formal education instruments (e.g., school-based programs, curricula, teaching/learning materials, or education institutions delivering specific educational programming) as the prevention mechanism. The references are broad (education/socialization, access to education) rather than explicit education-institution/curriculum-based prevention as required by the coding rules.",Reference only
JAWA BARAT BEKASI KOTA,JAWA_BARAT_BEKASI_KOTA_v2.txt,6.3,Women workers,intersectional_approach,Yes,No,1.0,0.0,false_negative,0.0,,"While the policy mentions female workers and requires employers to provide protection related to welfare, safety, and health, the provided passages do not explicitly frame these as protections against violence/exploitation in the workplace as required by the coding rules, and largely read as general employment protections and equal opportunity provisions.",Reference only
JAWA BARAT BEKASI KOTA,JAWA_BARAT_BEKASI_KOTA_v2.txt,7.3,International donors,budget_funding_sources,No,Yes,0.0,1.0,false_positive,1.0,"cooperate with the business sector, non-governmental institutions, private companies, foundations, the education sector and other domestic institutions as well as international institutions, in accordance with the provisions of laws and regulations;","The policy explicitly allows cooperation with ""international institutions"" as part of implementing policies, programs, and activities for women's empowerment and protection, indicating international involvement/support within the implementation framework.",Reference only
JAWA BARAT CIMAHI KOTA,JAWA_BARAT_CIMAHI_KOTA.txt,1.8,Human trafficking,scope_of_violence,No,Yes,0.0,1.0,false_positive,1.0,"10. Law Number 21 Year 2007 concerning Eradication of the Criminal Act of Trafficking in Persons (State Gazette of the Republic of Indonesia Year 2007 Number 58, Supplement to the State Gazette of the Republic of Indonesia Number 4720);","The policy’s legal basis explicitly cites a national law concerning eradication of trafficking in persons, which is sufficient under the coding rules to count trafficking as included.",Reference only
JAWA BARAT CIMAHI KOTA,JAWA_BARAT_CIMAHI_KOTA.txt,2.3,Data collection systems,institutional_mechanism,Yes,No,1.0,0.0,false_negative,0.9988787933974732,,"The candidate sentences mention building an information system and periodic reporting by P2TP2A, but they do not explicitly link these to collecting/recording/managing data on violence cases or victims; the reporting described is framed as implementation reporting (administration/finance/services/performance) rather than a VAW case data system.",Reference only
JAWA BARAT CIMAHI KOTA,JAWA_BARAT_CIMAHI_KOTA.txt,5.2,Religious engagement,stakeholder_engagement,No,Yes,0.0,1.0,false_positive,1.0,spiritual field; and,"The policy includes a ""spiritual"" field within the counseling division of the integrated service center, which indicates that spiritual/religious counselling is part of survivor support services, meeting the criterion even without naming specific religious institutions or leaders.",Reference only
JAWA BARAT CIMAHI KOTA,JAWA_BARAT_CIMAHI_KOTA.txt,6.2,Women victims of trafficking,intersectional_approach,No,Yes,0.0,1.0,false_positive,1.0,"10. Law Number 21 Year 2007 concerning Eradication of the Criminal Act of Trafficking in Persons (State Gazette of the Republic of Indonesia Year 2007 Number 58, Supplement to the State Gazette of the Republic of Indonesia Number 4720);
30. Regional Regulation of West Java Province Number 3 Year 2008 concerning Prevention and Handling of Victims of Trafficking in Persons in West Java (Regional Gazette of West Java Province Year 2008 Number 2 Series E, Supplement to the Regional Gazette of West Java Province Number 39);","The policy’s legal foundations explicitly reference trafficking in persons legislation/regulations, which (per the coding rules) is sufficient to indicate trafficking cases/victims are within scope even without detailed trafficking-specific measures.",Reference only
JAWA BARAT CIREBON,JAWA_BARAT_CIREBON.txt,5.2,Religious engagement,stakeholder_engagement,No,Yes,0.0,1.0,false_positive,0.9983069913882454,Right to spiritual services;,"The policy includes “Right to spiritual services” as part of victims’ rights, which constitutes inclusion of spiritual/religious counselling as a support service for survivors under the coding rules. However, it does not explicitly name religious leaders or faith-based organizations as implementers.",Reference only
JAWA BARAT CIREBON KOTA,JAWA_BARAT_CIREBON_KOTA.txt,1.3,Physical violence,scope_of_violence,Yes,No,1.0,0.0,false_negative,0.4621171572600098,,"None of the provided sentences explicitly mention physical violence/assault/bodily harm as a form/type of violence, nor do they define violence in a way that clearly includes physical violence using explicit physical-violence terminology beyond general references to suffering.",Reference only
JAWA BARAT CIREBON KOTA,JAWA_BARAT_CIREBON_KOTA.txt,1.10,Technology-facilitated violence,scope_of_violence,No,Yes,0.0,1.0,false_positive,0.999732989016709,"Various forms of such violence include rape, sexual harassment, human trafficking, domestic violence, sexual exploitation, violence against domestic workers, pornography, bullying, cyber bullying, and cyber porn.","The policy explicitly lists cyber bullying and cyber porn among forms of violence against women, which directly constitutes technology-facilitated violence under the coding rules.",Reference only
JAWA BARAT GARUT,JAWA_BARAT_GARUT.txt,5.3,Traditional/cultural engagement,stakeholder_engagement,No,Yes,0.0,1.0,false_positive,0.999847417929993,community leaders/religious leaders;,"The policy includes “community leaders” as part of the management composition of the sub-district protection task force, which qualifies as engaging community leaders in implementation structures for protection/services.",Reference only
JAWA BARAT INDRAMAYU,JAWA_BARAT_INDRAMAYU.txt,1.5,Economic violence,scope_of_violence,Yes,No,1.0,0.0,false_negative,1.0,,"The candidate sentences mention economic well-being and provide for economic independence services, but they do not explicitly identify economic violence/abuse/exploitation/neglect as a form of violence against women, nor include it in the definition/classification of violence or victims as required by the coding rules.",Reference only
JAWA BARAT INDRAMAYU,JAWA_BARAT_INDRAMAYU.txt,4.4,Prevention through education,primary_prevention,No,Yes,0.0,1.0,false_positive,0.9994202500593652,"disseminating understanding and anti-violence values against Women and Children through IEC (communication, information and education) through communities, schools and universities;","The policy explicitly includes IEC (communication, information, and education) delivered through communities, schools, and universities as part of efforts to prevent violence against women and children, thereby involving education institutions (schools/universities) as a prevention mechanism.",Reference only
JAWA BARAT INDRAMAYU,JAWA_BARAT_INDRAMAYU.txt,6.2,Women victims of trafficking,intersectional_approach,No,Yes,0.0,1.0,false_positive,1.0,"23. P2TP2A is a form of service facility for women and children in the effort to fulfill information and needs in the fields of education, health, economy, law, protection and prevention of acts of violence and trafficking against women and children.
11. Government Regulation Number 9 Year 2008 concerning Procedures and Mechanisms for Integrated Services for Witnesses and/or Victims of Human Trafficking Crimes (State Gazette of the Republic of Indonesia Year 2008 Number 22, Supplement to the State Gazette of the Republic of Indonesia Number 4818);","The policy explicitly includes “prevention of … trafficking against women and children” within the scope of P2TP2A, and it also cites a government regulation on integrated services for witnesses/victims of human trafficking crimes in its legal basis, indicating trafficking victims are covered.",Reference only
JAWA BARAT KARAWANG,JAWA_BARAT_KARAWANG.txt,1.2,Sexual violence,scope_of_violence,Yes,No,1.0,0.0,false_negative,0.996059490038474,,"None of the provided sentences explicitly mention sexual violence (e.g., rape, sexual assault/harassment) or include it in a definition/classification of violence. The only related term is “victims of sexual exploitation,” which is not the same as sexual violence under this criterion and does not explicitly establish sexual violence as a covered category.",Reference only
JAWA BARAT KARAWANG,JAWA_BARAT_KARAWANG.txt,1.3,Physical violence,scope_of_violence,Yes,No,1.0,0.0,false_negative,0.999893191328687,,"The candidate sentences refer generally to “acts of violence,” “criminal violence,” and eliminating violence against women, but do not explicitly mention physical violence/assault/bodily harm or classify violence into physical forms. No legal reference specific to physical assault/battery is shown.",Reference only
JAWA BARAT KARAWANG,JAWA_BARAT_KARAWANG.txt,1.4,Psychological violence,scope_of_violence,Yes,No,1.0,0.0,false_negative,0.999732989016709,,"The provided text contains general references to violence and services (including psychosocial rehabilitation), but does not explicitly mention psychological/emotional violence or include it as a defined or listed form of violence. Psychosocial rehabilitation is a service type and does not itself establish psychological violence as a covered category.",Reference only
JAWA BARAT KARAWANG,JAWA_BARAT_KARAWANG.txt,2.5,Training and capacity building,institutional_mechanism,Yes,No,1.0,0.0,false_negative,0.9642815414005974,,"Although “training” appears as a possible form of cooperation/activity, the text does not explicitly mandate or require the local government/implementing agencies to conduct or ensure training/capacity building for officials, implementing agencies, or service providers responsible for implementing the policy, as required by the coding rules.",Reference only
JAWA BARAT KARAWANG,JAWA_BARAT_KARAWANG.txt,3.1,Integrated service unit,specialised_support_services,Yes,No,1.0,0.0,false_negative,0.9051482536448664,,"The text states that women victims of violence have a right to “integrated services” and lists types of services (e.g., legal aid, medical and psychosocial rehabilitation), but it does not explicitly establish, name, or assign responsibility to a specific integrated service unit/one-stop centre or equivalent mechanism for VAW victims. References to general institutions, task forces, and “integrated measures” are not the same as identifying an integrated service unit for victims.",Reference only
JAWA BARAT KARAWANG,JAWA_BARAT_KARAWANG.txt,3.3,Reporting/hotline service,specialised_support_services,Yes,No,1.0,0.0,false_negative,0.9991151860160672,,"The only relevant passage indicates community participation may take the form of “complaints/reports,” but it does not establish or mandate a specific mechanism/service/channel for receiving and handling reports of violence cases. Other passages discuss integrated services and monitoring, not complaint intake mechanisms.",Reference only
JAWA BARAT KARAWANG,JAWA_BARAT_KARAWANG.txt,4.1,Information and education about VAW,primary_prevention,No,Yes,0.0,1.0,false_positive,0.358357398350786,"1. The Regent establishes policies, programs and activities for the empowerment and protection of women to eliminate all forms of discrimination and acts of violence against women.
socialization;
public communication;
information dissemination;
education;","The policy frames eliminating violence against women as an objective of empowerment/protection policies and explicitly lists socialization, public communication, information dissemination, and education as forms of cooperation/activities within those efforts, which constitutes preventive information/education activities about violence against women/anti-violence norms.",Reference only
JAWA BARAT KARAWANG,JAWA_BARAT_KARAWANG.txt,7.3,International donors,budget_funding_sources,No,Yes,0.0,1.0,false_positive,0.999732989016709,"3. The Regional Apparatus as referred to in paragraph (2) may cooperate with the community, universities, community organizations, other regency/city governments, and/or international institutions in the empowerment and protection of women activities.","The policy explicitly allows cooperation with ""international institutions"" in empowerment and protection of women activities, which constitutes explicit international involvement/support under the coding rules (even without naming a donor or specifying funding).",Reference only
JAWA BARAT PANGANDARAN,JAWA_BARAT_PANGANDARAN.txt,3.10,Economic support,specialised_support_services,Yes,No,1.0,0.0,false_negative,1.0,,"The provided sentences include general women’s economic empowerment measures (e.g., skills courses, employment opportunities) and economic access for other categories of women, but they do not explicitly specify that economic empowerment/support is provided to women victims of violence as part of recovery/protection services, which is required by the coding rules.",Reference only
JAWA BARAT PANGANDARAN,JAWA_BARAT_PANGANDARAN.txt,4.4,Prevention through education,primary_prevention,Yes,No,1.0,0.0,false_negative,1.0,,"Although the policy mentions education and improving education for women in the context of preventing violence, the candidate sentences do not explicitly identify formal education instruments or institutions (e.g., schools, curricula, teaching/learning materials, education institutions) as the prevention mechanism, which is required by the coding rules for this indicator.",Reference only
JAWA BARAT PURWAKARTA,JAWA_BARAT_PURWAKARTA.txt,4.4,Prevention through education,primary_prevention,Yes,No,1.0,0.0,false_negative,1.0,,"Although the policy includes “providing education about the dangers of domestic violence” as prevention, it does not explicitly identify formal education instruments or institutions (e.g., schools, curricula, teaching/learning materials, education institutions) as the prevention mechanism, which is required for this indicator under the coding rules.",Reference only
JAWA BARAT PURWAKARTA,JAWA_BARAT_PURWAKARTA.txt,6.5,People with disability,intersectional_approach,Yes,No,1.0,0.0,false_negative,0.9830964348540103,,"The only explicit disability-related reference in the cited text is a prohibition on discriminatory treatment of women and children with disabilities, plus child-focused special protection for “children with disabilities.” The coding rules exclude non-discrimination-only references and child-only disability protections from counting as special protection measures for women with disabilities or people with disabilities generally.",Reference only
JAWA BARAT PURWAKARTA,JAWA_BARAT_PURWAKARTA.txt,6.8,Women in legal process,intersectional_approach,No,Yes,0.0,1.0,false_positive,0.999732989016709,"1. Every woman and child who becomes a witness or perpetrator of violence has the right to receive information, protection, rehabilitation, confidential handling, psychological and legal assistance, as well as fulfillment of their rights related to their status as a wife, mother, child, family member or as a community member.","The policy explicitly extends rights (information, protection, rehabilitation, confidential handling, psychological and legal assistance) to “every woman and child who becomes a witness or perpetrator of violence,” which directly covers women in legal-process roles as witnesses and perpetrators under the coding rules.",Reference only
JAWA BARAT SUMEDANG,JAWA_BARAT_SUMEDANG.txt,4.2,Gender equality education,primary_prevention,Yes,No,1.0,0.0,false_negative,1.0,,"While the policy mentions communication, information, and education on gender equality and children’s rights for families, the candidate sentences do not explicitly situate these gender equality education activities as a strategy to prevent violence against women, which is required by the coding rules. References to socialization/advocacy on KTP are about VAW prevention but are not explicitly about gender equality/women’s rights as the educational content.",Reference only
JAWA BARAT SUMEDANG,JAWA_BARAT_SUMEDANG.txt,4.3,VAW laws awareness,primary_prevention,Yes,No,1.0,0.0,false_negative,0.9893776739663163,,"The candidate sentences mention socialization/advocacy on KTP and provision of legal services, but they do not specify that the socialization/dissemination/education is about laws, regulations, or policies related to VAW. The text also includes legal references and service provisions, but not prevention-oriented legal awareness education about VAW laws as required.",Reference only
JAWA BARAT SUMEDANG,JAWA_BARAT_SUMEDANG.txt,4.4,Prevention through education,primary_prevention,Yes,No,1.0,0.0,false_negative,1.0,,"The policy references training for prevention of violence against women and general communication/information/education strategies, but the coding rules require education to be framed through formal education instruments or involvement of education institutions/curricula/materials explicitly as a prevention mechanism. The provided sentences do not identify schools, curricula, teaching/learning materials, or education institutions as part of VAW prevention (and the child-focused education reference is excluded by the rules).",Reference only
JAWA BARAT SUMEDANG,JAWA_BARAT_SUMEDANG.txt,5.4,Education institutions engagement,stakeholder_engagement,No,Yes,0.0,1.0,false_positive,0.12435300177159614,d. educators and education personnel; and/or,"The policy includes “educators and education personnel” among those provided by the government in implementing special protection services, indicating engagement of the education sector in implementation/capacity for protection-related services.",Reference only
JAWA BARAT SUMEDANG,JAWA_BARAT_SUMEDANG.txt,6.8,Women in legal process,intersectional_approach,Yes,No,1.0,0.0,false_negative,0.9639743467078252,,"The cited provisions address women as witnesses/victims and women victims of domestic violence, and separately address children in conflict with the law; they do not explicitly include women in conflict with the law as suspects/defendants/perpetrators or provide protections for such women as a group.",Reference only
JAWA BARAT SUMEDANG,JAWA_BARAT_SUMEDANG.txt,7.3,International donors,budget_funding_sources,No,Yes,0.0,1.0,false_positive,1.0,institutions or regional governments abroad.,"The policy explicitly allows regional cooperation with institutions or regional governments abroad, which constitutes an explicit international component that can support implementation (including women’s protection measures covered by the regulation).",Reference only
JAWA BARAT TASIKMALAYA,JAWA_BARAT_TASIKMALAYA.txt,2.3,Data collection systems,institutional_mechanism,Yes,No,1.0,0.0,false_negative,0.8093010702017811,,"While the text mentions a disaggregated gender and child data system and includes some references to databases in child-protection contexts, the provided sentences do not explicitly link a data collection/management system to violence against women, women victims, or VAW case data as required by the coding rules.",Reference only
JAWA BARAT TASIKMALAYA,JAWA_BARAT_TASIKMALAYA.txt,4.4,Prevention through education,primary_prevention,Yes,No,1.0,0.0,false_negative,0.848283639957513,,"Although prevention is to be implemented in an integrated manner by agencies including the education sector, and there are references to providing knowledge/socialization, the candidate sentences do not explicitly identify formal education instruments (schools, curricula, teaching materials, educational programs) as a prevention mechanism for violence against women (and child-focused education guarantees are excluded by the coding rules).",Reference only
JAWA BARAT TASIKMALAYA,JAWA_BARAT_TASIKMALAYA.txt,6.10,Refugee/forced displacement,intersectional_approach,No,Yes,0.0,1.0,false_positive,1.0,"children who become refugees;
Making policies on fulfillment of basic needs consisting of food, clothing, housing, education, health, learning and recreation, security guarantees, and equal treatment for children who become refugees, victims of violence, victims of natural disasters and children in armed conflict situations; and","The policy explicitly identifies “children who become refugees” as a category of children in emergency situations and specifies policies to fulfill basic needs and ensure equal treatment for children who become refugees, constituting targeted protection measures for refugees (within child protection).",Reference only
JAWA TENGAH BANYUMAS,JAWA_TENGAH_BANYUMAS.txt,2.3,Data collection systems,institutional_mechanism,No,Yes,0.0,1.0,false_positive,0.9998245316235193,"includes monitoring, documentation and reporting of cases of gender-based violence and violence against children.
document and report every case of gender-based violence and violence against children handled to PPT PKBGA.","The policy explicitly links monitoring/documentation/reporting functions to cases of gender-based violence and violence against children, and requires LPPTK to document and report every handled case to PPT PKBGA—meeting the criterion for mandated case documentation/reporting tied to violence cases.",Reference only
JAWA TENGAH BANYUMAS,JAWA_TENGAH_BANYUMAS.txt,5.3,Traditional/cultural engagement,stakeholder_engagement,No,Yes,0.0,1.0,false_positive,1.0,community leaders;,"The policy includes community leaders as members of the LPPTK structure, which is part of the implementation/handling mechanism for gender-based violence and violence against children; under the coding rules, inclusion of community leaders/community figures in implementation is sufficient to code Yes.",Reference only
JAWA TENGAH BANYUMAS,JAWA_TENGAH_BANYUMAS.txt,6.5,People with disability,intersectional_approach,Yes,No,1.0,0.0,false_negative,0.9937764878283804,,"The only disability-related reference is within a non-discrimination principle mentioning “physical or mental condition,” which is explicitly excluded by the coding rules unless accompanied by disability-specific identification or measures.",Reference only
JAWA TENGAH BANYUMAS,JAWA_TENGAH_BANYUMAS.txt,6.7,Women from minority groups,intersectional_approach,Yes,No,1.0,0.0,false_negative,1.0,,"While the policy defines non-discrimination across characteristics such as ethnicity, religion, race, and culture, it does not explicitly identify women from minority/isolated groups as a target group for special protection or services, nor does it provide minority-specific measures.",Reference only
JAWA TENGAH BLORA,JAWA_TENGAH_BLORA.txt,2.3,Data collection systems,institutional_mechanism,No,Yes,0.0,1.0,false_positive,0.9997940169556383,"initial identification or recording of Victims;
conducting monitoring and reporting.
conducting monitoring and reporting.","The policy explicitly links case/victim information functions to violence services by requiring initial identification/recording of victims within complaint services and assigning PPT/UPPA duties that include monitoring and reporting in the context of handling violence victims, which together constitute mandated documentation/monitoring/reporting related to violence cases/victims.",Reference only
JAWA TENGAH BLORA,JAWA_TENGAH_BLORA.txt,2.5,Training and capacity building,institutional_mechanism,Yes,No,1.0,0.0,false_negative,0.9868673420010168,,"While the policy mentions increasing the capacity of service provider institutions and includes victim job training, the provided sentences do not explicitly mandate training/technical guidance/professional development for implementing personnel or service providers as required by the coding rules (i.e., no explicit training/capacity-building program for implementers is stated).",Reference only
JAWA TENGAH BLORA,JAWA_TENGAH_BLORA.txt,4.4,Prevention through education,primary_prevention,Yes,No,1.0,0.0,false_negative,0.9051482536448664,,"Although educational institutions are named as actors in prevention efforts, the retrieved sentences do not describe education as a formal prevention strategy (e.g., school-based programs, curricula, teaching/learning materials, or education content improvements) aimed at preventing violence against women/children. The references are to socialization and general participation rather than explicit educational instruments as required by the coding rules.",Reference only
JAWA TENGAH BLORA,JAWA_TENGAH_BLORA.txt,5.3,Traditional/cultural engagement,stakeholder_engagement,No,Yes,0.0,1.0,false_positive,1.0,"2. The UPPA at the sub-district level as referred to in paragraph (1) is established by the Sub-district Head by involving community institutions, the Sub-district Level Family Welfare Development Mobilization Team, community leaders and Children's representatives.","The policy explicitly involves ""community leaders"" in establishing the UPPA, which is a protection unit tasked with prevention/handling and coordination for violence victims. Under the coding rules, inclusion of community leaders as participants in implementation qualifies.",Reference only
JAWA TENGAH BLORA,JAWA_TENGAH_BLORA.txt,5.6,Media engagement,stakeholder_engagement,No,Yes,0.0,1.0,false_positive,0.9998016455789569,"Socialization can be carried out through mass media, electronic media, and direct counseling to the community.","The policy assigns a role to mass/electronic media as a channel for socialization (awareness-raising) related to prevention of violence against women and children, which constitutes media engagement in prevention activities.",Reference only
JAWA TENGAH BOYOLALI,JAWA_TENGAH_BOYOLALI.txt,2.3,Data collection systems,institutional_mechanism,Yes,No,1.0,0.0,false_negative,0.9934266584516671,,"While the policy establishes a Data and Information System for women's protection and empowerment, the provided sentences do not explicitly link this system to collecting/recording/reporting data specifically on violence against women, victims of violence, or violence cases as required by the coding rules. References to data are framed generally around protection/empowerment and gender-disaggregated data, not explicitly VAW case/victim data.",Reference only
JAWA TENGAH BOYOLALI,JAWA_TENGAH_BOYOLALI.txt,3.10,Economic support,specialised_support_services,Yes,No,1.0,0.0,false_negative,0.996310779823347,,"While the candidate sentences include economic empowerment measures for women generally (e.g., skills/job training, capital assistance) and for other categories (e.g., homeless women, women as family economic pillars), they do not explicitly specify that such economic support is available to women victims of violence, which is required by the coding rules.",Reference only
JAWA TENGAH BOYOLALI,JAWA_TENGAH_BOYOLALI.txt,4.3,VAW laws awareness,primary_prevention,Yes,No,1.0,0.0,false_negative,0.9999847412691449,,"The candidate sentences include prevention-oriented communication/information/education about violence against women generally and socialization about policies on protection and empowerment of women, but they do not specify that the information/education is about laws, regulations, or policies related to VAW as a prevention measure (a required element for this indicator).",Reference only
JAWA TENGAH BOYOLALI,JAWA_TENGAH_BOYOLALI.txt,4.4,Prevention through education,primary_prevention,No,Yes,0.0,1.0,false_positive,0.358357398350786,"provision of communication, information, and education media regarding empowerment and prevention of Violence Against Women in the Family, Community, educational institutions, and public spaces.","The policy explicitly references the provision of communication, information, and education media regarding the prevention of violence against women, including in educational institutions, which constitutes an education-related instrument used as a prevention mechanism for violence against women.",Reference only
JAWA TENGAH DEMAK,JAWA_TENGAH_DEMAK.txt,2.3,Data collection systems,institutional_mechanism,No,Yes,0.0,1.0,false_positive,0.9997711312602866,"Monitoring and evaluation as referred to in Article 8 letter f include monitoring, documentation and evaluation of cases of gender-based violence and violence against children.","The policy explicitly links monitoring and documentation to “cases of gender-based violence and violence against children,” which meets the requirement for a mandated function to document/monitor violence cases (a data/information activity tied to cases).",Reference only
JAWA TENGAH DEMAK,JAWA_TENGAH_DEMAK.txt,6.5,People with disability,intersectional_approach,Yes,No,1.0,0.0,false_negative,0.9540452601799486,,"The only disability-related content is a non-discrimination principle that includes ""physical or mental condition""; the coding rules specify that non-discrimination alone is insufficient without disability-specific identification or measures.",Reference only
JAWA TENGAH KARANGANYAR,JAWA_TENGAH_KARANGANYAR.txt,4.2,Gender equality education,primary_prevention,Yes,No,1.0,0.0,false_negative,1.0,,"While the policy mentions gender equality as a principle and includes awareness-raising about human rights, the candidate sentences do not explicitly describe prevention activities that educate or raise awareness specifically about gender equality and/or women’s rights as a strategy to prevent violence against women; the only explicit education activity is about anti-violence values, which is excluded under this indicator’s rules.",Reference only
JAWA TENGAH KARANGANYAR,JAWA_TENGAH_KARANGANYAR.txt,4.4,Prevention through education,primary_prevention,Yes,No,1.0,0.0,false_negative,1.0,,"Although the policy includes “conducting education on anti-violence values,” the candidate sentences do not explicitly identify formal education instruments or institutions (e.g., schools, curricula, teaching/learning materials, education sector bodies) as the prevention mechanism, which is required by the coding rules for this indicator.",Reference only
JAWA TENGAH KARANGANYAR,JAWA_TENGAH_KARANGANYAR_v2.txt,4.4,Prevention through education,primary_prevention,Yes,No,1.0,0.0,false_negative,1.0,,"Although the policy mentions education in the context of prevention (e.g., education on anti-VAW values and improving education for women), the candidate sentences do not explicitly identify formal education instruments or institutions (such as schools, curricula, teaching/learning materials, or education institutions) as the prevention mechanism, which is required by the coding rules for this indicator.",Reference only
JAWA TENGAH KARANGANYAR,JAWA_TENGAH_KARANGANYAR_v2.txt,5.8,Private sector engagement,stakeholder_engagement,Yes,No,1.0,0.0,false_negative,0.9947882964238974,,"The candidate sentences do not identify businesses, employers, business associations, or the private sector as stakeholders or partners in prevention/protection/services. Mentions of employment opportunities or economic issues are not framed as private-sector engagement in implementation.",Reference only
JAWA TENGAH KARANGANYAR,JAWA_TENGAH_KARANGANYAR_v2.txt,6.1,Women in conflict/disaster areas,intersectional_approach,Yes,No,1.0,0.0,false_negative,0.9975219831883886,,"While the policy defines discrimination as including territorial dimensions such as disaster and conflict areas, the provided sentences do not establish any special protection measures specifically targeted at women in conflict/disaster/emergency/displacement situations, nor do they identify displaced/refugee women as beneficiaries of protection measures. The cited provisions focus on general women’s protection and violence-related services rather than conflict/disaster-specific measures.",Reference only
JAWA TENGAH KARANGANYAR,JAWA_TENGAH_KARANGANYAR_v2.txt,6.8,Women in legal process,intersectional_approach,Yes,No,1.0,0.0,false_negative,0.9952677533825307,,"The cited provisions discuss services for witnesses and/or victims and define “witness” in relation to a criminal case, but they do not identify women in conflict with the law as suspects/defendants/perpetrators, nor do they provide protections/services for women offenders. The content appears oriented to victims/witnesses rather than women in conflict with the law as alleged offenders, which is required by the coding rules.",Reference only
JAWA TENGAH KEBUMEN,JAWA_TENGAH_KEBUMEN.txt,1.10,Technology-facilitated violence,scope_of_violence,No,Yes,0.0,1.0,false_positive,0.999847417929993,"the right to deletion of sexual content for cases of sexual violence using electronic media.
17. Sexual Violence is any act in the form of rape, indecent acts, forced contraception, forced sterilization, sexual torture, sexual exploitation, sexual slavery, electronic-based sexual violence, acts violating decency that are contrary to the victim's will, forced prostitution, criminal acts of trafficking in persons intended for sexual exploitation and other forms of sexual violence that are expressly referred to as criminal acts of sexual violence as regulated in the provisions of laws and regulations.","The policy explicitly addresses sexual violence using electronic media (including deletion of sexual content) and defines sexual violence to include electronic-based sexual violence, which constitutes technology-facilitated violence under the coding rules.",Reference only
JAWA TENGAH KEBUMEN,JAWA_TENGAH_KEBUMEN.txt,2.5,Training and capacity building,institutional_mechanism,Yes,No,1.0,0.0,false_negative,0.9893321412459599,,"The cited passages refer to training and capacity building primarily for women (e.g., improving women’s competence through training) and to general capacity increases across sectors, but they do not explicitly mandate training/capacity building for government officials, implementing agencies, or service providers responsible for implementing the VAW/women’s protection policy, as required by the coding rules.",Reference only
JAWA TENGAH KEBUMEN,JAWA_TENGAH_KEBUMEN.txt,3.10,Economic support,specialised_support_services,Yes,No,1.0,0.0,false_negative,0.2449186624037092,,"The candidate sentences mention identifying economic empowerment needs for victims and skills training for economic improvement for vulnerable women, but they do not explicitly state that economic empowerment/support (training, financial resources, livelihoods) is provided to women victims of violence; the skills training reference is framed for vulnerable women generally rather than victims specifically.",Reference only
JAWA TENGAH KEBUMEN,JAWA_TENGAH_KEBUMEN.txt,4.2,Gender equality education,primary_prevention,Yes,No,1.0,0.0,false_negative,0.9720823622125032,,"While the policy mentions socialising laws and regulations related to protection of women’s rights and includes general communication/education/campaign measures within prevention, the candidate sentences do not explicitly state that these educational activities are specifically about gender equality/gender justice or women’s rights (as content) as a prevention strategy; references to women’s rights appear mainly as legal/socialisation or definitions rather than prevention education on gender equality/women’s rights.",Reference only
JAWA TENGAH KEBUMEN,JAWA_TENGAH_KEBUMEN.txt,4.3,VAW laws awareness,primary_prevention,Yes,No,1.0,0.0,false_negative,0.9969810405901325,,"The policy includes prevention through “socializing laws and regulations related to the protection of women's rights,” but the candidate sentences do not specify that the laws/regulations being socialised are VAW-specific (e.g., domestic violence, sexual violence, trafficking, child marriage) or explicitly about VAW laws/policies; general legal awareness language is insufficient under the coding rules.",Reference only
JAWA TENGAH KLATEN,JAWA_TENGAH_KLATEN.txt,1.2,Sexual violence,scope_of_violence,Yes,No,1.0,0.0,false_negative,1.0,,"Across the provided sentences, the policy discusses women’s sexual and reproductive health being free from coercion and/or violence and defines violence generally, but it does not explicitly mention sexual violence/rape/sexual harassment/sexual abuse, nor does it classify sexual violence as a covered form of violence or cite a sexual-violence-specific legal framework.",Reference only
JAWA TENGAH KLATEN,JAWA_TENGAH_KLATEN.txt,3.3,Reporting/hotline service,specialised_support_services,Yes,No,1.0,0.0,false_negative,0.9998703044983814,,"The text allows community members to report violence to law enforcers/authorities, but it does not explicitly establish or mandate a specific mechanism/service/channel (e.g., hotline, complaint desk, designated receiving unit) for receiving complaints or reports, as required by the coding rules.",Reference only
JAWA TENGAH KLATEN,JAWA_TENGAH_KLATEN.txt,3.5,Legal assistance,specialised_support_services,Yes,No,1.0,0.0,false_negative,0.9716084766350124,,"The policy defines “assistance” to include advocacy, and notes institutions include law enforcers, but it does not specify a service unit providing legal assistance/legal aid to victims in the provided sentences.",Reference only
JAWA TENGAH KLATEN,JAWA_TENGAH_KLATEN.txt,3.9,Resocialisation services,specialised_support_services,Yes,No,1.0,0.0,false_negative,0.9996567067120361,,"Although “rehabilitative approach” is defined in relation to health services, the provided sentences do not link rehabilitation/reintegration/resocialisation to a victim support service unit or institution for VAW victims as required by the coding rules.",Reference only
JAWA TENGAH KLATEN,JAWA_TENGAH_KLATEN.txt,3.10,Economic support,specialised_support_services,Yes,No,1.0,0.0,false_negative,1.0,,"The policy provides economic independence measures for women generally (skills/job training, access to capital, etc.), but the provided sentences do not explicitly specify that these economic supports are available to women victims of violence, which is required for a Yes.",Reference only
JAWA TENGAH KLATEN,JAWA_TENGAH_KLATEN.txt,6.2,Women victims of trafficking,intersectional_approach,No,Yes,0.0,1.0,false_positive,0.9998626756131501,"7. Law Number 21 of 2007 concerning the Eradication of the Criminal Act of Trafficking in Persons (State Gazette of the Republic of Indonesia of 2007 Number 58, Supplement to the State Gazette of the Republic of Indonesia Number 4720);","The policy’s legal foundation explicitly cites the national law on eradication of trafficking in persons, which (per the coding rules) is sufficient to indicate trafficking cases/victims are intended to be covered.",Reference only
JAWA TENGAH KLATEN,JAWA_TENGAH_KLATEN.txt,6.3,Women workers,intersectional_approach,Yes,No,1.0,0.0,false_negative,0.9998169029128974,,"The cited provisions address women’s equal opportunity to work and require employers to provide welfare/safety/health-related benefits (e.g., insurance, workplace health services, lactation facilities, maternity leave), but do not explicitly provide protection measures against violence, exploitation, or workplace abuse as required by the coding rules.",Reference only
JAWA TENGAH KUDUS,JAWA_TENGAH_KUDUS.txt,2.3,Data collection systems,institutional_mechanism,No,Yes,0.0,1.0,false_positive,0.9997711312602866,"Monitoring and reporting as referred to in Article 7 paragraph (3) letter f shall be conducted on all aspects of integrated service activities in the form of supervision, documentation and evaluation of cases of gender-based violence and violence against children.","The policy mandates monitoring and reporting that includes documentation and evaluation of cases of gender-based violence and violence against children, which is an explicit requirement to document and monitor violence cases (i.e., a data/information function linked to cases).",Reference only
JAWA TENGAH KUDUS,JAWA_TENGAH_KUDUS.txt,2.5,Training and capacity building,institutional_mechanism,Yes,No,1.0,0.0,false_negative,0.9987567952411196,,"While the policy mentions an authority to increase the capacity of service provider institutions, the provided sentences do not explicitly mandate training/technical guidance/capacity-building activities (as a required action) for implementing personnel or service providers; they also do not specify training programs or professional development requirements.",Reference only
JAWA TENGAH KUDUS,JAWA_TENGAH_KUDUS.txt,6.5,People with disability,intersectional_approach,Yes,No,1.0,0.0,false_negative,0.8482836399575129,,"The only disability-related reference is within a non-discrimination principle mentioning “physical or mental condition,” which is explicitly excluded by the coding rules unless accompanied by disability-specific identification or measures.",Reference only
JAWA TENGAH KUDUS,JAWA_TENGAH_KUDUS.txt,6.7,Women from minority groups,intersectional_approach,Yes,No,1.0,0.0,false_negative,1.0,,"While the policy includes a general non-discrimination principle referencing ethnicity, religion, race, culture, and language, it does not explicitly identify women from minority/isolated groups as a target group for special protection or services, as required by the coding rules.",Reference only
JAWA TENGAH MAGELANG KOTA,JAWA_TENGAH_MAGELANG_KOTA.txt,1.9,Sexual slavery/exploitation,scope_of_violence,Yes,No,1.0,0.0,false_negative,1.0,,"The provided sentences include general references to sexual harm and to “exploitation” (e.g., violence and exploitation against children), but they do not explicitly refer to sexual exploitation/sexual slavery, exploitation for sexual purposes, prostitution, or trafficking for sexual exploitation as required by the coding rules.",Reference only
JAWA TENGAH MAGELANG KOTA,JAWA_TENGAH_MAGELANG_KOTA.txt,2.3,Data collection systems,institutional_mechanism,No,Yes,0.0,1.0,false_positive,1.0,"Monitoring and reporting as referred to in Article 12 letter f, includes monitoring, documentation, and reporting of cases of violence against women and children.","The policy explicitly links monitoring, documentation, and reporting to cases of violence against women and children, which meets the criterion for requiring collection/recording/documentation/reporting of VAW-related case information.",Reference only
JAWA TENGAH MAGELANG KOTA,JAWA_TENGAH_MAGELANG_KOTA.txt,2.5,Training and capacity building,institutional_mechanism,Yes,No,1.0,0.0,false_negative,0.999977111947373,,"While the policy mentions increasing the capacity of service provider institutions, the provided sentences frame this as a governmental authority and do not explicitly mandate training, technical guidance, or capacity-building activities for implementing personnel/service providers as a required duty under the policy.",Reference only
JAWA TENGAH MAGELANG KOTA,JAWA_TENGAH_MAGELANG_KOTA.txt,3.3,Reporting/hotline service,specialised_support_services,Yes,No,1.0,0.0,false_negative,0.9782004252976184,,"The retrieved text defines “complaint” and includes inter-agency reporting obligations and general community participation in reporting violence, but it does not explicitly establish or mandate a service/mechanism/channel for receiving complaints/reports from victims or the public (e.g., a designated intake service, procedure, or unit for receiving complaints).",Reference only
JAWA TENGAH MAGELANG KOTA,JAWA_TENGAH_MAGELANG_KOTA.txt,4.4,Prevention through education,primary_prevention,Yes,No,1.0,0.0,false_negative,0.9779363246772659,,"While the policy includes prevention activities described broadly as communication, information, and education about violence, and notes that prevention must also be carried out by educational institutions, it does not explicitly identify formal education instruments (e.g., school-based programs, curricula, teaching/learning materials, education centers) as a prevention mechanism, which the coding rules require for a Yes.",Reference only
JAWA TENGAH PATI,JAWA_TENGAH_PATI.txt,6.5,People with disability,intersectional_approach,Yes,No,1.0,0.0,false_negative,0.986344439299969,,"The passages include disability only as part of a non-discrimination principle (physical or mental condition) and mention children with disabilities in a child-protection context, but do not identify people with disabilities (or women with disabilities) as beneficiaries of special protection/services or provide disability-specific measures, which the coding rules exclude.",Reference only
JAWA TENGAH PEKALONGAN,JAWA_TENGAH_PEKALONGAN.txt,2.5,Training and capacity building,institutional_mechanism,Yes,No,1.0,0.0,false_negative,0.9641092067540871,,"The text mentions “increasing the capacity of service provider institutions,” but it does not explicitly mandate training, technical guidance, or professional development activities for implementing personnel/service providers. Under the coding rules, a general reference to capacity increase without explicit training/capacity-building measures aimed at implementers is insufficient.",Reference only
JAWA TENGAH PEKALONGAN,JAWA_TENGAH_PEKALONGAN.txt,4.4,Prevention through education,primary_prevention,Yes,No,1.0,0.0,false_negative,0.9998550467570206,,"Although the policy includes “conducting education on anti-gender-based violence values” as a prevention effort, the cited text does not explicitly involve formal education instruments or institutions (e.g., schools, curricula, teaching materials, education sector bodies) as required by the criterion’s coding rules; it is framed as general education/awareness rather than an education-institution-based prevention strategy.",Reference only
JAWA TENGAH PEKALONGAN,JAWA_TENGAH_PEKALONGAN.txt,6.2,Women victims of trafficking,intersectional_approach,No,Yes,0.0,1.0,false_positive,1.0,"10. Law Number 21 of 2007 concerning the Eradication of the Criminal Act of Trafficking in Persons (State Gazette of the Republic of Indonesia of 2007 Number 58, Supplement to the State Gazette of the Republic of Indonesia Number 4720);","The policy’s legal basis explicitly cites the national law on eradication of trafficking in persons, which (per the coding rules) is sufficient to include trafficking cases/victims within scope even without further trafficking-specific measures in the retrieved sentences.",Reference only
JAWA TENGAH PEKALONGAN,JAWA_TENGAH_PEKALONGAN.txt,6.5,People with disability,intersectional_approach,Yes,No,1.0,0.0,false_negative,0.999839789132067,,"The only disability-related reference is within a non-discrimination principle (“physical or mental condition”), which the coding rules explicitly exclude as insufficient for a Yes absent disability-specific protection/services or identification of people with disabilities as a special-protection target group.",Reference only
JAWA TENGAH PEKALONGAN,JAWA_TENGAH_PEKALONGAN.txt,6.7,Women from minority groups,intersectional_approach,Yes,No,1.0,0.0,false_negative,1.0,,"Although the policy includes a general non-discrimination statement referencing ethnicity, religion, race, culture, and language, it does not explicitly identify minority/isolated women as a target group for special protection measures or services.",Reference only
JAWA TENGAH PEKALONGAN KOTA,JAWA_TENGAH_PEKALONGAN_KOTA.txt,4.4,Prevention through education,primary_prevention,Yes,No,1.0,0.0,false_negative,0.986382326174791,,"Although the policy includes prevention measures that use the word “education” (e.g., education on anti-violence values and increasing the number/quality of education), the candidate sentences do not explicitly identify formal education instruments or institutions (such as schools, curricula, teaching/learning materials, or education institutions) as the prevention mechanism, as required by the coding rules. The references are broad and do not specify school-based/curriculum/institutional education as the preventive strategy.",Reference only
JAWA TENGAH PEKALONGAN KOTA,JAWA_TENGAH_PEKALONGAN_KOTA.txt,6.8,Women in legal process,intersectional_approach,No,Yes,0.0,1.0,false_positive,0.9998245316235193,"The forms of services and assistance organized by LP-PAR are also provided to women in conflict with the law.
In addition, in the context of empowerment and protection of women, there needs to be legal, psychological, social and economic assistance when women are faced with legal processes.","The policy explicitly states that LP-PAR services and assistance are also provided to “women in conflict with the law,” and further notes the need for legal, psychological, social, and economic assistance when women face legal processes. This directly meets the criterion of providing services/protection for women in conflict with the law.",Reference only
JAWA TENGAH PURBALINGGA,JAWA_TENGAH_PURBALINGGA.txt,2.3,Data collection systems,institutional_mechanism,No,Yes,0.0,1.0,false_positive,1.0,"Monitoring and Reporting as referred to in Article 9 letter i constitute activities that include monitoring, documenting and reporting cases of gender-based violence and children.
document and report every case of gender-based violence and children handled to PPT PKBGA.","The policy explicitly requires monitoring, documenting, and reporting of cases of gender-based violence and violence against children, and assigns UPPTK an obligation to document and report every handled case to the integrated service center, meeting the criterion for case data/documentation functions linked to violence cases.",Reference only
JAWA TENGAH PURBALINGGA,JAWA_TENGAH_PURBALINGGA.txt,2.5,Training and capacity building,institutional_mechanism,Yes,No,1.0,0.0,false_negative,0.9985280687667593,,"While the policy mentions an authority to increase the capacity of service provider institutions, the retrieved sentences do not explicitly mandate training, technical guidance, or capacity-building activities as a duty/responsibility for implementing personnel or service providers (the language is framed as authority rather than a required training/capacity-building program).",Reference only
JAWA TENGAH PURBALINGGA,JAWA_TENGAH_PURBALINGGA.txt,6.5,People with disability,intersectional_approach,Yes,No,1.0,0.0,false_negative,0.9978725312596644,,"The only disability-related reference is a non-discrimination principle that includes “physical or mental condition,” which the coding rules explicitly exclude as insufficient for a Yes absent disability-specific protections or identification of persons with disabilities as a special protected group.",Reference only
JAWA TENGAH PURBALINGGA,JAWA_TENGAH_PURBALINGGA.txt,6.7,Women from minority groups,intersectional_approach,Yes,No,1.0,0.0,false_negative,1.0,,"Although the non-discrimination principle lists characteristics such as ethnicity, religion, race, culture, and language, the text does not identify minority/isolated women as a specific target group or provide special protection measures for them; it remains a general non-discrimination statement.",Reference only
JAWA TENGAH PURWOREJO,JAWA_TENGAH_PURWOREJO.txt,1.1,Domestic violence,scope_of_violence,No,Yes,0.0,1.0,false_positive,0.9896812520698255,"9. Female Victim is a woman who experiences suffering physically, psychologically, sexually, economically, socially, and other losses caused by violence, exploitation and/or gender-based discrimination whether occurring in the public sphere or in the sphere of personal life.","The policy defines a “Female Victim” as a woman suffering losses caused by violence or discrimination occurring either in the public sphere or in the sphere of personal life, which implicitly includes violence in the private/personal sphere (i.e., domestic/intimate-partner contexts) even though the term “domestic violence” is not used.",Reference only
JAWA TENGAH PURWOREJO,JAWA_TENGAH_PURWOREJO.txt,5.2,Religious engagement,stakeholder_engagement,No,Yes,0.0,1.0,false_positive,0.9990618045941528,provision of Assistants in the religious mental spiritual field; and,"The policy includes provision of assistants in the religious/mental/spiritual field, indicating involvement of faith-related actors in service delivery/support for victims (at least for child victims).",Reference only
JAWA TENGAH PURWOREJO,JAWA_TENGAH_PURWOREJO.txt,5.3,Traditional/cultural engagement,stakeholder_engagement,No,Yes,0.0,1.0,false_positive,0.8482836399575128,"6. Village is a village and customary village or called by another name, hereinafter referred to as Village, is a legal community unit that has territorial boundaries authorized to regulate and manage government affairs, the interests of the local community based on community initiative, rights of origin, and or traditional rights that are recognized and respected in the government system of the Unitary State of the Republic of Indonesia and located in Purworejo Regency.","The policy defines the village as including customary villages, which reasonably implies inclusion of customary/community mechanisms within the implementation structure at village level (even though it does not explicitly name customary leaders or institutions in service/prevention roles).",Reference only
JAWA TENGAH SALATIGA KOTA,JAWA_TENGAH_SALATIGA_KOTA.txt,2.3,Data collection systems,institutional_mechanism,No,Yes,0.0,1.0,false_positive,0.999732989016709,"Monitoring and reporting as referred to in Article 10 letter f includes monitoring, documentation, and reporting on the handling and resolution of cases of Gender-Based Violence and Children.","The policy explicitly links monitoring, documentation, and reporting to the handling and resolution of cases of gender-based violence and children, which meets the requirement for documenting/reporting case-related information on violence.",Reference only
JAWA TENGAH SALATIGA KOTA,JAWA_TENGAH_SALATIGA_KOTA.txt,2.5,Training and capacity building,institutional_mechanism,Yes,No,1.0,0.0,false_negative,0.8798266996519848,,"The only potentially relevant provision is an obligation to increase the capacity of service provider institutions, but the candidate sentences do not explicitly mandate training/technical guidance/professional development for implementing personnel as required by the coding rules; other mentions of guidance/supervision or victims’ skills training are excluded by the rules.",Reference only
JAWA TENGAH SALATIGA KOTA,JAWA_TENGAH_SALATIGA_KOTA.txt,4.4,Prevention through education,primary_prevention,Yes,No,1.0,0.0,false_negative,1.0,,"While the policy includes “communication, information, and education” regarding gender-based violence as part of prevention, the retrieved sentences do not explicitly identify formal education instruments or institutions (e.g., schools, curricula, teaching/learning materials, education sector bodies, learning/training centres) as the prevention mechanism. Under the coding rules, broad CIE/socialisation without explicit involvement of education institutions or curricula does not qualify.",Reference only
JAWA TENGAH SALATIGA KOTA,JAWA_TENGAH_SALATIGA_KOTA.txt,5.1,NGO collaboration,stakeholder_engagement,Yes,No,1.0,0.0,false_negative,0.9051482536448665,,"The cited provisions refer to involvement of “elements of the community” and “related stakeholders,” and to cooperation with “service provider institutions,” but they do not explicitly identify NGOs/civil society organisations or other non-government organisations as partners in prevention or service delivery. Under the coding rules, general community/stakeholder references without identifying non-government organisations are insufficient.",Reference only
JAWA TENGAH SALATIGA KOTA,JAWA_TENGAH_SALATIGA_KOTA.txt,6.5,People with disability,intersectional_approach,Yes,No,1.0,0.0,false_negative,0.6351489523872873,,"The only disability-related reference is within a non-discrimination principle that protection is provided without distinguishing physical and mental condition. The provided passages do not explicitly identify people with disabilities (or women with disabilities) as a target group for special protection/services or provide disability-specific measures or accommodations, which the coding rules exclude as insufficient.",Reference only
JAWA TENGAH SALATIGA KOTA,JAWA_TENGAH_SALATIGA_KOTA.txt,6.7,Women from minority groups,intersectional_approach,Yes,No,1.0,0.0,false_negative,1.0,,"While the policy includes a general non-discrimination principle referencing ethnicity, religion, race, culture, and language, it does not explicitly identify women from minority/isolated/indigenous groups as a protected target group or beneficiaries of special protection measures; it remains a general principle rather than targeted measures for minority women.",Reference only
JAWA TENGAH SEMARANG,JAWA_TENGAH_SEMARANG.txt,1.2,Sexual violence,scope_of_violence,Yes,No,1.0,0.0,false_negative,1.0,,"Across the provided candidate sentences, the policy discusses violence generally and related services, but does not explicitly mention sexual violence (e.g., rape, sexual assault/harassment) nor classify sexual violence as a covered form of violence, nor cite a sexual-violence-specific legal framework.",Reference only
JAWA TENGAH SEMARANG,JAWA_TENGAH_SEMARANG.txt,1.3,Physical violence,scope_of_violence,Yes,No,1.0,0.0,false_negative,1.0,,"The candidate sentences refer to 'violence' in general and to protection/services for victims, but do not explicitly mention physical violence/assault/bodily harm or otherwise classify physical violence as a covered type. The cited domestic violence law is not, in these excerpts, used to specify physical violence as such.",Reference only
JAWA TENGAH SEMARANG,JAWA_TENGAH_SEMARANG.txt,1.9,Sexual slavery/exploitation,scope_of_violence,Yes,No,1.0,0.0,false_negative,0.9638544788848158,,"While the policy discusses commercial sex workers and mentions trafficking prevention, the candidate sentences do not explicitly frame this as sexual exploitation/sexual slavery, nor do they state exploitation for sexual purposes or provide an explicit sexual-exploitation classification. General references to sex work or trafficking without explicit sexual exploitation language are insufficient under the coding rules.",Reference only
JAWA TENGAH SEMARANG,JAWA_TENGAH_SEMARANG.txt,2.2,Collaboration with NGOs,institutional_mechanism,Yes,No,1.0,0.0,false_negative,0.9993363528070438,,"The candidate sentences discuss coordination among government units (SKPD), community and business sector participation, and forums for women’s participation/organizations, but they do not explicitly mention NGOs, civil society organisations, community organisations as service providers, or any cooperation mechanism with non-government service providers as required by the coding rules.",Reference only
JAWA TENGAH SEMARANG,JAWA_TENGAH_SEMARANG.txt,2.3,Data collection systems,institutional_mechanism,Yes,No,1.0,0.0,false_negative,1.0,,"While the text mentions “mapping, collection, processing and presentation of data” and periodic monitoring/evaluation/reporting, it does not explicitly link these data activities to violence against women, victims of violence, or violence cases. Under the coding rules, general data and reporting provisions without an explicit VAW/case/victim linkage are insufficient.",Reference only
JAWA TENGAH SEMARANG,JAWA_TENGAH_SEMARANG.txt,3.3,Reporting/hotline service,specialised_support_services,Yes,No,1.0,0.0,false_negative,1.0,,"While the text refers to integrated services (P2TP2A) and various protections/services, none of the candidate sentences explicitly establish or describe a mechanism/service for receiving reports or complaints of violence (e.g., complaint intake, reporting channel, hotline, or procedures for receiving complaints).",Reference only
JAWA TENGAH SEMARANG,JAWA_TENGAH_SEMARANG.txt,3.10,Economic support,specialised_support_services,Yes,No,1.0,0.0,false_negative,0.9999847412691449,,"Although the policy contains economic empowerment measures for women generally and for other categories (e.g., homeless women, women heads of household, former inmates), the candidate sentences do not explicitly link economic support (skills training, financial access, livelihoods) to women victims of violence as required by the coding rules.",Reference only
JAWA TENGAH SEMARANG,JAWA_TENGAH_SEMARANG.txt,4.1,Information and education about VAW,primary_prevention,Yes,No,1.0,0.0,false_negative,0.9540452601799487,,"The cited provisions mention general socialization and dissemination of materials about women’s empowerment and protection policies and related issues, and describe services for victims (e.g., rehabilitation/reintegration). They do not explicitly describe awareness-raising/education activities specifically about violence against women, protection from violence, prohibition/dangers of VAW, or anti-violence norms as a preventive measure (as required by the coding rules). References to prevention of violence appear as general aims or as part of integrated service functions, but not as explicit VAW-focused education/awareness activities.",Reference only
JAWA TENGAH SEMARANG,JAWA_TENGAH_SEMARANG.txt,4.3,VAW laws awareness,primary_prevention,Yes,No,1.0,0.0,false_negative,0.9998169029128974,,"The passages include general legal awareness/knowledge activities and socialization about women empowerment and protection policies, plus post-violence services (legal aid, assistance after violence). However, they do not specify that the information/education/socialization is about laws/regulations/policies related to VAW (e.g., domestic violence, sexual violence, trafficking) nor do they explicitly frame such legal-awareness activities as a prevention strategy for VAW, which the coding rules require.",Reference only
JAWA TENGAH SEMARANG,JAWA_TENGAH_SEMARANG.txt,7.3,International donors,budget_funding_sources,No,Yes,0.0,1.0,false_positive,1.0,"coordinating the participation of the business sector and other institutions, including international assistance for women empowerment and protection; and","The policy explicitly mentions coordinating participation of institutions including international assistance for women empowerment and protection, indicating international support involvement.",Reference only
JAWA TENGAH SEMARANG KOTA,JAWA_TENGAH_SEMARANG_KOTA.txt,3.3,Reporting/hotline service,specialised_support_services,Yes,No,1.0,0.0,false_negative,0.9717288177389292,,"The text notes that community members may report violence to law enforcement/authorized parties and that victims have a right to complaint handling, but it does not explicitly establish or describe a specific mechanism/service/unit/channel for receiving complaints or reports (e.g., hotline, complaint desk, designated reporting service) beyond general reporting by the public.",Reference only
JAWA TENGAH SEMARANG KOTA,JAWA_TENGAH_SEMARANG_KOTA.txt,4.3,VAW laws awareness,primary_prevention,No,Yes,0.0,1.0,false_positive,0.9779363246772659,"Disseminating information about laws and regulations related to violence against women and children.
3. disseminating laws and regulations related to the implementation of protection for women and children victims of violence;","The policy explicitly includes dissemination of information about laws and regulations related to violence against women and children, and frames these activities within implementation/prevention responsibilities, satisfying the requirement for prevention-oriented legal awareness activities about VAW-related laws/regulations.",Reference only
JAWA TENGAH SEMARANG KOTA,JAWA_TENGAH_SEMARANG_KOTA.txt,5.5,International organisations engagement,stakeholder_engagement,Yes,No,1.0,0.0,false_negative,0.999893191328687,,"The candidate sentences reference the “international community” in a contextual/background sense and mention possible “non-binding foreign aid” as a financing source, but do not identify or engage international organizations as stakeholders/partners for service delivery or prevention collaboration.",Reference only
JAWA TENGAH SEMARANG KOTA,JAWA_TENGAH_SEMARANG_KOTA_v2.txt,2.3,Data collection systems,institutional_mechanism,Yes,No,1.0,0.0,false_negative,1.0,,"While the text mentions “mapping, collecting, processing and presenting data” and refers to gender-disaggregated data, the candidate sentences do not explicitly link these data activities to violence against women, victims, or violence cases as required by the coding rules. The remaining references to monitoring/reporting are general to programs and activities rather than explicitly VAW case data systems.",Reference only
JAWA TENGAH SEMARANG KOTA,JAWA_TENGAH_SEMARANG_KOTA_v2.txt,5.3,Traditional/cultural engagement,stakeholder_engagement,No,Yes,0.0,1.0,false_positive,0.9998703044983814,"increasing the capacity of regional governments, government agencies, institutions, community institutions, business sector, Islamic boarding schools, community organizations, media, religious leaders, community leaders and communities;
community leaders;","The policy explicitly includes “community leaders” as targets/partners in prevention capacity-building and as actors involved in cooperation/integration for strengthening protection institutions, which fits the coding rule that community leaders/community figures count as traditional/community engagement in implementation.",Reference only
JAWA TENGAH SEMARANG KOTA,JAWA_TENGAH_SEMARANG_KOTA_v2.txt,5.5,International organisations engagement,stakeholder_engagement,No,Yes,0.0,1.0,false_positive,1.0,"coordinating the participation of the business sector and other institutions, and international assistance for Women's Empowerment and Protection; and","The policy explicitly mentions coordinating “international assistance” for women’s empowerment and protection, which constitutes international support/engagement relevant to implementation and potentially service delivery.",Reference only
JAWA TENGAH SEMARANG KOTA,JAWA_TENGAH_SEMARANG_KOTA_v2.txt,6.7,Women from minority groups,intersectional_approach,No,Yes,0.0,1.0,false_positive,1.0,"indigenous women;
women in situations of intolerance;","The policy explicitly includes “indigenous women” and “women in situations of intolerance” among vulnerable women groups eligible for women’s protection, which constitutes identification of minority/isolated or socially excluded women as beneficiaries of protection.",Reference only
JAWA TENGAH SEMARANG KOTA,JAWA_TENGAH_SEMARANG_KOTA_v2.txt,7.3,International donors,budget_funding_sources,No,Yes,0.0,1.0,false_positive,1.0,"coordinating the participation of the business sector and other institutions, and international assistance for Women's Empowerment and Protection; and","The policy explicitly references coordinating participation of ""international assistance"" for Women's Empowerment and Protection, which meets the criterion for international support involvement.",Reference only
JAWA TENGAH SUKOHARJO,JAWA_TENGAH_SUKOHARJO.txt,1.8,Human trafficking,scope_of_violence,No,Yes,0.0,1.0,false_positive,1.0,"14. Law Number 21 of 2007 concerning the Eradication of the Criminal Act of Trafficking in Persons (State Gazette of the Republic of Indonesia of 2007 Number 58, Supplement to the State Gazette of the Republic of Indonesia Number 4720);","The policy’s legal basis explicitly cites a law concerning the eradication of trafficking in persons, which is sufficient to code inclusion of human trafficking under the coding rules.",Reference only
JAWA TENGAH SUKOHARJO,JAWA_TENGAH_SUKOHARJO.txt,2.3,Data collection systems,institutional_mechanism,No,Yes,0.0,1.0,false_positive,1.0,"Monitoring and reporting as referred to in Article 8 letter f includes monitoring, documentation and evaluation of cases of gender-based violence and violence against children.","The policy explicitly links monitoring, documentation, and evaluation to cases of gender-based violence and violence against children, which meets the criterion for requiring documentation/monitoring/reporting of violence cases (a data/information function).",Reference only
JAWA TENGAH SUKOHARJO,JAWA_TENGAH_SUKOHARJO.txt,3.3,Reporting/hotline service,specialised_support_services,Yes,No,1.0,0.0,false_negative,0.9998550467570206,,"The retrieved sentences discuss inter-agency reporting/monitoring and community conveying information to authorized officials, but they do not establish or describe a designated mechanism/service unit/channel for receiving complaints or reports of violence from victims or the public (e.g., hotline, intake desk, formal complaint-receiving service). Under the coding rules, general reporting/monitoring and generic ‘conveying information’ without an explicit receiving mechanism is not enough.",Reference only
JAWA TENGAH SUKOHARJO,JAWA_TENGAH_SUKOHARJO.txt,6.2,Women victims of trafficking,intersectional_approach,No,Yes,0.0,1.0,false_positive,1.0,"14. Law Number 21 of 2007 concerning the Eradication of the Criminal Act of Trafficking in Persons (State Gazette of the Republic of Indonesia of 2007 Number 58, Supplement to the State Gazette of the Republic of Indonesia Number 4720);
23. Government Regulation Number 9 of 2008 concerning Procedures and Mechanisms for Integrated Services for Witnesses and/or Victims of the Criminal Act of Trafficking in Persons (State Gazette of the Republic of Indonesia of 2008 Number 22, Supplement to the State Gazette of the Republic of Indonesia Number 4818);","The policy’s legal basis explicitly references trafficking in persons legislation and an implementing regulation on integrated services for trafficking victims, which (per coding rules) is sufficient to include trafficking victims within scope.",Reference only
JAWA TENGAH SURAKARTA KOTA,JAWA_TENGAH_SURAKARTA_KOTA.txt,2.3,Data collection systems,institutional_mechanism,Yes,No,1.0,0.0,false_negative,0.9779363246772659,,"The candidate sentences discuss monitoring, reporting, coordination, and building an information system for prevention, but they do not explicitly link any data/information system or data collection/recording/management function to violence cases, victims, or VAW case data; references to reporting/monitoring are general policy-implementation monitoring rather than a VAW data system.",Reference only
JAWA TENGAH SURAKARTA KOTA,JAWA_TENGAH_SURAKARTA_KOTA.txt,2.5,Training and capacity building,institutional_mechanism,Yes,No,1.0,0.0,false_negative,0.9894687425335726,,"The retrieved sentences reference training and capacity building primarily for women’s empowerment (e.g., training for women, community participation trainings, employers providing skills training) and general capacity increases, but do not explicitly mandate training/capacity building for government officials, implementing agencies, or service providers responsible for implementing the women’s protection/VAW response policy as required by the coding rules.",Reference only
JAWA TENGAH SURAKARTA KOTA,JAWA_TENGAH_SURAKARTA_KOTA.txt,3.8,Religious/spiritual counselling,specialised_support_services,Yes,No,1.0,0.0,false_negative,0.9997940169556383,,The provided sentences do not explicitly mention religious or spiritual counselling/guidance/mentoring as a victim service; references to religion-related institutions for cooperation do not specify counselling or spiritual support services.,Reference only
JAWA TENGAH SURAKARTA KOTA,JAWA_TENGAH_SURAKARTA_KOTA.txt,4.3,VAW laws awareness,primary_prevention,Yes,No,1.0,0.0,false_negative,0.12435300177159625,,"The policy mentions prevention through socialization regarding laws and regulations related to the protection of women’s rights, but it does not specify that these laws/regulations are about violence against women (e.g., domestic/sexual violence, trafficking, child marriage) or legal protections specifically related to VAW; therefore it does not meet the requirement for VAW-laws-specific awareness activities.",Reference only
JAWA TENGAH TEMANGGUNG,JAWA_TENGAH_TEMANGGUNG.txt,2.5,Training and capacity building,institutional_mechanism,Yes,No,1.0,0.0,false_negative,0.9969429515628037,,"While the text mentions institutional capacity strengthening (e.g., for gender mainstreaming institutions) and job/skills training in the context of women’s economic empowerment, it does not explicitly mandate training/technical guidance/professional development for government officials, implementing agencies, or service providers responsible for implementing women’s protection/VAW services as required by the coding rules.",Reference only
JAWA TENGAH TEMANGGUNG,JAWA_TENGAH_TEMANGGUNG.txt,4.2,Gender equality education,primary_prevention,No,Yes,0.0,1.0,false_positive,0.989385262854364,conducting socialization of women's rights;,"The policy explicitly includes, within a list of efforts ""to prevent the occurrence of acts of Violence against Women,"" an activity to conduct socialization of women’s rights. This is an educational/awareness activity about women’s rights that is explicitly situated as a VAW prevention measure, satisfying the coding rules.",Reference only
JAWA TENGAH TEMANGGUNG,JAWA_TENGAH_TEMANGGUNG.txt,4.4,Prevention through education,primary_prevention,Yes,No,1.0,0.0,false_negative,0.9997406174072243,,"Although the policy mentions “conducting education on anti-Violence against Women values” and “improving education for women” in the context of prevention, the candidate sentences do not explicitly identify formal education instruments or institutions (e.g., schools, curricula, teaching/learning materials, learning/training centres, or education-sector bodies) as the prevention mechanism, which the coding rules require for this indicator.",Reference only
JAWA TENGAH TEMANGGUNG,JAWA_TENGAH_TEMANGGUNG.txt,7.2,National government budget,budget_funding_sources,Yes,No,1.0,0.0,false_negative,0.999732989016709,,"The candidate sentences discuss regional government responsibilities and gender-responsive budgeting generally, but do not explicitly identify the national government budget (state budget) as a funding source for the policy.",Reference only
JAWA TENGAH TEMANGGUNG,JAWA_TENGAH_TEMANGGUNG.txt,7.4,Other legal sources,budget_funding_sources,Yes,No,1.0,0.0,false_negative,1.0,,"The retrieved sentences list legal bases (constitution, laws, regulations) and describe programmatic measures, but they do not identify any non-governmental or alternative legally recognized funding sources (e.g., grants, CSR, philanthropy, earmarked funds) as budget/funding sources.",Reference only
JAWA TENGAH WONOGIRI,JAWA_TENGAH_WONOGIRI.txt,2.3,Data collection systems,institutional_mechanism,No,Yes,0.0,1.0,false_positive,1.0,"Monitoring and Reporting as referred to in Article 10, includes monitoring, documentation and reporting of cases of gender-based violence and violence against children.","The policy explicitly links monitoring, documentation, and reporting to cases of gender-based violence and violence against children, which satisfies the criterion’s requirement for mandated documentation/reporting of violence cases (a data/information function).",Reference only
JAWA TENGAH WONOGIRI,JAWA_TENGAH_WONOGIRI.txt,2.5,Training and capacity building,institutional_mechanism,No,Yes,0.0,1.0,false_positive,0.9987034233891436,"4. Social community organizations that participate in the implementation of protection for victims of gender-based violence and children as referred to in paragraph (3) shall be provided guidance by the Wonogiri Regency Government through regional apparatus in accordance with their main duties and functions.
5. Guidance as referred to in paragraph (4) may be in the form of counseling guidance, skills guidance, paralegal training and operational technical guidance.","The policy states that participating social community organizations shall be provided guidance by the local government, and specifies that such guidance may include paralegal training and operational technical guidance—constituting explicit training/technical guidance to support implementation actors.",Reference only
JAWA TENGAH WONOGIRI,JAWA_TENGAH_WONOGIRI.txt,3.3,Reporting/hotline service,specialised_support_services,Yes,No,1.0,0.0,false_negative,0.999893191328687,,"The text includes monitoring/reporting of cases and encourages community members to report violence, but it does not explicitly establish or designate a service/mechanism/channel for receiving complaints or reports from victims/the public (e.g., a reporting desk, hotline, or intake procedure).",Reference only
JAWA TENGAH WONOSOBO,JAWA_TENGAH_WONOSOBO.txt,1.6,Harmful practices,scope_of_violence,No,Yes,0.0,1.0,false_positive,0.35835739835078595,"3. Law Number 1 of 1974 concerning Marriage (State Gazette of the Republic of Indonesia of 1974 Number 1, Supplement to the State Gazette of the Republic of Indonesia Number 3019);","The policy cites the national Marriage Law in its legal foundation; under the coding rules, citing relevant legal frameworks addressing harmful practices (e.g., child/early marriage laws) is sufficient to code inclusion.",Reference only
JAWA TENGAH WONOSOBO,JAWA_TENGAH_WONOSOBO.txt,3.7,Psychosocial counselling,specialised_support_services,Yes,No,1.0,0.0,false_negative,0.989688842115934,,"The text mentions “mental” guidance and “social counseling,” but does not explicitly provide psychological/psychosocial counselling or psychological services/therapy/trauma counselling for victims; the references are framed as general guidance/counseling activities rather than psychological/psychosocial victim counselling services as defined in the coding rules.",Reference only
JAWA TENGAH WONOSOBO,JAWA_TENGAH_WONOSOBO.txt,3.10,Economic support,specialised_support_services,Yes,No,1.0,0.0,false_negative,0.9638919367935945,,"While the policy provides education/training and opportunities to work/do business for certain categories of women (unable, neglected, exploited, trafficked, prostitutes), the cited text does not explicitly specify that these economic measures are available to women victims of violence (gender-based violence) as required by the coding rules.",Reference only
JAWA TENGAH WONOSOBO,JAWA_TENGAH_WONOSOBO.txt,4.1,Information and education about VAW,primary_prevention,Yes,No,1.0,0.0,false_negative,0.9976972495349266,,"The candidate sentences mention goals to eliminate violence against women and children and list generic “prevention efforts” including “social counseling and guidance,” but they do not explicitly describe information/education/awareness activities that are specifically about violence against women, gender-based violence, protection from violence, or anti-violence norms/values. References to increasing awareness are general (e.g., business world/social responsibility) and not tied to VAW content as required by the coding rules.",Reference only
JAWA TENGAH WONOSOBO,JAWA_TENGAH_WONOSOBO.txt,4.4,Prevention through education,primary_prevention,Yes,No,1.0,0.0,false_negative,1.0,,"The candidate sentences list “improvement of health and education levels” among possible “Prevention Efforts,” but they do not explicitly link education institutions, curricula, school-based programs, or specific educational instruments to preventing violence against women or children. The references to education/training services appear as service provision for women in vulnerable situations rather than an explicit education-based prevention mechanism for violence, which the coding rules require.",Reference only
JAWA TENGAH WONOSOBO,JAWA_TENGAH_WONOSOBO.txt,5.4,Education institutions engagement,stakeholder_engagement,No,Yes,0.0,1.0,false_positive,1.0,social work educational institutions; and,"The policy explicitly references “social work educational institutions” as part of professional organizations, which constitutes inclusion of an education institution within stakeholder structures relevant to implementation.",Reference only
JAWA TENGAH WONOSOBO,JAWA_TENGAH_WONOSOBO.txt,5.5,International organisations engagement,stakeholder_engagement,Yes,No,1.0,0.0,false_negative,0.8093010702017811,,"While the policy mentions “Foreign social welfare institutions,” the provided sentences do not explicitly indicate engagement/collaboration with international organizations or international support for service delivery or prevention; “foreign social welfare institutions” could be non-international entities and no collaboration/support role is specified in the excerpts.",Reference only
JAWA TENGAH WONOSOBO,JAWA_TENGAH_WONOSOBO.txt,7.1,Local government budget,budget_funding_sources,No,Yes,0.0,1.0,false_positive,1.0,What is meant by facilities and infrastructure in this regulation are all facilities funded and obtained from the Regional Budget and/or State Budget to support social welfare functions.,"The text explicitly states that facilities and infrastructure are funded and obtained from the Regional Budget and/or State Budget, which directly indicates use of a local (regional) government budget as a funding source.",Reference only
JAWA TENGAH WONOSOBO,JAWA_TENGAH_WONOSOBO.txt,7.2,National government budget,budget_funding_sources,No,Yes,0.0,1.0,false_positive,1.0,What is meant by facilities and infrastructure in this regulation are all facilities funded and obtained from the Regional Budget and/or State Budget to support social welfare functions.,"The policy explicitly references the State Budget as a funding source for facilities and infrastructure, which constitutes national government budget funding.",Reference only
JAWA TENGAH WONOSOBO,JAWA_TENGAH_WONOSOBO.txt,7.3,International donors,budget_funding_sources,No,Yes,0.0,1.0,false_positive,0.809301070201781,Foreign social welfare institutions.,"The policy includes 'Foreign social welfare institutions' among entities that may carry out community roles/participation, which indicates an explicit international (foreign) institutional component involved in implementation/participation related to social protection for women and children.",Reference only
JAWA TIMUR BANGKALAN,JAWA_TIMUR_BANGKALAN.txt,1.8,Human trafficking,scope_of_violence,No,Yes,0.0,1.0,false_positive,0.9984060920162849,17. Presidential Decree Number 88 of 2002 concerning National Action Plan (RAN) for the Elimination of Trafficking in Women and Children;,"The legal basis explicitly references a national action plan for the elimination of trafficking in women and children, which satisfies the criterion via citation of a trafficking-related legal/policy framework.",Reference only
JAWA TIMUR BANGKALAN,JAWA_TIMUR_BANGKALAN.txt,3.3,Reporting/hotline service,specialised_support_services,Yes,No,1.0,0.0,false_negative,0.996097562214951,,"The text states that community members/individuals have the right to report incidents of violence, but it does not establish or describe a specific mechanism/service/channel (e.g., hotline, designated unit, procedures) for receiving and handling complaints/reports, which is required by the coding rules.",Reference only
JAWA TIMUR BANGKALAN,JAWA_TIMUR_BANGKALAN.txt,6.2,Women victims of trafficking,intersectional_approach,No,Yes,0.0,1.0,false_positive,0.9998626756131501,17. Presidential Decree Number 88 of 2002 concerning National Action Plan (RAN) for the Elimination of Trafficking in Women and Children;,"The policy’s legal foundation explicitly references a national action plan for the elimination of trafficking in women and children, which (per the coding rules) is sufficient to include trafficking victims within scope even without further trafficking-specific measures.",Reference only
JAWA TIMUR BANYUWANGI,JAWA_TIMUR_BANYUWANGI.txt,1.5,Economic violence,scope_of_violence,Yes,No,1.0,0.0,false_negative,0.24491866240370908,,"The candidate sentences mention “neglect” and “exploitation” as categories of violence/crime, and mention economic losses/conditions in restitution and recovery, but they do not explicitly identify economic violence/economic abuse/domestic or economic neglect as a form of violence against women, nor describe deprivation of economic resources as violence. The references to “neglect” are not specified as economic/domestic neglect, and the economic references are framed as consequences/compensation rather than a violence type.",Reference only
JAWA TIMUR BANYUWANGI,JAWA_TIMUR_BANYUWANGI.txt,4.1,Information and education about VAW,primary_prevention,No,Yes,0.0,1.0,false_positive,1.0,"4. The implementation as referred to in paragraph (3) is in the form of: policy analysis, coordination, advocacy, socialization, communication, information and education (KIE), training, service facilitation, service provision, development of women and child protection models and other forms.
2. The preventive or prevention method is carried out through various forms of protection, both by the community and the government, which are intended to prevent the occurrence of criminal acts of trafficking in persons and violence or victims of violence against women and children.","The policy explicitly includes “socialization, communication, information and education (KIE)” as forms of implementation for eliminating violence against women and children, and it explicitly situates prevention as intended to prevent trafficking and violence against women and children. This satisfies the criterion’s requirement for information/education activities about violence against women as a preventive measure.",Reference only
JAWA TIMUR BANYUWANGI,JAWA_TIMUR_BANYUWANGI.txt,4.3,VAW laws awareness,primary_prevention,Yes,No,1.0,0.0,false_negative,0.9998169029128974,,"The candidate sentences mention socialization/communication/information and education (KIE) generally, and they mention enforcement of laws/regulations in a repressive/handling method, plus victims’ right to obtain information about laws and regulations. However, none of the sentences explicitly describe prevention-oriented education/socialization specifically about laws, regulations, or policies related to violence against women (legal awareness-raising). The rules also prohibit inferring legal awareness from general KIE.",Reference only
JAWA TIMUR BANYUWANGI,JAWA_TIMUR_BANYUWANGI.txt,7.3,International donors,budget_funding_sources,No,Yes,0.0,1.0,false_positive,0.9998245316235193,"1. In implementing policies, programs, and activities for the protection of women and children victims of violence and trafficking in persons, the district government may cooperate with international institutions.","The policy explicitly allows the district government to cooperate with international institutions in implementing protection-related policies, programs, and activities, which constitutes explicit international involvement/support under the coding rules.",Reference only
JAWA TIMUR BLITAR,JAWA_TIMUR_BLITAR.txt,4.2,Gender equality education,primary_prevention,No,Yes,0.0,1.0,false_positive,0.0,"conducting socialization on violence prevention against women, as well as fulfillment of the rights of children and women.","The policy situates “socialization” as part of prevention efforts and explicitly links it to both violence prevention against women and the fulfillment of women’s rights, which constitutes an awareness-raising/education activity about women’s rights within a violence-prevention strategy.",Reference only
JAWA TIMUR BLITAR KOTA,JAWA_TIMUR_BLITAR_KOTA.txt,3.9,Resocialisation services,specialised_support_services,Yes,No,1.0,0.0,false_negative,0.8798266996519848,,"Although rehabilitation and reintegration are defined and referenced as stages/entitlements, the candidate sentences do not clearly assign rehabilitation/reintegration/resocialisation services to a specific service unit (e.g., UPT/P2TP2A) as a service responsibility; the only explicit unit service list does not include rehabilitation/reintegration as a service item.",Reference only
JAWA TIMUR BLITAR KOTA,JAWA_TIMUR_BLITAR_KOTA.txt,7.3,International donors,budget_funding_sources,No,Yes,0.0,1.0,false_positive,1.0,"1. The Implementation of Women's Empowerment and Protection of Women and Children Victims of Violence is realized in part through the establishment of integrated and networked UPT formed by the Regional Government, community, non-governmental organizations, donor institutions or other institutions.","The policy explicitly includes “donor institutions” among the entities involved in forming integrated and networked service units for women’s empowerment and protection, indicating an external donor support component consistent with international assistance/donor involvement.",Reference only
JAWA TIMUR BOJONEGORO,JAWA_TIMUR_BOJONEGORO.txt,3.9,Resocialisation services,specialised_support_services,Yes,No,1.0,0.0,false_negative,0.12435300177159625,,"Although victims’ rights include continuous handling up to the rehabilitation stage, the candidate sentences do not identify any service unit or mechanism as responsible for providing rehabilitation/reintegration/resocialisation services (P3A’s listed service forms do not include rehabilitation/reintegration).",Reference only
JAWA TIMUR BOJONEGORO,JAWA_TIMUR_BOJONEGORO.txt,6.2,Women victims of trafficking,intersectional_approach,No,Yes,0.0,1.0,false_positive,1.0,17. Presidential Decree Number 88 of 2002 concerning the National Action Plan (RAN) for the Elimination of Trafficking in Women and Children;,"The policy’s legal foundation explicitly references a national action plan on trafficking in women and children, which (per the coding rules) is sufficient to indicate trafficking cases/victims are within scope even without further trafficking-specific provisions.",Reference only
JAWA TIMUR JEMBER,JAWA_TIMUR_JEMBER.txt,2.1,Institutional network,institutional_mechanism,No,Yes,0.0,1.0,false_positive,1.0,"establishing and ensuring the operation of integrated service institutions for victims by involving community elements;
1. The implementation of protection for victims is carried out in an integrated manner within the PPT framework.
2. The Regency Integrated Service Center receives case referrals from service institutions in the Regency area.","The policy establishes an integrated service institutional framework (PPT) for victim protection and specifies that protection implementation is carried out in an integrated manner within this framework, including a referral function from other service institutions—together constituting an institutional coordination/referral network rather than isolated agency assignments.",Reference only
JAWA TIMUR JEMBER,JAWA_TIMUR_JEMBER.txt,6.2,Women victims of trafficking,intersectional_approach,No,Yes,0.0,1.0,false_positive,1.0,25. Presidential Decree of the Republic of Indonesia Number 88 Year 2002 concerning National Action Plan for the Elimination of Trafficking in Women and Children;,"The policy’s legal foundation explicitly references a national action plan on trafficking in women and children, which (per the coding rules) is sufficient to include trafficking within the policy’s scope.",Reference only
JAWA TIMUR JEMBER,JAWA_TIMUR_JEMBER.txt,7.5,Provincial government budget,budget_funding_sources,No,Yes,0.0,1.0,false_positive,1.0,"3. Sources of funds in the implementation of protection for women and children are sourced from the APBN, Provincial APBD, Regency APBD as well as other legal and non-binding sources.",The policy explicitly lists the Provincial APBD as a source of funds for implementing protection for women and children victims of violence.,Reference only
JAWA TIMUR JOMBANG,JAWA_TIMUR_JOMBANG.txt,1.5,Economic violence,scope_of_violence,Yes,No,1.0,0.0,false_negative,0.9935103077181417,,"The candidate sentences do not identify economic violence/abuse, economic exploitation, financial deprivation, or neglect as a form of violence. While “economic security” is mentioned in a general explanatory statement, it is not framed as a form/category of violence against women nor linked to specific abusive behaviors meeting the coding rules.",Reference only
JAWA TIMUR JOMBANG,JAWA_TIMUR_JOMBANG.txt,1.8,Human trafficking,scope_of_violence,No,Yes,0.0,1.0,false_positive,0.9999084493610688,13. Presidential Decree of the Republic of Indonesia Number 88 Year 2002 concerning National Action Plan (RAN) for the Elimination of Trafficking in Women and Children;,"The policy’s legal basis explicitly cites a presidential decree establishing a national action plan for the elimination of trafficking in women and children, which constitutes an explicit inclusion via legal framework reference under the coding rules.",Reference only
JAWA TIMUR JOMBANG,JAWA_TIMUR_JOMBANG.txt,2.1,Institutional network,institutional_mechanism,No,Yes,0.0,1.0,false_positive,1.0,"16. Integrated Service Center for the Protection of Women and Children hereinafter referred to as P2T-P2A is a service provider institution based in a Hospital for victims of violence, especially women and children, which is managed jointly by the regional government and the community incorporated in a Team carried out in a cross-functional and cross-sectoral manner in the form of medical services (including medico-legal), psycho-social and legal services;
The Implementation of Protection for victims is carried out in an integrated manner within the Integrated Service Center for the Protection of Women and Children (P2T-P2A).
3. The implementation of obligations as referred to in paragraph (1) and paragraph (2), is technically implemented in an integrated manner by the relevant Regional Work Units.","The policy defines an Integrated Service Center (P2T-P2A) as being managed jointly by the regional government and the community in a cross-functional and cross-sectoral team, and states that protection implementation is carried out in an integrated manner within P2T-P2A. It also indicates implementation is carried out in an integrated manner by relevant Regional Work Units, implying a coordination mechanism rather than isolated agency responsibilities.",Reference only
JAWA TIMUR JOMBANG,JAWA_TIMUR_JOMBANG.txt,3.2,Police specialised service unit,specialised_support_services,No,Yes,0.0,1.0,false_positive,1.0,"What is meant by fast, safe, empathetic, non-discriminatory, easily accessible and with guaranteed confidentiality in the handling/examination of women and children victims of violence, victims are examined at the Secretariat of P2T-P2A or the Women and Children Protection Unit (UPPA) Room, which is a special closed and comfortable room at the Police Unit, where women and children victims of Domestic Violence and violence or sexual harassment can report their cases safely to Policewomen who are empathetic, understanding and professional.","The policy explicitly refers to the Women and Children Protection Unit (UPPA) Room as a special room within the police unit where women and children victims can report cases, indicating a specialised police-based victim service unit.",Reference only
JAWA TIMUR JOMBANG,JAWA_TIMUR_JOMBANG.txt,6.2,Women victims of trafficking,intersectional_approach,No,Yes,0.0,1.0,false_positive,1.0,13. Presidential Decree of the Republic of Indonesia Number 88 Year 2002 concerning National Action Plan (RAN) for the Elimination of Trafficking in Women and Children;,"The policy’s legal foundation explicitly references a national action plan on trafficking in women and children, which (per the coding rules) is sufficient to include trafficking victims within scope even without further trafficking-specific measures.",Reference only
JAWA TIMUR LUMAJANG,JAWA_TIMUR_LUMAJANG.txt,1.8,Human trafficking,scope_of_violence,No,Yes,0.0,1.0,false_positive,1.0,18. Presidential Decree Number 88 Year 2002 concerning National Action Plan (RAN) for the Elimination of Trafficking in Women and Children;,"The policy’s legal foundation references a presidential decree establishing a national action plan for the elimination of trafficking in women and children, which is sufficient to count trafficking as included under the coding rules.",Reference only
JAWA TIMUR LUMAJANG,JAWA_TIMUR_LUMAJANG.txt,2.1,Institutional network,institutional_mechanism,No,Yes,0.0,1.0,false_positive,0.9999847412691449,"1. The implementation of protection for victims is carried out in an integrated manner within the PPT framework.
2. PPT Lumajang Regency may receive case referrals in Sub-districts within the Lumajang Regency Area.
11. Integrated Service Center, hereinafter abbreviated as PPT is an institution providing services to victims of violence, based in hospitals, managed jointly in the form of medical services (including medico-legal), psycho-social and legal services;","The policy establishes an integrated implementation framework through the PPT (Integrated Service Center), which is described as jointly managed and explicitly frames protection implementation as being carried out in an integrated manner within the PPT framework, including receiving referrals from sub-districts—together indicating an institutional coordination/referral mechanism rather than isolated agency responsibilities.",Reference only
JAWA TIMUR LUMAJANG,JAWA_TIMUR_LUMAJANG.txt,6.2,Women victims of trafficking,intersectional_approach,No,Yes,0.0,1.0,false_positive,0.9997711312602866,18. Presidential Decree Number 88 Year 2002 concerning National Action Plan (RAN) for the Elimination of Trafficking in Women and Children;,"The policy’s legal basis explicitly references a national action plan on trafficking in women and children, which (per the coding rules) is sufficient to include trafficking victims within scope even without trafficking-specific services described.",Reference only
JAWA TIMUR MADIUN,JAWA_TIMUR_MADIUN.txt,6.2,Women victims of trafficking,intersectional_approach,No,Yes,0.0,1.0,false_positive,0.9998169029128974,17. Presidential Decree Number 88 of 2002 concerning National Action Plan (RAN) for the Elimination of Trafficking in Women and Children;,"The policy’s legal foundation explicitly references a national action plan for the elimination of trafficking in women and children, which meets the coding rule that citing trafficking-related legislation/policy indicates trafficking cases and victims are within scope.",Reference only
JAWA TIMUR MADIUN KOTA,JAWA_TIMUR_MADIUN_KOTA.txt,3.2,Police specialised service unit,specialised_support_services,No,Yes,0.0,1.0,false_positive,0.9998626756131501,coverage of availability of women and children service units (UPPA) at Regional Police and District/Municipal Police;,"The policy explicitly refers to the availability of Women and Children Service Units (UPPA) at police levels, which is a recognised specialised police victim service unit for handling violence against women/children cases.",Reference only
JAWA TIMUR MAGETAN,JAWA_TIMUR_MAGETAN.txt,1.8,Human trafficking,scope_of_violence,No,Yes,0.0,1.0,false_positive,1.0,10. Law Number 21 of 2007 concerning Eradication of the Criminal Act of Trafficking in Persons (State Gazette of the Republic of Indonesia of 2007 Number 58 Supplement to the State Gazette of the Republic of Indonesia Number 4720);,"The policy’s legal basis explicitly cites a law on eradication of trafficking in persons, which is sufficient to code inclusion of human trafficking under the rules.",Reference only
JAWA TIMUR MAGETAN,JAWA_TIMUR_MAGETAN.txt,4.2,Gender equality education,primary_prevention,No,Yes,0.0,1.0,false_positive,0.999732989016709,providing critical education regarding the rights of women and children for the community.,"Within the section describing prevention efforts to prevent violence against women and children, the policy includes “providing critical education regarding the rights of women and children for the community,” which is an educational activity about women’s/children’s rights explicitly situated as a prevention measure.",Reference only
JAWA TIMUR MAGETAN,JAWA_TIMUR_MAGETAN.txt,5.6,Media engagement,stakeholder_engagement,No,Yes,0.0,1.0,false_positive,0.9968591582598831,"Socialization can be carried out through mass media, electronic media, and direct counseling to the community.","The policy assigns mass media/electronic media a role in socialization activities (a prevention/awareness function), which constitutes engagement/recognition of media as a stakeholder in prevention efforts.",Reference only
JAWA TIMUR MAGETAN,JAWA_TIMUR_MAGETAN.txt,6.2,Women victims of trafficking,intersectional_approach,No,Yes,0.0,1.0,false_positive,1.0,10. Law Number 21 of 2007 concerning Eradication of the Criminal Act of Trafficking in Persons (State Gazette of the Republic of Indonesia of 2007 Number 58 Supplement to the State Gazette of the Republic of Indonesia Number 4720);,"The policy’s legal basis explicitly cites the national law on eradication of trafficking in persons, which the coding rules treat as sufficient to include trafficking victims within scope even without further trafficking-specific measures.",Reference only
JAWA TIMUR MAGETAN,JAWA_TIMUR_MAGETAN.txt,7.3,International donors,budget_funding_sources,No,Yes,0.0,1.0,false_positive,0.9999237075098606,"1. The implementation of women's empowerment and protection of child victims of violence is realized, among others, through the establishment of an integrated, one-stop and networked UPT established by the government, Regional Government, community, non-governmental organizations, donor institutions or other institutions.","The policy explicitly includes “donor institutions” among the types of institutions that can establish the integrated service unit (UPT), indicating an explicit role for donors as participating/supporting institutions in implementation.",Reference only
JAWA TIMUR MALANG KOTA,JAWA_TIMUR_MALANG_KOTA.txt,2.3,Data collection systems,institutional_mechanism,Yes,No,1.0,0.0,false_negative,0.9993973686414119,,"While the policy mentions building an information system and requires PPT to submit periodic written reports, the provided sentences do not explicitly link these to collecting/recording/managing data on violence cases or victims. The reporting described appears to be general implementation reporting (administration/finance/services/performance) rather than a mandated VAW case data system.",Reference only
JAWA TIMUR MALANG KOTA,JAWA_TIMUR_MALANG_KOTA.txt,4.4,Prevention through education,primary_prevention,Yes,No,1.0,0.0,false_negative,0.1243530017715962,,"Although the policy links prevention to ""increasing the quantity and quality of formal, non-formal and informal education"" and assigns prevention implementation to regional apparatus in the education field, the candidate sentences do not explicitly identify education institutions/programs/curricula or specific educational instruments/content as a prevention mechanism for violence (e.g., school-based initiatives, curricula, teaching materials about VAW). The references are broad improvements/access to education rather than explicit education-as-prevention programming as defined by the coding rules.",Reference only
JAWA TIMUR PASURUAN,JAWA_TIMUR_PASURUAN.txt,1.5,Economic violence,scope_of_violence,Yes,No,1.0,0.0,false_negative,0.8798266996519848,,"The candidate sentences define violence as physical/sexual/psychological and do not explicitly include economic violence/abuse, financial deprivation, or economic neglect as a form of violence against women; references to economic independence and general rights are not framed as violence or abuse.",Reference only
JAWA TIMUR PASURUAN,JAWA_TIMUR_PASURUAN.txt,1.6,Harmful practices,scope_of_violence,No,Yes,0.0,1.0,false_positive,0.24491866240370908,"Furthermore, for the fate of children at that time, it seemed that there was no protection at all for the rights given, children born with female gender would be killed by being buried alive because they were considered a disgrace to their parents.","The text explicitly mentions the killing of children born with female gender (female infanticide), which is a harmful practice covered by the coding rules.",Reference only
JAWA TIMUR PASURUAN,JAWA_TIMUR_PASURUAN.txt,1.8,Human trafficking,scope_of_violence,No,Yes,0.0,1.0,false_positive,1.0,"8. Law Number 21 of 2007 concerning the Eradication of the Crime of Trafficking in Persons (State Gazette of the Republic of Indonesia of 2007 Number 58, Supplement to the State Gazette of the Republic of Indonesia Number 4720);","The policy’s legal basis explicitly cites a national law on the eradication of trafficking in persons, which is sufficient to code inclusion of human trafficking.",Reference only
JAWA TIMUR PASURUAN,JAWA_TIMUR_PASURUAN.txt,2.3,Data collection systems,institutional_mechanism,Yes,No,1.0,0.0,false_negative,1.0,,"The candidate sentences mention developing “gender and child data systems” and general monitoring/reporting, but they do not explicitly link any data collection/management system to violence against women, victims, or violence cases as required by the coding rules.",Reference only
JAWA TIMUR PASURUAN,JAWA_TIMUR_PASURUAN.txt,2.5,Training and capacity building,institutional_mechanism,Yes,No,1.0,0.0,false_negative,0.925346225311741,,"While the policy refers to strengthening institutional capacity and improving the quality of human resources, the candidate sentences do not explicitly mandate training, technical guidance, or professional development for implementing personnel/service providers as required by the coding rules.",Reference only
JAWA TIMUR PASURUAN,JAWA_TIMUR_PASURUAN.txt,4.3,VAW laws awareness,primary_prevention,Yes,No,1.0,0.0,false_negative,0.9998321603632425,,"The policy mentions “legal awareness counseling” as a preventive effort, but the retrieved sentences do not specify that this counseling is about laws, regulations, or policies related to violence against women (e.g., domestic violence, sexual violence, trafficking). The IEC/socialization provisions are also not explicitly tied to laws/policies. Under the coding rules, general legal awareness without specifying VAW-related laws is insufficient.",Reference only
JAWA TIMUR PASURUAN,JAWA_TIMUR_PASURUAN.txt,5.4,Education institutions engagement,stakeholder_engagement,No,Yes,0.0,1.0,false_positive,1.0,"2. The management of PPTPPA may come from elements of the Regional Government, professional organizations, academics, community leaders and other elements as needed.","The policy explicitly includes “academics” as possible elements in the management of PPTPPA, an integrated service unit that includes a service center for women and children victims of violence, thereby involving the education sector in implementation/service structures.",Reference only
JAWA TIMUR PASURUAN,JAWA_TIMUR_PASURUAN.txt,6.2,Women victims of trafficking,intersectional_approach,No,Yes,0.0,1.0,false_positive,0.9999465949513187,"8. Law Number 21 of 2007 concerning the Eradication of the Crime of Trafficking in Persons (State Gazette of the Republic of Indonesia of 2007 Number 58, Supplement to the State Gazette of the Republic of Indonesia Number 4720);","The policy’s legal basis explicitly cites the national law on the eradication of trafficking in persons, which (per the coding rules) is sufficient to include trafficking victims within scope even without further trafficking-specific measures in the retrieved text.",Reference only
JAWA TIMUR PROBOLINGGO,JAWA_TIMUR_PROBOLINGGO.txt,6.8,Women in legal process,intersectional_approach,No,Yes,0.0,1.0,false_positive,1.0,"1. Every woman and child who becomes a witness or perpetrator of violence has the right to receive information, protection, rehabilitation, confidential handling, psychological and legal assistance, as well as fulfillment of their rights related to their status as wife, mother, child, family member or as a community member.","The policy explicitly includes “every woman and child who becomes a witness or perpetrator of violence” as entitled to protection and services (information, protection, rehabilitation, confidential handling, psychological and legal assistance). This directly covers women in legal-process roles as witnesses and perpetrators, satisfying the criterion.",Reference only
JAWA TIMUR PROBOLINGGO KOTA,JAWA_TIMUR_PROBOLINGGO_KOTA.txt,1.6,Harmful practices,scope_of_violence,No,Yes,0.0,1.0,false_positive,1.0,"In the framework of efforts to prevent family psychosocial problems, recovery and create harmonious families as well as prevention of child marriage, the Regional Government needs to establish a Family Learning Center that functions as:
provider of family consultation services and socialization on child marriage prevention; and","The policy explicitly mentions prevention of child marriage and establishes a Family Learning Center with a function that includes socialization on child marriage prevention, which is a recognized harmful practice under the coding rules.",Reference only
JAWA TIMUR PROBOLINGGO KOTA,JAWA_TIMUR_PROBOLINGGO_KOTA.txt,7.3,International donors,budget_funding_sources,No,Yes,0.0,1.0,false_positive,0.9998016455789569,"conducting cooperation with the business world, non-governmental institutions, private companies, Foundations, and other domestic institutions as well as international institutions, in accordance with the provisions of laws and regulations.","The policy explicitly allows cooperation with ""international institutions"" in implementing women’s protection policies, programs, and activities, indicating international involvement/support as a potential partner in implementation.",Reference only
JAWA TIMUR SAMPANG,JAWA_TIMUR_SAMPANG.txt,1.1,Domestic violence,scope_of_violence,Yes,No,1.0,0.0,false_negative,1.0,,"Across the provided candidate sentences, the policy defines violence (including violence against women occurring in public or private life) and sets out general prevention/response measures, but it does not explicitly mention domestic violence, family/household violence, intimate partner violence, or equivalent terms, nor does it cite a domestic-violence-specific legal framework in the shown legal basis.",Reference only
JAWA TIMUR SAMPANG,JAWA_TIMUR_SAMPANG.txt,1.5,Economic violence,scope_of_violence,Yes,No,1.0,0.0,false_negative,0.9994126228909521,,"The candidate sentences do not identify economic violence/abuse/exploitation or economic/domestic neglect as a form of violence against women. While “violence” against a child includes “neglect,” and discrimination references “economic status,” there is no explicit linkage to economic violence against women or an economic-harm component in the definition of violence against women shown.",Reference only
JAWA TIMUR SAMPANG,JAWA_TIMUR_SAMPANG.txt,2.3,Data collection systems,institutional_mechanism,Yes,No,1.0,0.0,false_negative,0.809301070201781,,"The candidate sentences mention strengthening/developing “gender and child data systems” and include monitoring/reporting provisions, but they do not explicitly link data collection/management to violence against women, victims, or violence cases as required by the coding rules. The monitoring text concerns monitoring implementation generally and does not clearly establish a VAW case data system or responsibility for collecting/recording VAW case data.",Reference only
JAWA TIMUR SAMPANG,JAWA_TIMUR_SAMPANG.txt,4.3,VAW laws awareness,primary_prevention,Yes,No,1.0,0.0,false_negative,0.9999923706200207,,"The policy mentions “legal awareness education” as a preventive effort, but the candidate sentences do not specify that this education concerns laws, regulations, or policies related to violence against women (e.g., domestic/sexual violence, trafficking). The other information/education references are about prevention/handling of violence generally, not explicitly about VAW laws/policies.",Reference only
JAWA TIMUR SAMPANG,JAWA_TIMUR_SAMPANG.txt,6.3,Women workers,intersectional_approach,No,Yes,0.0,1.0,false_positive,1.0,17. Victim is a woman including Female Workers who work abroad and children who experience misery and/or suffering either directly or indirectly as a result of such violence.,"The definition of “Victim” explicitly includes women, including female workers who work abroad, indicating women workers (at least migrant women workers abroad) are a specifically covered group within the protection framework for victims of violence.",Reference only
JAWA TIMUR SITUBONDO,JAWA_TIMUR_SITUBONDO.txt,3.3,Reporting/hotline service,specialised_support_services,Yes,No,1.0,0.0,false_negative,0.9997558742755548,,"The text states that community members may report violence to law enforcement/competent authorities, but it does not establish or describe a specific mechanism/service unit/channel for receiving complaints or reports (e.g., hotline, intake service, or procedures for receiving reports). Under the coding rules, a mere statement that people can report is not enough.",Reference only
JAWA TIMUR SITUBONDO,JAWA_TIMUR_SITUBONDO.txt,3.9,Resocialisation services,specialised_support_services,Yes,No,1.0,0.0,false_negative,0.7615941559557649,,"The text mentions “continuous handling up to the rehabilitation and social reintegration stage,” but it does not link rehabilitation/reintegration to a specific service unit or identify an institution responsible for providing those resocialisation services. Under the coding rules, mentioning rehabilitation/reintegration without assigning it to a service unit/mechanism is insufficient.",Reference only
JAWA TIMUR SITUBONDO,JAWA_TIMUR_SITUBONDO.txt,6.11,Domestic workers,intersectional_approach,Yes,No,1.0,0.0,false_negative,0.9999084493610688,,"The cited text notes violence against domestic workers (PRT) dominated by women as an observed phenomenon needing attention, but does not set out specific protection measures or services explicitly targeted at domestic workers as a beneficiary group in the provisions shown.",Reference only
JAWA TIMUR SUMENEP,JAWA_TIMUR_SUMENEP.txt,3.3,Reporting/hotline service,specialised_support_services,Yes,No,1.0,0.0,false_negative,1.0,,"The candidate sentences establish an integrated service framework (P2TP2A) and list types of protection (medical, legal, psychological, etc.), but they do not explicitly describe any mechanism/channel/service for receiving reports or complaints (e.g., intake, complaint reception, hotline, reporting procedures).",Reference only
JAWA TIMUR SUMENEP,JAWA_TIMUR_SUMENEP.txt,6.2,Women victims of trafficking,intersectional_approach,No,Yes,0.0,1.0,false_positive,0.999732989016709,"9. Law Number 21 Year 2007 concerning Eradication of the Criminal Act of Trafficking in Persons (State Gazette of the Republic of Indonesia Year 2007 Number 58, Supplement to State Gazette Number 4720);","The policy’s legal foundation explicitly references a national law on eradication of trafficking in persons, which (per the coding rules) is sufficient to indicate trafficking cases/victims are intended to be covered within scope.",Reference only
JAWA TIMUR TRENGGALEK,JAWA_TIMUR_TRENGGALEK.txt,1.6,Harmful practices,scope_of_violence,No,Yes,0.0,1.0,false_positive,0.9997406174072243,prevent marriage at child age.,"The policy explicitly addresses a harmful practice by requiring parents to “prevent marriage at child age,” which is an explicit reference to child/early marriage under the coding rules.",Reference only
JAWA TIMUR TRENGGALEK,JAWA_TIMUR_TRENGGALEK.txt,1.9,Sexual slavery/exploitation,scope_of_violence,No,Yes,0.0,1.0,false_positive,0.9950013741801509,1. Special protection for children who are exploited economically and/or sexually as referred to in Article 44 is the obligation and responsibility of the Regional Government and the community.,"The policy explicitly mentions “sexual exploitation” (in the context of children exploited economically and/or sexually) and provides for special protection for such victims, which satisfies inclusion of sexual exploitation under the coding rules.",Reference only
JAWA TIMUR TRENGGALEK,JAWA_TIMUR_TRENGGALEK.txt,3.3,Reporting/hotline service,specialised_support_services,Yes,No,1.0,0.0,false_negative,0.9994355044834777,,"The text notes that the community may provide information and/or report violence to law enforcement or authorized parties, but it does not establish or describe a specific service/mechanism/facility or designated channel for receiving and handling complaints/reports as required by the coding rules.",Reference only
JAWA TIMUR TRENGGALEK,JAWA_TIMUR_TRENGGALEK.txt,5.4,Education institutions engagement,stakeholder_engagement,No,Yes,0.0,1.0,false_positive,0.999847417929993,"2. The role of the community as referred to in paragraph (1) shall be carried out by individuals, child protection institutions, community social institutions, educational institutions, religious institutions, business entities, and mass media.","The policy explicitly lists “educational institutions” among the actors through which the community’s role in child protection is carried out, which constitutes inclusion of education institutions within implementation structures.",Reference only
JAWA TIMUR TRENGGALEK,JAWA_TIMUR_TRENGGALEK.txt,5.6,Media engagement,stakeholder_engagement,No,Yes,0.0,1.0,false_positive,1.0,"2. The role of the community as referred to in paragraph (1) shall be carried out by individuals, child protection institutions, community social institutions, educational institutions, religious institutions, business entities, and mass media.","The policy explicitly includes “mass media” as part of the community actors that carry out the community’s role in child protection, which meets the rule that media included within stakeholder/community definitions counts as engagement/recognition.",Reference only
JAWA TIMUR TRENGGALEK,JAWA_TIMUR_TRENGGALEK.txt,6.10,Refugee/forced displacement,intersectional_approach,No,Yes,0.0,1.0,false_positive,0.9999084493610688,Special protection for children who become refugees as referred to in Article 45 letter a is implemented in accordance with the provisions of Laws and Regulations.,"The policy explicitly provides special protection for children who become refugees, which is a targeted protection measure related to refugee/forced displacement situations.",Reference only
KALIMANTAN BARAT BENGKAYANG,KALIMANTAN_BARAT_BENGKAYANG.txt,1.9,Sexual slavery/exploitation,scope_of_violence,No,Yes,0.0,1.0,false_positive,0.9898178773297992,"10. Special protection is protection given to children in emergency situations, children in conflict with the law, children from minority and isolated groups, children who are exploited economically and/or sexually, children who are trafficked, children who are victims of narcotics, alcohol, psychotropic and other addictive substances (drugs) abuse, children victims of kidnapping, sale, trafficking, children victims of violence both physical and/or mental, children with disabilities, and children victims of maltreatment and neglect.","The policy explicitly references children who are exploited “sexually” within the special protection definition, which constitutes inclusion of sexual exploitation within the policy’s covered harms.",Reference only
KALIMANTAN BARAT BENGKAYANG,KALIMANTAN_BARAT_BENGKAYANG.txt,3.3,Reporting/hotline service,specialised_support_services,Yes,No,1.0,0.0,false_negative,0.9716460824409716,,"The retrieved sentences define 'complaint' generally and describe administrative reporting chains (P2TP2A to SKPD to Regent to Governor) and community participation in reporting, but they do not establish or describe a mechanism/service/channel specifically for receiving complaints/reports from victims or the public (e.g., a designated intake service, procedure, or unit for receiving complaints). Under the coding rules, general encouragement to report and inter-agency reporting do not qualify.",Reference only
KALIMANTAN BARAT KUBU RAYA,KALIMANTAN_BARAT_KUBU_RAYA.txt,1.1,Domestic violence,scope_of_violence,Yes,No,1.0,0.0,false_negative,0.35835739835078595,,"The candidate sentences define violence and violence against women as occurring in public or private life and define household/family, but they do not explicitly mention domestic/household/family/intimate partner violence as a form or category of violence covered. References to mediating household disputes are not the same as explicitly including domestic violence within the scope of violence.",Reference only
KALIMANTAN BARAT KUBU RAYA,KALIMANTAN_BARAT_KUBU_RAYA.txt,1.10,Technology-facilitated violence,scope_of_violence,No,Yes,0.0,1.0,false_positive,0.9999847412691449,Threat of violence is any unlawful act directly or indirectly including through social media networks and communication devices.,"The policy explicitly recognizes threats of violence committed directly or indirectly through social media networks and communication devices, which constitutes an explicit inclusion of technology-facilitated violence (at least in the form of online/digital threats).",Reference only
KALIMANTAN BARAT KUBU RAYA,KALIMANTAN_BARAT_KUBU_RAYA.txt,2.3,Data collection systems,institutional_mechanism,No,Yes,0.0,1.0,false_positive,1.0,"1. SKPD in charge of Women's Empowerment implements the information system and submits reports on the implementation of women's protection to the Regent.
collect, compile and present reports on violence.","The policy assigns the SKPD responsible for women’s empowerment to implement an information system and report on women’s protection, and it specifies that the service network will collect, compile, and present reports on violence—explicitly linking information/reporting functions to violence.",Reference only
KALIMANTAN BARAT KUBU RAYA,KALIMANTAN_BARAT_KUBU_RAYA.txt,4.1,Information and education about VAW,primary_prevention,Yes,No,1.0,0.0,false_negative,0.8482836399575128,,"The retrieved sentences mention prevention coordination and systems, dissemination of laws/regulations related to protection of women victims of violence, and socialization of women’s rights. However, the coding rules exclude (a) dissemination/education about laws and regulations related to VAW and (b) education/socialization about women’s rights or gender equality unless it is specifically about violence against women or anti-violence values. None of the candidate sentences explicitly describe awareness/education activities that provide information about violence against women itself (e.g., dangers/prohibition of VAW or anti-violence norms) as a preventive measure; the closest items are legal dissemination and general CIE media, which are not sufficient under the exclusions.",Reference only
KALIMANTAN BARAT KUBU RAYA,KALIMANTAN_BARAT_KUBU_RAYA.txt,4.4,Prevention through education,primary_prevention,No,Yes,0.0,1.0,false_positive,0.9828316805894948,"providing education for women victims of violence including access to employment opportunities; and
3. In addition to prevention efforts as referred to in paragraph (1), prevention efforts shall also be carried out by family and/or closest relatives, community, educational institutions and customary institutions.","Within the enumerated “Prevention efforts,” the policy includes “providing education for women victims of violence,” which is explicitly framed as part of prevention. It also explicitly identifies educational institutions as actors that carry out prevention efforts. Together these show education (including via education institutions) is an explicit prevention strategy in the policy.",Reference only
KALIMANTAN BARAT MELAWI,KALIMANTAN_BARAT_MELAWI.txt,1.8,Human trafficking,scope_of_violence,No,Yes,0.0,1.0,false_positive,0.9997711312602866,"7. Law Number 21 of 2007 concerning the Eradication of the Criminal Act of Trafficking in Persons (State Gazette of the Republic of Indonesia Number 58, Supplement to the State Gazette of the Republic of Indonesia Number 4720);","The policy’s legal basis explicitly cites a national law on the eradication of trafficking in persons, which meets the coding rule for inclusion even without further operational detail in the provided sentences.",Reference only
KALIMANTAN BARAT MELAWI,KALIMANTAN_BARAT_MELAWI.txt,1.10,Technology-facilitated violence,scope_of_violence,No,Yes,0.0,1.0,false_positive,0.999732989016709,Threat of violence is any act unlawfully directly or indirectly including through social media networks and communication tools.,"The policy explicitly recognizes threats of violence that can occur through social media networks and communication tools, which constitutes an explicit inclusion of violence committed via digital technologies (at least in the form of online threats).",Reference only
KALIMANTAN BARAT MELAWI,KALIMANTAN_BARAT_MELAWI.txt,4.1,Information and education about VAW,primary_prevention,Yes,No,1.0,0.0,false_negative,0.5545997223493823,,"The retrieved sentences mention prevention efforts including “socialization of laws and regulations related to the protection of women victims of violence” and use of “Communication, Information and Education (KIE) media,” but this is framed as legal/regulatory socialization rather than education/awareness about violence against women or anti-violence norms/values. Other education references are directed to women victims (a response/empowerment measure) or to socialization of women’s rights, which the coding rules explicitly exclude unless tied to VAW/anti-violence education content.",Reference only
KALIMANTAN BARAT MELAWI,KALIMANTAN_BARAT_MELAWI.txt,6.1,Women in conflict/disaster areas,intersectional_approach,Yes,No,1.0,0.0,false_negative,0.999732989016709,,"The cited provisions establish general protection for women victims of violence (prevention, services/handling, empowerment, shelters, emergency assistance), but none of the candidate sentences explicitly or implicitly identify women/girls in conflict, disaster, emergency, or displacement/refugee situations as a specific target group, nor do they set disaster/conflict/displacement-specific measures.",Reference only
KALIMANTAN BARAT MELAWI,KALIMANTAN_BARAT_MELAWI.txt,6.2,Women victims of trafficking,intersectional_approach,No,Yes,0.0,1.0,false_positive,0.9997711312602866,"7. Law Number 21 of 2007 concerning the Eradication of the Criminal Act of Trafficking in Persons (State Gazette of the Republic of Indonesia Number 58, Supplement to the State Gazette of the Republic of Indonesia Number 4720);","The policy’s legal basis explicitly cites the national law on the eradication of trafficking in persons, which the coding rules treat as sufficient to include trafficking victims within scope even without further trafficking-specific measures.",Reference only
KALIMANTAN BARAT MELAWI,KALIMANTAN_BARAT_MELAWI.txt,6.3,Women workers,intersectional_approach,Yes,No,1.0,0.0,false_negative,0.9997711312602866,,"The candidate sentences discuss protection for women victims of violence generally and define “household” to include domestic workers, but they do not explicitly identify women workers/employees (including domestic or migrant workers) as a specific target group for special protection or workplace-focused protection measures against violence/exploitation.",Reference only
KALIMANTAN BARAT MELAWI,KALIMANTAN_BARAT_MELAWI.txt,6.4,Elderly women,intersectional_approach,Yes,No,1.0,0.0,false_negative,1.0,,"Although the policy defines “Elderly Women” (women aged 60+), the candidate sentences do not provide any special protection measures specifically targeted at elderly women; protections described apply generally to women victims of violence.",Reference only
KALIMANTAN BARAT MELAWI,KALIMANTAN_BARAT_MELAWI.txt,6.5,People with disability,intersectional_approach,Yes,No,1.0,0.0,false_negative,0.9988330432162396,,"The policy defines “Women with Disabilities,” but within the provided sentences it does not identify women with disabilities/people with disabilities as beneficiaries of special protection or provide disability-specific services/accommodations; the cited service principles include non-discrimination but that alone is excluded by the coding rules.",Reference only
KALIMANTAN BARAT MELAWI,KALIMANTAN_BARAT_MELAWI.txt,6.6,Women heads of household,intersectional_approach,Yes,No,1.0,0.0,false_negative,1.0,,"The candidate sentences contain general definitions of family/household and general protection measures for women victims of violence, but do not mention women heads of household/families as a specific target group or provide tailored protection measures for them.",Reference only
KALIMANTAN BARAT MELAWI,KALIMANTAN_BARAT_MELAWI.txt,6.11,Domestic workers,intersectional_approach,Yes,No,1.0,0.0,false_negative,0.9999084493610688,,"The only relevant mention is that “household” includes domestic workers, but the candidate sentences do not provide any special protection measures specifically targeted at domestic workers as a group.",Reference only
KALIMANTAN BARAT MELAWI,KALIMANTAN_BARAT_MELAWI.txt,6.12,Women experiencing homelessness,intersectional_approach,Yes,No,1.0,0.0,false_negative,1.0,,"While the policy includes temporary protection via a safe house/shelter for victims, the candidate sentences do not identify women experiencing homelessness as a specific target group or provide homelessness-specific protection measures.",Reference only
KALIMANTAN BARAT MELAWI,KALIMANTAN_BARAT_MELAWI.txt,6.13,Formerly incarcerated women,intersectional_approach,Yes,No,1.0,0.0,false_negative,0.9998169029128974,,"The candidate sentences do not mention former inmates/correctional institutions or formerly incarcerated women as a target group, nor do they provide tailored protection measures for them.",Reference only
KALIMANTAN BARAT SAMBAS,KALIMANTAN_BARAT_SAMBAS.txt,1.8,Human trafficking,scope_of_violence,No,Yes,0.0,1.0,false_positive,0.9998245316235193,"8. Law Number 21 of 2007 concerning the Eradication of the Criminal Act of Trafficking in Persons (State Gazette of the Republic of Indonesia Year 2007 Number 58, Supplement to the State Gazette of the Republic of Indonesia Number 4720);","The policy’s legal basis explicitly cites legislation on the eradication of trafficking in persons, indicating trafficking is within the policy’s referenced frameworks.",Reference only
KALIMANTAN BARAT SAMBAS,KALIMANTAN_BARAT_SAMBAS.txt,4.2,Gender equality education,primary_prevention,No,Yes,0.0,1.0,false_positive,0.4621171572600097,"1. Efforts to prevent violence against Women and Children shall be carried out in an integrated manner by the Regional Government coordinated by the Regional Apparatus in charge of Women's Empowerment and Child Protection.
Forms of critical education for women victims of violence consist of: training on gender equality and justice, education on reproductive health for women, and providing understanding of laws and regulations on the Elimination of Domestic Violence.","Within the prevention framework, the policy includes “critical education” for women victims of violence, and specifies that its forms include training on “gender equality and justice.” Because this training is described as part of prevention efforts to avoid repeated violence, it meets the criterion of gender equality education explicitly situated as a violence-prevention measure.",Reference only
KALIMANTAN BARAT SAMBAS,KALIMANTAN_BARAT_SAMBAS.txt,4.4,Prevention through education,primary_prevention,No,Yes,0.0,1.0,false_positive,0.9830132225618633,"1. Efforts to prevent violence against Women and Children shall be carried out in an integrated manner by the Regional Government coordinated by the Regional Apparatus in charge of Women's Empowerment and Child Protection.
building a working network together with law enforcement apparatus, government apparatus, as well as educational institutions, health institutions, hospitals, various non-governmental organizations concerned with Women and Children;
1. Prevention of acts of violence against Women and Children as referred to in Article 17, shall be carried out by Regional Apparatus or government and non-government institutions in charge of:","The policy explicitly situates prevention of violence against women and children as involving educational institutions (building a working network together with educational institutions) and assigns prevention responsibilities to institutions in charge of education. This constitutes education-sector involvement as an explicit prevention strategy, even without detailing curricula or school programs.",Reference only
KALIMANTAN BARAT SAMBAS,KALIMANTAN_BARAT_SAMBAS.txt,6.2,Women victims of trafficking,intersectional_approach,No,Yes,0.0,1.0,false_positive,1.0,"8. Law Number 21 of 2007 concerning the Eradication of the Criminal Act of Trafficking in Persons (State Gazette of the Republic of Indonesia Year 2007 Number 58, Supplement to the State Gazette of the Republic of Indonesia Number 4720);","The policy’s legal foundation explicitly cites the national law on the eradication of trafficking in persons, which (per the coding rules) is sufficient to indicate trafficking cases/victims are within scope even without further trafficking-specific measures in the retrieved sentences.",Reference only
KALIMANTAN BARAT SANGGAU,KALIMANTAN_BARAT_SANGGAU.txt,1.10,Technology-facilitated violence,scope_of_violence,No,Yes,0.0,1.0,false_positive,1.0,"Threat of violence, namely any act unlawfully directly or indirectly including through social media networks and communication tools.","The policy explicitly recognizes threats of violence that can occur “through social media networks and communication tools,” which constitutes an explicit inclusion of violence committed via digital/communication technologies (technology-facilitated violence) rather than merely using technology for administration.",Reference only
KALIMANTAN BARAT SANGGAU,KALIMANTAN_BARAT_SANGGAU.txt,6.2,Women victims of trafficking,intersectional_approach,No,Yes,0.0,1.0,false_positive,0.9997635027533704,"5. Law Number 21 of 2017 concerning Eradication of the Criminal Act of Trafficking in Persons (State Gazette of the Republic of Indonesia of 2007 Number 58, Supplement to the State Gazette of the Republic of Indonesia Number 4720);","The policy’s legal foundation explicitly cites a national law on eradication of trafficking in persons, which the coding rules treat as sufficient to include trafficking cases/victims within scope even without further trafficking-specific measures.",Reference only
KALIMANTAN BARAT SINGKAWANG KOTA,KALIMANTAN_BARAT_SINGKAWANG_KOTA.txt,2.3,Data collection systems,institutional_mechanism,Yes,No,1.0,0.0,false_negative,1.0,,"While the text mentions providing data and information for planning and refers to information systems, the candidate sentences do not explicitly link data collection/management to violence against women, victims, or violence cases as required by the coding rules; references are framed around protection planning, gender mainstreaming data, and general reporting/monitoring rather than VAW case data systems.",Reference only
KALIMANTAN BARAT SINGKAWANG KOTA,KALIMANTAN_BARAT_SINGKAWANG_KOTA.txt,2.5,Training and capacity building,institutional_mechanism,Yes,No,1.0,0.0,false_negative,0.24491866240370913,,"Although the policy mentions that guidance may take the form of “technical guidance and training,” it is framed as the Mayor’s authority rather than an explicit mandate/duty to conduct training for implementing personnel, which the coding rules require. Other capacity-related references are either general (e.g., increasing service capacity) or relate to community/victim empowerment rather than mandated training for implementers.",Reference only
KALIMANTAN BARAT SINGKAWANG KOTA,KALIMANTAN_BARAT_SINGKAWANG_KOTA.txt,3.10,Economic support,specialised_support_services,Yes,No,1.0,0.0,false_negative,1.0,,"While the policy mentions general empowerment measures (e.g., developing economic enterprises for adult women) and separately mentions assistance for victims of violence, the candidate sentences do not explicitly link economic empowerment/support (training, funding, livelihoods) to women victims of violence as required by the coding rules.",Reference only
KALIMANTAN BARAT SINGKAWANG KOTA,KALIMANTAN_BARAT_SINGKAWANG_KOTA.txt,4.4,Prevention through education,primary_prevention,No,Yes,0.0,1.0,false_positive,0.9950927001858654,"2. Implementation of prevention and protection as referred to in paragraph (1), may cooperate with educational institutions, religious institutions, mass media, professional organizations, business entities, and/or community institutions.","The policy explicitly situates prevention and protection efforts as potentially implemented in cooperation with educational institutions, indicating involvement of education institutions as part of a prevention strategy (even if specific curricula/materials are not detailed).",Reference only
KALIMANTAN BARAT SINGKAWANG KOTA,KALIMANTAN_BARAT_SINGKAWANG_KOTA.txt,6.3,Women workers,intersectional_approach,Yes,No,1.0,0.0,false_negative,0.9998779334127146,,"Although the policy explicitly mentions female workers and sets workplace-related obligations (overtime pay, occupational health and safety, maternity leave, non-discrimination), these are general labor protections and do not constitute protection/special measures against violence or exploitation targeting women workers as required by the coding rules.",Reference only
KALIMANTAN BARAT SINGKAWANG KOTA,KALIMANTAN_BARAT_SINGKAWANG_KOTA.txt,6.10,Refugee/forced displacement,intersectional_approach,No,Yes,0.0,1.0,false_positive,0.9986271803585332,Special protection for children who become refugees as in Article 43 letter a is implemented in accordance with the provisions of Laws and Regulations.,"The policy explicitly provides special protection for children who become refugees, indicating targeted measures for refugees/forced displacement (at least for children).",Reference only
KALIMANTAN BARAT SINTANG,KALIMANTAN_BARAT_SINTANG.txt,1.8,Human trafficking,scope_of_violence,No,Yes,0.0,1.0,false_positive,1.0,"13. Law Number 21 of 2007 concerning Eradication of the Criminal Act of Trafficking in Persons (State Gazette of the Republic of Indonesia of 2007 Number 58, Supplement to the State Gazette of the Republic of Indonesia Number 4720);","The policy’s legal basis explicitly cites a national law on the eradication of trafficking in persons, which satisfies the criterion for inclusion via legal framework reference.",Reference only
KALIMANTAN BARAT SINTANG,KALIMANTAN_BARAT_SINTANG.txt,2.2,Collaboration with NGOs,institutional_mechanism,Yes,No,1.0,0.0,false_negative,0.9964097814546755,,"While the policy mentions victims’ right to protection from “non-governmental institutions” and refers generally to involving “community elements,” the provided sentences do not establish any cooperation/partnership mechanism with NGOs or non-government service providers (e.g., coordination forum, partnership arrangement, or identified NGO partners).",Reference only
KALIMANTAN BARAT SINTANG,KALIMANTAN_BARAT_SINTANG.txt,5.5,International organisations engagement,stakeholder_engagement,No,Yes,0.0,1.0,false_positive,0.9916860297369898,"obtain protection from the community and government as well as non-governmental institutions at the local, national and international levels;","The policy states that victims have the right to protection from non-governmental institutions at local, national, and international levels, which implies engagement/availability of international non-governmental/international-level organisations in protection/services.",Reference only
KALIMANTAN BARAT SINTANG,KALIMANTAN_BARAT_SINTANG.txt,6.2,Women victims of trafficking,intersectional_approach,No,Yes,0.0,1.0,false_positive,1.0,"13. Law Number 21 of 2007 concerning Eradication of the Criminal Act of Trafficking in Persons (State Gazette of the Republic of Indonesia of 2007 Number 58, Supplement to the State Gazette of the Republic of Indonesia Number 4720);","The policy’s legal foundation explicitly cites the national law on eradication of trafficking in persons, which (per the coding rules) is sufficient to include trafficking victims within the policy’s scope.",Reference only
KALIMANTAN SELATAN BALANGAN,KALIMANTAN_SELATAN_BALANGAN.txt,2.3,Data collection systems,institutional_mechanism,Yes,No,1.0,0.0,false_negative,0.9933810330584709,,"The only data-related provisions shown concern general data collection and assessment of conditions related to women and children in social life and mapping violence-prone areas, but they do not explicitly require collecting/recording/reporting data on violence cases, victims, or VAW incidents. No entity is assigned responsibility for maintaining or managing VAW case/victim data in the provided sentences.",Reference only
KALIMANTAN SELATAN BALANGAN,KALIMANTAN_SELATAN_BALANGAN.txt,3.8,Religious/spiritual counselling,specialised_support_services,No,Yes,0.0,1.0,false_positive,1.0,2. Increasing life resilience as referred to in paragraph (1) by providing guidance and assistance for mental spiritual strengthening in the form of religious knowledge.,"The policy provides guidance and assistance for mental-spiritual strengthening in the form of religious knowledge for victims, which qualifies as religious/spiritual counselling/support.",Reference only
KALIMANTAN SELATAN BALANGAN,KALIMANTAN_SELATAN_BALANGAN.txt,5.4,Education institutions engagement,stakeholder_engagement,No,Yes,0.0,1.0,false_positive,0.9995727995378068,,"The policy explicitly includes academic researchers as part of the membership of the integrated service center for protection of women and children, which constitutes engagement of the education/academic sector in implementation/coordination. [unresolved evidence citation removed]",Reference only
KALIMANTAN SELATAN BALANGAN,KALIMANTAN_SELATAN_BALANGAN.txt,7.3,International donors,budget_funding_sources,No,Yes,0.0,1.0,false_positive,0.9998245316235193,International institutions whose existence is recognized.,"The policy explicitly allows cooperation with “International institutions whose existence is recognized,” indicating international institutional involvement/support within the implementation framework.",Reference only
KALIMANTAN SELATAN HULU SUNGAI SELATAN,KALIMANTAN_SELATAN_HULU_SUNGAI_SELATAN.txt,4.3,VAW laws awareness,primary_prevention,No,Yes,0.0,1.0,false_positive,0.9998245316235193,"disseminating information about laws and regulations related to acts of violence against women and children.
3. conducting socialization of laws and regulations related to the implementation of protection of women and Children victims of violence; and","The policy explicitly includes dissemination of information about laws and regulations related to acts of violence against women and children, and also specifies socialization of laws and regulations related to implementing protection for women and children victims of violence. These are legal awareness/socialization activities situated within the prevention/community participation framework, meeting the criterion.",Reference only
KALIMANTAN SELATAN HULU SUNGAI UTARA,KALIMANTAN_SELATAN_HULU_SUNGAI_UTARA.txt,1.8,Human trafficking,scope_of_violence,No,Yes,0.0,1.0,false_positive,1.0,"13. Law Number 21 of 2007 concerning the Eradication of the Criminal Act of Trafficking in Persons (PTPPO) (State Gazette of the Republic of Indonesia of 2007 Number 58, Supplement to the State Gazette of the Republic of Indonesia Number 4720);
Government Regulation Number 9 of 2008 concerning Procedures and Mechanisms for Integrated Services for Witnesses and/or Victims of the Criminal Act of Trafficking in Persons (State Gazette of the Republic of Indonesia of 2008 Number 22, Supplement to the State Gazette of the Republic of Indonesia Number 4818);","The policy’s legal basis explicitly cites a national anti-trafficking law and a government regulation on integrated services for witnesses/victims of trafficking in persons, which satisfies inclusion under the coding rules.",Reference only
KALIMANTAN SELATAN HULU SUNGAI UTARA,KALIMANTAN_SELATAN_HULU_SUNGAI_UTARA.txt,6.2,Women victims of trafficking,intersectional_approach,No,Yes,0.0,1.0,false_positive,0.9997406174072243,"13. Law Number 21 of 2007 concerning the Eradication of the Criminal Act of Trafficking in Persons (PTPPO) (State Gazette of the Republic of Indonesia of 2007 Number 58, Supplement to the State Gazette of the Republic of Indonesia Number 4720);
Government Regulation Number 9 of 2008 concerning Procedures and Mechanisms for Integrated Services for Witnesses and/or Victims of the Criminal Act of Trafficking in Persons (State Gazette of the Republic of Indonesia of 2008 Number 22, Supplement to the State Gazette of the Republic of Indonesia Number 4818);","The policy’s legal foundations explicitly reference trafficking in persons, including the national anti-trafficking law and a government regulation on integrated services for trafficking victims, which is sufficient to include trafficking victims within scope under the coding rules.",Reference only
KALIMANTAN SELATAN KOTABARU,KALIMANTAN_SELATAN_KOTABARU.txt,2.5,Training and capacity building,institutional_mechanism,Yes,No,1.0,0.0,false_negative,1.0,,"The retrieved sentences mention training primarily in the context of victim economic empowerment and community dissemination, and a general statement about guidance/training/assistance to victims and families. They do not explicitly mandate training or capacity building for government officials, implementing agencies, or service providers responsible for implementing the policy, which is required for a Yes under the coding rules.",Reference only
KALIMANTAN SELATAN KOTABARU,KALIMANTAN_SELATAN_KOTABARU.txt,7.3,International donors,budget_funding_sources,No,Yes,0.0,1.0,false_positive,1.0,international institutions whose existence is recognized.,"The policy explicitly includes cooperation with “international institutions whose existence is recognized,” which constitutes an explicit international component in the implementation/support framework for protection efforts.",Reference only
KALIMANTAN SELATAN TABALONG,KALIMANTAN_SELATAN_TABALONG.txt,1.5,Economic violence,scope_of_violence,Yes,No,1.0,0.0,false_negative,1.0,,"The candidate sentences define gender-based violence only in terms of physical, sexual, and psychological suffering and do not mention economic abuse/exploitation, deprivation of resources, or neglect as a form of violence; no other cited provisions connect economic harm or neglect to violence against women.",Reference only
KALIMANTAN SELATAN TABALONG,KALIMANTAN_SELATAN_TABALONG.txt,2.3,Data collection systems,institutional_mechanism,No,Yes,0.0,1.0,false_positive,0.24491866240370908,case recording; and,"The policy explicitly includes “case recording” as part of the handling flow at P2TP2A, directly linking recording/documentation to cases involving women and children victims of violence handled through the protection service mechanism.",Reference only
KALIMANTAN SELATAN TABALONG,KALIMANTAN_SELATAN_TABALONG.txt,3.2,Police specialised service unit,specialised_support_services,No,Yes,0.0,1.0,false_positive,1.0,PPA Unit (Police Resort and Police Sector);,"The policy explicitly references a PPA Unit within police structures (Police Resort and Police Sector) as a working partner, which is a specialized police unit for women/children protection and victim services.",Reference only
KALIMANTAN SELATAN TABALONG,KALIMANTAN_SELATAN_TABALONG.txt,6.2,Women victims of trafficking,intersectional_approach,No,Yes,0.0,1.0,false_positive,1.0,"9. Law Number 21 of 2007 concerning the Eradication of the Criminal Act of Trafficking in Persons (State Gazette of the Republic of Indonesia of 2007 Number 58, Supplement to the State Gazette of the Republic of Indonesia Number 4720);","The policy’s legal basis explicitly cites the national law on the eradication of trafficking in persons, which (per the coding rules) is sufficient to indicate trafficking cases/victims are within scope.",Reference only
KALIMANTAN SELATAN TANAH BUMBU,KALIMANTAN_SELATAN_TANAH_BUMBU.txt,1.6,Harmful practices,scope_of_violence,No,Yes,0.0,1.0,false_positive,0.9997711312602866,"Children's Rights, Child Protection, prevention of child marriage and Child care; and","The policy explicitly mentions “prevention of child marriage,” which is a harmful practice affecting girls and is sufficient for a Yes under the coding rules.",Reference only
KALIMANTAN SELATAN TANAH BUMBU,KALIMANTAN_SELATAN_TANAH_BUMBU.txt,3.10,Economic support,specialised_support_services,Yes,No,1.0,0.0,false_negative,0.999893191328687,,"The candidate sentences discuss economic facilitation/capital assistance as women’s rights generally and economic support in family support, but they do not explicitly link economic empowerment/support measures to women victims of violence as required by the coding rules.",Reference only
KALIMANTAN SELATAN TANAH BUMBU,KALIMANTAN_SELATAN_TANAH_BUMBU.txt,4.2,Gender equality education,primary_prevention,Yes,No,1.0,0.0,false_negative,1.0,,"Although the text includes “socialization” to increase awareness of women’s rights in politics and references gender equality as a principle/goal, the coding rules require that such educational/awareness activities be explicitly situated as a strategy to prevent violence against women. None of the cited sentences link gender equality or women’s rights education/socialization to preventing VAW; prevention of VAW is mentioned separately without an educational component.",Reference only
KALIMANTAN SELATAN TANAH BUMBU,KALIMANTAN_SELATAN_TANAH_BUMBU.txt,4.3,VAW laws awareness,primary_prevention,Yes,No,1.0,0.0,false_negative,1.0,,"The only explicit dissemination/socialization of laws and regulations is tied to protection of children exploited economically/sexually, not to laws/policies on violence against women. Other references to preventing VAW or trafficking do not specify education/socialization about relevant laws/policies as a prevention strategy for VAW.",Reference only
KALIMANTAN SELATAN TANAH BUMBU,KALIMANTAN_SELATAN_TANAH_BUMBU.txt,5.6,Media engagement,stakeholder_engagement,No,Yes,0.0,1.0,false_positive,0.9051482536448666,"The implementation of governmental affairs in the field of Women's Empowerment and Child Protection aims to increase efforts to Protect Women's rights, fulfill Children's Rights and Special Protection for Children and increase the role of Regional Government and the business world, media and the Community in efforts for Women's Empowerment and Child Protection.","The policy explicitly recognizes an increased role for “media” in efforts related to women’s empowerment and child protection, which constitutes engagement/recognition of media as a stakeholder in implementation (including prevention/protection).",Reference only
KALIMANTAN SELATAN TANAH BUMBU,KALIMANTAN_SELATAN_TANAH_BUMBU.txt,6.9,Indigenous people/groups,intersectional_approach,No,Yes,0.0,1.0,false_positive,0.999732989016709,"1. Special Protection for Children from isolated indigenous communities as referred to in Article 36 letter c shall be carried out through the provision of facilities and infrastructure to be able to enjoy their own culture, acknowledge and practice their own religion, and use their own language.","The policy explicitly provides special protection for children from isolated indigenous communities, including specific measures (facilities/infrastructure to enjoy culture, practice religion, use language). This constitutes targeted special protection for an Indigenous group (even though framed for children).",Reference only
KALIMANTAN SELATAN TANAH BUMBU,KALIMANTAN_SELATAN_TANAH_BUMBU.txt,6.10,Refugee/forced displacement,intersectional_approach,No,Yes,0.0,1.0,false_positive,0.6351489523872873,"21. Child in emergency situations is a Child who is in situations and conditions that endanger him/herself such as Children victims of riots, Children who become refugees, Children victims of natural disasters and Children in armed conflict.",The policy explicitly defines ‘child in emergency situations’ to include children who become refugees. This is an explicit inclusion of refugees/forced displacement within the policy’s scope (even though the measures shown are child-focused).,Reference only
KALIMANTAN SELATAN TANAH BUMBU,KALIMANTAN_SELATAN_TANAH_BUMBU.txt,7.3,International donors,budget_funding_sources,No,Yes,0.0,1.0,false_positive,0.9983527295289705,implementing cooperation with other Regions as well as with other countries through bilateral or multilateral cooperation in accordance with the laws and regulations.,"The policy explicitly references cooperation with other countries through bilateral or multilateral cooperation, which meets the coding rule for international involvement/support (even without naming a donor or specifying funding amounts).",Reference only
KALIMANTAN SELATAN TAPIN,KALIMANTAN_SELATAN_TAPIN.txt,1.5,Economic violence,scope_of_violence,Yes,No,1.0,0.0,false_negative,1.0,,"The candidate sentences define gender-based violence as causing physical, sexual, and/or psychological suffering, and do not mention economic suffering, economic abuse/exploitation, or neglect as a form of violence. References to empowerment, employment, and vulnerability are not explicitly linked to economic violence or neglect.",Reference only
KALIMANTAN SELATAN TAPIN,KALIMANTAN_SELATAN_TAPIN.txt,3.1,Integrated service unit,specialised_support_services,Yes,No,1.0,0.0,false_negative,0.9918987761177154,,"The text states that women victims of violence have a right to “integrated services” and lists types of protection services (including legal aid, medical and psychosocial rehabilitation, and social reintegration), but it does not explicitly establish, name, or assign responsibility to a specific integrated service unit/one-stop centre or equivalent institution/mechanism that coordinates multiple services for VAW victims. References to coordination, facilitation, and establishment of generic “women's protection institutions” are not clearly identified as an integrated VAW service unit.",Reference only
KALIMANTAN SELATAN TAPIN,KALIMANTAN_SELATAN_TAPIN.txt,3.3,Reporting/hotline service,specialised_support_services,Yes,No,1.0,0.0,false_negative,0.9997024757456467,,"The only relevant mention is that community participation may take the form of “complaints/reports,” but the text does not establish or mandate any mechanism/service/channel for receiving and handling violence complaints (e.g., hotline, designated unit, procedures). Other “reporting” provisions are administrative reporting by the Regent to the Governor, which is excluded by the coding rules.",Reference only
KALIMANTAN SELATAN TAPIN,KALIMANTAN_SELATAN_TAPIN.txt,4.1,Information and education about VAW,primary_prevention,No,Yes,0.0,1.0,false_positive,0.9919823612703507,"(1) The Regent implements policies, programs and activities for the protection of women, to eliminate all forms of discrimination and violence against women in his region.
(4) The implementation as referred to in paragraph (3) is in the form of: policy analysis, coordination, advocacy, socialization, communication, information, and education (IEC), training, service facilitation, service provision, model development, and other forms.","The policy frames eliminating violence against women as part of the protection agenda and explicitly lists implementation forms that include socialization, communication, information, and education (IEC). Because these IEC/socialization activities are situated within the implementation of programs to eliminate violence against women, they qualify as preventive information/education activities about VAW/anti-violence values.",Reference only
KALIMANTAN SELATAN TAPIN,KALIMANTAN_SELATAN_TAPIN.txt,5.8,Private sector engagement,stakeholder_engagement,Yes,No,1.0,0.0,false_negative,0.9998550467570206,,"While companies are mentioned as having obligations to provide protection to female workers, the candidate sentences do not frame businesses/private sector as stakeholders or partners in prevention/protection/services for violence against women, nor include them in coordination/community stakeholder mechanisms. Under the coding rules, workplace/employment obligations alone do not qualify.",Reference only
KALIMANTAN SELATAN TAPIN,KALIMANTAN_SELATAN_TAPIN.txt,7.2,National government budget,budget_funding_sources,No,Yes,0.0,1.0,false_positive,1.0,"(2) In the event that the region receives funding assistance for the implementation of policies, programs and activities for the protection of women from the Government, it shall be implemented in accordance with the provisions of laws and regulations.","The policy explicitly contemplates receiving funding assistance from “the Government” for implementation, indicating national-level government budget support as a possible source.",Reference only
KALIMANTAN SELATAN TAPIN,KALIMANTAN_SELATAN_TAPIN.txt,7.3,International donors,budget_funding_sources,No,Yes,0.0,1.0,false_positive,1.0,"(1) In implementing policies, programs, and activities for the protection of women, the Regional Government may cooperate with International Institutions.","The policy explicitly allows cooperation with “International Institutions” in implementing policies, programs, and activities for women’s protection, which meets the criterion for international involvement/support even without naming a donor or specifying amounts.",Reference only
KALIMANTAN TENGAH BARITO TIMUR,KALIMANTAN_TENGAH_BARITO_TIMUR.txt,2.5,Training and capacity building,institutional_mechanism,Yes,No,1.0,0.0,false_negative,0.9999084493610688,,"While the text mentions “training” in the context of prevention activities aimed at community members and entrepreneurship/job training for victims, it does not mandate training/capacity building for government officials, implementing agencies, or service providers responsible for implementing the policy. References to guidance/supervision and SOP preparation are not explicit training/capacity-building requirements for implementers under the coding rules.",Reference only
KALIMANTAN TENGAH BARITO TIMUR,KALIMANTAN_TENGAH_BARITO_TIMUR.txt,7.3,International donors,budget_funding_sources,No,Yes,0.0,1.0,false_positive,1.0,international institutions whose existence is recognized.,"The policy explicitly includes “international institutions whose existence is recognized” as entities with which cooperation is carried out to support protection objectives, indicating international involvement/support within the implementation framework.",Reference only
KALIMANTAN TENGAH GUNUNG MAS,KALIMANTAN_TENGAH_GUNUNG_MAS.txt,1.9,Sexual slavery/exploitation,scope_of_violence,No,Yes,0.0,1.0,false_positive,0.9867384981227314,children who are exploited economically and/or sexually;,"The policy explicitly includes children who are exploited economically and/or sexually as a category requiring special protection, which constitutes explicit inclusion of sexual exploitation within scope.",Reference only
KALIMANTAN TENGAH GUNUNG MAS,KALIMANTAN_TENGAH_GUNUNG_MAS.txt,6.10,Refugee/forced displacement,intersectional_approach,No,Yes,0.0,1.0,false_positive,0.761594155955765,"What is meant by ""special protection"" is Children who need special protection are children in emergency situations such as children who become refugees, victims of riots, victims of natural disasters and children in armed conflict situations; children in conflict with the law; children from minority and isolated groups; children who are exploited economically and/or sexually; children who are trafficked; children who are victims of narcotics, alcohol, psychotropic, and other addictive substance abuse; children who are victims of pornography; children with HIV/AIDS; children who are victims of kidnapping and trafficking; children who are victims of physical and/or mental and sexual Violence; children who are victims of terrorism networks; children with disabilities; children who are victims of abuse and neglect; children with deviant social behavior; children who are victims of stigmatization from labeling related to their parents' condition.","The text explicitly includes “children who become refugees” within the definition of children needing special protection, which constitutes special protection targeted at refugees/forced displacement (even though limited to children).",Reference only
KALIMANTAN TENGAH KATINGAN,KALIMANTAN_TENGAH_KATINGAN.txt,2.1,Institutional network,institutional_mechanism,No,Yes,0.0,1.0,false_positive,0.8798266996519848,"1. The established UPTD PPA may accommodate institutions/work units that provide services for victims of violence such as safe houses, social protection houses for Children, trauma center protection houses, women's social protection houses, shelters and other service activities in accordance with applicable Laws and Regulations.","The policy establishes UPTD PPA as an organizer of integrated services and states it may accommodate multiple service-providing institutions/work units (e.g., safe houses, shelters), which constitutes an institutional arrangement/network supporting implementation of protection and response services rather than merely assigning isolated responsibilities.",Reference only
KALIMANTAN TENGAH KATINGAN,KALIMANTAN_TENGAH_KATINGAN.txt,2.2,Collaboration with NGOs,institutional_mechanism,No,Yes,0.0,1.0,false_positive,1.0,cooperating with the community and/or community organizations in the implementation of protection of women in accordance with laws and regulations;,"The policy explicitly states that the Regional Government will cooperate with the community and/or community organizations in implementing protection, which meets the criterion for collaboration with non-government service providers (community organizations).",Reference only
KALIMANTAN TENGAH KATINGAN,KALIMANTAN_TENGAH_KATINGAN.txt,6.2,Women victims of trafficking,intersectional_approach,No,Yes,0.0,1.0,false_positive,0.9998626756131501,"6. Law Number 21 of 2007 concerning the Eradication of the Criminal Act of Trafficking in Persons (State Gazette of the Republic of Indonesia of 2007 Number 58, Supplement to the State Gazette of the Republic of Indonesia Number 4720);","The policy’s legal basis explicitly cites the national law on eradication of trafficking in persons, which (per the coding rules) is sufficient to indicate trafficking cases/victims are intended to be covered within scope.",Reference only
KALIMANTAN TENGAH KOTAWARINGIN TIMUR,KALIMANTAN_TENGAH_KOTAWARINGIN_TIMUR.txt,1.8,Human trafficking,scope_of_violence,No,Yes,0.0,1.0,false_positive,0.9997711312602866,"7. Law Number 21 of 2007 concerning Eradication of the Criminal Act of Trafficking in Persons (State Gazette of the Republic of Indonesia of 2007 Number 58, Supplement to the State Gazette of the Republic of Indonesia Number 4720);","The policy’s legal foundation explicitly cites a law on the Eradication of the Criminal Act of Trafficking in Persons, which satisfies the criterion that citing trafficking legislation in the legal basis is sufficient for inclusion.",Reference only
KALIMANTAN TENGAH KOTAWARINGIN TIMUR,KALIMANTAN_TENGAH_KOTAWARINGIN_TIMUR.txt,3.2,Police specialised service unit,specialised_support_services,No,Yes,0.0,1.0,false_positive,1.0,"This service unit can be located at the Integrated Service Center (PPT) and Integrated Crisis Center (PKT) based in Hospitals, Community Health Centers, Integrated Service Center for Women and Child Empowerment (P2TP2A), Women and Children Service Unit (UPPA), Trauma Center Shelter (RPTC), Children's Social Shelter (RPSA), BP4, and other religious institutions, prosecutor's office, court, Women Crisis Center (WCC), and other similar institutions.","The policy explicitly references the Women and Children Service Unit (UPPA) as a location where the unified integrated service unit can be situated, which constitutes recognition of a specialised police-based service unit for women/children victims of violence.",Reference only
KALIMANTAN TENGAH KOTAWARINGIN TIMUR,KALIMANTAN_TENGAH_KOTAWARINGIN_TIMUR.txt,6.2,Women victims of trafficking,intersectional_approach,No,Yes,0.0,1.0,false_positive,1.0,"7. Law Number 21 of 2007 concerning Eradication of the Criminal Act of Trafficking in Persons (State Gazette of the Republic of Indonesia of 2007 Number 58, Supplement to the State Gazette of the Republic of Indonesia Number 4720);","The policy’s legal basis explicitly cites the national law on eradication of trafficking in persons, which the coding rules treat as sufficient to include trafficking victims within scope even without further trafficking-specific measures.",Reference only
KALIMANTAN TENGAH LAMANDAU,KALIMANTAN_TENGAH_LAMANDAU.txt,2.2,Collaboration with NGOs,institutional_mechanism,Yes,No,1.0,0.0,false_negative,0.9640642523764287,,"The candidate sentences mention community elements, social institutions, volunteers, and cooperation with government and the business sector, but they do not explicitly identify NGOs/civil society organisations/non-government service providers as partners or establish a collaboration mechanism with them. References to “community elements” and “social institutions” are too general to meet the criterion’s requirement to mention non-government organisations/service providers explicitly.",Reference only
KALIMANTAN TENGAH LAMANDAU,KALIMANTAN_TENGAH_LAMANDAU.txt,2.3,Data collection systems,institutional_mechanism,Yes,No,1.0,0.0,false_negative,0.1243530017715962,,"The text includes an objective to provide sex-disaggregated data and information, but it does not establish or assign responsibility for collecting/recording/monitoring/managing data specifically on violence, victims, or cases. The reporting requirement shown concerns activity implementation reporting, which the coding rules exclude when it is ordinary administrative reporting without a VAW case-data function.",Reference only
KALIMANTAN TENGAH LAMANDAU,KALIMANTAN_TENGAH_LAMANDAU.txt,2.4,Gender mainstreaming institutionalisation,institutional_mechanism,Yes,No,1.0,0.0,false_negative,0.9999465949513187,,"The candidate sentences reference gender justice and equality as principles, but they do not require or establish gender mainstreaming as an institutional mechanism (e.g., no gender mainstreaming mandate, working group, focal point, or integration into planning/budgeting as gender mainstreaming).",Reference only
KALIMANTAN TENGAH LAMANDAU,KALIMANTAN_TENGAH_LAMANDAU.txt,2.5,Training and capacity building,institutional_mechanism,Yes,No,1.0,0.0,false_negative,0.9982155182473242,,"While the policy mentions training (e.g., training for cadres) and “capacity building for managers,” the cited provisions frame these as community/cadre training and general programmatic activities rather than an explicit mandate for training/capacity building of government officials, implementing agencies, or service providers responsible for implementing the policy. The text does not clearly impose a duty on local government to ensure such implementing-personnel training as required by the coding rules.",Reference only
KALIMANTAN TENGAH LAMANDAU,KALIMANTAN_TENGAH_LAMANDAU.txt,3.10,Economic support,specialised_support_services,Yes,No,1.0,0.0,false_negative,0.9998169029128974,,"While the policy mentions skills training and women’s empowerment within P2TP2A programming, the candidate sentences do not explicitly link economic empowerment/support measures to women victims of violence specifically (they are framed as community/women-and-children empowerment generally). Under the coding rules, general economic empowerment without explicit linkage to victims is insufficient.",Reference only
KALIMANTAN TENGAH LAMANDAU,KALIMANTAN_TENGAH_LAMANDAU.txt,4.1,Information and education about VAW,primary_prevention,No,Yes,0.0,1.0,false_positive,0.9937764878283804,"Protection of women and children from violence and human trafficking.
Communication, information and education.","The policy lists “communication, information and education” as a program that may be carried out by P2TP2A, alongside a program explicitly focused on “protection of women and children from violence and human trafficking,” indicating an information/education activity situated within the policy’s violence-prevention/protection programming.",Reference only
KALIMANTAN TENGAH LAMANDAU,KALIMANTAN_TENGAH_LAMANDAU.txt,4.4,Prevention through education,primary_prevention,Yes,No,1.0,0.0,false_negative,1.0,,"The candidate sentences mention education as a general right/obligation (e.g., basic education) and broad “education and training” or “communication, information and education” within service provision, but they do not explicitly identify formal education instruments (schools/curricula/teaching materials) as a prevention mechanism for violence against women (or women and children) as required by the coding rules.",Reference only
KALIMANTAN TENGAH LAMANDAU,KALIMANTAN_TENGAH_LAMANDAU.txt,5.4,Education institutions engagement,stakeholder_engagement,No,Yes,0.0,1.0,false_positive,0.9997711312602866,academic elements.,"The policy explicitly includes “academic elements” as part of the membership of the integrated service center (P2TP2A), which is established to provide protection services to women and children victims of violence, thereby engaging the education sector/academics in implementation structures.",Reference only
KALIMANTAN TENGAH PALANGKA RAYA KOTA,KALIMANTAN_TENGAH_PALANGKA_RAYA_KOTA.txt,1.9,Sexual slavery/exploitation,scope_of_violence,No,Yes,0.0,1.0,false_positive,0.9997406174072243,children who are exploited economically and/or sexually;,"The policy explicitly includes children who are exploited sexually as a group receiving special protection, which constitutes explicit inclusion of sexual exploitation within scope.",Reference only
KALIMANTAN TENGAH PULANG PISAU,KALIMANTAN_TENGAH_PULANG_PISAU.txt,3.3,Reporting/hotline service,specialised_support_services,Yes,No,1.0,0.0,false_negative,0.9936015654666881,,"The text notes that community members may report violence to authorities and that victims have a right to complaint handling, but it does not explicitly establish or describe a mechanism/service/channel responsible for receiving complaints or reports of violence (e.g., hotline, complaint desk, SOP for intake).",Reference only
KALIMANTAN TENGAH PULANG PISAU,KALIMANTAN_TENGAH_PULANG_PISAU.txt,4.4,Prevention through education,primary_prevention,Yes,No,1.0,0.0,false_negative,1.0,,"Although the policy mentions providing education about anti-violence values and education/training for women victims, the candidate sentences do not identify formal education instruments or institutions (e.g., schools, curricula, teaching materials, education sector bodies) as a prevention mechanism, which is required by the coding rules for this indicator.",Reference only
KALIMANTAN TENGAH PULANG PISAU,KALIMANTAN_TENGAH_PULANG_PISAU.txt,6.3,Women workers,intersectional_approach,No,Yes,0.0,1.0,false_positive,0.999847417929993,providing shelter for female workers in the workplace;,"The policy includes a workplace-specific measure by requiring business entities to provide shelter for female workers in the workplace, which is an explicit special measure targeting women workers as a specific group.",Reference only
KALIMANTAN TENGAH SUKAMARA,KALIMANTAN_TENGAH_SUKAMARA.txt,1.9,Sexual slavery/exploitation,scope_of_violence,No,Yes,0.0,1.0,false_positive,0.9997711312602866,"child victims of violence who are economically and sexually exploited, neglected children, child victims of kidnapping and child victims of human trafficking;
all work that utilizes, provides or offers children for prostitution, pornography production, pornographic performances, or gambling;","The policy explicitly includes sexual exploitation by referencing children who are sexually exploited and by prohibiting worst forms of work including offering children for prostitution/pornography-related purposes, which are explicit sexual exploitation contexts.",Reference only
KALIMANTAN TENGAH SUKAMARA,KALIMANTAN_TENGAH_SUKAMARA.txt,4.3,VAW laws awareness,primary_prevention,Yes,No,1.0,0.0,false_negative,0.9997024757456467,,"The prevention section mentions socialization on preventing VAW and providing guidelines on handling VAW, but it does not specify that the socialization/education is about laws, regulations, or policies related to VAW. Other legal references concern service provision and legal aid rather than prevention-oriented legal awareness activities.",Reference only
KALIMANTAN TENGAH SUKAMARA,KALIMANTAN_TENGAH_SUKAMARA.txt,5.4,Education institutions engagement,stakeholder_engagement,No,Yes,0.0,1.0,false_positive,0.8798266996519848,"3. In the event that a child victim of violence experiences dropping out of school, the organizer of the education unit is obligated to coordinate with relevant agencies.
providing training for religious leaders, community leaders, customary leaders, educators, journalists and media managers in order to prevent violence against women and children;","The policy assigns education-unit organizers a coordination role when a child victim of violence drops out of school, and it includes educators in training aimed at preventing violence against women and children, indicating engagement of the education sector in implementation/capacity building.",Reference only
KALIMANTAN TENGAH SUKAMARA,KALIMANTAN_TENGAH_SUKAMARA.txt,6.4,Elderly women,intersectional_approach,Yes,No,1.0,0.0,false_negative,1.0,,"None of the cited sentences mention elderly women or provide protections specifically targeted to older/elderly women; the provisions are general to women victims of violence or other groups (e.g., female workers).",Reference only
KALIMANTAN TIMUR BONTANG KOTA,KALIMANTAN_TIMUR_BONTANG_KOTA.txt,6.1,Women in conflict/disaster areas,intersectional_approach,Yes,No,1.0,0.0,false_negative,0.9639368872272172,,"The text mentions “violence in conflict areas” as part of the scope of violence, but it does not identify women/girls in conflict, disaster, emergency, or displacement situations as a group requiring special protection, nor does it establish any conflict/disaster/displacement-specific protection measures for women (the protection measures described are general for women and children victims of violence).",Reference only
KALIMANTAN TIMUR BONTANG KOTA,KALIMANTAN_TIMUR_BONTANG_KOTA.txt,6.3,Women workers,intersectional_approach,Yes,No,1.0,0.0,false_negative,0.9979944754431807,,"The text references workplace-related violence (“discriminatory violence in the workplace”) and includes employment-related empowerment/economic measures for women victims, but it does not explicitly identify women workers/employees as a specific target group receiving protection or special measures against violence/exploitation as workers.",Reference only
KALIMANTAN TIMUR KUTAI BARAT,KALIMANTAN_TIMUR_KUTAI_BARAT.txt,1.8,Human trafficking,scope_of_violence,No,Yes,0.0,1.0,false_positive,0.9999008203303268,"Child Victims of kidnapping, sale, and/or trafficking;","The policy explicitly includes trafficking by identifying “Child Victims of kidnapping, sale, and/or trafficking” as a category eligible for special protection, which brings trafficking within the policy’s covered concerns (at least for children).",Reference only
KALIMANTAN TIMUR KUTAI TIMUR,KALIMANTAN_TIMUR_KUTAI_TIMUR.txt,4.4,Prevention through education,primary_prevention,Yes,No,1.0,0.0,false_negative,0.999839789132067,,"Although the prevention list includes an item to “improve education for women,” the provided sentences do not explicitly link this to education institutions, curricula, teaching/learning materials, or other formal education instruments as a prevention mechanism for violence; it reads as general education improvement rather than an explicit education-based prevention strategy under the coding rules.",Reference only
KALIMANTAN TIMUR PASER,KALIMANTAN_TIMUR_PASER.txt,1.8,Human trafficking,scope_of_violence,No,Yes,0.0,1.0,false_positive,1.0,"8. Law Number 14 of 2009 concerning Ratification of the Protocol to Prevent, Suppress and Punish Trafficking in Persons, Especially Women and Children, Supplementing the United Nations Convention Against Transnational Organized Crime (State Gazette of the Republic of Indonesia of 2009 Number 53, Supplement to the State Gazette of the Republic of Indonesia Number 4990);","The policy’s legal basis explicitly cites a legal instrument concerning the protocol to prevent, suppress and punish trafficking in persons, which is sufficient to code inclusion of human trafficking.",Reference only
KALIMANTAN TIMUR PASER,KALIMANTAN_TIMUR_PASER.txt,3.3,Reporting/hotline service,specialised_support_services,Yes,No,1.0,0.0,false_negative,1.0,,"The candidate sentences allow community members to report incidents and mention integrated services generally, but they do not explicitly establish or describe a mechanism/service/channel responsible for receiving complaints/reports (e.g., hotline, reporting desk, intake procedure). Under the coding rules, general permission to report is insufficient.",Reference only
KALIMANTAN TIMUR PASER,KALIMANTAN_TIMUR_PASER.txt,6.2,Women victims of trafficking,intersectional_approach,No,Yes,0.0,1.0,false_positive,0.9998169029128974,"8. Law Number 14 of 2009 concerning Ratification of the Protocol to Prevent, Suppress and Punish Trafficking in Persons, Especially Women and Children, Supplementing the United Nations Convention Against Transnational Organized Crime (State Gazette of the Republic of Indonesia of 2009 Number 53, Supplement to the State Gazette of the Republic of Indonesia Number 4990);","The policy’s legal foundation explicitly references a protocol on trafficking in persons (especially women and children), which meets the coding rule that citing trafficking-related legislation/protocol indicates trafficking victims are within scope.",Reference only
KALIMANTAN TIMUR PASER,KALIMANTAN_TIMUR_PASER.txt,6.3,Women workers,intersectional_approach,Yes,No,1.0,0.0,false_negative,0.1243530017715963,,"While the policy includes protection of women in the workplace, it does not explicitly identify women workers/employees as a specific target group or provide worker-specific protection measures; it frames coverage as protection of women generally across settings.",Reference only
KALIMANTAN TIMUR PENAJAM PASER UTARA,KALIMANTAN_TIMUR_PENAJAM_PASER_UTARA.txt,1.5,Economic violence,scope_of_violence,Yes,No,1.0,0.0,false_negative,1.0,,"The candidate sentences define violence against women in physical, sexual, and psychological terms and do not mention economic violence/abuse, economic exploitation, financial deprivation, or neglect as a form of violence. References to “economy and employment” appear only as a prevention field and are not linked to economic abuse or neglect as violence.",Reference only
KALIMANTAN TIMUR PENAJAM PASER UTARA,KALIMANTAN_TIMUR_PENAJAM_PASER_UTARA.txt,2.5,Training and capacity building,institutional_mechanism,Yes,No,1.0,0.0,false_negative,0.9983984687165706,,"While the text references ""trained"" officers/health workers and mentions guidance/supervision and improving capacity as a general authority, it does not explicitly mandate training or capacity-building activities for implementing personnel as required by the coding rules.",Reference only
KALIMANTAN TIMUR PENAJAM PASER UTARA,KALIMANTAN_TIMUR_PENAJAM_PASER_UTARA.txt,3.10,Economic support,specialised_support_services,Yes,No,1.0,0.0,false_negative,1.0,,"The candidate sentences mention empowering women victims of violence and increasing their capacity through various actors, but they do not explicitly specify economic empowerment measures (e.g., skills training, financial resources, livelihood/employment support) targeted to women victims of violence.",Reference only
KALIMANTAN UTARA NUNUKAN,KALIMANTAN_UTARA_NUNUKAN.txt,3.4,Safety/protection shelter,specialised_support_services,No,Yes,0.0,1.0,false_positive,0.9719544771069031,"networking with government or private hospitals for treatment and health recovery of victims and cooperating with witness and victim protection institutions, social protection houses or trauma centers owned by the government, community or other institutions for health recovery of victims;","The policy references cooperation with ""social protection houses"" (and trauma centers) for victims’ health recovery, which constitutes an explicit mention of a shelter/protection-house type service within the victim support network.",Reference only
KEPULAUAN BANGKA BELITUNG BANGKA,KEPULAUAN_BANGKA_BELITUNG_BANGKA.txt,1.2,Sexual violence,scope_of_violence,Yes,No,1.0,0.0,false_negative,0.9999084493610688,,"Across the provided sentences, the policy discusses women victims of violence generally and provides protection measures, but it does not explicitly mention sexual violence (e.g., rape, sexual harassment) nor define violence to include sexual violence.",Reference only
KEPULAUAN BANGKA BELITUNG BANGKA,KEPULAUAN_BANGKA_BELITUNG_BANGKA.txt,1.3,Physical violence,scope_of_violence,Yes,No,1.0,0.0,false_negative,1.0,,"The candidate sentences refer to “violence” in general and define women victims of violence as experiencing physical/mental suffering and/or economic loss, but they do not explicitly mention physical violence/assault as a form/type/category covered, nor otherwise classify violence into physical violence.",Reference only
KEPULAUAN BANGKA BELITUNG BANGKA,KEPULAUAN_BANGKA_BELITUNG_BANGKA.txt,1.4,Psychological violence,scope_of_violence,Yes,No,1.0,0.0,false_negative,1.0,,"The text includes references to psychological services (for elderly women) and general mentions of mental suffering among victims, but it does not explicitly identify psychological/emotional violence as a form of violence covered or classify violence to include psychological violence.",Reference only
KEPULAUAN BANGKA BELITUNG BANGKA,KEPULAUAN_BANGKA_BELITUNG_BANGKA.txt,1.9,Sexual slavery/exploitation,scope_of_violence,Yes,No,1.0,0.0,false_negative,0.9990846821718584,,"While the policy addresses women commercial sex workers and mentions preventing human trafficking, the provided sentences do not explicitly refer to sexual exploitation or sexual slavery (or trafficking for sexual exploitation), and references to “sex workers” alone do not establish that sexual exploitation/slavery is included as a violence/exploitation category under the coding rules.",Reference only
KEPULAUAN BANGKA BELITUNG BANGKA,KEPULAUAN_BANGKA_BELITUNG_BANGKA.txt,2.2,Collaboration with NGOs,institutional_mechanism,Yes,No,1.0,0.0,false_negative,0.9995956829634189,,"The candidate sentences mention coordination with regional government apparatus, the business world, and general references to “other institutions” and “women’s organizations,” but they do not explicitly identify NGOs/civil society/community organizations as non-government service-provider partners nor describe a collaboration mechanism with such actors as required by the coding rules.",Reference only
KEPULAUAN BANGKA BELITUNG BANGKA,KEPULAUAN_BANGKA_BELITUNG_BANGKA.txt,2.3,Data collection systems,institutional_mechanism,Yes,No,1.0,0.0,false_negative,0.999893191328687,,"Although the text mentions “mapping, collection, processing and presentation of data” and monitoring/reporting, it does not explicitly link these data activities to violence against women, victims of violence, or violence cases; the references are framed as general program/activity planning and implementation processes for women’s empowerment and protection.",Reference only
KEPULAUAN BANGKA BELITUNG BANGKA,KEPULAUAN_BANGKA_BELITUNG_BANGKA.txt,3.3,Reporting/hotline service,specialised_support_services,Yes,No,1.0,0.0,false_negative,1.0,,"The candidate sentences describe types of protection (legal aid, assistance after violence, rehabilitation, health services) and general program mechanisms, but do not establish or describe any mechanism/service/unit for receiving complaints or reports of violence from victims or the public.",Reference only
KEPULAUAN BANGKA BELITUNG BANGKA,KEPULAUAN_BANGKA_BELITUNG_BANGKA.txt,3.7,Psychosocial counselling,specialised_support_services,Yes,No,1.0,0.0,false_negative,0.9540452601799487,,"While the policy mentions “trauma and health services” for women victims of violence, it does not explicitly mention counselling/psychological or psychosocial support services for victims; the only explicit reference to psychological services is in the context of elderly women’s basic health services, not victim counselling.",Reference only
KEPULAUAN BANGKA BELITUNG BANGKA,KEPULAUAN_BANGKA_BELITUNG_BANGKA.txt,4.1,Information and education about VAW,primary_prevention,Yes,No,1.0,0.0,false_negative,0.9983069913882454,,"The candidate sentences mention socialization and dissemination of materials about “women's empowerment and protection policies” and general communication/information/education in the legal field, plus services for women victims of violence. However, none of the cited sentences explicitly describe awareness/education activities specifically about violence against women, protection from violence, anti-violence norms, or similar VAW-focused preventive messaging; the only explicit socialization is about policies, which is excluded by the coding rules.",Reference only
KEPULAUAN BANGKA BELITUNG BANGKA,KEPULAUAN_BANGKA_BELITUNG_BANGKA.txt,4.3,VAW laws awareness,primary_prevention,Yes,No,1.0,0.0,false_negative,0.9997711312602866,,"The candidate sentences include socialization about “women's empowerment and protection policies” and general legal awareness/knowledge through communication, information and education services, but they do not specify that the information/education is about laws/regulations/policies related to violence against women (e.g., domestic violence, sexual violence, trafficking) nor do they explicitly frame such legal-awareness activities as a prevention strategy for VAW, as required.",Reference only
KEPULAUAN BANGKA BELITUNG BANGKA,KEPULAUAN_BANGKA_BELITUNG_BANGKA.txt,6.2,Women victims of trafficking,intersectional_approach,No,Yes,0.0,1.0,false_positive,0.9998245316235193,"preventing human trafficking.
10. Law Number 21 of 2007 concerning the Eradication of the Criminal Act of Trafficking in Persons (State Gazette of the Republic of Indonesia Year 2007 Number 58, Supplement to the State Gazette of the Republic of Indonesia Number 4720);","The policy explicitly mentions human trafficking in the context of protection measures for women commercial sex workers (prevention of human trafficking) and also cites the national anti-trafficking law in its legal basis, which meets the criterion’s inclusion rules.",Reference only
KEPULAUAN BANGKA BELITUNG BANGKA,KEPULAUAN_BANGKA_BELITUNG_BANGKA.txt,7.3,International donors,budget_funding_sources,No,Yes,0.0,1.0,false_positive,0.9999465949513187,"coordinating the participation of the business world and other institutions, including international assistance for women's empowerment and protection; and","The policy explicitly references coordinating participation of institutions ""including international assistance"" for women's empowerment and protection, which meets the criterion for international support involvement.",Reference only
KEPULAUAN BANGKA BELITUNG BANGKA BARAT,KEPULAUAN_BANGKA_BELITUNG_BANGKA_BARAT.txt,3.3,Reporting/hotline service,specialised_support_services,Yes,No,1.0,0.0,false_negative,1.0,,"The candidate sentences mention cooperation with police “to report and process” perpetrators and describe service provision generally, but they do not establish or describe a mechanism/service/channel for receiving complaints or reports of violence from victims or the public (e.g., intake/report reception procedures, designated reporting unit, hotline).",Reference only
KEPULAUAN BANGKA BELITUNG BANGKA BARAT,KEPULAUAN_BANGKA_BELITUNG_BANGKA_BARAT_v2.txt,2.1,Institutional network,institutional_mechanism,No,Yes,0.0,1.0,false_positive,1.0,"1. The Regional Government establishes an Integrated Service Center (PPT) as an Implementing Institution, Prevention and Protection of Women and Children Victims of Violence.
2. PPT as referred to in paragraph (1) consists of elements of:
1. Implementation of Protection for victims is carried out in an integrated manner within the PPT framework.","The policy establishes an Integrated Service Center (PPT) as an implementing institution for prevention and protection, and specifies that it consists of multiple sectoral elements (e.g., health, law enforcement, social/empowerment, education/religion, NGOs, private sector). It also states that protection implementation is carried out in an integrated manner within the PPT framework, indicating a formal multi-element coordination mechanism rather than isolated agency responsibilities.",Reference only
KEPULAUAN BANGKA BELITUNG BANGKA BARAT,KEPULAUAN_BANGKA_BELITUNG_BANGKA_BARAT_v2.txt,3.9,Resocialisation services,specialised_support_services,Yes,No,1.0,0.0,false_negative,0.9865263028897249,,"The text mentions victims’ right to continuous handling up to the rehabilitation stage, but it does not identify a service unit/institution responsible for rehabilitation/reintegration/resocialisation services or assign such services to PPT in the provided excerpts.",Reference only
KEPULAUAN BANGKA BELITUNG BANGKA BARAT,KEPULAUAN_BANGKA_BELITUNG_BANGKA_BARAT_v2.txt,5.2,Religious engagement,stakeholder_engagement,Yes,No,1.0,0.0,false_negative,0.9992372060475254,,"While the policy references an 'education and religion' element within PPT and requires attention to 'religious norms,' it does not explicitly identify religious organisations, religious leaders/clergy, or faith-based actors as partners or service providers, nor does it include religious/spiritual counselling as a service. References are to religion/norms rather than engagement of faith-based stakeholders.",Reference only
KEPULAUAN BANGKA BELITUNG BANGKA BARAT,KEPULAUAN_BANGKA_BELITUNG_BANGKA_BARAT_v2.txt,5.4,Education institutions engagement,stakeholder_engagement,Yes,No,1.0,0.0,false_negative,0.9827030984147751,,"Although 'education and religion' is listed as an element of PPT and the government undertakes education on anti-violence values, the text does not explicitly involve schools, universities, academics, or education institutions as stakeholders/partners in prevention, services, coordination, or capacity building.",Reference only
KEPULAUAN BANGKA BELITUNG BANGKA BARAT,KEPULAUAN_BANGKA_BELITUNG_BANGKA_BARAT_v2.txt,6.2,Women victims of trafficking,intersectional_approach,No,Yes,0.0,1.0,false_positive,1.0,"11. Law Number 21 of 2007 concerning Eradication of the Criminal Act of Trafficking in Persons (State Gazette of the Republic of Indonesia of 2007 Number 58, Supplement to the State Gazette of the Republic of Indonesia Number 4720);","The policy’s legal basis explicitly cites the national law on eradication of trafficking in persons, which (per the coding rules) is sufficient to indicate trafficking cases/victims are within scope even without trafficking-specific services described in the retrieved sentences.",Reference only
KEPULAUAN BANGKA BELITUNG BANGKA SELATAN,KEPULAUAN_BANGKA_BELITUNG_BANGKA_SELATAN.txt,1.9,Sexual slavery/exploitation,scope_of_violence,No,Yes,0.0,1.0,false_positive,1.0,"14. Sexual violence is any act in the form of sexual harassment, forced sexual intercourse, forced sexual intercourse in an unnatural or unwanted manner, forced sexual intercourse with others for commercial purposes and or certain purposes.","The definition of sexual violence explicitly includes forced sexual intercourse with others for commercial purposes, which constitutes sexual exploitation within the meaning of the criterion.",Reference only
KEPULAUAN BANGKA BELITUNG BANGKA SELATAN,KEPULAUAN_BANGKA_BELITUNG_BANGKA_SELATAN.txt,3.3,Reporting/hotline service,specialised_support_services,Yes,No,1.0,0.0,false_negative,0.809301070201781,,"The text includes (i) community participation that may involve submitting reports to authorities and (ii) administrative reporting by P2TP2A to the Regent, but it does not establish or describe a mechanism/service/channel for receiving complaints or reports of violence cases from victims or the public (e.g., hotline, intake service, or designated reporting facility).",Reference only
KEPULAUAN BANGKA BELITUNG BANGKA SELATAN,KEPULAUAN_BANGKA_BELITUNG_BANGKA_SELATAN.txt,4.4,Prevention through education,primary_prevention,Yes,No,1.0,0.0,false_negative,0.999977111947373,,"Although the policy mentions conducting education on anti-violence values, the candidate sentences do not explicitly identify formal education instruments or institutions (e.g., schools, curricula, teaching/learning materials, education programs delivered by education institutions) as a prevention mechanism. The mention that P2TP2A includes an “education and religion” element does not, by itself, specify an education-based prevention strategy as defined in the coding rules.",Reference only
KEPULAUAN BANGKA BELITUNG BANGKA SELATAN,KEPULAUAN_BANGKA_BELITUNG_BANGKA_SELATAN.txt,5.2,Religious engagement,stakeholder_engagement,Yes,No,1.0,0.0,false_negative,0.9719544771069031,,"The text references an 'education and religion' element within P2TP2A and instructs implementation to pay attention to religious norms, but it does not identify religious organisations/leaders/clergy as stakeholders or partners, nor does it include religious/spiritual counselling or assign faith-based actors an implementation role.",Reference only
KEPULAUAN BANGKA BELITUNG BANGKA SELATAN,KEPULAUAN_BANGKA_BELITUNG_BANGKA_SELATAN.txt,6.2,Women victims of trafficking,intersectional_approach,No,Yes,0.0,1.0,false_positive,0.9997406174072243,"9. Law Number 21 of 2007 concerning Eradication of the Criminal Act of Trafficking in Persons (State Gazette of the Republic of Indonesia of 2007 Number 58, Supplement to the State Gazette of the Republic of Indonesia Number 4720);","The policy’s legal foundation explicitly cites the national law on eradication of trafficking in persons, which (per the coding rules) is sufficient to indicate trafficking cases/victims are intended to be covered within scope.",Reference only
KEPULAUAN BANGKA BELITUNG BANGKA SELATAN,KEPULAUAN_BANGKA_BELITUNG_BANGKA_SELATAN_v2.txt,1.2,Sexual violence,scope_of_violence,Yes,No,1.0,0.0,false_negative,0.9999313366279103,,"The candidate sentences refer to women’s sexual and reproductive health being free from “coercion and/or violence” and to “violence against women” generally, but they do not explicitly mention sexual violence (e.g., rape, sexual assault/harassment) nor classify sexual violence as a covered type of violence.",Reference only
KEPULAUAN BANGKA BELITUNG BANGKA SELATAN,KEPULAUAN_BANGKA_BELITUNG_BANGKA_SELATAN_v2.txt,1.5,Economic violence,scope_of_violence,No,Yes,0.0,1.0,false_positive,1.0,"1. Implementation of protection for female workers/laborers to provide protection from acts of economic exploitation and cruel, inhumane treatment and to seek proper appreciation for work.","The policy explicitly references “acts of economic exploitation” as a harm from which protection is provided, which meets the criterion’s inclusion of economic exploitation as a form of abuse/violence-related harm affecting women.",Reference only
KEPULAUAN BANGKA BELITUNG BANGKA SELATAN,KEPULAUAN_BANGKA_BELITUNG_BANGKA_SELATAN_v2.txt,1.9,Sexual slavery/exploitation,scope_of_violence,Yes,No,1.0,0.0,false_negative,1.0,,"While the policy addresses commercial sex workers and mentions preventing human trafficking, the candidate sentences do not explicitly refer to sexual exploitation or sexual slavery (or exploitation for sexual purposes), and “commercial sex workers” alone is not an explicit statement of sexual exploitation/slavery under the coding rules.",Reference only
KEPULAUAN BANGKA BELITUNG BANGKA SELATAN,KEPULAUAN_BANGKA_BELITUNG_BANGKA_SELATAN_v2.txt,2.1,Institutional network,institutional_mechanism,No,Yes,0.0,1.0,false_positive,0.9997711312602866,"2. In women's empowerment and protection, a Working Group and Integrated Services shall be established as determined by Regent's Decree.
coordination and synchronization of planning programs and activities with related Regional Apparatus Organizations; and","The policy establishes formal implementation structures (a Working Group and Integrated Services) and specifies coordination/synchronization with related regional apparatus organizations, which constitutes an institutional coordination mechanism/network rather than merely assigning isolated responsibilities.",Reference only
KEPULAUAN BANGKA BELITUNG BANGKA SELATAN,KEPULAUAN_BANGKA_BELITUNG_BANGKA_SELATAN_v2.txt,2.2,Collaboration with NGOs,institutional_mechanism,Yes,No,1.0,0.0,false_negative,0.9990618045941528,,"The candidate sentences discuss coordination among regional government apparatus and general community participation, and mention the business world/other institutions and international assistance, but they do not explicitly identify NGOs/civil society/non-government service providers as collaboration partners or as part of a coordination mechanism.",Reference only
KEPULAUAN BANGKA BELITUNG BANGKA SELATAN,KEPULAUAN_BANGKA_BELITUNG_BANGKA_SELATAN_v2.txt,2.4,Gender mainstreaming institutionalisation,institutional_mechanism,No,Yes,0.0,1.0,false_positive,0.9999084493610688,1. Women's empowerment and protection shall be implemented by integrating gender mainstreaming and gender-disaggregated data in an integrated manner based on applicable laws and regulations.,"The policy explicitly requires implementation of women’s empowerment and protection by integrating gender mainstreaming (and gender-disaggregated data), which establishes gender mainstreaming as an institutional mechanism for implementation.",Reference only
KEPULAUAN BANGKA BELITUNG BANGKA SELATAN,KEPULAUAN_BANGKA_BELITUNG_BANGKA_SELATAN_v2.txt,2.5,Training and capacity building,institutional_mechanism,No,Yes,0.0,1.0,false_positive,0.9997863883614204,c facilitation of capacity building for institutions organizing women's empowerment and protection;,"The policy includes a mandated form of governmental guidance consisting of facilitation of capacity building for institutions organizing women’s empowerment and protection, which is capacity building aimed at implementing institutions rather than beneficiary livelihood training.",Reference only
KEPULAUAN BANGKA BELITUNG BANGKA SELATAN,KEPULAUAN_BANGKA_BELITUNG_BANGKA_SELATAN_v2.txt,3.9,Resocialisation services,specialised_support_services,Yes,No,1.0,0.0,false_negative,0.5545997223493824,,"Although rehabilitation and social reintegration are mentioned for women victims of violence, the excerpts do not identify a specific service unit or integrated service mechanism as responsible for delivering these resocialisation services (beyond a general facilitation role), which the coding rules require.",Reference only
KEPULAUAN BANGKA BELITUNG BANGKA SELATAN,KEPULAUAN_BANGKA_BELITUNG_BANGKA_SELATAN_v2.txt,4.2,Gender equality education,primary_prevention,Yes,No,1.0,0.0,false_negative,0.9997101040197627,,"While the policy mentions socialization and dissemination regarding women's empowerment and protection and includes various education-related provisions, none of the candidate sentences explicitly situate education/awareness about gender equality or women’s rights as a strategy or measure to prevent violence against women, as required by the coding rules.",Reference only
KEPULAUAN BANGKA BELITUNG BANGKA SELATAN,KEPULAUAN_BANGKA_BELITUNG_BANGKA_SELATAN_v2.txt,4.3,VAW laws awareness,primary_prevention,Yes,No,1.0,0.0,false_negative,1.0,,"The candidate sentences include communication/information/education about prevention of violence against women and general legal awareness activities, but they do not specify that the information/education is about laws, regulations, or policies related to violence against women (e.g., domestic violence, sexual violence, trafficking) nor explicitly frame such legal-awareness content as a prevention measure.",Reference only
KEPULAUAN BANGKA BELITUNG BANGKA SELATAN,KEPULAUAN_BANGKA_BELITUNG_BANGKA_SELATAN_v2.txt,4.4,Prevention through education,primary_prevention,No,Yes,0.0,1.0,false_positive,0.9413755384972873,"provision of communication, information and education media about empowerment and prevention of violence against women within families, communities, educational institutions and public spaces.","The policy explicitly provides for communication, information, and education media about empowerment and prevention of violence against women, and it specifies delivery within educational institutions among other settings, satisfying the requirement that education (via education media in education institutions) is presented as part of prevention of violence against women.",Reference only
KEPULAUAN BANGKA BELITUNG BANGKA SELATAN,KEPULAUAN_BANGKA_BELITUNG_BANGKA_SELATAN_v2.txt,7.3,International donors,budget_funding_sources,No,Yes,0.0,1.0,false_positive,0.9998169029128974,"coordinating the participation of the business world and other institutions, including international assistance for women's empowerment and protection; and","The policy explicitly references coordinating participation of institutions including “international assistance” for women’s empowerment and protection, which meets the criterion for international support involvement.",Reference only
KEPULAUAN BANGKA BELITUNG BANGKA TENGAH,KEPULAUAN_BANGKA_BELITUNG_BANGKA_TENGAH.txt,1.2,Sexual violence,scope_of_violence,Yes,No,1.0,0.0,false_negative,0.9996109387259833,,"The candidate sentences do not explicitly mention sexual violence (e.g., rape, sexual assault, sexual harassment) or include it in the definition/classification of violence. While ""victims of sexual exploitation"" are mentioned, that is not the same as explicitly including sexual violence as defined in this criterion.",Reference only
KEPULAUAN BANGKA BELITUNG BANGKA TENGAH,KEPULAUAN_BANGKA_BELITUNG_BANGKA_TENGAH.txt,1.5,Economic violence,scope_of_violence,Yes,No,1.0,0.0,false_negative,0.999893191328687,,"The candidate sentences do not identify economic violence/abuse, economic exploitation (as violence), or neglect as a form of violence against women, nor do they define violence to include economic suffering. References to empowerment, vulnerability, minimum basic needs, employment, or welfare are not explicitly linked to violence/abuse/neglect as required by the coding rules.",Reference only
KEPULAUAN BANGKA BELITUNG BANGKA TENGAH,KEPULAUAN_BANGKA_BELITUNG_BANGKA_TENGAH.txt,3.1,Integrated service unit,specialised_support_services,Yes,No,1.0,0.0,false_negative,0.9916784320722296,,"The text states that women victims of violence have a right to receive “integrated services” and lists types of protection services (e.g., legal assistance, medical and psychosocial rehabilitation), but it does not explicitly establish, name, or assign responsibility to a specific integrated service unit/one-stop centre or equivalent institution that coordinates these services for VAW victims. References to forming task forces/forums/working groups are framed as implementation/coordination mechanisms rather than a dedicated integrated victim service unit.",Reference only
KEPULAUAN BANGKA BELITUNG BANGKA TENGAH,KEPULAUAN_BANGKA_BELITUNG_BANGKA_TENGAH.txt,3.3,Reporting/hotline service,specialised_support_services,Yes,No,1.0,0.0,false_negative,0.999145690325731,,"The only relevant mention is that community participation may take the form of “complaints/reports,” but the text does not establish or mandate a mechanism/service/channel for receiving complaints or reports of violence cases. Other “reporting” references concern government monitoring/reporting, which is excluded by the coding rules.",Reference only
KEPULAUAN BANGKA BELITUNG BANGKA TENGAH,KEPULAUAN_BANGKA_BELITUNG_BANGKA_TENGAH.txt,7.2,National government budget,budget_funding_sources,No,Yes,0.0,1.0,false_positive,0.9999313366279103,"2. In the event that the Region receives funding assistance for the implementation of policies, programs and activities for women's empowerment and protection from the Government, it must be implemented in accordance with the laws and regulations.","The policy explicitly contemplates receiving funding assistance from “the Government” for implementation, indicating a national-level government funding source in addition to the local budget.",Reference only
KEPULAUAN BANGKA BELITUNG BANGKA TENGAH,KEPULAUAN_BANGKA_BELITUNG_BANGKA_TENGAH.txt,7.3,International donors,budget_funding_sources,No,Yes,0.0,1.0,false_positive,1.0,"cooperate with the business world, non-governmental institutions, private companies, Foundations, and other domestic institutions as well as international institutions, in accordance with the provisions of laws and regulations;","The policy explicitly includes cooperation with “international institutions” as part of implementation efforts for women’s protection policies/programs/activities, which meets the criterion for international support/involvement even without naming a specific donor or amount.",Reference only
KEPULAUAN BANGKA BELITUNG BANGKA TENGAH,KEPULAUAN_BANGKA_BELITUNG_BANGKA_TENGAH.txt,7.4,Other legal sources,budget_funding_sources,Yes,No,1.0,0.0,false_negative,0.9998016455789569,,"The candidate sentences identify funding from the local regional budget and possible assistance from the Government, but do not explicitly specify any other distinct legal funding sources (e.g., earmarked funds, special levies, fines, or other legally defined sources) as budget sources.",Reference only
KEPULAUAN BANGKA BELITUNG BELITUNG,KEPULAUAN_BANGKA_BELITUNG_BELITUNG.txt,1.9,Sexual slavery/exploitation,scope_of_violence,No,Yes,0.0,1.0,false_positive,1.0,"What is meant by exploitation is an act with or without the consent of the victim which includes prostitution, forced labor or service, slavery or practices similar to slavery, oppression, extortion, utilization of physical sexual reproductive organs or unlawfully transferring/utilizing labor or transplanting organs and or body tissues or utilizing the labor or ability of a person by another party to obtain benefits both material and immaterial.
1. acts that exploit economically or sexually with the intention of benefiting oneself or others;","The policy’s definition of exploitation explicitly includes prostitution and slavery-like practices and references utilization of sexual/reproductive organs for benefits, and it also explicitly notes exploitation can be economic or sexual, thereby covering sexual exploitation/sexual slavery concepts.",Reference only
KEPULAUAN BANGKA BELITUNG BELITUNG,KEPULAUAN_BANGKA_BELITUNG_BELITUNG.txt,2.3,Data collection systems,institutional_mechanism,Yes,No,1.0,0.0,false_negative,0.9639368872272172,,"The candidate sentences mention cooperation that can include “provision of data and information” and require PPT to submit periodic written reports, but they do not explicitly establish or mandate a system/entity responsible for collecting, recording, managing, or maintaining data specifically on violence cases/victims. The reporting described is framed as administrative/services/performance reporting rather than a VAW case data system.",Reference only
KEPULAUAN BANGKA BELITUNG BELITUNG,KEPULAUAN_BANGKA_BELITUNG_BELITUNG.txt,3.2,Police specialised service unit,specialised_support_services,No,Yes,0.0,1.0,false_positive,0.9949176623473504,special service rooms in police lines;,"The policy specifies that victim services must be supported by facilities including “special service rooms in police lines,” which constitutes a police-based specialised victim service facility/unit under the coding rules.",Reference only
KEPULAUAN BANGKA BELITUNG BELITUNG,KEPULAUAN_BANGKA_BELITUNG_BELITUNG.txt,5.3,Traditional/cultural engagement,stakeholder_engagement,No,Yes,0.0,1.0,false_positive,0.9638619704094153,"2. The domestic violence prevention group at the village/sub-district level as referred to in paragraph (1) consists of village/sub-district apparatus elements, babinsa and babinkamtibmas elements, community/religious leaders, and youth elements.
2. The membership of the task force for the protection of women and children at the sub-district level as referred to in paragraph (1) consists of sub-district apparatus elements, agencies/institutions at the sub-district level, police sector (Polsek) elements, military rayon command (Koramil) elements, community/religious leaders, and youth elements.","The policy includes community leaders (and explicitly community/religious leaders) as members of local-level groups/task forces that provide integrated protection services and handle cases, which meets the criterion’s inclusion of community leaders/figures in implementation structures.",Reference only
KEPULAUAN BANGKA BELITUNG BELITUNG,KEPULAUAN_BANGKA_BELITUNG_BELITUNG.txt,6.2,Women victims of trafficking,intersectional_approach,No,Yes,0.0,1.0,false_positive,1.0,"to prevent acts of violence and discrimination against women and children including trafficking in persons;
Task force on criminal acts of trafficking in persons;
Various acts of violence against women and children both within the household and outside the household will destroy the life of families, communities, government, nation, and State, therefore the Government of Belitung Regency is obliged to provide protection to women and children from acts of violence which is an implementation of several laws and regulations, including Law Number 23 of 2004 concerning the Elimination of Domestic Violence, Law Number 21 of 2007 concerning the Eradication of the Criminal Act of Trafficking in Persons, Law Number 23 of 2002 concerning Child Protection as amended by Law Number 35 of 2014 concerning Amendment to Law Number 23 of 2002 concerning Child Protection.","The policy explicitly includes trafficking in persons within its objectives and establishes a trafficking task force; it also references the national anti-trafficking law in the general/legal basis section, indicating trafficking cases/victims are within scope.",Reference only
KEPULAUAN BANGKA BELITUNG BELITUNG,KEPULAUAN_BANGKA_BELITUNG_BELITUNG.txt,7.5,Provincial government budget,budget_funding_sources,No,Yes,0.0,1.0,false_positive,1.0,the Provincial Regional Revenue and Expenditure Budget;,"The financing article explicitly lists the Provincial Regional Revenue and Expenditure Budget as a source of funding, directly addressing provincial government budget support.",Reference only
KEPULAUAN BANGKA BELITUNG PANGKALPINANG KOTA,KEPULAUAN_BANGKA_BELITUNG_PANGKALPINANG_KOTA.txt,1.9,Sexual slavery/exploitation,scope_of_violence,No,Yes,0.0,1.0,false_positive,0.9998169029128974,"3. Forms of sexual violence as referred to in paragraph (1) letter b are sexual harassment, forced sexual intercourse, forced sexual intercourse in an unnatural or unwanted manner, forced intercourse with others for commercial purposes and/or certain purposes.","The definition of sexual violence explicitly includes forced intercourse with others for commercial purposes and/or certain purposes, which constitutes sexual exploitation within the meaning of the criterion.",Reference only
KEPULAUAN BANGKA BELITUNG PANGKALPINANG KOTA,KEPULAUAN_BANGKA_BELITUNG_PANGKALPINANG_KOTA.txt,3.3,Reporting/hotline service,specialised_support_services,Yes,No,1.0,0.0,false_negative,0.9968591582598831,,"The cited text mentions community participation through complaints/reports and reporting violence to law enforcement, but it does not establish or mandate a specific service/mechanism/channel for receiving and handling complaints (e.g., hotline, designated reporting unit, or SOP).",Reference only
KEPULAUAN BANGKA BELITUNG PANGKALPINANG KOTA,KEPULAUAN_BANGKA_BELITUNG_PANGKALPINANG_KOTA.txt,3.8,Religious/spiritual counselling,specialised_support_services,No,Yes,0.0,1.0,false_positive,1.0,"provide apparatus, health workers, social workers, and spiritual counselors;","The policy includes provision of “spiritual counselors” among personnel made available for victim protection efforts, indicating spiritual counselling/support as part of services.",Reference only
KEPULAUAN BANGKA BELITUNG PANGKALPINANG KOTA,KEPULAUAN_BANGKA_BELITUNG_PANGKALPINANG_KOTA.txt,3.9,Resocialisation services,specialised_support_services,Yes,No,1.0,0.0,false_negative,0.1243530017715962,,"While rehabilitation/social reintegration is mentioned (e.g., for former inmates) and victims’ handling up to rehabilitation is referenced, the cited passages do not identify a specific service unit or responsible institution providing rehabilitation/reintegration services for VAW victims as required by the coding rules.",Reference only
KEPULAUAN BANGKA BELITUNG PANGKALPINANG KOTA,KEPULAUAN_BANGKA_BELITUNG_PANGKALPINANG_KOTA.txt,5.4,Education institutions engagement,stakeholder_engagement,Yes,No,1.0,0.0,false_negative,0.9999084493610688,,"While the policy mentions conducting education on anti-violence values and providing formal/non-formal education as part of women’s empowerment, it does not identify schools, universities, academics, or the education sector as stakeholders/partners in implementing VAW prevention, protection, services, or coordination.",Reference only
KEPULAUAN BANGKA BELITUNG PANGKALPINANG KOTA,KEPULAUAN_BANGKA_BELITUNG_PANGKALPINANG_KOTA.txt,5.8,Private sector engagement,stakeholder_engagement,Yes,No,1.0,0.0,false_negative,1.0,,"The candidate sentences do not identify businesses, employers, business associations, or the private sector as stakeholders or partners in prevention, protection, or service delivery. References to workers/laborers relate to beneficiary groups rather than private-sector engagement.",Reference only
KEPULAUAN BANGKA BELITUNG PANGKALPINANG KOTA,KEPULAUAN_BANGKA_BELITUNG_PANGKALPINANG_KOTA.txt,6.2,Women victims of trafficking,intersectional_approach,No,Yes,0.0,1.0,false_positive,1.0,"provide protection and security for women victims of violence and discrimination, as well as criminal acts of trafficking in persons;","The policy explicitly includes “criminal acts of trafficking in persons” within the objectives of women’s empowerment and protection, indicating trafficking cases/victims are within scope per the coding rules.",Reference only
KEPULAUAN RIAU KARIMUN,KEPULAUAN_RIAU_KARIMUN.txt,1.2,Sexual violence,scope_of_violence,Yes,No,1.0,0.0,false_negative,0.9998550467570206,,"The candidate sentences contain only a general reference to “all forms of Violence Against Women and Children” and a list of laws (including domestic violence and trafficking in women), but do not explicitly mention sexual violence/rape/sexual harassment or otherwise define/classify sexual violence as covered.",Reference only
KEPULAUAN RIAU KARIMUN,KEPULAUAN_RIAU_KARIMUN.txt,1.3,Physical violence,scope_of_violence,Yes,No,1.0,0.0,false_negative,0.9998169029128974,,"Within the provided sentences, physical violence (or equivalent terms like physical assault/bodily harm) is not explicitly mentioned, nor is it defined or classified as a covered form of violence.",Reference only
KEPULAUAN RIAU KARIMUN,KEPULAUAN_RIAU_KARIMUN.txt,1.4,Psychological violence,scope_of_violence,Yes,No,1.0,0.0,false_negative,0.9999465949513187,,The provided sentences do not explicitly mention psychological/emotional/verbal abuse or include it in any definition/classification of violence; they only refer generally to “all forms of Violence Against Women and Children” and list legal bases.,Reference only
KEPULAUAN RIAU KARIMUN,KEPULAUAN_RIAU_KARIMUN.txt,1.5,Economic violence,scope_of_violence,Yes,No,1.0,0.0,false_negative,0.9826199026273357,,"The candidate sentences do not mention economic violence/abuse, economic exploitation, deprivation of resources, or neglect as a form of violence, nor do they define violence to include economic suffering; they only provide general framing and legal references.",Reference only
KEPULAUAN RIAU KARIMUN,KEPULAUAN_RIAU_KARIMUN.txt,1.9,Sexual slavery/exploitation,scope_of_violence,Yes,No,1.0,0.0,false_negative,1.0,,"Although trafficking in women is referenced in the legal basis, the provided sentences do not explicitly indicate sexual exploitation/sexual slavery or trafficking for sexual purposes; under the coding rules, trafficking alone without a sexual-exploitation context is insufficient.",Reference only
KEPULAUAN RIAU KARIMUN,KEPULAUAN_RIAU_KARIMUN.txt,2.1,Institutional network,institutional_mechanism,Yes,No,1.0,0.0,false_negative,1.0,,"The candidate sentences shown are only the regulation title/preamble and legal bases. They do not describe any coordination mechanism, network, task force, committee, referral system, or cooperation between agencies/levels for implementation.",Reference only
KEPULAUAN RIAU KARIMUN,KEPULAUAN_RIAU_KARIMUN.txt,2.2,Collaboration with NGOs,institutional_mechanism,Yes,No,1.0,0.0,false_negative,1.0,,"The provided sentences contain only introductory/preamble and references to national laws; there is no mention of cooperation/partnership with NGOs, civil society, community organisations, or other non-government service providers.",Reference only
KEPULAUAN RIAU KARIMUN,KEPULAUAN_RIAU_KARIMUN.txt,2.3,Data collection systems,institutional_mechanism,Yes,No,1.0,0.0,false_negative,1.0,,"None of the candidate sentences establish or assign responsibility for collecting, recording, monitoring, reporting, or managing data specifically on violence against women/children, victims, or cases; they are limited to background considerations and legal references.",Reference only
KEPULAUAN RIAU KARIMUN,KEPULAUAN_RIAU_KARIMUN.txt,2.5,Training and capacity building,institutional_mechanism,Yes,No,1.0,0.0,false_negative,1.0,,"The candidate sentences do not include any requirement or provision for training, technical guidance, or capacity building for implementing agencies or service providers; they only state general considerations and legal foundations for the regulation.",Reference only
KEPULAUAN RIAU KARIMUN,KEPULAUAN_RIAU_KARIMUN.txt,2.6,Monitoring and evaluation,institutional_mechanism,Yes,No,1.0,0.0,false_negative,0.9998169029128974,,"The provided sentences do not mention monitoring, evaluation, supervision, reporting, or assessment of implementation or service delivery; they are limited to the regulation’s preamble and legal references.",Reference only
KEPULAUAN RIAU KARIMUN,KEPULAUAN_RIAU_KARIMUN.txt,3.1,Integrated service unit,specialised_support_services,Yes,No,1.0,0.0,false_negative,0.9999084493610688,,"The provided sentences are limited to the regulation title and general considerations/legal bases about protection from violence; they do not establish, name, or assign responsibility to any integrated/one-stop service unit or equivalent mechanism for women victims/survivors of violence.",Reference only
KEPULAUAN RIAU KARIMUN,KEPULAUAN_RIAU_KARIMUN.txt,3.3,Reporting/hotline service,specialised_support_services,Yes,No,1.0,0.0,false_negative,1.0,,"The excerpts do not describe any mechanism, service, procedure, or designated unit for receiving complaints/reports of violence; they only provide background considerations and legal bases.",Reference only
KEPULAUAN RIAU KARIMUN,KEPULAUAN_RIAU_KARIMUN.txt,3.5,Legal assistance,specialised_support_services,Yes,No,1.0,0.0,false_negative,0.9999465949513187,,The candidate sentences do not mention legal aid/legal assistance services or any unit providing them; they only include general considerations and legal references.,Reference only
KEPULAUAN RIAU KARIMUN,KEPULAUAN_RIAU_KARIMUN.txt,3.6,Health/medical services,specialised_support_services,Yes,No,1.0,0.0,false_negative,1.0,,The provided sentences do not identify any health/medical service provision or responsible unit; they are limited to the regulation header and general considerations/legal bases.,Reference only
KEPULAUAN RIAU KARIMUN,KEPULAUAN_RIAU_KARIMUN.txt,3.7,Psychosocial counselling,specialised_support_services,Yes,No,1.0,0.0,false_negative,1.0,,"There is no mention of psychosocial/psychological counselling, counselling services, trauma recovery, or psychologists/counsellors in the candidate sentences provided.",Reference only
KEPULAUAN RIAU KARIMUN,KEPULAUAN_RIAU_KARIMUN.txt,3.9,Resocialisation services,specialised_support_services,Yes,No,1.0,0.0,false_negative,0.9997787597963033,,The candidate sentences do not identify any service unit or mechanism responsible for rehabilitation/resocialisation/reintegration; they only provide general considerations and legal references.,Reference only
KEPULAUAN RIAU KARIMUN,KEPULAUAN_RIAU_KARIMUN.txt,3.10,Economic support,specialised_support_services,Yes,No,1.0,0.0,false_negative,0.9997711312602866,,"No sentence mentions economic empowerment, skills/vocational training, financial assistance, or livelihood support specifically for women victims of violence; the text shown is only introductory/legal context.",Reference only
KEPULAUAN RIAU KARIMUN,KEPULAUAN_RIAU_KARIMUN.txt,4.1,Information and education about VAW,primary_prevention,Yes,No,1.0,0.0,false_negative,0.9997711312602866,,"The candidate sentences acknowledge violence against women and children as a human rights violation and reference the government’s obligation to provide protection, but they do not describe any information, awareness-raising, communication, counseling, socialisation, or education activities aimed at preventing violence against women or promoting anti-violence norms.",Reference only
KEPULAUAN RIAU KARIMUN,KEPULAUAN_RIAU_KARIMUN.txt,4.3,VAW laws awareness,primary_prevention,Yes,No,1.0,0.0,false_negative,0.9998169029128974,,"Although the text lists several national laws related to domestic violence and trafficking, it does not mention any primary prevention activity (e.g., socialisation, dissemination, education, awareness-raising) about these laws or legal protections, and it does not frame any such activity as a prevention strategy.",Reference only
KEPULAUAN RIAU KARIMUN,KEPULAUAN_RIAU_KARIMUN.txt,4.4,Prevention through education,primary_prevention,Yes,No,1.0,0.0,false_negative,1.0,,"The candidate sentences do not identify education institutions, curricula, school-based initiatives, or other formal education instruments as a prevention mechanism for violence against women or children; they only provide background considerations and legal references.",Reference only
KEPULAUAN RIAU KARIMUN,KEPULAUAN_RIAU_KARIMUN.txt,5.1,NGO collaboration,stakeholder_engagement,Yes,No,1.0,0.0,false_negative,0.9998016455789569,,"The provided sentences are limited to the regulation title and legal/constitutional considerations and do not mention NGOs, civil society organisations, or other non-government actors collaborating in prevention or service delivery.",Reference only
KEPULAUAN RIAU KARIMUN,KEPULAUAN_RIAU_KARIMUN.txt,5.4,Education institutions engagement,stakeholder_engagement,Yes,No,1.0,0.0,false_negative,0.9997711312602866,,"The candidate sentences do not mention schools, universities, academics, or the education sector as stakeholders or partners in prevention, protection, services, coordination, or capacity building.",Reference only
KEPULAUAN RIAU KARIMUN,KEPULAUAN_RIAU_KARIMUN.txt,5.7,Community engagement,stakeholder_engagement,Yes,No,1.0,0.0,false_negative,0.9825820875143632,,"While one sentence refers broadly to providing legal certainty to “all parties involved,” the excerpts do not explicitly mention community/society engagement or collaboration mechanisms for prevention/services, and the remaining text is purely contextual/legal references.",Reference only
KEPULAUAN RIAU KARIMUN,KEPULAUAN_RIAU_KARIMUN.txt,5.8,Private sector engagement,stakeholder_engagement,Yes,No,1.0,0.0,false_negative,0.9999084493610688,,"The provided sentences do not mention businesses, employers, business associations, or the private sector as stakeholders or partners in prevention, protection, or service delivery.",Reference only
KEPULAUAN RIAU KARIMUN,KEPULAUAN_RIAU_KARIMUN.txt,6.2,Women victims of trafficking,intersectional_approach,No,Yes,0.0,1.0,false_positive,0.9999084493610688,"5. Law Number 21 of 2007 concerning the Eradication of the Criminal Act of Trafficking in Women (State Gazette of the Republic of Indonesia of 2007 Number 58, Supplement to the State Gazette of the Republic of Indonesia Number 4720);","The policy’s legal foundation explicitly cites a national law on trafficking in women, which (per the coding rules) is sufficient to include trafficking victims within scope even without further trafficking-specific measures in the provided sentences.",Reference only
LAMPUNG BANDAR LAMPUNG KOTA,LAMPUNG_BANDAR_LAMPUNG_KOTA.txt,1.6,Harmful practices,scope_of_violence,No,Yes,0.0,1.0,false_positive,0.9540452601799487,forced marriage;,"The policy explicitly includes “forced marriage” within the listed forms of sexual violence, which qualifies as a harmful practice affecting women and girls under the coding rules.",Reference only
LAMPUNG BANDAR LAMPUNG KOTA,LAMPUNG_BANDAR_LAMPUNG_KOTA.txt,2.3,Data collection systems,institutional_mechanism,Yes,No,1.0,0.0,false_negative,0.9953134219598221,,"While the policy mentions developing gender data systems and conducting data collection/inventory of women's data, the candidate sentences do not explicitly link these data activities to violence against women, victims of violence, or violence cases as required by the coding rules. References to evaluation/accountability reports and case reports are not clearly framed as a VAW data system or mandated VAW case-data collection function in the provided sentences.",Reference only
LAMPUNG BANDAR LAMPUNG KOTA,LAMPUNG_BANDAR_LAMPUNG_KOTA.txt,3.9,Resocialisation services,specialised_support_services,Yes,No,1.0,0.0,false_negative,0.7615941559557649,,"While the policy defines social rehabilitation and social reintegration and lists their components, the provided sentences do not identify a specific service unit or responsible institution assigned to deliver these rehabilitation/reintegration services (e.g., an integrated service unit explicitly tasked with them).",Reference only
LAMPUNG BANDAR LAMPUNG KOTA,LAMPUNG_BANDAR_LAMPUNG_KOTA.txt,4.4,Prevention through education,primary_prevention,Yes,No,1.0,0.0,false_negative,0.7039056039366209,,"Although prevention is said to include the field of education and the policy mentions “communication, information and education materials,” the candidate sentences do not explicitly identify formal education instruments or institutions (schools, curricula, teaching/learning materials within education systems) as a prevention mechanism for violence, nor do they clearly link improvements in education access/quality/content to preventing violence. The references are broad CIE/socialization rather than explicit education-system-based prevention as required by the coding rules.",Reference only
LAMPUNG BANDAR LAMPUNG KOTA,LAMPUNG_BANDAR_LAMPUNG_KOTA.txt,6.1,Women in conflict/disaster areas,intersectional_approach,No,Yes,0.0,1.0,false_positive,1.0,to special protection in emergency conditions/situations.,"The policy explicitly states that every woman has the right to “special protection in emergency conditions/situations,” which constitutes a gender-specific protection measure applicable in emergency/disaster contexts.",Reference only
LAMPUNG BANDAR LAMPUNG KOTA,LAMPUNG_BANDAR_LAMPUNG_KOTA.txt,6.2,Women victims of trafficking,intersectional_approach,No,Yes,0.0,1.0,false_positive,0.9997406174072243,"8. Trafficking in Persons is the act of recruitment, transportation, harboring, sending, transfer, or receipt of a person by threat of violence, use of violence, abduction, confinement, forgery, fraud, abuse of power or position of vulnerability, debt bondage or giving payment or benefits to obtain consent from a person who has control over that other person, whether carried out within the country or between countries for the purpose of exploitation or resulting in the person being exploited.
1. The community is responsible for carrying out prevention, risk reduction and handling of cases of women victims of violence, exploitation, and trafficking in persons.","The policy explicitly defines “Trafficking in Persons” and also explicitly includes “women victims of… trafficking in persons” within responsibilities for prevention/risk reduction/handling, indicating trafficking victims are within scope.",Reference only
LAMPUNG BANDAR LAMPUNG KOTA,LAMPUNG_BANDAR_LAMPUNG_KOTA.txt,7.2,National government budget,budget_funding_sources,No,Yes,0.0,1.0,false_positive,1.0,"Funding for women's protection may be sourced from the State Revenue and Expenditure Budget, Regional Revenue and Expenditure Budget of both the Province and City and/or other lawful sources that are non-binding in accordance with statutory provisions.","The policy explicitly lists the State Revenue and Expenditure Budget as a possible funding source, which is the national government budget.",Reference only
LAMPUNG BANDAR LAMPUNG KOTA,LAMPUNG_BANDAR_LAMPUNG_KOTA.txt,7.5,Provincial government budget,budget_funding_sources,No,Yes,0.0,1.0,false_positive,0.9999465949513187,"Funding for women's protection may be sourced from the State Revenue and Expenditure Budget, Regional Revenue and Expenditure Budget of both the Province and City and/or other lawful sources that are non-binding in accordance with statutory provisions.","The policy explicitly includes the Regional Revenue and Expenditure Budget of the Province as a funding source, which corresponds to a provincial government budget.",Reference only
LAMPUNG LAMPUNG TIMUR,LAMPUNG_LAMPUNG_TIMUR.txt,2.4,Gender mainstreaming institutionalisation,institutional_mechanism,Yes,No,1.0,0.0,false_negative,0.0,,"While the text defines gender mainstreaming and mentions strengthening institutional capacity of PUG/PUHA, the provided sentences do not explicitly require gender mainstreaming to be implemented as an institutional mechanism for women’s protection/VAW programming (e.g., integration into planning/budgeting responsibilities specifically as gender mainstreaming, or establishment of a gender mainstreaming working group/focal point). The cited provisions focus on general protection implementation and institutional strengthening without clearly operationalising gender mainstreaming as the mechanism.",Reference only
LAMPUNG LAMPUNG TIMUR,LAMPUNG_LAMPUNG_TIMUR.txt,4.1,Information and education about VAW,primary_prevention,No,Yes,0.0,1.0,false_positive,0.9716987317743493,"1. The Regent is obliged to implement policies, programs, and activities for the protection of women and children, to eliminate all forms of discrimination and acts of violence against women and children in his/her region.
2. The implementation as referred to in paragraph (1) is in the form of: policy analysis, coordination, advocacy, socialization, communication, information, and education (KIE), training, service facilitation, service provision, development of models for the protection of women and children, and other forms.","The policy frames eliminating violence against women and children as an obligation and lists implementation forms that include socialization, communication, information, and education (KIE) as part of protection efforts, which implicitly includes preventive information/education activities about violence against women.",Reference only
LAMPUNG LAMPUNG TIMUR,LAMPUNG_LAMPUNG_TIMUR.txt,5.6,Media engagement,stakeholder_engagement,No,Yes,0.0,1.0,false_positive,0.9995422887110232,"23. Community institution is an institution formed by members of the Indonesian citizen community voluntarily on the basis of shared vision, mission, profession, function and activities to participate in development in order to achieve national goals within the framework of the Unitary State of the Republic of Indonesia based on Pancasila, consisting of religious organizations, non-governmental organizations, professional organizations, private organizations, social organizations, political organizations, mass media, and other forms of organizations.","The policy includes “mass media” within the definition of “community institution,” which (per the coding rules) counts as recognizing media as part of the stakeholder/community network relevant to implementation.",Reference only
LAMPUNG LAMPUNG TIMUR,LAMPUNG_LAMPUNG_TIMUR.txt,6.2,Women victims of trafficking,intersectional_approach,No,Yes,0.0,1.0,false_positive,0.9998626756131501,"2. For women and children who are victims of violence and trafficking in persons, services include: complaint services/victim identification, legal aid, health rehabilitation, psychosocial rehabilitation, social reintegration, repatriation assistance or other forms according to the needs and best interests of the victim.","The policy explicitly includes “women and children who are victims of … trafficking in persons” within the scope of services, which satisfies the criterion’s requirement that trafficking victims be mentioned as covered beneficiaries.",Reference only
LAMPUNG LAMPUNG TIMUR,LAMPUNG_LAMPUNG_TIMUR.txt,7.3,International donors,budget_funding_sources,No,Yes,0.0,1.0,false_positive,0.999732989016709,"1. In implementing policies, programs, and activities for the protection of women and children, the Regional Government of East Lampung Regency may cooperate with international institutions.","The policy explicitly allows cooperation with international institutions in implementing protection policies/programs/activities, which constitutes explicit international involvement/support under the coding rules (even without naming a donor or specifying funding amounts).",Reference only
LAMPUNG LAMPUNG UTARA,LAMPUNG_LAMPUNG_UTARA.txt,1.9,Sexual slavery/exploitation,scope_of_violence,No,Yes,0.0,1.0,false_positive,0.9996490786416141,"""Sexual violence"" means any act in the form of sexual harassment, forced sexual intercourse, forced unnatural or unwanted sexual intercourse, forced sexual intercourse with others for commercial purposes and or certain purposes.","The definition of sexual violence explicitly includes forced sexual intercourse with others for commercial purposes, which constitutes sexual exploitation within the meaning of the criterion.",Reference only
LAMPUNG LAMPUNG UTARA,LAMPUNG_LAMPUNG_UTARA.txt,3.2,Police specialised service unit,specialised_support_services,No,Yes,0.0,1.0,false_positive,0.1243530017715963,"a. ""Special service room"" at hospitals and places such as Resort Police, Hospitals, designated hospitals and at offices/agencies or other places determined by the Regional Government.","The policy explicitly references a ""special service room"" located in places including Resort Police, indicating a police-based specialised victim service facility (RPK-equivalent) within police offices.",Reference only
LAMPUNG LAMPUNG UTARA,LAMPUNG_LAMPUNG_UTARA.txt,6.2,Women victims of trafficking,intersectional_approach,No,Yes,0.0,1.0,false_positive,0.9998626756131501,"a.prevent violence against women and children including trafficking in persons;
6. Law Number 21 of 2007 concerning the Eradication of the Criminal Act of Trafficking in Persons (State Gazette of the Republic of Indonesia of 2007 Number 58, Supplement to the State Gazette of the Republic of Indonesia Number 4720;","The policy explicitly includes trafficking in persons within its objectives and also cites national anti-trafficking legislation in its legal basis, which is sufficient to include trafficking victims (including women) within scope under the coding rules.",Reference only
LAMPUNG LAMPUNG UTARA,LAMPUNG_LAMPUNG_UTARA.txt,6.3,Women workers,intersectional_approach,No,Yes,0.0,1.0,false_positive,1.0,"""Worker neglect"" means an act by any person or legal entity that results in unfair treatment of female workers whereas according to the law applicable to him or her or due to an agreement or contract he or she is obliged to provide adequate protection from lawful acts against workers such as haphazard recruitment, unclear shelters and workplaces, arbitrary business owners.","The policy explicitly defines “Worker neglect” as unfair treatment of female workers and references an obligation to provide adequate protection, indicating a specific protection-related focus on women workers as a target group.",Reference only
LAMPUNG METRO KOTA,LAMPUNG_METRO_KOTA.txt,2.4,Gender mainstreaming institutionalisation,institutional_mechanism,Yes,No,1.0,0.0,false_negative,1.0,,"The candidate sentences mention gender equality as a principle, but do not establish or require gender mainstreaming as an institutional mechanism (e.g., no mainstreaming requirement, focal point, working group, or integration into planning/budgeting framed as gender mainstreaming).",Reference only
LAMPUNG METRO KOTA,LAMPUNG_METRO_KOTA.txt,2.5,Training and capacity building,institutional_mechanism,Yes,No,1.0,0.0,false_negative,0.9950927001858654,,"While the policy mentions increasing the capacity of service provider institutions as a governmental authority, the provided sentences do not explicitly mandate training/technical guidance/professional development or otherwise clearly require capacity-building activities for implementing personnel as a duty (as required by the coding rules).",Reference only
LAMPUNG METRO KOTA,LAMPUNG_METRO_KOTA.txt,3.3,Reporting/hotline service,specialised_support_services,Yes,No,1.0,0.0,false_negative,0.7615941559557649,,"The retrieved text defines “complaint” generally and includes administrative reporting obligations (P2TP2A reporting activities to SKPD/Mayor/Governor) and community participation in reporting violence, but it does not explicitly establish or describe a mechanism/service/channel designated for receiving complaints/reports from victims or the public (e.g., intake procedures, a receiving unit, hotline, or SOP for complaint reception).",Reference only
LAMPUNG METRO KOTA,LAMPUNG_METRO_KOTA.txt,7.5,Provincial government budget,budget_funding_sources,No,Yes,0.0,1.0,false_positive,0.9999084493610688,Provincial Regional Revenue and Expenditure Budget;,"The policy explicitly includes the ""Provincial Regional Revenue and Expenditure Budget"" as a financing source, which is a provincial government budget.",Reference only
LAMPUNG PESAWARAN,LAMPUNG_PESAWARAN.txt,1.5,Economic violence,scope_of_violence,Yes,No,1.0,0.0,false_negative,1.0,,"The candidate sentences mention economic exploitation and neglect primarily in relation to children (e.g., “exploitation, whether economic or sexual” for children) and define violence/violence against women without including economic suffering. There is no explicit or definitional inclusion of economic violence/exploitation/neglect as a form of violence against women in the provided text.",Reference only
LAMPUNG PESAWARAN,LAMPUNG_PESAWARAN.txt,1.6,Harmful practices,scope_of_violence,No,Yes,0.0,1.0,false_positive,0.9997711312602866,prevent the occurrence of marriage at child age; and,"The policy explicitly addresses a harmful practice by requiring parents to “prevent the occurrence of marriage at child age,” which meets the criterion for inclusion of child/early marriage.",Reference only
LAMPUNG PESAWARAN,LAMPUNG_PESAWARAN.txt,2.3,Data collection systems,institutional_mechanism,Yes,No,1.0,0.0,false_negative,0.9990618045941528,,"The candidate sentences mention reporting violations to authorities and general monitoring/supervision, and separately mention developing gender-based information systems, but they do not explicitly link any data collection/recording/management system to violence against women, VAW victims, or VAW cases as required by the coding rules.",Reference only
LAMPUNG PESAWARAN,LAMPUNG_PESAWARAN.txt,3.8,Religious/spiritual counselling,specialised_support_services,No,Yes,0.0,1.0,false_positive,0.9866096625996819,"2. Protection of children in embracing their religion as referred to in paragraph (1) includes guidance, mentoring, and good practice of religious teachings for children.","The policy includes religious guidance and mentoring (guidance, mentoring, and practice of religious teachings) as part of protection in the field of religion, which qualifies as religious/spiritual counselling/support under the coding rules.",Reference only
LAMPUNG PESAWARAN,LAMPUNG_PESAWARAN.txt,3.10,Economic support,specialised_support_services,No,Yes,0.0,1.0,false_positive,0.12435300177159625,to empower women victims of violence.,"The policy explicitly states an objective to empower women victims of violence, which implies provision of empowerment support for this group; however, the retrieved sentences do not explicitly specify economic measures (training, capital, livelihoods) targeted to women victims of violence.",Reference only
LAMPUNG PESAWARAN,LAMPUNG_PESAWARAN.txt,4.2,Gender equality education,primary_prevention,Yes,No,1.0,0.0,false_negative,0.9989092941000444,,"While the policy mentions gender justice and equality as a principle and includes broad awareness/education activities about protection/empowerment of women, the candidate sentences do not explicitly situate education/awareness about gender equality or women’s rights as a strategy to prevent violence against women. The education activities shown are framed around protection from violence or empowerment generally, not explicitly gender equality/women’s rights education for VAW prevention as required by the coding rules.",Reference only
LAMPUNG PESAWARAN,LAMPUNG_PESAWARAN.txt,5.2,Religious engagement,stakeholder_engagement,No,Yes,0.0,1.0,false_positive,1.0,"1. In order to ensure the effectiveness of implementing Child-Friendly Regency policies in the region, a Child-Friendly Regency Task Force is established whose membership includes Regional Apparatus Organizations, child representatives, and may involve legislative, judicial institutions, business sector, religious/community/customary leaders and the community.","The policy explicitly states that the Child-Friendly Regency Task Force membership may involve religious leaders, which constitutes inclusion of faith-based actors in implementation/coordination structures.",Reference only
LAMPUNG PESAWARAN,LAMPUNG_PESAWARAN.txt,5.3,Traditional/cultural engagement,stakeholder_engagement,No,Yes,0.0,1.0,false_positive,1.0,"1. In order to ensure the effectiveness of implementing Child-Friendly Regency policies in the region, a Child-Friendly Regency Task Force is established whose membership includes Regional Apparatus Organizations, child representatives, and may involve legislative, judicial institutions, business sector, religious/community/customary leaders and the community.","The policy explicitly includes customary leaders (alongside religious/community leaders) as potential members of the Child-Friendly Regency Task Force, indicating engagement of traditional/customary leadership in implementation/coordination.",Reference only
LAMPUNG PESAWARAN,LAMPUNG_PESAWARAN.txt,6.10,Refugee/forced displacement,intersectional_approach,No,Yes,0.0,1.0,false_positive,0.925346225311741,"children who become refugees;
2. Special protection for children in emergency situations as referred to in paragraph (1), is implemented in accordance with the provisions of laws and regulations.","The policy explicitly identifies “children who become refugees” as part of emergency situations and states that special protection for children in such emergency situations is implemented, which constitutes special protection targeted at refugees/forced displacement (at least for children).",Reference only
LAMPUNG PESISIR BARAT,LAMPUNG_PESISIR_BARAT.txt,2.3,Data collection systems,institutional_mechanism,No,Yes,0.0,1.0,false_positive,0.9986195562154352,exchange of data and information;,"The policy explicitly links cooperation to the “exchange of data and information” in the context of achieving protection objectives for women and children from violence, which constitutes an explicit data/information exchange function tied to violence/victims/cases (even if not a dedicated data system).",Reference only
LAMPUNG PESISIR BARAT,LAMPUNG_PESISIR_BARAT.txt,2.6,Monitoring and evaluation,institutional_mechanism,Yes,No,1.0,0.0,false_negative,0.35835739835078584,,"The candidate sentences do not establish monitoring and evaluation of policy implementation or service delivery. While they mention “fostering and supervising” and “monitoring” in the context of assistants monitoring victims’ interests during legal processes, they do not describe M&E of the policy’s implementation or service delivery systems.",Reference only
LAMPUNG PESISIR BARAT,LAMPUNG_PESISIR_BARAT.txt,3.2,Police specialised service unit,specialised_support_services,Yes,No,1.0,0.0,false_negative,0.9997711312602866,,"The candidate sentences mention police as actors involved in assistance and legal processes, but do not identify any specialised police-based victim service unit (e.g., UPPA/RPK) or a dedicated unit within police offices for VAW victims.",Reference only
LAMPUNG PESISIR BARAT,LAMPUNG_PESISIR_BARAT.txt,5.2,Religious engagement,stakeholder_engagement,No,Yes,0.0,1.0,false_positive,1.0,"1. Assistance includes all integrated efforts to restore and strengthen the condition of victims, conducted by health workers, education, police, prosecutors, courts, advocates, social workers, volunteer assistants and spiritual counselors.","The policy includes “spiritual counselors” among those who conduct integrated assistance to restore and strengthen victims’ condition, which constitutes inclusion of faith/spiritual actors in service delivery/support.",Reference only
LAMPUNG PRINGSEWU,LAMPUNG_PRINGSEWU.txt,3.3,Reporting/hotline service,specialised_support_services,Yes,No,1.0,0.0,false_negative,0.9893321412459599,,"The retrieved sentences describe administrative reporting between PPT, SKPD, the Regent, and the Governor, and mention that community members may report violence to relevant agencies, but they do not establish or mandate a specific mechanism/service/channel for receiving complaints from victims or the public (e.g., a complaint intake service, hotline, or SOP for complaint reception).",Reference only
LAMPUNG PRINGSEWU,LAMPUNG_PRINGSEWU.txt,4.3,VAW laws awareness,primary_prevention,No,Yes,0.0,1.0,false_positive,0.9998703044983814,conducting socialization of laws and regulations related to the protection of Women and Children Victims of Violence;,"The policy explicitly lists, as part of the regional government’s duty to carry out prevention/handling/recovery for victims of violence against women and children, the socialization of laws and regulations related to protection of women and children victims of violence, which constitutes prevention-oriented legal awareness activity about relevant laws/regulations.",Reference only
LAMPUNG PRINGSEWU,LAMPUNG_PRINGSEWU.txt,6.2,Women victims of trafficking,intersectional_approach,No,Yes,0.0,1.0,false_positive,0.9999465949513187,"prevent all forms of acts of violence including trafficking in persons;
8. Law Number 21 of 2007 concerning the Eradication of the Criminal Act of Trafficking in Persons (State Gazette of the Republic of Indonesia of 2007 Number 58, Supplement to the State Gazette of the Republic of Indonesia Number 4720);","The policy explicitly includes trafficking in persons within the aims of protection and also cites the national anti-trafficking law in its legal basis, indicating trafficking cases/victims are within scope.",Reference only
LAMPUNG PRINGSEWU,LAMPUNG_PRINGSEWU.txt,7.4,Other legal sources,budget_funding_sources,Yes,No,1.0,0.0,false_negative,0.999938965775063,,"The only explicit funding source mentioned is the regional government budget allocation; there is no explicit reference to other legally defined funding sources (e.g., private earmarks, grants, CSR, fines, or other non-government legal revenue streams) as budget sources.",Reference only
LAMPUNG TANGGAMUS,LAMPUNG_TANGGAMUS.txt,6.5,People with disability,intersectional_approach,Yes,No,1.0,0.0,false_negative,0.8482836399575128,,"The text mentions “Persons with disabilities” only as a category within a list of ‘other violence’/victim categories, without specifying disability-targeted protection measures, services, accommodations, or identifying people with disabilities as beneficiaries of special protection measures in the provided excerpts.",Reference only
MALUKU KEPULAUAN TANIMBAR,MALUKU_KEPULAUAN_TANIMBAR.txt,1.6,Harmful practices,scope_of_violence,No,Yes,0.0,1.0,false_positive,0.9999084493610688,preventing marriage at child age;,"The policy explicitly mentions preventing “marriage at child age,” which is a harmful practice (child marriage) under the coding rules.",Reference only
MALUKU KEPULAUAN TANIMBAR,MALUKU_KEPULAUAN_TANIMBAR.txt,3.3,Reporting/hotline service,specialised_support_services,Yes,No,1.0,0.0,false_negative,0.9996719629401765,,"The text notes that community members may report violence to law enforcement/authorized parties, but it does not establish or describe a designated service/mechanism/unit (or SOP) specifically for receiving complaints/reports from victims or the public; the P2TP2A service list shown does not explicitly include report/complaint intake.",Reference only
MALUKU KEPULAUAN TANIMBAR,MALUKU_KEPULAUAN_TANIMBAR.txt,3.9,Resocialisation services,specialised_support_services,Yes,No,1.0,0.0,false_negative,0.8798266996519848,,"Although victims’ rights include social rehabilitation and social reintegration, and community participation mentions roles in rehabilitation/reintegration, the provided sentences do not identify a specific service unit/institution responsible for delivering rehabilitation/reintegration services (e.g., assigning these functions to P2TP2A or another unit).",Reference only
MALUKU KEPULAUAN TANIMBAR,MALUKU_KEPULAUAN_TANIMBAR.txt,6.5,People with disability,intersectional_approach,Yes,No,1.0,0.0,false_negative,0.9641841330033867,,"The only disability-related content shown is a prohibition on discriminatory treatment of children and women with disabilities, which is insufficient under the coding rules because it does not establish disability-specific protection/services or identify people with disabilities as a group receiving special protection measures.",Reference only
MALUKU MALUKU TENGAH,MALUKU_MALUKU_TENGAH.txt,2.5,Training and capacity building,institutional_mechanism,No,Yes,0.0,1.0,false_positive,1.0,1. The Regional Government is obliged to provide guidance on the organization of protection of women and children victims of violence comprising technical guidance and training.,"The policy mandates that the Regional Government provide guidance on organizing protection for women and children victims of violence, explicitly including technical guidance and training, which is a direct requirement for capacity building for implementation actors.",Reference only
MALUKU MALUKU TENGAH,MALUKU_MALUKU_TENGAH.txt,3.4,Safety/protection shelter,specialised_support_services,No,Yes,0.0,1.0,false_positive,1.0,"28. Safe House is temporary housing provided to give protection to victims in accordance with predetermined operational standards.
Special handling is carried out through Safe House services and in cooperation with the police and the Witness and Victim Protection Agency (LPSK).","The policy explicitly defines a Safe House as temporary housing for victim protection and states that special handling is carried out through Safe House services, indicating an accommodation-based protection mechanism for victims of violence.",Reference only
MALUKU MALUKU TENGAH,MALUKU_MALUKU_TENGAH.txt,6.2,Women victims of trafficking,intersectional_approach,No,Yes,0.0,1.0,false_positive,1.0,"10. Law Number 21 of 2007 concerning Eradication of the Crime of Trafficking in Persons (State Gazette of the Republic of Indonesia of 2007 Number 58, Supplement to the State Gazette of the Republic of Indonesia Number 4720);
16. Government Regulation Number 9 of 2008 concerning Procedures and Mechanisms for Integrated Services for Victims of the Crime of Trafficking in Persons (State Gazette of the Republic of Indonesia of 2008 Number 22, Supplement to the State Gazette of the Republic of Indonesia Number 4818);","The policy’s legal basis explicitly cites the national anti-trafficking law and a government regulation on integrated services for trafficking victims, which (per coding rules) is sufficient to include trafficking victims within scope even without further trafficking-specific measures.",Reference only
MALUKU MALUKU TENGAH,MALUKU_MALUKU_TENGAH.txt,6.5,People with disability,intersectional_approach,No,Yes,0.0,1.0,false_positive,0.999732989016709,"2. In addition to the minimum service standards as referred to in paragraph (1), the Regent shall establish special Minimum Service Standards for victims with Disabilities.","The policy explicitly requires the Regent to establish special minimum service standards for victims with disabilities, which constitutes disability-specific protection/service measures.",Reference only
MALUKU SERAM BAGIAN BARAT,MALUKU_SERAM_BAGIAN_BARAT.txt,1.1,Domestic violence,scope_of_violence,Yes,No,1.0,0.0,false_negative,0.12435300177159614,,"The candidate sentences define and address violence against women and children generally, including violence occurring in the public sphere or private life, but they do not explicitly mention domestic violence, family/household violence, intimate partner violence, or equivalent terms. Under the coding rules, domestic violence cannot be inferred solely from general references to violence against women or private-life violence.",Reference only
MALUKU SERAM BAGIAN BARAT,MALUKU_SERAM_BAGIAN_BARAT.txt,1.9,Sexual slavery/exploitation,scope_of_violence,Yes,No,1.0,0.0,false_negative,0.9998855623561498,,"While the policy mentions “economic exploitation” and defines “Sexual Violence,” the candidate sentences do not explicitly refer to sexual exploitation, sexual slavery, prostitution/forced sexual services, or trafficking for sexual exploitation, and the definition of sexual violence does not clearly include sexual exploitation as such.",Reference only
MALUKU SERAM BAGIAN BARAT,MALUKU_SERAM_BAGIAN_BARAT.txt,4.4,Prevention through education,primary_prevention,Yes,No,1.0,0.0,false_negative,0.2449186624037092,,"Although the policy mentions increasing the quantity and quality of education in the context of broader prevention efforts, it does not explicitly identify education institutions, curricula, school-based programs, or specific education instruments as a prevention mechanism for violence; the references are general improvements/access to education rather than education-as-prevention as defined by the coding rules.",Reference only
MALUKU SERAM BAGIAN BARAT,MALUKU_SERAM_BAGIAN_BARAT.txt,5.5,International organisations engagement,stakeholder_engagement,Yes,No,1.0,0.0,false_negative,0.9989779223824862,,"The candidate sentences mention cooperation with non-governmental institutions and refer to assistance from domestic or foreign NGOs as a lawful source, but they do not explicitly mention international organizations (e.g., UN agencies, international NGOs/IOs) as stakeholders/partners in implementation or service delivery; “foreign NGOs” is not clearly framed as engagement with international organizations specifically.",Reference only
MALUKU SERAM BAGIAN BARAT,MALUKU_SERAM_BAGIAN_BARAT.txt,7.2,National government budget,budget_funding_sources,No,Yes,0.0,1.0,false_positive,1.0,"what is meant by other lawful sources is assistance, financial assistance from the Central Government, Province, or assistance from domestic or foreign NGOs.","The policy’s explanation of ""other lawful sources"" explicitly includes assistance/financial assistance from the Central Government, which constitutes a national government budget/source.",Reference only
MALUKU SERAM BAGIAN BARAT,MALUKU_SERAM_BAGIAN_BARAT.txt,7.5,Provincial government budget,budget_funding_sources,No,Yes,0.0,1.0,false_positive,1.0,"what is meant by other lawful sources is assistance, financial assistance from the Central Government, Province, or assistance from domestic or foreign NGOs.","The policy’s definition of ""other lawful sources"" explicitly includes assistance/financial assistance from the Province, indicating provincial-level government funding support.",Reference only
MALUKU TUAL KOTA,MALUKU_TUAL_KOTA.txt,1.8,Human trafficking,scope_of_violence,No,Yes,0.0,1.0,false_positive,1.0,"8. Law Number 21 of 2007 concerning Eradication of the Criminal Act of Trafficking in Persons (State Gazette of the Republic of Indonesia of 2007 Number 58, Supplement to the State Gazette of the Republic of Indonesia Number 4928);","The policy’s legal foundation explicitly cites a law on eradication of the criminal act of trafficking in persons, which satisfies the criterion that citing trafficking legislation in the legal basis is sufficient.",Reference only
MALUKU TUAL KOTA,MALUKU_TUAL_KOTA.txt,5.2,Religious engagement,stakeholder_engagement,No,Yes,0.0,1.0,false_positive,0.9995422887110232,"2. P2TP2A as referred to in paragraph (1), consists of elements of the Police, Prosecutor's Office, Court, Health Office, Social Office, Ministry of Religious Affairs, Office of Women's Empowerment and Child Protection, NGOs, Child Observers.","The policy includes the Ministry of Religious Affairs as an element of the P2TP2A integrated service unit, indicating involvement of a religious-affairs actor in the delivery/coordination of services for victims (beyond merely referencing religious norms).",Reference only
MALUKU TUAL KOTA,MALUKU_TUAL_KOTA.txt,6.2,Women victims of trafficking,intersectional_approach,No,Yes,0.0,1.0,false_positive,0.9997863883614204,"8. Law Number 21 of 2007 concerning Eradication of the Criminal Act of Trafficking in Persons (State Gazette of the Republic of Indonesia of 2007 Number 58, Supplement to the State Gazette of the Republic of Indonesia Number 4928);","The policy’s legal foundation explicitly cites national legislation on eradication of trafficking in persons, which (per the coding rules) is sufficient to include trafficking victims within the policy’s intended scope.",Reference only
MALUKU UTARA HALMAHERA TIMUR,MALUKU_UTARA_HALMAHERA_TIMUR.txt,2.3,Data collection systems,institutional_mechanism,No,Yes,0.0,1.0,false_positive,1.0,"initial identification or recording of victims;
case identification; and","The policy links service provision for women/children victims of violence to explicit recording/identification functions, including initial identification/recording of victims and case identification, which constitutes a requirement to document/record information on violence victims/cases.",Reference only
MALUKU UTARA HALMAHERA TIMUR,MALUKU_UTARA_HALMAHERA_TIMUR.txt,3.4,Safety/protection shelter,specialised_support_services,No,Yes,0.0,1.0,false_positive,0.9540452601799487,"networking with government or private hospitals for treatment and health recovery of victims and cooperating with witness and victim protection institutions, social shelters or trauma centers owned by the government, community or other institutions for health recovery of victims;","The policy explicitly refers to cooperation with ""social shelters"" or trauma centers for victims’ recovery, which constitutes an accommodation-based shelter mechanism/service for victims within the service network.",Reference only
MALUKU UTARA HALMAHERA TIMUR,MALUKU_UTARA_HALMAHERA_TIMUR.txt,6.1,Women in conflict/disaster areas,intersectional_approach,No,Yes,0.0,1.0,false_positive,1.0,"implementing protection of women especially protection for victims of violence, female workers, elderly women, and women with disabilities, in conflict areas and disaster-affected areas;","The policy explicitly mentions implementing protection for women (including specific subgroups) in conflict areas and disaster-affected areas, which constitutes special protection measures targeted at women in emergency contexts.",Reference only
MALUKU UTARA HALMAHERA TIMUR,MALUKU_UTARA_HALMAHERA_TIMUR.txt,6.2,Women victims of trafficking,intersectional_approach,No,Yes,0.0,1.0,false_positive,1.0,"11. Law Number 21 of 2007 concerning Eradication of the Criminal Act of Trafficking in Persons (State Gazette of the Republic of Indonesia of 2009 Number 58, Supplement to the State Gazette of the Republic of Indonesia Number 4720);","The policy’s legal basis explicitly cites the national law on eradication of trafficking in persons, which (per the coding rules) is sufficient to include trafficking victims within the policy’s scope even without detailing trafficking-specific services for women.",Reference only
MALUKU UTARA HALMAHERA TIMUR,MALUKU_UTARA_HALMAHERA_TIMUR.txt,6.3,Women workers,intersectional_approach,No,Yes,0.0,1.0,false_positive,1.0,"implementing protection of women especially protection for victims of violence, female workers, elderly women, and women with disabilities, in conflict areas and disaster-affected areas;","The policy explicitly identifies female workers as a subgroup of women for whom protection is to be implemented (alongside victims of violence, elderly women, and women with disabilities), satisfying the requirement for women workers as a specific target group for protection measures.",Reference only
MALUKU UTARA HALMAHERA TIMUR,MALUKU_UTARA_HALMAHERA_TIMUR.txt,6.4,Elderly women,intersectional_approach,No,Yes,0.0,1.0,false_positive,0.9998245316235193,"implementing protection of women especially protection for victims of violence, female workers, elderly women, and women with disabilities, in conflict areas and disaster-affected areas;","The policy explicitly lists elderly women as a group for whom protection of women is to be implemented, indicating special protection measures targeted at elderly women.",Reference only
MALUKU UTARA HALMAHERA TIMUR,MALUKU_UTARA_HALMAHERA_TIMUR.txt,6.5,People with disability,intersectional_approach,No,Yes,0.0,1.0,false_positive,1.0,"implementing protection of women especially protection for victims of violence, female workers, elderly women, and women with disabilities, in conflict areas and disaster-affected areas;","The policy explicitly identifies women with disabilities as a subgroup for whom protection is to be implemented, which meets the criterion for disability-targeted protection measures.",Reference only
MALUKU UTARA TERNATE KOTA,MALUKU_UTARA_TERNATE_KOTA.txt,2.1,Institutional network,institutional_mechanism,No,Yes,0.0,1.0,false_positive,0.999732989016709,"1. The provision of protection to victims is carried out in an integrated manner within the Integrated Service Center for the Empowerment of Women and Children (P2TP2A).
2. P2TP2A Ternate City may receive case referrals from stakeholders within the Ternate City area.","The policy establishes an integrated service delivery mechanism through P2TP2A and explicitly provides for receiving case referrals from stakeholders, indicating a coordinated/referral network rather than isolated agency responsibilities.",Reference only
NUSA TENGGARA BARAT BIMA,NUSA_TENGGARA_BARAT_BIMA.txt,1.1,Domestic violence,scope_of_violence,Yes,No,1.0,0.0,false_negative,1.0,,"Across the provided sentences, the policy discusses violence against women and children generally and defines “Violence” broadly, but it does not explicitly mention domestic violence, family/household violence, intimate partner violence, or violence in the private/home sphere, nor does it cite a domestic-violence-specific legal framework in the shown excerpts.",Reference only
NUSA TENGGARA BARAT BIMA,NUSA_TENGGARA_BARAT_BIMA.txt,1.6,Harmful practices,scope_of_violence,No,Yes,0.0,1.0,false_positive,0.9999084493610688,"conducting socialization and education on laws and regulations related to women's empowerment, protection of women and Children, such as prevention of unregistered marriages and the dangers of child marriage;","The community participation provisions explicitly reference prevention of unregistered marriages and the dangers of child marriage, which are harmful practices affecting women and girls under the coding rules.",Reference only
NUSA TENGGARA BARAT BIMA,NUSA_TENGGARA_BARAT_BIMA.txt,1.9,Sexual slavery/exploitation,scope_of_violence,Yes,No,1.0,0.0,false_negative,0.9990160502241732,,"Although “exploitation” and “sexual” appear in different contexts (general aims and the violence definition), the provided sentences do not explicitly mention sexual exploitation/sexual slavery, exploitation for sexual purposes, prostitution, or trafficking for sexual exploitation, and the definition does not link exploitation to sexual exploitation specifically.",Reference only
NUSA TENGGARA BARAT BIMA,NUSA_TENGGARA_BARAT_BIMA.txt,2.5,Training and capacity building,institutional_mechanism,Yes,No,1.0,0.0,false_negative,0.9988406681737274,,"While the text mentions “capacity building” and “technical guidance,” the cited provisions either focus on children (excluded by the coding rules unless explicitly extended to VAW/GBV) or describe general governmental authority/supervision rather than a clear mandated training/capacity-building duty for implementing personnel for women’s protection/VAW implementation.",Reference only
NUSA TENGGARA BARAT BIMA,NUSA_TENGGARA_BARAT_BIMA.txt,3.5,Legal assistance,specialised_support_services,Yes,No,1.0,0.0,false_negative,1.0,,"The listed service functions (complaints, outreach, case management, shelter, mediation, victim assistance) do not explicitly mention legal aid/legal assistance, legal representation, or legal counselling. “Mediation” and “victim assistance” are not clearly defined as legal assistance in the provided sentences.",Reference only
NUSA TENGGARA BARAT BIMA,NUSA_TENGGARA_BARAT_BIMA.txt,5.4,Education institutions engagement,stakeholder_engagement,No,Yes,0.0,1.0,false_positive,0.9996643348115568,"What is meant by ""Working Group"" is a discussion forum consisting of stakeholders in the region (regional apparatus, NGOs, Business World, and Universities) in formulating agreements and/or policies to be proposed to the regent in the form of recommendations for decision-making.","The policy explicitly includes “Universities” as stakeholders in a discussion forum/working group, which constitutes engagement of education institutions in coordination/implementation structures.",Reference only
NUSA TENGGARA BARAT BIMA,NUSA_TENGGARA_BARAT_BIMA.txt,6.4,Elderly women,intersectional_approach,Yes,No,1.0,0.0,false_negative,0.9999465949513187,,"Although “the elderly” are mentioned within a general principle statement, there are no special protection measures specifically targeted at elderly women in the provided sentences.",Reference only
NUSA TENGGARA BARAT BIMA,NUSA_TENGGARA_BARAT_BIMA.txt,6.5,People with disability,intersectional_approach,Yes,No,1.0,0.0,false_negative,0.9996033108301521,,"The text references “disability groups” only in a general principle and mentions non-discrimination regarding physical/psychological condition of the child, but it does not identify people with disabilities (or women with disabilities) as beneficiaries of specific protection/services or provide disability-specific measures.",Reference only
NUSA TENGGARA BARAT BIMA,NUSA_TENGGARA_BARAT_BIMA.txt,6.7,Women from minority groups,intersectional_approach,Yes,No,1.0,0.0,false_negative,0.9998169029128974,,"The excerpts include general women’s protection provisions and broad non-discrimination language, but do not explicitly mention minority/isolated/indigenous/ethnic/religious minority women as beneficiaries of special protection or services.",Reference only
NUSA TENGGARA BARAT BIMA KOTA,NUSA_TENGGARA_BARAT_BIMA_KOTA.txt,2.3,Data collection systems,institutional_mechanism,Yes,No,1.0,0.0,false_negative,0.9991151860160672,,"While the policy mentions building an information system and requires PPT to submit periodic reports, the candidate sentences do not explicitly link any data collection/recording/management system to violence-against-women cases, victims, or case data, as required by the coding rules.",Reference only
NUSA TENGGARA BARAT DOMPU,NUSA_TENGGARA_BARAT_DOMPU.txt,2.4,Gender mainstreaming institutionalisation,institutional_mechanism,Yes,No,1.0,0.0,false_negative,1.0,,"While the policy references gender equality as a principle, none of the provided sentences explicitly require or establish gender mainstreaming (e.g., as a mechanism, working group, focal point, or integration into planning/budgeting) for implementing women’s protection/VAW programs. Under the coding rules, gender equality alone is insufficient.",Reference only
NUSA TENGGARA BARAT DOMPU,NUSA_TENGGARA_BARAT_DOMPU.txt,3.9,Resocialisation services,specialised_support_services,Yes,No,1.0,0.0,false_negative,0.5545997223493823,,"Although the policy mentions social rehabilitation and resocialization guidance and also mentions reintegration services, the provided sentences do not identify a specific service unit or integrated service mechanism as responsible for delivering rehabilitation/reintegration (they describe services generally or as coordinated by the regional government).",Reference only
NUSA TENGGARA BARAT DOMPU,NUSA_TENGGARA_BARAT_DOMPU.txt,6.10,Refugee/forced displacement,intersectional_approach,No,Yes,0.0,1.0,false_positive,0.9998550467570206,Children who become refugees;,"The policy explicitly provides special protection for children who become refugees as part of special protection in emergency situations, which constitutes a special protection measure targeted at refugees/forced displacement (at least for child refugees) in the provided text.",Reference only
NUSA TENGGARA BARAT LOMBOK TENGAH,NUSA_TENGGARA_BARAT_LOMBOK_TENGAH.txt,1.6,Harmful practices,scope_of_violence,No,Yes,0.0,1.0,false_positive,1.0,"preventing children from child marriage, guaranteeing Protection and fulfillment of children's rights; and","The policy explicitly mentions preventing children from “child marriage,” which is a harmful practice and is sufficient for inclusion.",Reference only
NUSA TENGGARA BARAT LOMBOK TENGAH,NUSA_TENGGARA_BARAT_LOMBOK_TENGAH.txt,2.3,Data collection systems,institutional_mechanism,Yes,No,1.0,0.0,false_negative,1.0,,"While the text mentions “strengthening data and information systems” and “building data and information systems” in the context of child protection coordination/referrals, the candidate sentences do not explicitly link data collection/recording/monitoring to violence against women, women victims, or VAW cases as required by the coding rules.",Reference only
NUSA TENGGARA BARAT LOMBOK TENGAH,NUSA_TENGGARA_BARAT_LOMBOK_TENGAH.txt,2.4,Gender mainstreaming institutionalisation,institutional_mechanism,No,Yes,0.0,1.0,false_positive,0.9641017142863575,"The Field of Women's Quality of Life includes, Institutionalization of Gender Mainstreaming at government institutions at the regency/city Region level.","The policy text explicitly references “Institutionalization of Gender Mainstreaming at government institutions at the regency/city Region level,” which constitutes an institutional mechanism requirement/recognition for gender mainstreaming within government institutions.",Reference only
NUSA TENGGARA BARAT LOMBOK TENGAH,NUSA_TENGGARA_BARAT_LOMBOK_TENGAH.txt,3.8,Religious/spiritual counselling,specialised_support_services,Yes,No,1.0,0.0,false_negative,1.0,,"The candidate sentences mention psychological and psychosocial services but do not explicitly provide religious/spiritual counselling, guidance, mentoring, or services delivered by religious personnel.",Reference only
NUSA TENGGARA BARAT LOMBOK TENGAH,NUSA_TENGGARA_BARAT_LOMBOK_TENGAH.txt,4.1,Information and education about VAW,primary_prevention,Yes,No,1.0,0.0,false_negative,0.9999618533911394,,"The candidate sentences mention prevention and protection of women victims of violence and discrimination, and include education/socialization activities focused on women’s basic rights/equality and on child protection. However, none of the shown sentences explicitly describe information/education/awareness activities specifically about violence against women (e.g., dangers/prohibition of VAW, protection from VAW, or anti-violence norms) as a preventive measure; the only explicit education/socialization content is about women’s rights/equality or child protection, which is excluded by the coding rules.",Reference only
NUSA TENGGARA BARAT LOMBOK TENGAH,NUSA_TENGGARA_BARAT_LOMBOK_TENGAH.txt,4.4,Prevention through education,primary_prevention,Yes,No,1.0,0.0,false_negative,0.358357398350786,,"The retrieved text includes school-related and education-related measures, but these are explicitly tied to child protection/violence against children (e.g., school education for child protection, strengthening child-friendly school systems). The coding rules exclude education measures that only target children as a strategy to prevent violence against children, and the candidate sentences do not explicitly identify education institutions/curricula as a prevention mechanism for violence against women (or for women and children together beyond child-only measures).",Reference only
NUSA TENGGARA BARAT LOMBOK TENGAH,NUSA_TENGGARA_BARAT_LOMBOK_TENGAH.txt,5.3,Traditional/cultural engagement,stakeholder_engagement,No,Yes,0.0,1.0,false_positive,0.9999465949513187,"2. Strengthening institutional capacity for child Protection and empowerment and education units as referred to in paragraph (1) letter a shall be carried out through local government policy intervention towards increasing the knowledge and skills of law enforcement officers, village apparatus, KUA officers, customary leaders, extension workers and teachers.","The policy explicitly includes “customary leaders” as a target group for increasing knowledge and skills as part of strengthening institutional capacity for child protection, indicating an active role/engagement of customary leadership in implementation/capacity building linked to preventing violence and vulnerability in children.",Reference only
NUSA TENGGARA BARAT LOMBOK TENGAH,NUSA_TENGGARA_BARAT_LOMBOK_TENGAH.txt,6.1,Women in conflict/disaster areas,intersectional_approach,No,Yes,0.0,1.0,false_positive,0.9997863883614204,"efforts to Protect Women in disaster situations.
Efforts to Protect Women in disaster situations as referred to in Article 9 letter d, are implemented through:
provision of women-friendly facilities at disaster evacuation sites.","The policy explicitly includes “efforts to Protect Women in disaster situations” and specifies implementation measures (health services and women-friendly facilities at disaster evacuation sites), which are special protection measures targeted at women in disaster/emergency contexts.",Reference only
NUSA TENGGARA BARAT LOMBOK TENGAH,NUSA_TENGGARA_BARAT_LOMBOK_TENGAH.txt,6.5,People with disability,intersectional_approach,No,Yes,0.0,1.0,false_positive,0.9975753234920863,facilitate the needs of Victims with Disabilities;,"The policy includes a disability-specific service responsibility by requiring the relevant institution (UPTD PPA) to “facilitate the needs of Victims with Disabilities,” which constitutes an explicit disability-targeted protection/service measure (not limited to children).",Reference only
NUSA TENGGARA BARAT LOMBOK TENGAH,NUSA_TENGGARA_BARAT_LOMBOK_TENGAH.txt,6.10,Refugee/forced displacement,intersectional_approach,No,Yes,0.0,1.0,false_positive,0.35835739835078595,Children who become refugees;,"The policy explicitly includes refugees within “Children in emergency situations” by listing “Children who become refugees,” which constitutes special protection targeting refugees/forced displacement (even though framed for children).",Reference only
NUSA TENGGARA BARAT LOMBOK TENGAH,NUSA_TENGGARA_BARAT_LOMBOK_TENGAH_v2.txt,1.1,Domestic violence,scope_of_violence,Yes,No,1.0,0.0,false_negative,0.8482836399575129,,"The provided sentences define and address violence against women/children generally (including that it may occur in public or private life) and set out protection measures, but they do not explicitly mention domestic violence, family/household violence, intimate partner violence, or equivalent terms, nor do they cite a domestic-violence-specific legal framework in the shown excerpts.",Reference only
NUSA TENGGARA BARAT LOMBOK TENGAH,NUSA_TENGGARA_BARAT_LOMBOK_TENGAH_v2.txt,1.8,Human trafficking,scope_of_violence,No,Yes,0.0,1.0,false_positive,0.999847417929993,"Child victims of kidnapping, sale, and/or trafficking;","The policy explicitly includes “Child victims of kidnapping, sale, and/or trafficking” within special protection categories, which directly covers trafficking in persons.",Reference only
NUSA TENGGARA BARAT LOMBOK TENGAH,NUSA_TENGGARA_BARAT_LOMBOK_TENGAH_v2.txt,2.3,Data collection systems,institutional_mechanism,Yes,No,1.0,0.0,false_negative,0.9997406174072243,,"While the text mentions “strengthening data and information systems” and “building data and information systems” as a basis for referral services for children requiring special protection, the candidate sentences do not explicitly link data collection/recording/monitoring to violence against women, women victims, or VAW cases as required by the coding rules.",Reference only
NUSA TENGGARA BARAT LOMBOK TENGAH,NUSA_TENGGARA_BARAT_LOMBOK_TENGAH_v2.txt,4.1,Information and education about VAW,primary_prevention,Yes,No,1.0,0.0,false_negative,1.0,,"The retrieved sentences include definitions of violence/VAW and multiple prevention/response provisions, but they do not describe information/education/awareness activities specifically about violence against women or anti-violence norms as a preventive measure. The only explicit “socialization and education” language shown is about child protection (not VAW), and women-focused awareness/education is framed around women’s rights/equality/empowerment rather than education about VAW or anti-violence values.",Reference only
NUSA TENGGARA BARAT LOMBOK TENGAH,NUSA_TENGGARA_BARAT_LOMBOK_TENGAH_v2.txt,4.2,Gender equality education,primary_prevention,Yes,No,1.0,0.0,false_negative,0.9998626756131501,,"The policy includes women’s awareness-raising and guidance delivered through education/socialization/advocacy about women’s basic rights and equality, but the candidate sentences do not explicitly situate these gender equality/women’s rights education activities as a strategy to prevent violence against women (a required condition in the coding rules). References to preventing violence against women appear separately without linking them to the gender equality education provisions.",Reference only
NUSA TENGGARA BARAT LOMBOK TENGAH,NUSA_TENGGARA_BARAT_LOMBOK_TENGAH_v2.txt,4.3,VAW laws awareness,primary_prevention,Yes,No,1.0,0.0,false_negative,1.0,,"The candidate sentences reference laws and obligations in background/explanatory sections and mention education/training for officials, but they do not specify any socialization/dissemination/education activities aimed at the public or communities about laws/regulations/policies on VAW as a prevention strategy. Mentions of providing information about victims’ rights are service functions and are not explicitly framed as primary prevention about VAW laws/policies.",Reference only
NUSA TENGGARA BARAT LOMBOK TENGAH,NUSA_TENGGARA_BARAT_LOMBOK_TENGAH_v2.txt,5.2,Religious engagement,stakeholder_engagement,No,Yes,0.0,1.0,false_positive,0.9998092742313767,"strengthening understanding and the role of parents, families, social/community organizations, schools, Islamic boarding schools and other stakeholders in child Protection efforts;","The policy explicitly names “Islamic boarding schools” among stakeholders whose understanding and role are strengthened in child protection efforts, which constitutes engagement of a faith-based actor in implementation/prevention activities rather than merely referencing religious values.",Reference only
NUSA TENGGARA BARAT LOMBOK TENGAH,NUSA_TENGGARA_BARAT_LOMBOK_TENGAH_v2.txt,5.3,Traditional/cultural engagement,stakeholder_engagement,No,Yes,0.0,1.0,false_positive,0.999938965775063,"2. Strengthening the institutional capacity of child Protection and empowerment and education units as referred to in paragraph (1) letter a shall be carried out through local government policy intervention towards improving the knowledge and skills of law enforcement officers, village apparatus, KUA officers, customary leaders, extension workers and teachers.","The policy explicitly includes “customary leaders” as a target group for improving knowledge and skills as part of strengthening regulations and institutions, indicating an active role/engagement of customary leadership within implementation capacity-building related to preventing violence/vulnerability in children.",Reference only
NUSA TENGGARA BARAT LOMBOK TENGAH,NUSA_TENGGARA_BARAT_LOMBOK_TENGAH_v2.txt,6.6,Women heads of household,intersectional_approach,No,Yes,0.0,1.0,false_positive,0.9947882964238974,"developing innovative ways through assistance and/or facilitation that are more effective for pre-prosperous families, and developing programs and activities in efforts to reduce poverty rates for pre-prosperous families and women who serve as heads of families.","The policy explicitly references “women who serve as heads of families” within efforts to improve family quality and reduce poverty, indicating targeted support measures for women heads of households/families.",Reference only
NUSA TENGGARA BARAT LOMBOK TENGAH,NUSA_TENGGARA_BARAT_LOMBOK_TENGAH_v2.txt,6.10,Refugee/forced displacement,intersectional_approach,No,Yes,0.0,1.0,false_positive,0.8482836399575129,Children who become refugees;,"The policy explicitly includes “Children who become refugees” under “Children in emergency situations,” which constitutes a special protection category targeted at refugees/forced displacement (even though framed for children).",Reference only
NUSA TENGGARA BARAT LOMBOK UTARA,NUSA_TENGGARA_BARAT_LOMBOK_UTARA.txt,1.6,Harmful practices,scope_of_violence,No,Yes,0.0,1.0,false_positive,0.9998245316235193,"preventing early marriage;
raising awareness about safe sex, the dangers of cigarettes, alcoholic beverages, narcotics and psychotropic substance abuse, child marriage, pornography, pornographic acts and HIV/AIDS to families, the Community and Children;","The policy explicitly mentions preventing early marriage and also references child marriage within prevention/awareness activities, which qualifies as addressing harmful practices.",Reference only
NUSA TENGGARA BARAT LOMBOK UTARA,NUSA_TENGGARA_BARAT_LOMBOK_UTARA.txt,2.4,Gender mainstreaming institutionalisation,institutional_mechanism,No,Yes,0.0,1.0,false_positive,0.999732989016709,2. The provisions referred to in paragraph (1) shall be implemented in the form of gender mainstreaming in every policy and Community life.,"The policy explicitly requires that the provisions for cultivating a gender-just social system be implemented in the form of gender mainstreaming in every policy and community life, thereby establishing gender mainstreaming as an implementation mechanism.",Reference only
NUSA TENGGARA BARAT LOMBOK UTARA,NUSA_TENGGARA_BARAT_LOMBOK_UTARA.txt,3.10,Economic support,specialised_support_services,Yes,No,1.0,0.0,false_negative,0.358357398350786,,"While the policy mentions developing economic enterprises for adult women within rehabilitation/reintegration/empowerment, the provided sentences do not explicitly specify that this economic support is for women victims of violence (as opposed to adult women generally). Under the coding rules, economic empowerment must be explicitly linked to women victims of violence.",Reference only
NUSA TENGGARA BARAT LOMBOK UTARA,NUSA_TENGGARA_BARAT_LOMBOK_UTARA.txt,4.4,Prevention through education,primary_prevention,No,Yes,0.0,1.0,false_positive,0.9997482458268394,"organizing education on the prevention of Violence against Women and Children;
developing child-friendly school models;","The policy explicitly includes education as part of prevention and protection measures (education on prevention of violence against women and children) and also specifies a school-based initiative (developing child-friendly school models) within the prevention framework, satisfying the requirement that education/schools are used as a prevention mechanism.",Reference only
NUSA TENGGARA BARAT MATARAM KOTA,NUSA_TENGGARA_BARAT_MATARAM_KOTA.txt,3.2,Police specialised service unit,specialised_support_services,No,Yes,0.0,1.0,false_positive,1.0,"The PPT is equipped with companions from educators, doctors, psychologists, religious leaders/clergy and is networked with lawyers for women and children as well as the RPK Unit at the Police.","The policy explicitly references the “RPK Unit at the Police” as part of the service network supporting victims, which is a named police-based specialised victim service unit under the coding rules.",Reference only
NUSA TENGGARA BARAT MATARAM KOTA,NUSA_TENGGARA_BARAT_MATARAM_KOTA.txt,4.4,Prevention through education,primary_prevention,Yes,No,1.0,0.0,false_negative,0.5545997223493824,,"Although the policy links prevention with “increasing the quantity and quality of education” and identifies the education sector among implementing agencies, the candidate sentences do not explicitly identify formal education instruments (e.g., school-based programs, curricula, teaching/learning materials, or education institutions delivering specific prevention education) as the prevention mechanism. The references remain broad improvements/access to education and general sectoral responsibility, which the coding rules exclude unless tied to explicit education instruments or institutions as prevention measures.",Reference only
NUSA TENGGARA TIMUR MANGGARAI,NUSA_TENGGARA_TIMUR_MANGGARAI.txt,1.9,Sexual slavery/exploitation,scope_of_violence,Yes,No,1.0,0.0,false_negative,0.9997711312602866,,"While the policy mentions “sexual violence,” “exploitation,” and “trafficking,” the provided sentences do not explicitly indicate sexual exploitation/sexual slavery or exploitation for sexual purposes; the exploitation definition given is general and not sexual in nature.",Reference only
NUSA TENGGARA TIMUR MANGGARAI,NUSA_TENGGARA_TIMUR_MANGGARAI.txt,2.2,Collaboration with NGOs,institutional_mechanism,Yes,No,1.0,0.0,false_negative,0.9719996120795404,,"The candidate sentences mention coordination among agencies/bodies and allow community participation (including individuals, groups, and social community organizations) and involving community institutions/elements, but they do not explicitly identify NGOs/civil society organisations as service-provider partners nor describe a collaboration mechanism with non-government service providers as required by the coding rules.",Reference only
NUSA TENGGARA TIMUR MANGGARAI BARAT,NUSA_TENGGARA_TIMUR_MANGGARAI_BARAT.txt,3.9,Resocialisation services,specialised_support_services,Yes,No,1.0,0.0,false_negative,0.703905603936621,,"Although the policy mentions victims’ rights to continuous handling up to the rehabilitation stage, the provided sentences do not identify a specific service unit or mechanism as responsible for rehabilitation/reintegration/resocialisation services (beyond general rights language).",Reference only
NUSA TENGGARA TIMUR SIKKA,NUSA_TENGGARA_TIMUR_SIKKA.txt,4.3,VAW laws awareness,primary_prevention,No,Yes,0.0,1.0,false_positive,0.9972476841241391,Conducting socialization of laws and regulations related to the implementation of protection for women and children victims of violence;,"The policy explicitly includes “conducting socialization of laws and regulations related to the implementation of protection for women and children victims of violence,” and this appears within the context of establishing/implementing protection programs and activities tied to prevention responsibilities, satisfying the requirement for prevention-oriented legal awareness activities about VAW-related protections.",Reference only
NUSA TENGGARA TIMUR TIMOR TENGAH UTARA,NUSA_TENGGARA_TIMUR_TIMOR_TENGAH_UTARA.txt,2.3,Data collection systems,institutional_mechanism,Yes,No,1.0,0.0,false_negative,0.9997711312602866,,"The candidate sentences describe a gender data system and reporting/processing of gender data and PUG activities, but they do not explicitly link data collection/management to violence against women, victims, or VAW cases as required by the coding rules.",Reference only
NUSA TENGGARA TIMUR TIMOR TENGAH UTARA,NUSA_TENGGARA_TIMUR_TIMOR_TENGAH_UTARA.txt,3.5,Legal assistance,specialised_support_services,No,Yes,0.0,1.0,false_positive,0.999938965775063,facilitation of access and legal consultation services.,"The policy includes facilitation of access and legal consultation services, which constitutes provision of legal assistance services (even if framed under women's empowerment rather than explicitly tied to VAW cases).",Reference only
NUSA TENGGARA TIMUR TIMOR TENGAH UTARA,NUSA_TENGGARA_TIMUR_TIMOR_TENGAH_UTARA.txt,3.7,Psychosocial counselling,specialised_support_services,No,Yes,0.0,1.0,false_positive,0.5545997223493823,as service institutions in prevention and counseling;,"The policy identifies family learning centers as service institutions providing prevention and counseling, which constitutes counselling services and can be read as psychosocial support within the meaning of the indicator (even though it is not explicitly framed as trauma/psychological counselling for VAW victims).",Reference only
NUSA TENGGARA TIMUR TIMOR TENGAH UTARA,NUSA_TENGGARA_TIMUR_TIMOR_TENGAH_UTARA.txt,4.3,VAW laws awareness,primary_prevention,Yes,No,1.0,0.0,false_negative,0.9998169029128974,,"Although the policy mentions counseling/socialization about violence against women and separately mentions increasing legal awareness through communication/information/education, none of the candidate sentences specify that the information/education is about laws, regulations, or policies related to violence against women as part of prevention.",Reference only
NUSA TENGGARA TIMUR TIMOR TENGAH UTARA,NUSA_TENGGARA_TIMUR_TIMOR_TENGAH_UTARA.txt,4.4,Prevention through education,primary_prevention,Yes,No,1.0,0.0,false_negative,1.0,,"The policy lists “seeking to improve education for women” under VAW prevention, but it does not explicitly involve education institutions, curricula, educational materials, or learning/training centres as the prevention mechanism for violence against women; the family learning centers described are framed around child/family issues and parents’ education rather than explicitly preventing violence against women or children through formal education instruments.",Reference only
NUSA TENGGARA TIMUR TIMOR TENGAH UTARA,NUSA_TENGGARA_TIMUR_TIMOR_TENGAH_UTARA.txt,5.4,Education institutions engagement,stakeholder_engagement,No,Yes,0.0,1.0,false_positive,0.9999465949513187,"representatives of university elements of at most 5 (five) persons;
5. The implementation of Gender analysis on the RPJMD and PD Renstra may cooperate with Higher Education institutions or other parties who have capability in their field.","The policy includes university representatives within the PUG Working Group technical team and also allows cooperation with higher education institutions for implementing gender analysis, indicating education institutions are included as stakeholders/partners in implementation structures and capacity/analysis work relevant to gender policy implementation.",Reference only
NUSA TENGGARA TIMUR TIMOR TENGAH UTARA,NUSA_TENGGARA_TIMUR_TIMOR_TENGAH_UTARA.txt,5.6,Media engagement,stakeholder_engagement,No,Yes,0.0,1.0,false_positive,0.9718566882100781,press representatives of at most 5 (five) persons; and,"The policy explicitly includes press representatives as part of the PUG Working Group technical team, which recognizes media as a stakeholder within an implementation/coordination structure.",Reference only
PAPUA BARAT DAYA SORONG,PAPUA_BARAT_DAYA_SORONG.txt,3.8,Religious/spiritual counselling,specialised_support_services,No,Yes,0.0,1.0,false_positive,0.9540452601799487,mental and spiritual;,"Victim services are stated to be implemented in relevant fields including “mental and spiritual,” which under the coding rules should be interpreted as including spiritual/religious support unless clearly indicated otherwise.",Reference only
PAPUA BARAT DAYA SORONG,PAPUA_BARAT_DAYA_SORONG.txt,3.10,Economic support,specialised_support_services,No,Yes,0.0,1.0,false_positive,0.9973924483805867,independence or empowerment services; and,"The policy explicitly includes “independence or empowerment services” within the victim service package for women and children victims of violence, which constitutes an economic empowerment/support measure for victims (even though specific modalities like training or cash support are not detailed).",Reference only
PAPUA BARAT DAYA SORONG,PAPUA_BARAT_DAYA_SORONG.txt,5.2,Religious engagement,stakeholder_engagement,Yes,No,1.0,0.0,false_negative,0.9997635027533704,,"The candidate sentences mention “religion” only as a discrimination ground and refer to a “mental and spiritual” field within government functions, but they do not identify religious organisations/leaders/clergy/faith-based actors as stakeholders or service/prevention implementers.",Reference only
PAPUA BARAT DAYA SORONG,PAPUA_BARAT_DAYA_SORONG.txt,7.4,Other legal sources,budget_funding_sources,Yes,No,1.0,0.0,false_negative,0.999893191328687,,"The passages reference regional budget allocation and “budgets available” within relevant SKPD, but do not specify any other distinct legal funding sources (e.g., private sector, earmarked funds, grants, or other non-governmental legal sources) as budget sources.",Reference only
RIAU BENGKALIS,RIAU_BENGKALIS.txt,2.3,Data collection systems,institutional_mechanism,No,Yes,0.0,1.0,false_positive,1.0,exchange of data and information;,"The policy explicitly includes “exchange of data and information” as a form of cooperation to achieve protection objectives, which constitutes an explicit data/information function linked to violence-related protection activities (including victims of violence).",Reference only
RIAU BENGKALIS,RIAU_BENGKALIS.txt,5.3,Traditional/cultural engagement,stakeholder_engagement,Yes,No,1.0,0.0,false_negative,1.0,,"The text mentions enhancing local wisdom and the role of custom, but it does not identify customary/traditional leaders, institutions, or customary mechanisms as active implementers/partners in prevention, services, coordination, or dispute resolution; this falls under the coding-rule exclusions (general reference to custom/local wisdom without assigning an active role to customary actors/mechanisms).",Reference only
RIAU PEKANBARU KOTA,RIAU_PEKANBARU_KOTA.txt,1.1,Domestic violence,scope_of_violence,No,Yes,0.0,1.0,false_positive,0.9780268694891283,"optimizing the role of religious institutions, customary institutions, culture, and exploring local wisdom in order to prevent and minimize violence against Women occurring both at home or outside the home.","The policy explicitly covers violence against women occurring ""both at home or outside the home,"" which directly brings violence in the home/private sphere into scope (a core element of domestic violence under the coding rules), even if the exact term ""domestic violence"" is not used.",Reference only
RIAU PEKANBARU KOTA,RIAU_PEKANBARU_KOTA.txt,1.6,Harmful practices,scope_of_violence,No,Yes,0.0,1.0,false_positive,1.0,"preventing a female family member from entering into early marriage below the age limit determined by Law; and
persuasively inviting Women in the Region not to engage in early marriage;","The policy explicitly addresses early marriage by requiring parents to prevent girls/women in the household from entering early marriage below the legal age limit and by urging women not to engage in early marriage, which meets the harmful practices criterion.",Reference only
RIAU PEKANBARU KOTA,RIAU_PEKANBARU_KOTA.txt,4.3,VAW laws awareness,primary_prevention,Yes,No,1.0,0.0,false_negative,0.9829224494980962,,"The policy includes a prevention measure of “legal awareness counseling” and separately mentions socialization of laws and regulations related to women’s legal awareness, but the retrieved sentences do not specify that these information/education activities are about laws, regulations, or policies related to violence against women (e.g., domestic/sexual violence, trafficking, child marriage) as required by the coding rules.",Reference only
RIAU PEKANBARU KOTA,RIAU_PEKANBARU_KOTA.txt,6.4,Elderly women,intersectional_approach,Yes,No,1.0,0.0,false_negative,1.0,,"None of the provided sentences mention elderly women or establish any protection measures specifically targeted at elderly women; they address women generally, women victims of violence, and community roles.",Reference only
RIAU PEKANBARU KOTA,RIAU_PEKANBARU_KOTA.txt,6.6,Women heads of household,intersectional_approach,No,Yes,0.0,1.0,false_positive,0.9997711312602866,conducting empowerment efforts for female heads of households.,"The policy explicitly includes “empowerment efforts for female heads of households,” which is a targeted measure for women heads of household/families.",Reference only
RIAU PEKANBARU KOTA,RIAU_PEKANBARU_KOTA.txt,6.10,Refugee/forced displacement,intersectional_approach,No,Yes,0.0,1.0,false_positive,0.9997177323229784,Special Protection for Children in emergency situations who become refugees as referred to in Article 169 letter a shall be carried out with the following provisions:,"The policy explicitly provides “Special Protection for Children in emergency situations who become refugees,” including implementation provisions, which constitutes special protection measures targeted at refugees/forced displacement (even though limited to children).",Reference only
SULAWESI BARAT MAMUJU,SULAWESI_BARAT_MAMUJU.txt,1.5,Economic violence,scope_of_violence,No,Yes,0.0,1.0,false_positive,0.9781928790762584,"Empowerment and Protection of women currently needs to receive serious attention from all parties, including attention from the Regional Government, related to the existence of phenomena in social community life that often make them victims of violence and exploitation, they are often positioned as economic objects and are often marginalized and/or sidelined in social interaction.","The policy text explicitly links women being positioned as economic objects to being victims of violence and exploitation, which constitutes an explicit reference to economic exploitation connected to violence against women.",Reference only
SULAWESI BARAT MAMUJU,SULAWESI_BARAT_MAMUJU.txt,1.9,Sexual slavery/exploitation,scope_of_violence,Yes,No,1.0,0.0,false_negative,1.0,,"The candidate sentences mention exploitation only in a general sense and do not specify sexual exploitation, sexual slavery, prostitution, or exploitation for sexual purposes; therefore the sexual component required by the coding rules is not present.",Reference only
SULAWESI BARAT MAMUJU,SULAWESI_BARAT_MAMUJU.txt,2.3,Data collection systems,institutional_mechanism,No,Yes,0.0,1.0,false_positive,1.0,conducting service case data collection;,"The policy assigns P2TP2A the duty of conducting service case data collection, which explicitly links data collection to service cases involving women victims of violence, satisfying the criterion for a VAW-related data collection function.",Reference only
SULAWESI BARAT PASANGKAYU,SULAWESI_BARAT_PASANGKAYU.txt,1.1,Domestic violence,scope_of_violence,Yes,No,1.0,0.0,false_negative,0.6351489523872873,,"The candidate sentences define violence broadly as occurring in public or private life, and include neglect within a household scope, but they do not explicitly mention domestic/household/family/intimate partner violence or equivalent terms, nor cite domestic violence-specific legal frameworks. Under the coding rules, domestic violence cannot be inferred from general references to violence against women or private-life violence alone.",Reference only
SULAWESI BARAT PASANGKAYU,SULAWESI_BARAT_PASANGKAYU.txt,2.3,Data collection systems,institutional_mechanism,Yes,No,1.0,0.0,false_negative,0.1243530017715962,,"While the text mentions preparing an “information system” and refers to providing data on the condition of women/children and complaint channels, the candidate sentences do not explicitly link the data/information system to collecting, recording, documenting, monitoring, reporting, managing, or exchanging data specifically on violence against women, victims, or violence cases as required by the coding rules.",Reference only
SULAWESI BARAT PASANGKAYU,SULAWESI_BARAT_PASANGKAYU.txt,2.5,Training and capacity building,institutional_mechanism,Yes,No,1.0,0.0,false_negative,0.7615941559557649,,"Although the policy mentions “training” as part of guidance for women and children, the candidate sentences do not specify that this training is for government officials, implementing agencies, or service providers responsible for implementing the policy (i.e., capacity building for implementers). The references appear general and could be aimed at beneficiaries/community rather than implementers, which is insufficient under the coding rules.",Reference only
SULAWESI BARAT PASANGKAYU,SULAWESI_BARAT_PASANGKAYU.txt,3.1,Integrated service unit,specialised_support_services,Yes,No,1.0,0.0,false_negative,0.9999237075098606,,"The cited provisions describe multiple separate services for victims (medical personnel at health centers/hospitals, safe houses, special rooms at police offices, accompaniment by social workers, legal services by advocates) and mention “integrated coordination” among agencies, but they do not explicitly establish or name an integrated/one-stop service unit or centre that coordinates multiple services as a dedicated mechanism for women victims of violence.",Reference only
SULAWESI BARAT PASANGKAYU,SULAWESI_BARAT_PASANGKAYU.txt,3.9,Resocialisation services,specialised_support_services,Yes,No,1.0,0.0,false_negative,0.9996109387259833,,"The cited sentences include accompaniment, counselling/guidance, referrals/coordination, and (separately) “rehabilitative” health efforts for children’s health services, but they do not identify a service unit responsible for rehabilitation/resocialisation/reintegration for victims of violence against women, nor link such reintegration services to a victim support mechanism.",Reference only
SULAWESI BARAT PASANGKAYU,SULAWESI_BARAT_PASANGKAYU.txt,4.1,Information and education about VAW,primary_prevention,Yes,No,1.0,0.0,false_negative,1.0,,"The retrieved sentences mention prevention of violence against women via a regional action plan, an information system, and cooperation with institutions, but they do not describe awareness-raising/education/socialisation activities that provide information specifically about violence against women or anti-violence norms. The only explicit socialisation/seminar/workshop content provided is for preventing violence against children and focuses on children’s rights and related child-protection laws, not VAW prevention education.",Reference only
SULAWESI BARAT PASANGKAYU,SULAWESI_BARAT_PASANGKAYU.txt,5.4,Education institutions engagement,stakeholder_engagement,No,Yes,0.0,1.0,false_positive,0.999732989016709,"Seminar or workshop activities can be carried out by Universities, NGOs or other institutions that handle Child protection.","Universities are explicitly named as entities that can carry out seminars/workshops, indicating education institutions’ participation in implementation activities (awareness/capacity-building) related to protection from violence (at least in the child-protection context).",Reference only
SULAWESI SELATAN BULUKUMBA,SULAWESI_SELATAN_BULUKUMBA.txt,1.1,Domestic violence,scope_of_violence,Yes,No,1.0,0.0,false_negative,0.9051482536448664,,"The provided sentences discuss general violence against women and children and include a goal to “facilitate and mediate domestic disputes,” but they do not explicitly mention domestic/household/family/intimate partner violence or violence occurring at home/private sphere as domestic violence. Under the coding rules, domestic disputes/household mediation is not sufficient without an explicit domestic-violence framing or equivalent term.",Reference only
SULAWESI SELATAN BULUKUMBA,SULAWESI_SELATAN_BULUKUMBA.txt,2.5,Training and capacity building,institutional_mechanism,Yes,No,1.0,0.0,false_negative,0.9998703044983814,,"The passages mention increasing the number and capacity of service officers and include “capacity building” as a funding item, but they do not explicitly mandate training/technical guidance/professional development activities for implementing agencies or service providers. Mentions of “training” relate to victim education/training or define paralegals as having attended training, which does not constitute a policy requirement to conduct training for implementers under the coding rules.",Reference only
SULAWESI SELATAN BULUKUMBA,SULAWESI_SELATAN_BULUKUMBA.txt,4.1,Information and education about VAW,primary_prevention,Yes,No,1.0,0.0,false_negative,0.9639743467078252,,"The cited prevention provisions mention “provision of education” and related activities (information, guidance/counseling, information systems, community awareness) in the context of protection of women and children, but none of the candidate sentences explicitly state that these education/awareness activities are specifically about violence against women, gender-based violence, prohibition/dangers of VAW, or anti-violence values/norms. References to promoting/socializing “Protection of Women and Children” are too general and do not clearly specify VAW-focused content as required by the coding rules.",Reference only
SULAWESI SELATAN BULUKUMBA,SULAWESI_SELATAN_BULUKUMBA.txt,4.3,VAW laws awareness,primary_prevention,Yes,No,1.0,0.0,false_negative,1.0,,"The candidate sentences do not specify any socialization, dissemination, or education activities about laws, regulations, or policies related to violence against women (e.g., domestic violence, sexual violence, trafficking, child marriage) as a prevention strategy. The only legal-related reference is encouraging the making of regional/village regulations, which is regulatory action rather than public/legal awareness education about VAW laws.",Reference only
SULAWESI SELATAN BULUKUMBA,SULAWESI_SELATAN_BULUKUMBA.txt,4.4,Prevention through education,primary_prevention,Yes,No,1.0,0.0,false_negative,0.9979487455021472,,"While the policy states that “prevention of violence” is implemented through “provision of education,” the described education components are broad (information/guidance/counseling; access to education/training/funding; information systems; safe work environment) and do not explicitly involve formal education instruments or institutions (schools, curricula, teaching/learning materials, education programs delivered by education institutions) as required by the coding rules. The mention of universities appears only in a general cooperation/networking list, not as an education-based prevention mechanism.",Reference only
SULAWESI SELATAN BULUKUMBA,SULAWESI_SELATAN_BULUKUMBA.txt,5.2,Religious engagement,stakeholder_engagement,Yes,No,1.0,0.0,false_negative,1.0,,"The candidate sentences do not identify religious organizations, religious leaders, clergy, or faith-based actors as partners or implementers in prevention, services, coordination, or counselling. References to “religious affairs” appear only as a government sector within a task force membership list, not as engagement with faith-based actors.",Reference only
SULAWESI SELATAN BULUKUMBA,SULAWESI_SELATAN_BULUKUMBA.txt,6.3,Women workers,intersectional_approach,Yes,No,1.0,0.0,false_negative,0.9990999340357813,,"The text references employment-related bodies and mentions creating a safe work environment atmosphere for women, but it does not explicitly identify women workers/employees as a specific protected target group nor provide workplace-specific protection measures against violence/exploitation for women workers as such.",Reference only
SULAWESI SELATAN BULUKUMBA,SULAWESI_SELATAN_BULUKUMBA.txt,6.4,Elderly women,intersectional_approach,Yes,No,1.0,0.0,false_negative,0.9997711312602866,,"Although “the elderly” are mentioned within a general explanation of vulnerable groups and in the definition/listing of vulnerable groups, there are no special protection measures specifically targeted at elderly women (as distinct from elderly people generally).",Reference only
SULAWESI SELATAN BULUKUMBA,SULAWESI_SELATAN_BULUKUMBA.txt,6.7,Women from minority groups,intersectional_approach,Yes,No,1.0,0.0,false_negative,1.0,,Minority/isolated groups are referenced only for children (children from minority and isolated groups) and in a general principle description listing “minority groups” among examples. There is no explicit identification of women from minority/isolated groups as beneficiaries of special protection or services.,Reference only
SULAWESI SELATAN ENREKANG,SULAWESI_SELATAN_ENREKANG.txt,4.2,Gender equality education,primary_prevention,Yes,No,1.0,0.0,false_negative,0.9998855623561498,,"While the policy mentions gender equality as a principle and includes “socialization of women's and children's rights,” the candidate sentences do not explicitly situate education/awareness about gender equality or women’s rights as a strategy to prevent violence against women (the prevention-linked socialisation described is about preventing violence, not about gender equality/women’s rights). Under the coding rules, recognition of gender equality/rights without prevention-situated educational activity is insufficient.",Reference only
SULAWESI SELATAN ENREKANG,SULAWESI_SELATAN_ENREKANG.txt,5.4,Education institutions engagement,stakeholder_engagement,No,Yes,0.0,1.0,false_positive,0.9938601517745878,"1. Education organizers equip the schools they lead with gender-responsive facilities.
developing child-friendly schools;","The policy assigns roles to education actors/institutions by requiring education organizers to equip schools with gender-responsive facilities and by including development of child-friendly schools as part of prevention activities, indicating engagement of the education sector in implementation-related measures.",Reference only
SULAWESI SELATAN ENREKANG,SULAWESI_SELATAN_ENREKANG.txt,6.5,People with disability,intersectional_approach,Yes,No,1.0,0.0,false_negative,0.9962193980596481,,"The cited text defines “Person with Disability” and includes provisions for children with disabilities (e.g., inclusive education and equal treatment at school), but it does not identify people with disabilities (or women with disabilities) as a group receiving special protection/services in the broader women’s protection framework. Under the coding rules, child-only disability measures are insufficient.",Reference only
SULAWESI SELATAN ENREKANG,SULAWESI_SELATAN_ENREKANG.txt,6.6,Women heads of household,intersectional_approach,No,Yes,0.0,1.0,false_positive,0.9998550467570206,obtaining economic empowerment facilities especially for women heads of households.,The policy explicitly targets women heads of households by providing economic empowerment facilities specifically for them under “Protection of Women's Micro Economy.”,Reference only
SULAWESI SELATAN LUWU,SULAWESI_SELATAN_LUWU.txt,1.2,Sexual violence,scope_of_violence,Yes,No,1.0,0.0,false_negative,0.9540452601799487,,"Across the provided sentences, the policy discusses violence against women generally and mentions ""sexual exploitation,"" but it does not explicitly mention sexual violence (e.g., rape, sexual assault/harassment) nor include it in a definition/classification of violence. The cited legal basis references domestic violence and trafficking, not sexual-violence-specific legislation.",Reference only
SULAWESI SELATAN LUWU,SULAWESI_SELATAN_LUWU.txt,1.5,Economic violence,scope_of_violence,Yes,No,1.0,0.0,false_negative,0.9999847412691449,,"The provided sentences include references to empowerment, meeting minimum basic needs, and ""economic independence services"" for victims, but they do not identify economic violence/abuse/exploitation/neglect as a form of violence or harm, nor define violence to include economic suffering. General economic support measures alone do not satisfy the coding rules.",Reference only
SULAWESI SELATAN LUWU,SULAWESI_SELATAN_LUWU.txt,7.2,National government budget,budget_funding_sources,No,Yes,0.0,1.0,false_positive,1.0,"2. In the event that the Region receives funding assistance for the implementation of policies, programs and activities for Women's Empowerment and Protection from the Government, it must be implemented in accordance with laws and regulations.","The policy explicitly anticipates funding assistance coming ""from the Government"" (defined in the document as the Central Government), indicating a national government funding source even if framed as assistance rather than the primary source.",Reference only
SULAWESI SELATAN LUWU TIMUR,SULAWESI_SELATAN_LUWU_TIMUR.txt,1.9,Sexual slavery/exploitation,scope_of_violence,Yes,No,1.0,0.0,false_negative,0.9998550467570206,,"While the definition of violence against women includes “economic exploitation” and mentions sexual suffering, the excerpts do not explicitly refer to sexual exploitation, sexual slavery, prostitution/forced sexual services, or trafficking for sexual purposes; general exploitation language here is not tied to sexual exploitation.",Reference only
SULAWESI SELATAN PALOPO KOTA,SULAWESI_SELATAN_PALOPO_KOTA.txt,1.6,Harmful practices,scope_of_violence,No,Yes,0.0,1.0,false_positive,0.9997711312602866,preventing the occurrence of marriage at child age;,"The policy explicitly includes prevention of “marriage at child age,” which is a harmful practice (child/early marriage) under the coding rules.",Reference only
SULAWESI SELATAN PALOPO KOTA,SULAWESI_SELATAN_PALOPO_KOTA.txt,5.3,Traditional/cultural engagement,stakeholder_engagement,No,Yes,0.0,1.0,false_positive,1.0,"What is meant by non-governmental institutions includes; customary institutions, religious institutions, social institutions, NGOs, National Commission on Human Rights, National Commission on Violence Against Women, Child Protection Commission, Witness and Victim Protection Agency, including community leaders, customary leaders, religious leaders and other parties desired by the victim.
13. Organizer is a government institution as well as social institutions, religious institutions, customary institutions, in accordance with their respective duties and functions, including providing facilities needed for victim recovery.","The policy explicitly includes customary institutions and customary/community leaders within the set of non-governmental institutions relevant to cooperation, and also defines organizers to include customary institutions, indicating customary/traditional actors are included in implementation structures for victim recovery/protection.",Reference only
SULAWESI SELATAN PALOPO KOTA,SULAWESI_SELATAN_PALOPO_KOTA.txt,5.4,Education institutions engagement,stakeholder_engagement,No,Yes,0.0,1.0,false_positive,1.0,"building networks and cooperation with law enforcement apparatus, government apparatus, universities and various non-governmental organizations that work and/or care for women and children victims of violence.","The policy explicitly mentions building networks and cooperation with “universities” as part of prevention-related networking/cooperation, which directly includes education institutions as stakeholders/partners in implementation/prevention.",Reference only
SULAWESI SELATAN PALOPO KOTA,SULAWESI_SELATAN_PALOPO_KOTA.txt,6.1,Women in conflict/disaster areas,intersectional_approach,Yes,No,1.0,0.0,false_negative,0.9716460824409716,,"The text defines victims as women and children experiencing violence, including in conflict and post-conflict situations, but it does not establish any special protection measures specifically targeted at women in conflict/disaster/emergency/displacement contexts. The only explicit 'special protection' category listed is for children (including children in emergency situations and children who are victims of conflict), which is insufficient under the coding rules without women/girls being specifically targeted for such situations.",Reference only
SULAWESI SELATAN TANA TORAJA,SULAWESI_SELATAN_TANA_TORAJA.txt,1.5,Economic violence,scope_of_violence,Yes,No,1.0,0.0,false_negative,0.24491866240370913,,"The candidate sentences mention neglect and economic empowerment/activities, but they do not explicitly identify economic violence/abuse or economic suffering as a form of violence against women, nor do they define violence against women to include economic harm. References to ""neglect"" appear in a general violence definition and child protection context without being specified as economic/domestic neglect against women.",Reference only
SULAWESI SELATAN TANA TORAJA,SULAWESI_SELATAN_TANA_TORAJA.txt,1.6,Harmful practices,scope_of_violence,No,Yes,0.0,1.0,false_positive,0.9998245316235193,prevent marriage at child age; and,"The policy explicitly mentions preventing ""marriage at child age,"" which is a harmful practice (child/early marriage) under the coding rules.",Reference only
SULAWESI SELATAN TANA TORAJA,SULAWESI_SELATAN_TANA_TORAJA.txt,3.10,Economic support,specialised_support_services,Yes,No,1.0,0.0,false_negative,0.925346225311741,,"While the policy includes women’s economic empowerment measures (e.g., skills/job training, capital assistance), the cited provisions do not explicitly state that these economic supports are provided specifically to women victims of violence, as required by the coding rules.",Reference only
SULAWESI SELATAN TANA TORAJA,SULAWESI_SELATAN_TANA_TORAJA.txt,6.10,Refugee/forced displacement,intersectional_approach,No,Yes,0.0,1.0,false_positive,1.0,"children who become refugees;
2. Special protection for children in emergency situations as referred to in paragraph (1), is implemented in accordance with the provisions of laws and regulations.","The policy explicitly identifies children who become refugees as part of “children in emergency situations” and states that special protection for children in emergency situations is implemented, which constitutes special protection targeted at refugees/forced displacement (at least for children).",Reference only
SULAWESI TENGAH BUOL,SULAWESI_TENGAH_BUOL.txt,1.6,Harmful practices,scope_of_violence,No,Yes,0.0,1.0,false_positive,1.0,"prevents early marriage.
preventing early marriage.","The policy explicitly addresses prevention of “early marriage,” which is a recognized harmful practice under the coding rules.",Reference only
SULAWESI TENGAH BUOL,SULAWESI_TENGAH_BUOL.txt,1.8,Human trafficking,scope_of_violence,No,Yes,0.0,1.0,false_positive,0.9999084493610688,"19. Human trafficking is the act of recruitment, transportation, harboring, sending, transfer, or receipt of a person by threat of violence, use of violence, kidnapping, confinement, forgery, fraud, abuse of power or vulnerable position, debt bondage or giving payment or benefits, so as to obtain consent from the person who has control over that other person, whether carried out within the Country or between Countries.","The policy explicitly defines “Human trafficking,” which directly includes trafficking in persons within the policy’s scope.",Reference only
SULAWESI TENGAH BUOL,SULAWESI_TENGAH_BUOL.txt,2.4,Gender mainstreaming institutionalisation,institutional_mechanism,No,Yes,0.0,1.0,false_positive,1.0,"implementing gender mainstreaming;
1. In an effort to accelerate the institutionalization of gender mainstreaming, a gender mainstreaming working group is established in all Regional Apparatus.
2. The gender mainstreaming focal point as referred to in paragraph (1), has the duties to:","The policy requires implementation of gender mainstreaming and institutionalizes it through establishment of a gender mainstreaming working group and focal points with defined duties, meeting the criterion for gender mainstreaming as an institutional mechanism.",Reference only
SULAWESI TENGAH BUOL,SULAWESI_TENGAH_BUOL.txt,2.5,Training and capacity building,institutional_mechanism,No,Yes,0.0,1.0,false_positive,1.0,"providing training for government officials and law enforcers on the prevention and handling of violence;
providing training to health workers who provide health services to women and children victims of violence at community health centers, integrated service units and general hospitals;
providing training to social rehabilitation officers and spiritual guidance officers in order to protect women and children victims of violence; and","The policy specifies that government guidance may take the form of providing training to government officials/law enforcers and to service providers (health workers, social rehabilitation and spiritual guidance officers) on prevention/handling of violence and protection of victims, which is explicit capacity building for implementers/service providers.",Reference only
SULAWESI TENGAH BUOL,SULAWESI_TENGAH_BUOL.txt,3.2,Police specialised service unit,specialised_support_services,Yes,No,1.0,0.0,false_negative,1.0,,"The candidate sentences mention police as one of several institutions involved in integrated complaint handling, but do not identify any specialised police-based victim service unit (e.g., UPPA/RPK) or an equivalent dedicated unit within police offices.",Reference only
SULAWESI TENGAH BUOL,SULAWESI_TENGAH_BUOL.txt,5.3,Traditional/cultural engagement,stakeholder_engagement,No,Yes,0.0,1.0,false_positive,1.0,"involving the active role of families, customary leaders, religious leaders, communities and community social institutions in the field of women's protection.
conduct socialization regarding the prevention of violence against women by optimizing the role of customary, cultural, religious institutions and community organizations;","The policy assigns an active role to customary leaders in women’s protection and calls for prevention socialization by optimizing the role of customary/cultural institutions, which constitutes engagement of traditional/customary actors in implementation and prevention.",Reference only
SULAWESI TENGAH BUOL,SULAWESI_TENGAH_BUOL.txt,5.4,Education institutions engagement,stakeholder_engagement,Yes,No,1.0,0.0,false_negative,0.9992753388347031,,"The candidate sentences reference education mainly as a right/service for children and include obligations for educational unit organizers to avoid discrimination and coordinate if a child victim drops out, but they do not clearly assign education institutions a stakeholder role in prevention/protection/services for violence against women or in broader VAW implementation mechanisms as required by the coding rules.",Reference only
SULAWESI TENGAH BUOL,SULAWESI_TENGAH_BUOL.txt,6.2,Women victims of trafficking,intersectional_approach,No,Yes,0.0,1.0,false_positive,1.0,"making efforts to prevent acts of violence against women including criminal acts of trafficking in persons;
33. Integrated Service Center for Women's Empowerment and Children hereinafter abbreviated as P2TP2A is an integrated service center in efforts to empower women in various fields of development, as well as protection of women and children from various types of discrimination and acts of violence, including human trafficking, which is formed by the government or community-based, which includes: referral center, business consultation center, reproductive health consultation center, integrated crisis center (PKT), trauma recovery center (trauma center), women's crisis handling center (women crisis center), training center, science and technology information center (PIPTEK), safe house (shelter), shelter home, children's friend telephone (TESSA) 129 or other forms.
19. Human trafficking is the act of recruitment, transportation, harboring, sending, transfer, or receipt of a person by threat of violence, use of violence, kidnapping, confinement, forgery, fraud, abuse of power or vulnerable position, debt bondage or giving payment or benefits, so as to obtain consent from the person who has control over that other person, whether carried out within the Country or between Countries.","The policy explicitly includes trafficking in persons: it defines human trafficking, includes prevention of violence against women including trafficking in persons, and defines the integrated service center as covering discrimination/violence including human trafficking. This places trafficking (and thus trafficking victims, including women) within the policy’s scope.",Reference only
SULAWESI TENGAH BUOL,SULAWESI_TENGAH_BUOL.txt,6.3,Women workers,intersectional_approach,No,Yes,0.0,1.0,false_positive,0.9998245316235193,"1. Employers who employ women must maintain decency, safety and security while in the workplace.
1. Female workers/laborers under the age of 18 (eighteen) years are prohibited from being employed between 23.00 WIB and 07.00 WIB.
4. Employers must provide shuttle transportation for female workers/laborers who depart and return from work between 23.00 WIB and 05.00 WIB.","The policy contains explicit workplace protection measures targeted at female workers/laborers, including requirements for employers to maintain safety/security and restrictions/requirements for night work and transportation for female workers.",Reference only
SULAWESI TENGAH BUOL,SULAWESI_TENGAH_BUOL.txt,6.5,People with disability,intersectional_approach,No,Yes,0.0,1.0,false_positive,0.9999237075098606,"specifically for women with disabilities, the right to obtain facilities and special treatment in public services;
Recently, more and more disabled/difable/disable women have become victims of violence, whether deaf, mute, blind or those with mental retardation.
For this category of victims, interpreters must also be provided who, for example, can be taken from special school teachers.","The policy explicitly references women with disabilities as entitled to facilities and special treatment in public services, and it further specifies service accommodations for disabled women victims of violence (e.g., provision of interpreters). These constitute disability-specific measures/support.",Reference only
SULAWESI TENGAH DONGGALA,SULAWESI_TENGAH_DONGGALA.txt,1.8,Human trafficking,scope_of_violence,No,Yes,0.0,1.0,false_positive,0.9998245316235193,"12. Law Number 21 of 2007 concerning the Eradication of the Criminal Act of Trafficking in Persons (State Gazette of the Republic of Indonesia of 2007 Number 58, Supplement to the State Gazette of the Republic of Indonesia Number 4720);","The policy’s legal basis explicitly cites a national law on the eradication of trafficking in persons, which is sufficient to code inclusion of human trafficking under the criterion’s rules.",Reference only
SULAWESI TENGAH DONGGALA,SULAWESI_TENGAH_DONGGALA.txt,2.3,Data collection systems,institutional_mechanism,Yes,No,1.0,0.0,false_negative,0.9919443675843544,,"While the text mentions preparation of an “effective information system” and refers to providing data/telephone/website facilities for oral reports/complaints, the candidate sentences do not explicitly link this to collecting/recording/managing data on violence against women cases/victims as required by the coding rules; it reads more like reporting/complaints channels and general data provision rather than a VAW case data system.",Reference only
SULAWESI TENGAH DONGGALA,SULAWESI_TENGAH_DONGGALA.txt,2.5,Training and capacity building,institutional_mechanism,Yes,No,1.0,0.0,false_negative,0.9997253606552938,,"The candidate sentences reference supervision/guidance, socialization, seminars/workshops, and service provision obligations, but they do not explicitly mandate training/technical guidance/capacity building for implementing agencies or service providers as required by the coding rules (seminars/workshops appear oriented to prevention/socialization themes rather than mandated capacity building for implementers).",Reference only
SULAWESI TENGAH DONGGALA,SULAWESI_TENGAH_DONGGALA.txt,3.1,Integrated service unit,specialised_support_services,Yes,No,1.0,0.0,false_negative,0.9999084493610688,,"The cited provisions describe sectoral services (medical personnel at health facilities, safe houses, advocates, social workers) and mention “integrated coordination” among agencies, but they do not establish or name an integrated/one-stop service unit or centre specifically for women victims/survivors of violence (or an equivalent recognised integrated service institution).",Reference only
SULAWESI TENGAH DONGGALA,SULAWESI_TENGAH_DONGGALA.txt,3.9,Resocialisation services,specialised_support_services,Yes,No,1.0,0.0,false_negative,0.999145690325731,,"While the text defines “service” as including counselling/therapy/advocacy for empowerment and recovery and mentions repatriation, it does not identify any service unit or responsible institution as providing rehabilitation/resocialisation/reintegration services for victims as such.",Reference only
SULAWESI TENGAH DONGGALA,SULAWESI_TENGAH_DONGGALA.txt,4.3,VAW laws awareness,primary_prevention,No,Yes,0.0,1.0,false_positive,0.7039056039366212,"Socialization activities in the form of explanations regarding children's rights, implications of violations of women's rights and laws and regulations related to the protection of women to the community.","The policy’s explanatory text specifies socialization activities that include explanations about laws and regulations related to the protection of women, which constitutes an information/education activity about relevant legal/regulatory frameworks in the context of prevention activities for violence against women.",Reference only
SULAWESI TENGAH DONGGALA,SULAWESI_TENGAH_DONGGALA.txt,6.2,Women victims of trafficking,intersectional_approach,No,Yes,0.0,1.0,false_positive,1.0,"12. Law Number 21 of 2007 concerning the Eradication of the Criminal Act of Trafficking in Persons (State Gazette of the Republic of Indonesia of 2007 Number 58, Supplement to the State Gazette of the Republic of Indonesia Number 4720);","The policy’s legal foundation explicitly cites the national law on the eradication of trafficking in persons, which (per the coding rules) is sufficient to indicate trafficking cases/victims are within scope even without further trafficking-specific measures.",Reference only
SULAWESI TENGAH MOROWALI,SULAWESI_TENGAH_MOROWALI.txt,3.2,Police specialised service unit,specialised_support_services,No,Yes,0.0,1.0,false_positive,1.0,"This service unit can be located at the Integrated Service Center (PPT) and Integrated Crisis Center (PKT) based in Hospitals, Community Health Centers, Women and Children Service Units (UPPA), Trauma Center Shelters (RPTC), Children's Social Shelters (RPSA), BP4, and other religious institutions, prosecutors, courts, Women Crisis Center (WCC), and other similar institutions.","The policy explicitly references Women and Children Service Units (UPPA), which are police-based specialised units for handling women/children victims of violence, satisfying the criterion even without further operational detail.",Reference only
SULAWESI TENGAH MOROWALI,SULAWESI_TENGAH_MOROWALI.txt,4.1,Information and education about VAW,primary_prevention,Yes,No,1.0,0.0,false_negative,0.9413755384972873,,"The retrieved sentences mention prevention efforts such as establishing an information system and conducting socialization/critical education, but the explicit education components shown are either (i) socialization about laws and regulations (excluded by the coding rules) or (ii) critical education about victims’ rights/women’s awareness of their rights (also excluded as women’s/victims’ rights education without anti-violence values/information about VAW itself). None of the candidate sentences explicitly describe awareness/education about violence against women itself (e.g., dangers/prohibition of violence or anti-violence norms) as the content of the education activity.",Reference only
SULAWESI TENGAH MOROWALI,SULAWESI_TENGAH_MOROWALI.txt,4.4,Prevention through education,primary_prevention,No,Yes,0.0,1.0,false_positive,0.986442946677607,"1. Efforts to prevent Violence against Women and Children are carried out in an integrated manner by the Regional Government coordinated by the PMDP3A Office;
building networks and working together with law enforcement apparatus, government apparatus, as well as educational institutions, health institutions, hospitals, various Non-Governmental Organizations concerned with Women and Children;","The policy explicitly frames prevention of violence against women and children and includes, as a prevention effort, building networks and working together with “educational institutions.” This is an explicit involvement of education institutions within a prevention strategy, satisfying the criterion’s requirement that education (via education institutions/apparatus) be identified as part of prevention.",Reference only
SULAWESI TENGAH MOROWALI,SULAWESI_TENGAH_MOROWALI.txt,6.5,People with disability,intersectional_approach,Yes,No,1.0,0.0,false_negative,0.809301070201781,,"The only explicit disability-related reference is within an explanation of ""equal protection"" as a non-discrimination concept (including disability). The candidate sentences do not identify people with disabilities (or women with disabilities) as a target group for special protection/services, nor do they provide disability-specific accommodations; general services for victims are not framed as disability-targeted in the provided text.",Reference only
SULAWESI TENGAH PARIGI MOUTONG,SULAWESI_TENGAH_PARIGI_MOUTONG.txt,5.3,Traditional/cultural engagement,stakeholder_engagement,Yes,No,1.0,0.0,false_negative,1.0,,"The candidate sentences refer to general “community” participation and to religious/social community institutions, but do not explicitly identify traditional/customary/cultural leaders or customary institutions/mechanisms, nor do they describe customary dispute resolution or protection mechanisms. Under the coding rules, general community involvement without identifying customary/traditional actors is insufficient.",Reference only
SULAWESI TENGAH PARIGI MOUTONG,SULAWESI_TENGAH_PARIGI_MOUTONG.txt,6.2,Women victims of trafficking,intersectional_approach,No,Yes,0.0,1.0,false_positive,1.0,8. Law Number 21 Year 2007 concerning the Eradication of the Criminal Act of Trafficking in Persons (State Gazette of the Republic of Indonesia Year 2007 Number 58: Supplement to the State Gazette of the Republic of Indonesia Number 4720);,"The policy’s legal foundation explicitly cites a national law on the eradication of trafficking in persons, which (per the coding rules) is sufficient to include trafficking cases/victims within scope, even without further trafficking-specific measures in the retrieved text.",Reference only
SULAWESI TENGAH POSO,SULAWESI_TENGAH_POSO.txt,2.6,Monitoring and evaluation,institutional_mechanism,No,Yes,0.0,1.0,false_positive,0.9978344252286626,Supervision of the implementation of this Regional Regulation shall be conducted in accordance with the provisions of applicable Laws and Regulations.,"The policy includes a supervision provision for implementation of the regulation, which constitutes an explicit monitoring/oversight mechanism for implementation (even if not detailed as a full M&E framework).",Reference only
SULAWESI TENGAH SIGI,SULAWESI_TENGAH_SIGI.txt,2.3,Data collection systems,institutional_mechanism,No,Yes,0.0,1.0,false_positive,0.35835739835078595,exchange of data and information;,"The policy explicitly includes “exchange of data and information” as part of cooperation to achieve protection objectives related to violence against women and children, which constitutes an explicit data/information function linked to violence cases/victims (even if not a full standalone data system).",Reference only
SULAWESI TENGAH SIGI,SULAWESI_TENGAH_SIGI.txt,2.5,Training and capacity building,institutional_mechanism,No,Yes,0.0,1.0,false_positive,0.9999084493610688,"1. The Regional Government shall conduct guidance and supervision of the implementation of protection of women and children from violence.
education and training;","The policy mandates that the Regional Government conduct guidance and supervision of implementation, and explicitly includes “education and training” within that guidance, indicating required training as part of implementing the protection framework.",Reference only
SULAWESI TENGAH SIGI,SULAWESI_TENGAH_SIGI.txt,6.2,Women victims of trafficking,intersectional_approach,No,Yes,0.0,1.0,false_positive,1.0,"Therefore the Regional Government of Sigi Regency is obligated to provide protection for women and children victims of violence which is an implementation of several laws and regulations, including Law Number 7 of 1984 concerning Ratification of the Convention on the Elimination of All Forms of Discrimination Against Women, Law Number 39 of 1999 concerning Human Rights, Law Number 23 of 2002 concerning Child Protection, Law Number 23 of 2004 concerning the Elimination of Domestic Violence, and Law Number 21 of 2007 concerning the Eradication of the Criminal Act of Trafficking in Persons.
7. Law Number 21 of 2007 concerning Eradication of the Criminal Act of Trafficking in Persons (State Gazette of the Republic of Indonesia of 2007 Number 58, Supplement to the State Gazette of the Republic of Indonesia Number 4720);","The policy explicitly references the national law on eradication of trafficking in persons in its legal foundations, which (per coding rules) is sufficient to include trafficking cases/victims within scope.",Reference only
SULAWESI TENGAH TOLI TOLI,SULAWESI_TENGAH_TOLI_TOLI.txt,1.8,Human trafficking,scope_of_violence,No,Yes,0.0,1.0,false_positive,0.999938965775063,"Child Victims of Kidnapping, Sale and/or Trafficking; and","The policy explicitly includes children who are victims of kidnapping, sale and/or trafficking as a group entitled to special protection, which directly addresses trafficking.",Reference only
SULAWESI TENGAH TOLI TOLI,SULAWESI_TENGAH_TOLI_TOLI.txt,2.3,Data collection systems,institutional_mechanism,No,Yes,0.0,1.0,false_positive,0.9998092742313767,1. The Regional Government prepares and compiles an information and reporting system for the protection of Women and Children from acts of Violence.,"The policy mandates that the Regional Government prepare and compile an information and reporting system specifically for protection from acts of violence against women and children, which meets the criterion for establishing a system linked to violence-related information/reporting.",Reference only
SULAWESI TENGAH TOLI TOLI,SULAWESI_TENGAH_TOLI_TOLI.txt,3.2,Police specialised service unit,specialised_support_services,No,Yes,0.0,1.0,false_positive,0.9947882964238974,special service rooms in police lines;,"The policy specifies that victim services must be supported by facilities including “special service rooms in police lines,” which is an explicit reference to a police-based specialised service room/unit for handling victims (including VAW).",Reference only
SULAWESI TENGGARA BUTON SELATAN,SULAWESI_TENGGARA_BUTON_SELATAN.txt,2.3,Data collection systems,institutional_mechanism,Yes,No,1.0,0.0,false_negative,0.7039056039366212,,"While the text mentions “exchange of data and information” within cooperation, it does not explicitly establish/mandate a system or assign responsibility for collecting, recording, managing, or maintaining data specifically on violence cases/victims; the cited provisions describe cooperation activities and general reporting/monitoring in supervision without a clear VAW case-data system duty.",Reference only
SULAWESI TENGGARA BUTON SELATAN,SULAWESI_TENGGARA_BUTON_SELATAN.txt,2.5,Training and capacity building,institutional_mechanism,No,Yes,0.0,1.0,false_positive,1.0,"1. The Regional Government is obliged to conduct guidance and supervision of the implementation of protection of women and children from acts of violence.
technical guidance and training;","The policy obliges the Regional Government to conduct guidance and supervision of implementation, explicitly including “technical guidance and training,” which constitutes a mandated training/capacity-building measure for implementation personnel/mechanisms.",Reference only
SULAWESI TENGGARA BUTON SELATAN,SULAWESI_TENGGARA_BUTON_SELATAN.txt,4.3,VAW laws awareness,primary_prevention,No,Yes,0.0,1.0,false_positive,0.24491866240370913,disseminating information about laws and regulations related to acts of violence against women and children.,"The policy explicitly includes dissemination of information about laws and regulations related to acts of violence against women and children, and this appears within the community participation provisions connected to prevention/handling, satisfying the requirement for prevention-oriented legal awareness activities about VAW-related laws/regulations.",Reference only
SULAWESI TENGGARA BUTON SELATAN,SULAWESI_TENGGARA_BUTON_SELATAN.txt,5.5,International organisations engagement,stakeholder_engagement,Yes,No,1.0,0.0,false_negative,0.9997101040197627,,"None of the candidate sentences explicitly mention international organizations as partners/stakeholders for service delivery or prevention. While “non-binding foreign aid” is mentioned as a financing source, it does not identify international organizations or collaboration mechanisms for service delivery.",Reference only
SULAWESI TENGGARA BUTON SELATAN,SULAWESI_TENGGARA_BUTON_SELATAN.txt,5.6,Media engagement,stakeholder_engagement,No,Yes,0.0,1.0,false_positive,0.9978725312596644,Media.,"The policy lists “Media” as an entity with which the Regional Government carries out cooperation to achieve protection objectives, which constitutes recognition/engagement of media as a stakeholder (even if specific media tasks are not detailed).",Reference only
SULAWESI TENGGARA KONAWE,SULAWESI_TENGGARA_KONAWE.txt,1.8,Human trafficking,scope_of_violence,No,Yes,0.0,1.0,false_positive,0.9998703044983814,"9. Law Number 21 of 2007 concerning Eradication of the Criminal Act of Trafficking in Persons (State Gazette of the Republic of Indonesia of 2007 Number 58, Supplement to the State Gazette of the Republic of Indonesia Number 4720);","The policy includes trafficking in persons by citing a national law on eradication of trafficking in persons in its legal foundation, which satisfies the criterion’s legal-basis inclusion rule.",Reference only
SULAWESI TENGGARA KONAWE,SULAWESI_TENGGARA_KONAWE.txt,6.2,Women victims of trafficking,intersectional_approach,No,Yes,0.0,1.0,false_positive,1.0,"9. Law Number 21 of 2007 concerning Eradication of the Criminal Act of Trafficking in Persons (State Gazette of the Republic of Indonesia of 2007 Number 58, Supplement to the State Gazette of the Republic of Indonesia Number 4720);","The policy’s legal foundation explicitly cites the national law on trafficking in persons, which (per the coding rules) is sufficient to indicate trafficking cases/victims are within scope even without further trafficking-specific measures in the retrieved text.",Reference only
SULAWESI TENGGARA KONAWE KEPULAUAN,SULAWESI_TENGGARA_KONAWE_KEPULAUAN.txt,4.2,Gender equality education,primary_prevention,Yes,No,1.0,0.0,false_negative,0.9051482536448664,,"While the policy mentions prevention through socialization of laws/regulations related to protection of women’s and children’s rights and community socialization of women’s and children’s rights, these are framed as legal/regulatory socialization and rights socialization rather than education/awareness specifically about gender equality/non-discrimination, and the coding rules explicitly exclude education about laws/regulations related to VAW and do not allow a Yes based only on rights recognition without qualifying gender-equality content. The retrieved sentences do not explicitly situate gender equality education as a prevention strategy.",Reference only
SULAWESI TENGGARA KONAWE UTARA,SULAWESI_TENGGARA_KONAWE_UTARA.txt,1.4,Psychological violence,scope_of_violence,Yes,No,1.0,0.0,false_negative,0.9994126228909521,,"The candidate sentences do not explicitly mention psychological/emotional/mental violence or equivalent terms, nor do they clearly classify it as a covered form of violence. References to “non-physical violence” and to “psychological” recovery/health services do not explicitly establish psychological violence as a violence category under the coding rules.",Reference only
SULAWESI TENGGARA KONAWE UTARA,SULAWESI_TENGGARA_KONAWE_UTARA.txt,2.1,Institutional network,institutional_mechanism,No,Yes,0.0,1.0,false_positive,1.0,"building networks and cooperation with law enforcement apparatus, government apparatus, universities and various non-governmental organizations that work and/or care about women and children; and
2. Handling of special protection for Children in emergency situations as referred to in paragraph (1) shall be conducted in a coordinated manner between the Provincial Government, Regency/City and the community.","The policy explicitly calls for building “networks and cooperation” with multiple institutions (including law enforcement, government apparatus, universities, and NGOs), which constitutes an institutional coordination/network mechanism. It also specifies that handling special protection in emergencies must be conducted “in a coordinated manner” between provincial and regency/city governments and the community, indicating coordination across administrative levels.",Reference only
SULAWESI TENGGARA KONAWE UTARA,SULAWESI_TENGGARA_KONAWE_UTARA.txt,3.6,Health/medical services,specialised_support_services,Yes,No,1.0,0.0,false_negative,0.9782004252976184,,"While the text mentions women’s right to health services and refers to health facilities/infrastructure and health workers, it does not explicitly identify a victim service unit providing health/medical services to victims of violence; the UPTD PPA service list provided does not include medical/health treatment services.",Reference only
SULAWESI TENGGARA KONAWE UTARA,SULAWESI_TENGGARA_KONAWE_UTARA.txt,5.3,Traditional/cultural engagement,stakeholder_engagement,No,Yes,0.0,1.0,false_positive,0.9993439796845092,"16. North Konawe Regency Child Protection Committee is an oversight institution for the implementation of Child Protection in North Konawe Regency whose members consist of various elements namely religious leaders, community leaders, related Regional Governments and Social Organizations.","The policy explicitly identifies “community leaders” as part of the membership elements of the Child Protection Committee, which is an implementation/oversight structure for child protection. Under the coding rules, inclusion of community leaders as stakeholders/participants counts as traditional/community engagement.",Reference only
SULAWESI TENGGARA KONAWE UTARA,SULAWESI_TENGGARA_KONAWE_UTARA.txt,6.5,People with disability,intersectional_approach,Yes,No,1.0,0.0,false_negative,0.9990999340357813,,"The policy prohibits discriminatory treatment of women and children with disabilities, but the provided text does not identify women/persons with disabilities as beneficiaries of special protection/services or set out disability-specific protection measures. The only disability-specific service provisions shown relate to children with special needs, which is excluded by the coding rules.",Reference only
SULAWESI TENGGARA KONAWE UTARA,SULAWESI_TENGGARA_KONAWE_UTARA.txt,6.10,Refugee/forced displacement,intersectional_approach,No,Yes,0.0,1.0,false_positive,0.9999084493610688,"refugee children;
3. Handling of refugee Children as referred to in paragraph (1) letter a shall be conducted without regard to citizenship status and shall be entitled to receive basic services.","The policy explicitly provides special protection for refugee children and specifies handling of refugee children, indicating targeted measures for refugees/forced displacement (at least for children).",Reference only
SULAWESI TENGGARA MUNA,SULAWESI_TENGGARA_MUNA.txt,3.8,Religious/spiritual counselling,specialised_support_services,No,Yes,0.0,1.0,false_positive,0.9998245316235193,spiritual guidance services;,"The policy explicitly lists “spiritual guidance services” as a right/service available to women and child victims of violence, which qualifies as religious/spiritual counselling or guidance under the coding rules.",Reference only
SULAWESI TENGGARA MUNA,SULAWESI_TENGGARA_MUNA.txt,5.6,Media engagement,stakeholder_engagement,No,Yes,0.0,1.0,false_positive,1.0,"8. Implementation of prevention of violence against women and children is carried out by involving community organizations, non-governmental organizations, legal aid institutions, business sector, communities, children and adolescent groups, mass media and other related parties.","The policy explicitly includes “mass media” among the parties involved in implementing prevention of violence against women and children, assigning media a stakeholder role in prevention implementation.",Reference only
SULAWESI TENGGARA MUNA BARAT,SULAWESI_TENGGARA_MUNA_BARAT.txt,1.9,Sexual slavery/exploitation,scope_of_violence,No,Yes,0.0,1.0,false_positive,1.0,Forced sexual intercourse against one person within the scope of the household with another person for commercial purposes and/or certain purposes.,"The policy’s definition of sexual violence in the household includes forced sexual intercourse involving another person for commercial purposes and/or certain purposes, which constitutes an explicit reference to sexual exploitation-like conduct within the scope of sexual violence.",Reference only
SULAWESI TENGGARA MUNA BARAT,SULAWESI_TENGGARA_MUNA_BARAT.txt,2.3,Data collection systems,institutional_mechanism,Yes,No,1.0,0.0,false_negative,1.0,,"While the policy mentions integrating gender-disaggregated data and includes general monitoring/evaluation/reporting stages, the provided sentences do not explicitly link any data collection/recording/reporting system or responsibility to violence against women cases, victims, or VAW-specific information management as required by the coding rules.",Reference only
SULAWESI TENGGARA MUNA BARAT,SULAWESI_TENGGARA_MUNA_BARAT.txt,3.3,Reporting/hotline service,specialised_support_services,Yes,No,1.0,0.0,false_negative,0.9999313366279103,,"While the policy mentions integrated services and legal protection/assistance, none of the provided sentences explicitly establish or describe a mechanism/service for receiving reports or complaints of violence (e.g., hotline, complaint desk, reporting procedure/SOP, or a unit tasked with receiving reports).",Reference only
SULAWESI TENGGARA MUNA BARAT,SULAWESI_TENGGARA_MUNA_BARAT.txt,4.3,VAW laws awareness,primary_prevention,Yes,No,1.0,0.0,false_negative,1.0,,"The only explicit information activity referenced is socialization and dissemination of materials regarding “women's protection policies,” but the candidate sentences do not specify that these are laws/regulations/policies related to violence against women (e.g., domestic/sexual violence, trafficking, etc.) nor do they explicitly frame such legal-awareness activities as a prevention strategy for VAW. Prohibitions and sanctions are stated, but not paired with an education/dissemination activity about VAW laws/policies as prevention.",Reference only
SULAWESI TENGGARA MUNA BARAT,SULAWESI_TENGGARA_MUNA_BARAT.txt,7.3,International donors,budget_funding_sources,No,Yes,0.0,1.0,false_positive,0.9998626756131501,"Coordinating the participation of the business sector and other institutions, including international assistance for women's protection; and","The policy explicitly references coordinating participation of institutions including international assistance for women's protection, which meets the criterion for international support involvement.",Reference only
SULAWESI UTARA BITUNG KOTA,SULAWESI_UTARA_BITUNG_KOTA.txt,1.8,Human trafficking,scope_of_violence,No,Yes,0.0,1.0,false_positive,0.9998245316235193,"7. Law Number 21 of 2007 concerning the Eradication of the Criminal Act of Trafficking in Persons (State Gazette of the Republic of Indonesia of 2007 Number 58, Supplement to the State Gazette of the Republic of Indonesia Number 4720);","The policy’s legal foundation explicitly cites a national law on the eradication of the criminal act of trafficking in persons, which meets the coding rule for inclusion even without further operational detail in the provided excerpts.",Reference only
SULAWESI UTARA BITUNG KOTA,SULAWESI_UTARA_BITUNG_KOTA.txt,2.3,Data collection systems,institutional_mechanism,Yes,No,1.0,0.0,false_negative,0.5545997223493824,,"While the policy mentions developing an information system and requires PPT reporting, the candidate sentences do not explicitly link the information system to collecting/recording/managing data on violence cases/victims, and the reporting described is framed as general implementation reporting (administration/finance/services/performance) rather than a mandated VAW case data system.",Reference only
SULAWESI UTARA BITUNG KOTA,SULAWESI_UTARA_BITUNG_KOTA.txt,3.9,Resocialisation services,specialised_support_services,Yes,No,1.0,0.0,false_negative,0.24491866240370913,,"While the text mentions social rehabilitation and social reintegration services, the provided sentences do not identify a specific service unit or responsible institution assigned to deliver these resocialisation/reintegration services (they are stated as forms of rehabilitation without linking them to a unit such as PPT).",Reference only
SULAWESI UTARA BITUNG KOTA,SULAWESI_UTARA_BITUNG_KOTA.txt,4.1,Information and education about VAW,primary_prevention,Yes,No,1.0,0.0,false_negative,0.9993134723492128,,"The candidate sentences mention prevention activities including awareness-raising via information/guidance/counseling and “socialization of laws and regulations governing the protection of women,” but the coding rules explicitly exclude education/awareness about laws and regulations related to VAW from counting for this indicator. No retrieved sentence explicitly describes information/education about violence against women itself, anti-violence values, or protection from violence (as content) beyond legal socialization.",Reference only
SULAWESI UTARA BITUNG KOTA,SULAWESI_UTARA_BITUNG_KOTA.txt,6.2,Women victims of trafficking,intersectional_approach,No,Yes,0.0,1.0,false_positive,1.0,"7. Law Number 21 of 2007 concerning the Eradication of the Criminal Act of Trafficking in Persons (State Gazette of the Republic of Indonesia of 2007 Number 58, Supplement to the State Gazette of the Republic of Indonesia Number 4720);","The policy’s legal basis explicitly references a national law on trafficking in persons, which (per the coding rules) is sufficient to indicate trafficking cases/victims are intended to be covered within scope.",Reference only
SULAWESI UTARA MINAHASA TENGGARA,SULAWESI_UTARA_MINAHASA_TENGGARA.txt,2.3,Data collection systems,institutional_mechanism,No,Yes,0.0,1.0,false_positive,0.999732989016709,"collect, compile and present violence reports.","The policy assigns FPKK the function to collect, compile, and present violence reports, explicitly linking information management activities to violence, which satisfies the criterion for a data/reporting function on violence.",Reference only
SULAWESI UTARA MINAHASA TENGGARA,SULAWESI_UTARA_MINAHASA_TENGGARA.txt,3.2,Police specialised service unit,specialised_support_services,No,Yes,0.0,1.0,false_positive,1.0,"This service unit may be located at Integrated Service Centers (PPT) and Integrated Crisis Centers (PKT) based in Hospitals, Community Health Centers, Integrated Service Centers for Women and Child Empowerment (P2TP2A), Women and Child Service Units (UPPA), Trauma Center Shelters (RPTC), Child Social Shelters (RPSA), BP4, and other security institutions, prosecutors' offices, courts, Women Crisis Centers (WCC), and other similar institutions.","The policy explicitly references Women and Child Service Units (UPPA) as a location where the integrated service unit may be situated, which constitutes recognition of a specialised police-based unit for women/child victims of violence.",Reference only
SULAWESI UTARA MINAHASA TENGGARA,SULAWESI_UTARA_MINAHASA_TENGGARA.txt,5.3,Traditional/cultural engagement,stakeholder_engagement,Yes,No,1.0,0.0,false_negative,1.0,,"The candidate sentences discuss general community participation and list NGOs, educational institutions, religious institutions, private sector, and mass media, but do not identify traditional/customary/cultural leaders or customary mechanisms for prevention, services, coordination, or dispute resolution.",Reference only
SUMATERA BARAT BUKITTINGGI KOTA,SUMATERA_BARAT_BUKITTINGGI_KOTA.txt,2.2,Collaboration with NGOs,institutional_mechanism,No,Yes,0.0,1.0,false_positive,0.9997177323229784,"reporters are referred by NGOs, social organizations, the community or mass media; and
regional government, NGOs/social organizations and the community are obliged to provide protection for neglected children domiciled in the Region in accordance with laws and regulations;","The policy explicitly references NGOs in the service/referral pathway (reports may be referred by NGOs) and assigns NGOs/social organizations a role alongside government and the community in providing protection for neglected children, which constitutes collaboration with non-government actors under the coding rules.",Reference only
SUMATERA BARAT BUKITTINGGI KOTA,SUMATERA_BARAT_BUKITTINGGI_KOTA.txt,2.6,Monitoring and evaluation,institutional_mechanism,No,Yes,0.0,1.0,false_positive,1.0,"conducting monitoring, evaluation and reporting at least once (1) a year.","The policy assigns the Child-Friendly City Task Force responsibility to conduct monitoring, evaluation, and reporting at least annually, which constitutes an explicit monitoring and evaluation mechanism for policy implementation (at least for the Child-Friendly City component).",Reference only
SUMATERA BARAT BUKITTINGGI KOTA,SUMATERA_BARAT_BUKITTINGGI_KOTA.txt,3.2,Police specialised service unit,specialised_support_services,No,Yes,0.0,1.0,false_positive,0.9997711312602866,"1. Complaint Handling Services for violations of women's and children's rights are carried out by P2TP2A, PPA Units at Polres, Community Health Centers, Government Hospitals, and Legal Aid Institutions.","The policy explicitly references “PPA Units at Polres” as entities carrying out complaint handling services for violations of women’s and children’s rights, which indicates a specialized police unit for women/children victim services within police offices.",Reference only
SUMATERA BARAT BUKITTINGGI KOTA,SUMATERA_BARAT_BUKITTINGGI_KOTA.txt,5.6,Media engagement,stakeholder_engagement,No,Yes,0.0,1.0,false_positive,0.9984899502324911,"reporters are referred by NGOs, social organizations, the community or mass media; and","The policy explicitly includes mass media as a referral source within complaint handling services for violations of women’s and children’s rights, giving media a functional role in the service/referral pathway.",Reference only
SUMATERA BARAT BUKITTINGGI KOTA,SUMATERA_BARAT_BUKITTINGGI_KOTA.txt,6.2,Women victims of trafficking,intersectional_approach,No,Yes,0.0,1.0,false_positive,0.9998626756131501,"To protect women and children from acts of violence, neglect, exploitation, and trafficking in persons as well as the rights of women in the event of divorce.
11. Law Number 21 of 2007 concerning the Eradication of the Criminal Act of Trafficking in Persons (State Gazette of the Republic of Indonesia of 2007 Number 58, Supplement to the State Gazette of the Republic of Indonesia Number 4720);","The policy explicitly includes “trafficking in persons” within its objectives, and it also cites the national anti-trafficking law in its legal basis, which meets the coding rule that any explicit mention (including legal foundation) is sufficient to include trafficking victims within scope.",Reference only
SUMATERA BARAT BUKITTINGGI KOTA,SUMATERA_BARAT_BUKITTINGGI_KOTA.txt,6.3,Women workers,intersectional_approach,No,Yes,0.0,1.0,false_positive,1.0,"Protecting women workers from acts of discrimination, exploitation and violence.","The policy explicitly identifies “women workers” and provides a protection measure for them against discrimination, exploitation, and violence, which satisfies the requirement for workplace-related protection measures targeted to women workers.",Reference only
SUMATERA BARAT DHARMASRAYA,SUMATERA_BARAT_DHARMASRAYA.txt,1.6,Harmful practices,scope_of_violence,No,Yes,0.0,1.0,false_positive,1.0,"preventing unregistered marriages and marriages at child age.
prevent marriage at child age.","The policy explicitly addresses child marriage/marriage at child age by assigning prevention responsibilities (community and parents), which is sufficient to code harmful practices as included.",Reference only
SUMATERA BARAT DHARMASRAYA,SUMATERA_BARAT_DHARMASRAYA.txt,1.9,Sexual slavery/exploitation,scope_of_violence,No,Yes,0.0,1.0,false_positive,0.999732989016709,obtain protection from economic exploitation and sexual exploitation;,"The policy explicitly mentions sexual exploitation as a harm from which women have the right to protection, which satisfies the criterion’s inclusion of sexual exploitation (even without using the term sexual slavery).",Reference only
SUMATERA BARAT DHARMASRAYA,SUMATERA_BARAT_DHARMASRAYA.txt,5.4,Education institutions engagement,stakeholder_engagement,No,Yes,0.0,1.0,false_positive,0.24491866240370913,"providing training for religious leaders, community leaders, traditional leaders, educators, journalists and media managers in order to prevent violence against women and children;","The policy includes educators as a target group for training aimed at preventing violence against women and children, which constitutes engagement of the education sector in capacity building for prevention (beyond merely stating education as a right).",Reference only
SUMATERA BARAT DHARMASRAYA,SUMATERA_BARAT_DHARMASRAYA.txt,5.8,Private sector engagement,stakeholder_engagement,No,Yes,0.0,1.0,false_positive,0.9998245316235193,cooperating with the private sector and/or NGOs in the implementation of Child Protection;,"The policy explicitly states cooperation with the private sector in the implementation of child protection, which constitutes recognition/engagement of the business/private sector as a stakeholder in protection activities.",Reference only
SUMATERA BARAT DHARMASRAYA,SUMATERA_BARAT_DHARMASRAYA.txt,6.2,Women victims of trafficking,intersectional_approach,No,Yes,0.0,1.0,false_positive,1.0,"provide special protection to women victims of violence and human trafficking; and
17. Human trafficking is the act of recruitment, transportation, harboring, sending, transfer, or receipt of a person by threat of violence, use of violence, abduction, confinement, forgery, fraud, abuse of power or position of vulnerability, debt bondage or giving payment or benefits, so as to obtain consent from the person holding control over that other person, whether carried out within the country or between countries, for the purpose of exploitation or resulting in the person being exploited.","The policy explicitly includes human trafficking within its scope by defining human trafficking and by requiring special protection for women victims of violence and human trafficking, which satisfies the criterion’s requirement for explicit mention/inclusion of trafficking victims.",Reference only
SUMATERA BARAT KEPULAUAN MENTAWAI,SUMATERA_BARAT_KEPULAUAN_MENTAWAI.txt,1.6,Harmful practices,scope_of_violence,No,Yes,0.0,1.0,false_positive,1.0,enhancement of the role of Families in pursuing marriage of Children in accordance with the age stipulated in the provisions of laws and regulations.,The policy addresses child marriage as a harmful practice by including measures to enhance the role of families in pursuing marriage of children in accordance with legally stipulated age requirements.,Reference only
SUMATERA BARAT KEPULAUAN MENTAWAI,SUMATERA_BARAT_KEPULAUAN_MENTAWAI.txt,2.3,Data collection systems,institutional_mechanism,Yes,No,1.0,0.0,false_negative,1.0,,"The candidate sentences describe a Gender and Child data system and related mechanisms (including disaggregated data forums/working groups), but they do not explicitly link data collection/management to violence against women, victims of violence, or violence cases as required by the coding rules.",Reference only
SUMATERA BARAT KEPULAUAN MENTAWAI,SUMATERA_BARAT_KEPULAUAN_MENTAWAI.txt,3.10,Economic support,specialised_support_services,Yes,No,1.0,0.0,false_negative,0.9997711312602866,,"While the policy provides general women’s economic empowerment measures (skills/job training, capital assistance) and family entrepreneurship training, the cited sentences do not explicitly specify that these economic supports are provided to women victims of violence as part of recovery/assistance; therefore it does not meet the criterion’s requirement of explicit linkage to VAW victims.",Reference only
SUMATERA BARAT KEPULAUAN MENTAWAI,SUMATERA_BARAT_KEPULAUAN_MENTAWAI.txt,4.1,Information and education about VAW,primary_prevention,Yes,No,1.0,0.0,false_negative,0.12435300177159625,,"The excerpts mention prevention of violence against women and children and include general measures (e.g., creating safe environments) and “socialization on the rights of women and Children,” but they do not describe information/education activities that specifically provide education or information about violence against women, protection from violence, dangers/prohibition of violence, or anti-violence norms. References to socialization/advocacy are framed around women’s/children’s rights and laws/regulations generally, which is explicitly excluded unless tied to VAW content.",Reference only
SUMATERA BARAT KEPULAUAN MENTAWAI,SUMATERA_BARAT_KEPULAUAN_MENTAWAI.txt,4.2,Gender equality education,primary_prevention,Yes,No,1.0,0.0,false_negative,0.9996033108301521,,"While the text includes socialization/advocacy/training related to women’s rights and mentions gender equality as a topic area, the coding rules require these educational activities to be explicitly situated as a strategy or measure to prevent violence against women. The cited passages do not explicitly link gender equality/women’s rights education activities to preventing VAW (they are presented as general community participation/guidance/family quality measures).",Reference only
SUMATERA BARAT KEPULAUAN MENTAWAI,SUMATERA_BARAT_KEPULAUAN_MENTAWAI.txt,5.6,Media engagement,stakeholder_engagement,No,Yes,0.0,1.0,false_positive,1.0,"(2) The team as referred to in paragraph (1) consists of relevant Regional Apparatus by involving vertical agencies in the Region, religious leaders, community leaders, business world, and the press.","The policy includes “the press” as part of the integrated team, which assigns media a stakeholder role within an implementation/coordination structure rather than merely mentioning media as a channel or risk.",Reference only
SUMATERA BARAT KEPULAUAN MENTAWAI,SUMATERA_BARAT_KEPULAUAN_MENTAWAI.txt,6.7,Women from minority groups,intersectional_approach,Yes,No,1.0,0.0,false_negative,1.0,,The candidate sentences mention minority/isolated groups only in relation to children (“Children from minority and isolated groups”) and do not explicitly identify women from minority or isolated groups as beneficiaries of special protection or services.,Reference only
SUMATERA BARAT KEPULAUAN MENTAWAI,SUMATERA_BARAT_KEPULAUAN_MENTAWAI.txt,7.2,National government budget,budget_funding_sources,No,Yes,0.0,1.0,false_positive,0.9998245316235193,"Funding for the Gender and Child data system organization is sourced from the state revenue and expenditure budget, the provincial regional revenue and expenditure budget and the Regional revenue and expenditure budget as well as other legitimate and non-binding sources in accordance with the provisions of laws and regulations.","The policy explicitly lists the state revenue and expenditure budget as a funding source for the Gender and Child data system organization, which constitutes national government budget funding.",Reference only
SUMATERA BARAT KEPULAUAN MENTAWAI,SUMATERA_BARAT_KEPULAUAN_MENTAWAI.txt,7.5,Provincial government budget,budget_funding_sources,No,Yes,0.0,1.0,false_positive,1.0,"Funding for the Gender and Child data system organization is sourced from the state revenue and expenditure budget, the provincial regional revenue and expenditure budget and the Regional revenue and expenditure budget as well as other legitimate and non-binding sources in accordance with the provisions of laws and regulations.","The policy explicitly identifies the provincial regional revenue and expenditure budget as a funding source, which directly corresponds to provincial government budget funding.",Reference only
SUMATERA BARAT PADANG PARIAMAN,SUMATERA_BARAT_PADANG_PARIAMAN.txt,1.6,Harmful practices,scope_of_violence,No,Yes,0.0,1.0,false_positive,1.0,"strengthens the role of community, religious and family environment organizations; and prevents early marriage.
preventing the occurrence of marriage at an early age.","The policy explicitly mentions preventing early marriage (including as a community role and as a parental role), which is a harmful practice under the coding rules.",Reference only
SUMATERA BARAT PADANG PARIAMAN,SUMATERA_BARAT_PADANG_PARIAMAN.txt,1.9,Sexual slavery/exploitation,scope_of_violence,No,Yes,0.0,1.0,false_positive,0.9977886989508458,"all work that exploits, provides, or offers Children for prostitution, pornography production, pornographic performances, or gambling;","The policy explicitly addresses exploitation for prostitution (as a worst form of child work), which is an explicit form of sexual exploitation covered by the criterion’s rules.",Reference only
SUMATERA BARAT PADANG PARIAMAN,SUMATERA_BARAT_PADANG_PARIAMAN.txt,2.3,Data collection systems,institutional_mechanism,Yes,No,1.0,0.0,false_negative,0.9995346610770706,,"The candidate sentences mention a general 'gender and Child data system' as part of the regulation’s scope and include monitoring/evaluation obligations, but they do not explicitly link any data collection/recording/reporting system to violence against women, women victims, or VAW cases. The only explicit data-collection duty shown is for CFC development, which is not explicitly tied to VAW case/victim data in the provided text.",Reference only
SUMATERA BARAT PADANG PARIAMAN,SUMATERA_BARAT_PADANG_PARIAMAN.txt,6.2,Women victims of trafficking,intersectional_approach,No,Yes,0.0,1.0,false_positive,1.0,"16. Human trafficking is the act of recruitment, transportation, harboring, sending, transfer, or receipt of a person by threat of Violence, use of Violence, abduction, confinement, forgery, fraud, abuse of power or position of vulnerability, debt bondage or giving payment or benefits, so as to obtain consent from the person holding control over that other person, whether carried out within the Country or between Countries, for the purpose of exploitation or resulting in the person being exploited.
undertaking prevention efforts against acts of Violence against women including criminal acts of trafficking in persons;","The policy explicitly defines “Human trafficking” and also states that prevention efforts against violence against women include criminal acts of trafficking in persons, which is sufficient to include trafficking within scope under the coding rules.",Reference only
SUMATERA BARAT PAYAKUMBUH KOTA,SUMATERA_BARAT_PAYAKUMBUH_KOTA.txt,3.2,Police specialised service unit,specialised_support_services,No,Yes,0.0,1.0,false_positive,0.9998245316235193,Women and Children Service Unit (UPPA),"The policy explicitly lists the Women and Children Service Unit (UPPA), which is a recognized specialised police-based victim service unit for handling complaints of violence against women and children.",Reference only
SUMATERA BARAT PAYAKUMBUH KOTA,SUMATERA_BARAT_PAYAKUMBUH_KOTA.txt,6.2,Women victims of trafficking,intersectional_approach,No,Yes,0.0,1.0,false_positive,1.0,"Providing special protection to women victims of violence and human trafficking, and
14. Trafficking in persons is the act of recruitment, transportation, harboring, sending, transfer or receipt of a person by threat of violence, use of violence, abduction, confinement, fraud, abuse of power or position of vulnerability, debt bondage or giving payment or benefits so as to obtain consent from the person holding control over that other person, whether carried out within the country or between countries, for the purpose of exploitation or resulting in the person being exploited.
7. Law Number 21 of 2007 concerning the Eradication of the Crime of Trafficking in Persons (State Gazette of the Republic of Indonesia of 2007 Number 58, Supplement to the State Gazette of the Republic of Indonesia Number 3720);","The policy explicitly includes human trafficking: it assigns local government responsibility to provide special protection to women victims of violence and human trafficking, defines trafficking in persons, and cites the national anti-trafficking law in its legal basis—any of which is sufficient for inclusion.",Reference only
SUMATERA BARAT PAYAKUMBUH KOTA,SUMATERA_BARAT_PAYAKUMBUH_KOTA.txt,6.5,People with disability,intersectional_approach,No,Yes,0.0,1.0,false_positive,1.0,"Lately there are more and more disabled/difable/disable women who become victims of violence, whether deaf, blind or mentally retarded.
For this category of victims, interpreters must also be provided, for example, who can be taken from special school teachers.","The policy explicitly discusses disabled women victims of violence and specifies an accommodation (providing interpreters) for this category of victims, which constitutes disability-specific service/support.",Reference only
SUMATERA BARAT PESISIR SELATAN,SUMATERA_BARAT_PESISIR_SELATAN.txt,1.6,Harmful practices,scope_of_violence,No,Yes,0.0,1.0,false_positive,0.9998245316235193,"prevent unregistered marriages and marriage at child age.
preventing marriage at child age.
increasing women's awareness of the impact of early marriage;","The policy explicitly addresses harmful practices by referencing prevention of “marriage at child age” and increasing women’s awareness of the impact of early marriage, which meets the criterion even without mentioning other harmful practices.",Reference only
SUMATERA BARAT PESISIR SELATAN,SUMATERA_BARAT_PESISIR_SELATAN.txt,1.9,Sexual slavery/exploitation,scope_of_violence,No,Yes,0.0,1.0,false_positive,0.9998626756131501,"eliminate all forms of violence and exploitation against women and children;
Child victims of violence who are exploited economically and sexually, neglected children, child victims of kidnapping and child victims of human trafficking;","The policy states an aim to eliminate “all forms of violence and exploitation” against women and children, and it explicitly references children who are exploited “sexually,” which satisfies inclusion of sexual exploitation (even if not framed specifically as women-only in these excerpts).",Reference only
SUMATERA BARAT PESISIR SELATAN,SUMATERA_BARAT_PESISIR_SELATAN.txt,5.4,Education institutions engagement,stakeholder_engagement,No,Yes,0.0,1.0,false_positive,0.9638544788848158,"3. In the event that a Child victim of Violence experiences dropping out of school, then the child victim of violence shall be provided with formal or non-formal education, in this case carried out by the education unit organizer and coordinated with UPTD PPA.","The policy assigns an active implementation role to education unit organizers in providing education to child victims of violence and requires coordination with UPTD PPA, which constitutes engagement of education institutions in response/service coordination related to violence.",Reference only
SUMATERA BARAT PESISIR SELATAN,SUMATERA_BARAT_PESISIR_SELATAN.txt,6.1,Women in conflict/disaster areas,intersectional_approach,No,Yes,0.0,1.0,false_positive,0.9990846821718584,"8. Victim is a woman and child who experiences acts of violence and/or threats of violence that include physical, sexual, psychological, economic and/or social violence, in the family, community and/or society, in conflict situations, post-conflict, and state.","The policy’s definition of “Victim” explicitly includes women (and children) experiencing violence in “conflict situations” and “post-conflict,” indicating women affected by conflict are a specifically recognized category for protection/services under the regulation.",Reference only
SUMATERA BARAT PESISIR SELATAN,SUMATERA_BARAT_PESISIR_SELATAN.txt,6.2,Women victims of trafficking,intersectional_approach,No,Yes,0.0,1.0,false_positive,0.9999313366279103,undertake prevention efforts against acts of violence against women including criminal acts of trafficking in persons;,"The policy explicitly mentions “criminal acts of trafficking in persons” within the Regional Government’s role in preventing violence against women, which is sufficient to include trafficking within scope under the coding rules.",Reference only
SUMATERA BARAT PESISIR SELATAN,SUMATERA_BARAT_PESISIR_SELATAN.txt,6.3,Women workers,intersectional_approach,No,Yes,0.0,1.0,false_positive,0.9918987761177154,enhance protection efforts for women and child workers;,"The policy explicitly refers to enhancing protection efforts for “women and child workers,” which constitutes an explicit protection measure for women workers as a specific target group.",Reference only
SUMATERA BARAT SOLOK KOTA,SUMATERA_BARAT_SOLOK_KOTA.txt,1.6,Harmful practices,scope_of_violence,No,Yes,0.0,1.0,false_positive,1.0,conducting socialization on the prevention of child marriage;,"The policy explicitly references “prevention of child marriage” as a community participation activity, which is a harmful practice under the coding rules and is sufficient for inclusion.",Reference only
SUMATERA BARAT SOLOK KOTA,SUMATERA_BARAT_SOLOK_KOTA.txt,3.10,Economic support,specialised_support_services,No,Yes,0.0,1.0,false_positive,0.9413755384972874,"15. Assistance is all actions taken in the form of complaint services, health, advocacy and legal aid, social rehabilitation including spiritual guidance, counseling, psychological therapy and economic empowerment, repatriation and social rehabilitation for the purpose of strengthening and advocacy as well as recovery of victims of violence;","The policy’s definition of “Assistance” for victims of violence explicitly includes economic empowerment as part of actions taken for recovery/strengthening of victims, indicating economic support is included for victims of violence.",Reference only
SUMATERA BARAT SOLOK KOTA,SUMATERA_BARAT_SOLOK_KOTA.txt,5.8,Private sector engagement,stakeholder_engagement,No,Yes,0.0,1.0,false_positive,1.0,"2. The community as referred to in paragraph (1) consists of, among others, parents, families, ninik mamak, cadiak pandai, alim ulama, bundo kanduang, customary leaders, religious leaders, mass media, and the business sector.","The policy explicitly includes the business sector as part of the community that may participate in implementing protection of women and children, recognizing the private sector as a stakeholder.",Reference only
SUMATERA BARAT SOLOK KOTA,SUMATERA_BARAT_SOLOK_KOTA.txt,6.2,Women victims of trafficking,intersectional_approach,No,Yes,0.0,1.0,false_positive,0.9999694826547045,providing special protection to women victims of violence and human trafficking;,"The policy explicitly includes “women victims of … human trafficking” as a group receiving special protection, which satisfies the criterion’s requirement that trafficking victims be mentioned within scope or protection measures.",Reference only
SUMATERA SELATAN MUARA ENIM,SUMATERA_SELATAN_MUARA_ENIM.txt,2.3,Data collection systems,institutional_mechanism,Yes,No,1.0,0.0,false_negative,0.9995727995378068,,"While the policy mentions monitoring and reporting and also refers to collecting basic data for CFC development and a gender/child data system, the provided sentences do not explicitly link a data collection/management system to violence against women cases, victims, or VAW-specific case data. The reporting obligation shown is about implementation generally and is not clearly framed as collecting/managing VAW case data.",Reference only
SUMATERA SELATAN MUARA ENIM,SUMATERA_SELATAN_MUARA_ENIM.txt,4.4,Prevention through education,primary_prevention,Yes,No,1.0,0.0,false_negative,0.9999313366279103,,"The text includes broad “socialization” for preventing violence against women and child-focused measures (e.g., child-friendly school model; protection in education units; education for child victims of sexual crimes), but it does not explicitly identify formal education instruments (schools/curricula/education institutions) as a prevention strategy for violence against women, and child-only prevention education is excluded by the coding rules.",Reference only
SUMATERA SELATAN MUARA ENIM,SUMATERA_SELATAN_MUARA_ENIM.txt,6.10,Refugee/forced displacement,intersectional_approach,No,Yes,0.0,1.0,false_positive,1.0,"Special protection for children who become refugees as referred to in Article 61 paragraph (1) letter a shall be implemented in accordance with the provisions of Laws and Regulations.
children who become refugees;","The policy explicitly provides special protection for children who become refugees and defines children in emergency situations to include children who become refugees, which constitutes targeted special protection measures for refugees/forced displacement (at least for child refugees).",Reference only
SUMATERA SELATAN MUSI BANYUASIN,SUMATERA_SELATAN_MUSI_BANYUASIN.txt,1.6,Harmful practices,scope_of_violence,No,Yes,0.0,1.0,false_positive,1.0,"preventing marriage at the age of Children.
preventing marriage at the age of Children.","The policy explicitly addresses harmful practices by calling for prevention of “marriage at the age of Children,” which is a form of child/early marriage covered by the coding rules.",Reference only
SUMATERA SELATAN MUSI BANYUASIN,SUMATERA_SELATAN_MUSI_BANYUASIN.txt,1.9,Sexual slavery/exploitation,scope_of_violence,No,Yes,0.0,1.0,false_positive,1.0,obtain protection from economic exploitation and sexual exploitation;,"The policy explicitly mentions “sexual exploitation” as a harm women have the right to be protected from, which directly meets the criterion (sexual exploitation need not be tied to slavery to count).",Reference only
SUMATERA SELATAN MUSI BANYUASIN,SUMATERA_SELATAN_MUSI_BANYUASIN.txt,3.2,Police specialised service unit,specialised_support_services,No,Yes,0.0,1.0,false_positive,1.0,Women and Children Service Unit (UPPA);,"The policy explicitly lists the Women and Children Service Unit (UPPA) among institutions providing complaint-handling services for violence against women and children, which is a recognized specialized police-based victim service unit.",Reference only
SUMATERA SELATAN MUSI BANYUASIN,SUMATERA_SELATAN_MUSI_BANYUASIN.txt,3.10,Economic support,specialised_support_services,Yes,No,1.0,0.0,false_negative,0.9983069913882454,,"The cited passages describe skills training and business-capital/entrepreneurship support for women generally or economically vulnerable women, but they do not explicitly specify that these economic empowerment measures are provided to women victims of violence; therefore, the criterion’s requirement to link economic support to women victims of violence is not met in the provided sentences.",Reference only
SUMATERA SELATAN MUSI RAWAS,SUMATERA_SELATAN_MUSI_RAWAS.txt,1.9,Sexual slavery/exploitation,scope_of_violence,No,Yes,0.0,1.0,false_positive,0.9997177323229784,(1) Special protection for children who are exploited economically and/or sexually as referred to in Article 30 is the obligation and responsibility of the government and society.,"The policy explicitly refers to children being exploited “economically and/or sexually” and provides for special protection for such victims, which constitutes inclusion of sexual exploitation (even if not using the term sexual slavery).",Reference only
SUMATERA SELATAN MUSI RAWAS,SUMATERA_SELATAN_MUSI_RAWAS.txt,6.2,Women victims of trafficking,intersectional_approach,No,Yes,0.0,1.0,false_positive,1.0,"Trafficking in Persons is the act of recruitment, transportation, harboring, sending, transfer, or receipt of a person by threat of violence, use of violence, abduction, confinement, forgery, fraud, abuse of power or position of vulnerability, debt bondage or giving payment or benefits, so as to obtain consent from the person holding control over that other person, whether conducted within the country or between countries, for the purpose of exploitation or resulting in the person being exploited.
7. Victim of Trafficking in Persons is a person who experiences psychological, mental, physical, sexual, economic, and/or social suffering, caused by the criminal act of trafficking in persons.
7. Law Number 21 of 2007 concerning the Eradication of the Criminal Act of Trafficking in Persons (State Gazette of the Republic of Indonesia of 2008 Number 181, Supplement to the State Gazette of the Republic of Indonesia Number 4928);","The policy explicitly defines trafficking in persons and victims of trafficking, and it also cites the national anti-trafficking law in its legal basis, indicating trafficking cases/victims are within scope.",Reference only
SUMATERA SELATAN MUSI RAWAS,SUMATERA_SELATAN_MUSI_RAWAS.txt,6.10,Refugee/forced displacement,intersectional_approach,No,Yes,0.0,1.0,false_positive,1.0,Specific protection for children who become refugees as referred to in Article 30 letter a is implemented in accordance with the provisions of humanitarian law.,"The policy explicitly provides for “specific protection for children who become refugees,” which constitutes special protection targeted at refugees/forced displacement (even though limited to children).",Reference only
SUMATERA SELATAN MUSI RAWAS UTARA,SUMATERA_SELATAN_MUSI_RAWAS_UTARA.txt,1.1,Domestic violence,scope_of_violence,Yes,No,1.0,0.0,false_negative,1.0,,"Across the provided candidate sentences, the policy discusses protection from and prevention of violence against women and children in general and defines “violence” broadly, but it does not explicitly mention domestic/household/family/intimate partner violence or violence in the private sphere, nor does it cite a domestic violence legal framework in the shown text.",Reference only
SUMATERA SELATAN MUSI RAWAS UTARA,SUMATERA_SELATAN_MUSI_RAWAS_UTARA.txt,1.6,Harmful practices,scope_of_violence,No,Yes,0.0,1.0,false_positive,1.0,prevent marriage at Child age;,"The policy explicitly mentions preventing “marriage at Child age,” which is a harmful practice (child/early marriage) under the coding rules.",Reference only
SUMATERA SELATAN MUSI RAWAS UTARA,SUMATERA_SELATAN_MUSI_RAWAS_UTARA.txt,1.9,Sexual slavery/exploitation,scope_of_violence,No,Yes,0.0,1.0,false_positive,1.0,"exploitation, both economic and sexual;","The policy explicitly includes “sexual” exploitation as a form of exploitation from which children have a right to protection, which meets the criterion’s inclusion of sexual exploitation (even without using the term sexual slavery).",Reference only
SUMATERA SELATAN MUSI RAWAS UTARA,SUMATERA_SELATAN_MUSI_RAWAS_UTARA.txt,2.3,Data collection systems,institutional_mechanism,No,Yes,0.0,1.0,false_positive,0.9998016455789569,"Complaint, consultation, and counseling services as referred to in Article 31 letter a include:
identification or initial recording of victims;
case identification; and","The policy includes complaint/consultation/counseling services that involve identification/initial recording of victims and case identification, explicitly linking recording/identification functions to victims and cases of violence handled under the protection services.",Reference only
SUMATERA SELATAN MUSI RAWAS UTARA,SUMATERA_SELATAN_MUSI_RAWAS_UTARA.txt,5.3,Traditional/cultural engagement,stakeholder_engagement,No,Yes,0.0,1.0,false_positive,1.0,community institutions and/or local community leaders.,"The policy explicitly involves community institutions and/or local community leaders in coordination for social reintegration services, which meets the criterion’s inclusion of community leaders/community figures as participants in implementation of services.",Reference only
SUMATERA SELATAN MUSI RAWAS UTARA,SUMATERA_SELATAN_MUSI_RAWAS_UTARA.txt,6.2,Women victims of trafficking,intersectional_approach,No,Yes,0.0,1.0,false_positive,1.0,"20. Integrated Service Center for Women's Empowerment and Children, hereinafter abbreviated as P2TP2A, is an integrated service center in efforts to empower women in various fields of development, as well as protection of women and children from various types of discrimination and acts of violence, including trafficking in persons, established by the government or community-based.","The policy explicitly includes “trafficking in persons” within the definition/description of the integrated service center (P2TP2A), indicating trafficking cases/victims are within scope.",Reference only
SUMATERA SELATAN OGAN KOMERING ULU,SUMATERA_SELATAN_OGAN_KOMERING_ULU.txt,1.9,Sexual slavery/exploitation,scope_of_violence,No,Yes,0.0,1.0,false_positive,0.9998245316235193,"Rape, sexual harassment, trafficking of women and children, domestic violence, sexual exploitation, violence against domestic workers, pornography, exploitation of migrant workers, and neglect, will apparently continue to be encountered in daily life, both in the domestic (household) and public spheres.","The policy explicitly mentions sexual exploitation in its general discussion of forms of violence, which is sufficient to include sexual exploitation within scope.",Reference only
SUMATERA SELATAN OGAN KOMERING ULU,SUMATERA_SELATAN_OGAN_KOMERING_ULU.txt,2.3,Data collection systems,institutional_mechanism,No,Yes,0.0,1.0,false_positive,0.9999465949513187,"Monitoring and reporting as referred to in Article 8 include monitoring, documentation and reporting of gender-based violence and child cases.","The policy explicitly links monitoring, documentation, and reporting activities to gender-based violence and child cases, which constitutes a mandated function to document and report case information related to violence.",Reference only
SUMATERA SELATAN OGAN KOMERING ULU,SUMATERA_SELATAN_OGAN_KOMERING_ULU_v2.txt,1.5,Economic violence,scope_of_violence,Yes,No,1.0,0.0,false_negative,0.9827938614372169,,"While the text mentions women’s economic empowerment and capital assistance (including for domestic violence victims) and includes general definitions of violence that mention “neglect,” it does not explicitly identify economic violence/economic abuse/economic exploitation or domestic/economic neglect as a form of violence against women, nor does it link economic deprivation to violence against women as required by the coding rules.",Reference only
SUMATERA SELATAN OGAN KOMERING ULU,SUMATERA_SELATAN_OGAN_KOMERING_ULU_v2.txt,1.6,Harmful practices,scope_of_violence,No,Yes,0.0,1.0,false_positive,0.9998626756131501,"prevention of child marriage;
prevent marriage at child age.",The policy explicitly addresses child marriage (a harmful practice) through provisions on prevention of child marriage and an obligation on parents to prevent marriage at child age.,Reference only
SUMATERA SELATAN OGAN KOMERING ULU,SUMATERA_SELATAN_OGAN_KOMERING_ULU_v2.txt,1.9,Sexual slavery/exploitation,scope_of_violence,No,Yes,0.0,1.0,false_positive,0.9999313366279103,"22. Children Who Are Sexually Exploited are Children who are exploited to obtain benefits through sexual organs or other body organs of Children, including but not limited to all prostitution and indecency activities.
locations suspected of being places of sexual exploitation of Children;","The policy explicitly includes “Children Who Are Sexually Exploited” in its definitions and references “places of sexual exploitation of Children,” which constitutes explicit coverage of sexual exploitation within scope.",Reference only
SUMATERA SELATAN OGAN KOMERING ULU,SUMATERA_SELATAN_OGAN_KOMERING_ULU_v2.txt,3.3,Reporting/hotline service,specialised_support_services,Yes,No,1.0,0.0,false_negative,0.9949176623473504,,"The retrieved sentences discuss monitoring/reporting by government and community reporting to competent authorities, but they do not establish or describe a dedicated mechanism/service/channel for receiving complaints or reports of violence from victims or the public (e.g., hotline, complaint desk, intake service).",Reference only
SUMATERA SELATAN OGAN KOMERING ULU,SUMATERA_SELATAN_OGAN_KOMERING_ULU_v2.txt,3.7,Psychosocial counselling,specialised_support_services,No,Yes,0.0,1.0,false_positive,1.0,"Physical and mental health recovery as referred to in Article 55 paragraph (1) shall be provided in the form of:
psychosocial therapy;
counseling;","The policy explicitly lists psychosocial therapy and counseling as forms of physical and mental health recovery, which directly meets the requirement for psychosocial/psychological counselling services.",Reference only
SUMATERA SELATAN OGAN KOMERING ULU,SUMATERA_SELATAN_OGAN_KOMERING_ULU_v2.txt,3.8,Religious/spiritual counselling,specialised_support_services,No,Yes,0.0,1.0,false_positive,0.999732989016709,"1. Counseling on the dangers of terrorism as referred to in Article 89 letter b shall be carried out in the form of:
religious counseling;","The policy explicitly includes religious counseling as a form of counseling provided (in the context of counseling on the dangers of terrorism), which qualifies as religious/spiritual counselling support.",Reference only
SUMATERA SELATAN OGAN KOMERING ULU,SUMATERA_SELATAN_OGAN_KOMERING_ULU_v2.txt,4.4,Prevention through education,primary_prevention,Yes,No,1.0,0.0,false_negative,0.9961432497852767,,"Although the policy mentions “increasing informal education” as part of prevention of violence against women, it does not explicitly identify formal education instruments (schools/education units, curricula, teaching materials) as the prevention mechanism for VAW, and the education-institution references in the excerpts relate to children (e.g., education unit environment for sexual crimes, teaching materials on anti-narcotics) rather than prevention of violence against women. Under the coding rules, broad references to education without explicit formal education instruments/institutions for VAW prevention are insufficient.",Reference only
SUMATERA SELATAN OGAN KOMERING ULU,SUMATERA_SELATAN_OGAN_KOMERING_ULU_v2.txt,5.2,Religious engagement,stakeholder_engagement,No,Yes,0.0,1.0,false_positive,1.0,"Special Protection for Children as referred to in Article 108 shall be carried out by involving the role of parents, the Community, Educational Institutions, and Religious Institutions.","The policy explicitly includes Religious Institutions as actors whose role is involved in carrying out Special Protection for children, which meets the criterion of engaging faith-based actors in implementation.",Reference only
SUMATERA SELATAN OGAN KOMERING ULU,SUMATERA_SELATAN_OGAN_KOMERING_ULU_v2.txt,5.3,Traditional/cultural engagement,stakeholder_engagement,No,Yes,0.0,1.0,false_positive,0.999977111947373,"increasing the role of parents, families, the Community, educators, education personnel, religious leaders, traditional leaders, Community leaders in supporting the Social Reintegration process of Children Who Are Victims of Narcotics, Alcohol, Psychotropic, and Other Addictive Substance Abuse;","The policy explicitly mentions traditional leaders and community leaders as having an increased role in supporting a protection-related process (social reintegration) for child victims of substance abuse, indicating engagement of traditional/community leaders in implementation/support mechanisms.",Reference only
SUMATERA SELATAN OGAN KOMERING ULU,SUMATERA_SELATAN_OGAN_KOMERING_ULU_v2.txt,6.5,People with disability,intersectional_approach,Yes,No,1.0,0.0,false_negative,0.9994507590239725,,"The candidate sentences provide special protection measures for children with disabilities and mention accessibility for children with disabilities, but they do not explicitly identify women with disabilities or people with disabilities (beyond the child-protection context) as beneficiaries of special protection/services. Under the coding rules, child-only disability protections are insufficient.",Reference only
SUMATERA SELATAN OGAN KOMERING ULU SELATAN,SUMATERA_SELATAN_OGAN_KOMERING_ULU_SELATAN.txt,1.6,Harmful practices,scope_of_violence,No,Yes,0.0,1.0,false_positive,0.999732989016709,"preventing marriage at the age of Children.
preventing marriage at the age of Children.","The policy explicitly addresses harmful practices by calling for prevention of “marriage at the age of Children,” which is a form of child/early marriage covered by the coding rules.",Reference only
SUMATERA SELATAN OGAN KOMERING ULU SELATAN,SUMATERA_SELATAN_OGAN_KOMERING_ULU_SELATAN.txt,1.9,Sexual slavery/exploitation,scope_of_violence,No,Yes,0.0,1.0,false_positive,1.0,"obtain protection from economic exploitation and sexual exploitation;
prostitution;","The policy explicitly references “sexual exploitation” (women’s rights provision) and also includes prostitution within the worst forms of work involving children, which is a form of sexual exploitation; these references satisfy the criterion’s requirement for explicit sexual exploitation/slavery content.",Reference only
SUMATERA SELATAN OGAN KOMERING ULU SELATAN,SUMATERA_SELATAN_OGAN_KOMERING_ULU_SELATAN.txt,3.2,Police specialised service unit,specialised_support_services,No,Yes,0.0,1.0,false_positive,1.0,Women and Children Service Unit (UPPA);,"The policy explicitly lists the Women and Children Service Unit (UPPA), which is a recognized specialized unit for handling complaints by victims of violence against women and children, meeting the criterion for a specialized police-based service unit.",Reference only
SUMATERA SELATAN OGAN KOMERING ULU SELATAN,SUMATERA_SELATAN_OGAN_KOMERING_ULU_SELATAN.txt,3.10,Economic support,specialised_support_services,Yes,No,1.0,0.0,false_negative,1.0,,"The cited provisions on skills training, business capital assistance, and women’s economic empowerment are framed as general support for women (e.g., increasing women’s capacity, women with weak economies, pre-prosperous families) and do not explicitly specify that these economic measures are provided to women victims of violence as part of recovery/rehabilitation. While the policy mentions rehabilitation and empowerment of women victims of violence in general terms, the candidate sentences do not connect economic support measures specifically to women victims of violence.",Reference only
SUMATERA SELATAN OGAN KOMERING ULU SELATAN,SUMATERA_SELATAN_OGAN_KOMERING_ULU_SELATAN.txt,4.3,VAW laws awareness,primary_prevention,Yes,No,1.0,0.0,false_negative,0.9997711312602866,,"The candidate sentences mention socialisation to prevent violence against women and the provision of guidelines for handling violence, but they do not specify that any socialisation/education/dissemination is about laws, regulations, or policies related to VAW. References to “laws and regulations” appear in general responsibility/implementation language rather than as a prevention-oriented legal awareness activity.",Reference only
SUMATERA SELATAN OGAN KOMERING ULU SELATAN,SUMATERA_SELATAN_OGAN_KOMERING_ULU_SELATAN.txt,6.1,Women in conflict/disaster areas,intersectional_approach,No,Yes,0.0,1.0,false_positive,0.9718717323401,protecting women from conflict and domestic violence that degrades the dignity of women;,"The policy explicitly mentions protecting women from conflict, which constitutes a special protection focus on women in conflict situations (even if not elaborated as a full emergency/disaster response package).",Reference only
SUMATERA SELATAN PALEMBANG KOTA,SUMATERA_SELATAN_PALEMBANG_KOTA.txt,2.5,Training and capacity building,institutional_mechanism,Yes,No,1.0,0.0,false_negative,1.0,,"The candidate sentences describe service standards and the types/qualifications of counseling personnel (e.g., certified counselors), but do not mandate or provide training, technical guidance, or capacity-building activities for implementing agencies or service providers.",Reference only
SUMATERA SELATAN PALEMBANG KOTA,SUMATERA_SELATAN_PALEMBANG_KOTA.txt,4.3,VAW laws awareness,primary_prevention,Yes,No,1.0,0.0,false_negative,1.0,,"The candidate sentences mention socialisation about preventing violence and providing guidelines for handling violence, but they do not specify dissemination/education/awareness activities about laws, regulations, or policies related to violence against women. References to “laws and regulations” are not framed as an education/awareness activity about VAW laws.",Reference only
SUMATERA SELATAN PALEMBANG KOTA,SUMATERA_SELATAN_PALEMBANG_KOTA.txt,5.4,Education institutions engagement,stakeholder_engagement,Yes,No,1.0,0.0,false_negative,0.9997253606552938,,"The candidate sentences mention education only as a field for equal opportunity or as a right of children, and refer to “intellectuals” without identifying schools, universities, academics, or the education sector as stakeholders/partners in prevention, services, coordination, or capacity building.",Reference only
SUMATERA SELATAN PALEMBANG KOTA,SUMATERA_SELATAN_PALEMBANG_KOTA.txt,7.1,Local government budget,budget_funding_sources,Yes,No,1.0,0.0,false_negative,0.999687219284713,,"The candidate sentences describe City Government obligations and note that the regulation’s scope includes “funding,” but they do not explicitly identify a local government budget (or any specific budget source) as the funding source.",Reference only
SUMATERA SELATAN PALEMBANG KOTA,SUMATERA_SELATAN_PALEMBANG_KOTA.txt,7.2,National government budget,budget_funding_sources,Yes,No,1.0,0.0,false_negative,1.0,,"While the text references various national laws in the legal basis and mentions “funding” as part of the regulation’s scope, none of the candidate sentences explicitly state that funding comes from the national government budget or any national budget allocation.",Reference only
SUMATERA SELATAN PALEMBANG KOTA,SUMATERA_SELATAN_PALEMBANG_KOTA.txt,7.4,Other legal sources,budget_funding_sources,Yes,No,1.0,0.0,false_negative,1.0,,"The candidate sentences list legal bases and describe obligations and services, and they mention “funding” only as a topic within the regulation’s scope, but they do not identify any specific ‘other legal sources’ of funding (e.g., earmarked funds, special funds, fines, levies, or other legally defined non-budget sources).",Reference only
SUMATERA SELATAN PENUKAL ABAB LEMATANG ILIR,SUMATERA_SELATAN_PENUKAL_ABAB_LEMATANG_ILIR.txt,2.3,Data collection systems,institutional_mechanism,No,Yes,0.0,1.0,false_positive,0.9995422887110232,"What is meant by ""complaint, consultation, and counseling services"" includes initial identification or recording of victims; case identification; and consent to take action.","The policy’s elucidation of complaint/consultation/counseling services explicitly includes initial identification or recording of victims and case identification, which is an explicit requirement to record/document information linked to victims/cases of violence.",Reference only
SUMATERA SELATAN PENUKAL ABAB LEMATANG ILIR,SUMATERA_SELATAN_PENUKAL_ABAB_LEMATANG_ILIR.txt,4.2,Gender equality education,primary_prevention,Yes,No,1.0,0.0,false_negative,0.4621171572600097,,"While the text includes a prevention section that mentions “critical education regarding the rights of Women and Children,” it does not explicitly situate education/awareness about gender equality/gender justice or women’s rights as a strategy to prevent violence against women (and the cited education is framed as rights of women and children generally). Other mentions of gender equality appear as principles/definitions rather than prevention education activities, which the coding rules exclude.",Reference only
SUMATERA SELATAN PENUKAL ABAB LEMATANG ILIR,SUMATERA_SELATAN_PENUKAL_ABAB_LEMATANG_ILIR.txt,5.3,Traditional/cultural engagement,stakeholder_engagement,No,Yes,0.0,1.0,false_positive,0.9999313366279103,Social reintegration services are carried out by the Regency Government by coordinating with relevant agencies and institutions both governmental and non-governmental; and village community institutions and/or local community leaders.,"The policy explicitly references coordination with village community institutions and/or local community leaders in delivering social reintegration services, which qualifies as engaging community leaders/mechanisms in service implementation.",Reference only
SUMATERA SELATAN PENUKAL ABAB LEMATANG ILIR,SUMATERA_SELATAN_PENUKAL_ABAB_LEMATANG_ILIR.txt,6.2,Women victims of trafficking,intersectional_approach,No,Yes,0.0,1.0,false_positive,1.0,"(2) The PPT as referred to in paragraph (1) is an integrated part and constitutes one unit with the PPT that provides integrated services for witnesses and/or victims of human trafficking crimes.
19. Integrated Service Center hereinafter abbreviated as PPT, is a unit that organizes integrated services for victims of violence and is integrated with PPT that organizes integrated services for witnesses and/or victims of criminal acts of trafficking in persons.","The policy explicitly references victims of human trafficking crimes within the integrated service center (PPT) structure, indicating trafficking victims are within scope and covered by the service system.",Reference only
SUMATERA SELATAN PRABUMULIH KOTA,SUMATERA_SELATAN_PRABUMULIH_KOTA.txt,1.6,Harmful practices,scope_of_violence,No,Yes,0.0,1.0,false_positive,0.9997711312602866,"strengthens the role of community organizations, religious organizations and the family environment; and prevents early marriage.","The policy explicitly references preventing early marriage, which is a harmful practice under the coding rules and is sufficient for a Yes.",Reference only
SUMATERA SELATAN PRABUMULIH KOTA,SUMATERA_SELATAN_PRABUMULIH_KOTA.txt,1.9,Sexual slavery/exploitation,scope_of_violence,No,Yes,0.0,1.0,false_positive,0.9986195562154352,"all work that utilizes, provides, or offers Children for prostitution, pornography production, pornographic performances, or gambling;","The policy explicitly addresses prostitution (in the context of prohibiting worst forms of work involving children), which constitutes explicit coverage of sexual exploitation under the coding rules.",Reference only
SUMATERA SELATAN PRABUMULIH KOTA,SUMATERA_SELATAN_PRABUMULIH_KOTA.txt,2.3,Data collection systems,institutional_mechanism,Yes,No,1.0,0.0,false_negative,0.999687219284713,,"While the text mentions a “gender and child data system” and that focal points facilitate preparation of women’s empowerment and child protection data, none of the provided sentences explicitly link data collection/recording/monitoring to violence against women, victims of violence, or violence cases as required by the coding rules.",Reference only
SUMATERA SELATAN PRABUMULIH KOTA,SUMATERA_SELATAN_PRABUMULIH_KOTA.txt,6.5,People with disability,intersectional_approach,No,Yes,0.0,1.0,false_positive,0.9253462253117412,disability;,"The policy explicitly identifies “disability” as a criterion for prioritization in the implementation of social welfare, indicating people with disabilities are a target beneficiary group for support/services under the regulation.",Reference only
SUMATERA UTARA BATU BARA,SUMATERA_UTARA_BATU_BARA.txt,3.7,Psychosocial counselling,specialised_support_services,Yes,No,1.0,0.0,false_negative,1.0,,"The candidate sentences refer to recovery of psychological health and to health/social rehabilitation generally, but they do not explicitly mention psychosocial/psychological counselling, therapy, trauma counselling, or psychological service providers as services.",Reference only
SUMATERA UTARA BATU BARA,SUMATERA_UTARA_BATU_BARA.txt,6.2,Women victims of trafficking,intersectional_approach,No,Yes,0.0,1.0,false_positive,1.0,"5. Law Number 21 of 2007 concerning the Eradication of the Criminal Act of Trafficking in Persons (State Gazette of the Republic of Indonesia of 2007 Number 58, Supplement to the State Gazette of the Republic of Indonesia Number 4720);","The policy’s legal foundation explicitly cites a national law on the eradication of trafficking in persons, which (per the coding rules) is sufficient to indicate trafficking cases/victims are within scope.",Reference only
SUMATERA UTARA PADANGSIDIMPUAN KOTA,SUMATERA_UTARA_PADANGSIDIMPUAN_KOTA.txt,1.6,Harmful practices,scope_of_violence,No,Yes,0.0,1.0,false_positive,1.0,prevent marriage at child age;,"The policy explicitly addresses a harmful practice by requiring families to prevent marriage at child age, which is sufficient for inclusion.",Reference only
SUMATERA UTARA PADANGSIDIMPUAN KOTA,SUMATERA_UTARA_PADANGSIDIMPUAN_KOTA.txt,3.4,Safety/protection shelter,specialised_support_services,No,Yes,0.0,1.0,false_positive,0.9998626756131501,"Integrated Service Center for Women and Child Protection hereinafter abbreviated as P2TP2A is an integrated service center in efforts to empower women in various fields of development, as well as protection of women and children from various types of discrimination and acts of violence, including trafficking in persons, established by the regional government or community-based, which includes: referral center, business consultation center, reproductive health consultation center, legal consultation center, integrated crisis center (PKT), integrated service center (PPT), trauma recovery center (trauma center), women crisis center, training center, science and technology information center (PIPTEK), safe house (shelter), transit house, children's friend telephone (TESA) 129, or other forms.","The policy’s description of P2TP2A explicitly includes a safe house (shelter) and transit house among the forms/components of the integrated service center, indicating availability of shelter-based protection for victims of violence.",Reference only
SUMATERA UTARA PADANGSIDIMPUAN KOTA,SUMATERA_UTARA_PADANGSIDIMPUAN_KOTA.txt,4.4,Prevention through education,primary_prevention,No,Yes,0.0,1.0,false_positive,0.9253462253117409,"building networks and collaboration with law enforcement apparatus, government apparatus, as well as educational institutions, health facilities, hospitals, various NGOs concerned with women and children;
1. Prevention of acts of violence against women and children as referred to in Article 16, is carried out by the PPPA Office and related regional apparatus/agencies in the fields of;","The policy explicitly situates prevention of violence against women and children within the field of education and also specifies collaboration with educational institutions as part of prevention efforts, meeting the requirement that education/education institutions are identified as part of the prevention strategy.",Reference only
SUMATERA UTARA PADANGSIDIMPUAN KOTA,SUMATERA_UTARA_PADANGSIDIMPUAN_KOTA.txt,5.8,Private sector engagement,stakeholder_engagement,No,Yes,0.0,1.0,false_positive,0.9999008203303268,"To ensure the fulfillment of children's rights so they can live, grow, develop, and participate optimally in accordance with human dignity and receive protection from violence and discrimination, real integrated efforts are needed among the Regional Government, community and business sector through the development of a Child-Friendly City.
2. Membership of the Child-Friendly City Task Force may come from the Regional Government, child representatives, business sector, religious leaders, community leaders and other parties as needed.
1. Health Services are provided by health workers at health facilities owned by the government, regional government, and the community, including the private sector, by providing treatment and health recovery services for victims.","The policy explicitly includes the business sector as part of integrated efforts (e.g., for Child-Friendly City development) and as potential members of a task force, and it also includes the private sector/community-owned facilities in providing health services for victims, indicating a stakeholder/service role.",Reference only
SUMATERA UTARA PADANGSIDIMPUAN KOTA,SUMATERA_UTARA_PADANGSIDIMPUAN_KOTA.txt,7.3,International donors,budget_funding_sources,No,Yes,0.0,1.0,false_positive,0.6351489523872874,"1. Regional cooperation is joint effort between regions with other regions, between regions with third parties, and/or between regions and institutions or regional governments abroad based on a balance of efficiency and effectiveness of public services and mutual benefit.","The cooperation provision explicitly includes cooperation with institutions or regional governments abroad, which constitutes an international component of support/partnership under the coding rules (even without naming a donor or specifying funding).",Reference only
SUMATERA UTARA PAKPAK BHARAT,SUMATERA_UTARA_PAKPAK_BHARAT.txt,1.9,Sexual slavery/exploitation,scope_of_violence,No,Yes,0.0,1.0,false_positive,1.0,"Sexual violence can also take the form of forced sexual relations committed against persons residing within the scope of the household, forced sexual relations against someone within the scope of their household with another person for commercial purposes and or certain purposes.","The policy’s description of sexual violence explicitly includes forced sexual relations with another person for commercial or certain purposes, which constitutes sexual exploitation within the meaning of the criterion.",Reference only
SUMATERA UTARA PAKPAK BHARAT,SUMATERA_UTARA_PAKPAK_BHARAT.txt,2.3,Data collection systems,institutional_mechanism,Yes,No,1.0,0.0,false_negative,0.997483883843497,,"The candidate sentences mention monitoring, reporting, and building an information system, but they do not explicitly establish or assign responsibility for collecting/recording/managing data specifically on violence cases or victims. The reporting obligation shown concerns reports on SPM implementation rather than a VAW case data system, and community “reporting acts of violence” is not framed as a government data collection/management system.",Reference only
SUMATERA UTARA PAKPAK BHARAT,SUMATERA_UTARA_PAKPAK_BHARAT.txt,2.5,Training and capacity building,institutional_mechanism,Yes,No,1.0,0.0,false_negative,0.9998169029128974,,"While the policy mentions “institutional capacity of personnel” and includes guidance/supervision and general references to education/training access, it does not explicitly mandate training, technical guidance, or capacity-building programs for implementing agencies/service providers responsible for delivering the policy’s protection/services. References to guidance/supervision and personnel capacity are not an explicit training/capacity-building requirement under the coding rules.",Reference only
SUMATERA UTARA PAKPAK BHARAT,SUMATERA_UTARA_PAKPAK_BHARAT.txt,3.10,Economic support,specialised_support_services,Yes,No,1.0,0.0,false_negative,0.9998169029128974,,"The candidate sentences mention opening access to education/training/funding and employment opportunities for women as prevention measures, but they do not explicitly specify that these economic supports are targeted to or available for women victims/survivors of violence (as required by the coding rules).",Reference only
SUMATERA UTARA PAKPAK BHARAT,SUMATERA_UTARA_PAKPAK_BHARAT.txt,6.2,Women victims of trafficking,intersectional_approach,No,Yes,0.0,1.0,false_positive,1.0,"prevent acts of violence against women and children including trafficking in persons;
7. Trafficking in persons is the act of recruitment, transportation, harboring, sending, transfer, or receipt of a person by threat of violence, use of violence, abduction, confinement, forgery, fraud and abuse of power or position of vulnerability, debt bondage or giving payment or benefits, so as to obtain the consent of a person having control over another person, whether conducted within the country or between countries, for the purpose of exploitation or resulting in a person being exploited.
Therefore, the government of Pakpak Bharat Regency is obliged to provide protection to women and children from acts of violence which is an implementation of various laws and regulations, including Law Number 39 of 1999 concerning Human Rights, Law Number 23 of 2002 concerning Child Protection, Law Number 23 of 2004 concerning the Elimination of Domestic Violence, Law Number 21 of 2007 concerning the Eradication of the Crime of Trafficking in Persons.
8. Law Number 21 of 2007 concerning the Eradication of the Criminal Act of Trafficking in Persons (State Gazette of the Republic of Indonesia of 2007 Number 58, Supplement to the State Gazette of the Republic of Indonesia Number 4720);","The policy explicitly includes trafficking in persons within the purpose of protection, defines trafficking in persons, and cites the national anti-trafficking law in its legal foundation/elucidation, indicating trafficking cases/victims are within scope.",Reference only
