fullname,filename,indicator_id,indicator_value,dimension,confidence,answer_logprob,p_yes,pred_label,golden_label,correct,error_type,rationale
JAMBI SAROLANGUN,JAMBI_SAROLANGUN.txt,2.2,Collaboration with NGOs,institutional_mechanism,0.0,-0.6932830810546875,0.5,Yes,Yes,True,match,"The policy explicitly references implementation involving non-governmental institutions and recognizes non-government actors such as legal aid organizations and youth organizations as contributors eligible for awards, indicating their role as partners in implementation-related activities."
JAWA BARAT BEKASI KOTA,JAWA_BARAT_BEKASI_KOTA_v2.txt,6.3,Women workers,intersectional_approach,0.0,-0.6931800842285156,0.5,No,Yes,False,false_negative,"While the policy mentions female workers and requires employers to provide protection related to welfare, safety, and health, the provided passages do not explicitly frame these as protections against violence/exploitation in the workplace as required by the coding rules, and largely read as general employment protections and equal opportunity provisions."
JAWA TIMUR BLITAR,JAWA_TIMUR_BLITAR.txt,4.2,Gender equality education,primary_prevention,0.0,-0.6930389404296875,0.5,Yes,No,False,false_positive,"The policy situates “socialization” as part of prevention efforts and explicitly links it to both violence prevention against women and the fulfillment of women’s rights, which constitutes an awareness-raising/education activity about women’s rights within a violence-prevention strategy."
JAWA TIMUR MAGETAN,JAWA_TIMUR_MAGETAN.txt,5.5,International organisations engagement,stakeholder_engagement,0.0,-0.6931304931640625,0.5,No,No,True,match,"The candidate sentences mention NGOs, donor institutions, and other institutions, but do not explicitly identify international organizations or international support, nor clearly indicate that donors are international; therefore international-organization engagement is not established from the provided text."
JAWA TIMUR JEMBER,JAWA_TIMUR_JEMBER.txt,5.5,International organisations engagement,stakeholder_engagement,0.0,-0.6931724548339844,0.5,No,No,True,match,"The policy states victims may obtain protection from non-governmental institutions at international levels, but it does not describe engagement/collaboration with international organizations or international support mechanisms for service delivery or prevention; it frames this as a victim’s right rather than a stakeholder engagement arrangement."
JAWA TIMUR JOMBANG,JAWA_TIMUR_JOMBANG.txt,3.9,Resocialisation services,specialised_support_services,0.0,-0.6932640075683594,0.5,Yes,Yes,True,match,"The policy states victims have a right to continuous handling up to the rehabilitation stage from institutions, which links rehabilitation-stage support to the victim service provision framework (i.e., services delivered by institutions as part of victim support)."
JAWA TIMUR BLITAR,JAWA_TIMUR_BLITAR.txt,2.5,Training and capacity building,institutional_mechanism,0.0,-0.6931953430175781,0.5,Yes,Yes,True,match,"The policy assigns the Regional Government an obligation to increase the institutional capacity of protection organizers (in the context of victims of violence), which constitutes mandated capacity building for implementing actors rather than merely general guidance or victim livelihood training."
LAMPUNG LAMPUNG TIMUR,LAMPUNG_LAMPUNG_TIMUR.txt,2.4,Gender mainstreaming institutionalisation,institutional_mechanism,0.0,-0.69317626953125,0.5,No,Yes,False,false_negative,"While the text defines gender mainstreaming and mentions strengthening institutional capacity of PUG/PUHA, the provided sentences do not explicitly require gender mainstreaming to be implemented as an institutional mechanism for women’s protection/VAW programming (e.g., integration into planning/budgeting responsibilities specifically as gender mainstreaming, or establishment of a gender mainstreaming working group/focal point). The cited provisions focus on general protection implementation and institutional strengthening without clearly operationalising gender mainstreaming as the mechanism."
SUMATERA BARAT BUKITTINGGI KOTA,SUMATERA_BARAT_BUKITTINGGI_KOTA.txt,3.9,Resocialisation services,specialised_support_services,0.0,-0.6930465698242188,0.5,Yes,Yes,True,match,The policy links rehabilitation for victims of violations of women’s and children’s rights to an identified support mechanism—accompaniment by a psychologist and/or clergyman at government expense—indicating provision of rehabilitation/recovery services within the victim support framework.
SUMATERA SELATAN PENUKAL ABAB LEMATANG ILIR,SUMATERA_SELATAN_PENUKAL_ABAB_LEMATANG_ILIR.txt,3.10,Economic support,specialised_support_services,0.0,-0.6930274963378906,0.5,No,No,True,match,"While the policy defines empowerment conceptually for women victims of violence, the provided candidate sentences do not explicitly specify concrete economic support measures (e.g., skills training, capital assistance, livelihood/employment support) targeted to women victims of violence; the only explicit training/capital provisions shown relate to empowering families/child worker contexts rather than women victims of violence."
NUSA TENGGARA TIMUR SIKKA,NUSA_TENGGARA_TIMUR_SIKKA.txt,6.1,Women in conflict/disaster areas,intersectional_approach,0.0,-0.6932373046875,0.5,No,No,True,match,"The text defines “victim” as a woman and child who experiences violence, including in conflict and post-conflict situations, but it does not identify women/girls in conflict/disaster/emergency/displacement as a group requiring special protection, nor does it establish gender-responsive emergency/disaster/displacement protection measures specifically for women. The only explicit “special protection” provision listed is for children in various situations (including emergency and conflict), which is insufficient under the coding rules."
MALUKU SERAM BAGIAN BARAT,MALUKU_SERAM_BAGIAN_BARAT.txt,1.1,Domestic violence,scope_of_violence,0.12435300177159614,-0.8260231018066406,0.5621765008857981,No,Yes,False,false_negative,"The candidate sentences define and address violence against women and children generally, including violence occurring in the public sphere or private life, but they do not explicitly mention domestic violence, family/household violence, intimate partner violence, or equivalent terms. Under the coding rules, domestic violence cannot be inferred solely from general references to violence against women or private-life violence."
LAMPUNG PESAWARAN,LAMPUNG_PESAWARAN.txt,3.5,Legal assistance,specialised_support_services,0.12435300177159614,-0.8259353637695312,0.43782349911420193,Yes,Yes,True,match,"The policy includes legal consultation services (a form of legal assistance) as part of women’s empowerment in the legal field, indicating availability of legal assistance services."
JAWA BARAT SUMEDANG,JAWA_BARAT_SUMEDANG.txt,5.4,Education institutions engagement,stakeholder_engagement,0.12435300177159614,-0.5759353637695312,0.5621765008857981,Yes,No,False,false_positive,"The policy includes “educators and education personnel” among those provided by the government in implementing special protection services, indicating engagement of the education sector in implementation/capacity for protection-related services."
KALIMANTAN TENGAH LAMANDAU,KALIMANTAN_TENGAH_LAMANDAU.txt,2.3,Data collection systems,institutional_mechanism,0.1243530017715962,-0.8259086608886719,0.5621765008857981,No,Yes,False,false_negative,"The text includes an objective to provide sex-disaggregated data and information, but it does not establish or assign responsibility for collecting/recording/monitoring/managing data specifically on violence, victims, or cases. The reporting requirement shown concerns activity implementation reporting, which the coding rules exclude when it is ordinary administrative reporting without a VAW case-data function."
JAWA TENGAH SEMARANG KOTA,JAWA_TENGAH_SEMARANG_KOTA_v2.txt,4.3,VAW laws awareness,primary_prevention,0.1243530017715962,-0.5759773254394531,0.5621765008857981,Yes,Yes,True,match,"Within the section explicitly describing forms of ""Prevention of Violence Against Women,"" the policy includes ""conducting socialization of laws and regulations."" This is an explicit prevention activity involving dissemination/education about laws/regulations (i.e., legal awareness) situated under VAW prevention."
SULAWESI TENGAH TOLI TOLI,SULAWESI_TENGAH_TOLI_TOLI.txt,1.1,Domestic violence,scope_of_violence,0.1243530017715962,-0.8259811401367188,0.4378234991142019,Yes,Yes,True,match,"The policy covers violence against women occurring in the private sphere and explicitly includes “domestic neglect” as a form of violence, which constitutes violence occurring within the household/private life and therefore addresses domestic violence-related concepts."
KEPULAUAN BANGKA BELITUNG PANGKALPINANG KOTA,KEPULAUAN_BANGKA_BELITUNG_PANGKALPINANG_KOTA.txt,3.9,Resocialisation services,specialised_support_services,0.1243530017715962,-0.5759086608886719,0.4378234991142019,No,Yes,False,false_negative,"While rehabilitation/social reintegration is mentioned (e.g., for former inmates) and victims’ handling up to rehabilitation is referenced, the cited passages do not identify a specific service unit or responsible institution providing rehabilitation/reintegration services for VAW victims as required by the coding rules."
JAWA TIMUR MALANG KOTA,JAWA_TIMUR_MALANG_KOTA.txt,4.4,Prevention through education,primary_prevention,0.1243530017715962,-0.5760498046875,0.4378234991142019,No,Yes,False,false_negative,"Although the policy links prevention to ""increasing the quantity and quality of formal, non-formal and informal education"" and assigns prevention implementation to regional apparatus in the education field, the candidate sentences do not explicitly identify education institutions/programs/curricula or specific educational instruments/content as a prevention mechanism for violence (e.g., school-based initiatives, curricula, teaching materials about VAW). The references are broad improvements/access to education rather than explicit education-as-prevention programming as defined by the coding rules."
BALI TABANAN,BALI_TABANAN.txt,2.5,Training and capacity building,institutional_mechanism,0.1243530017715962,-0.8258476257324219,0.4378234991142019,Yes,No,False,false_positive,"The policy states that the regional government's authority and responsibility includes capacity building of apparatus and other stakeholders, which constitutes an explicit mandate for capacity-building activities aimed at those involved in implementing protection/services under the regulation."
JAWA BARAT BEKASI KOTA,JAWA_BARAT_BEKASI_KOTA.txt,4.4,Prevention through education,primary_prevention,0.1243530017715962,-0.5760116577148438,0.4378234991142019,No,Yes,False,false_negative,"Although the policy lists “increasing the quantity and quality of education both formal and informal” within a prevention article, the candidate sentences do not explicitly identify formal education instruments (e.g., curricula, teaching/learning materials, school-based programs) or education institutions delivering specific prevention education content as the prevention mechanism; the reference is a general education improvement/access measure rather than an explicit education-based prevention strategy as defined by the coding rules."
SULAWESI BARAT PASANGKAYU,SULAWESI_BARAT_PASANGKAYU.txt,2.3,Data collection systems,institutional_mechanism,0.1243530017715962,-0.5759315490722656,0.4378234991142019,No,Yes,False,false_negative,"While the text mentions preparing an “information system” and refers to providing data on the condition of women/children and complaint channels, the candidate sentences do not explicitly link the data/information system to collecting, recording, documenting, monitoring, reporting, managing, or exchanging data specifically on violence against women, victims, or violence cases as required by the coding rules."
SUMATERA BARAT KEPULAUAN MENTAWAI,SUMATERA_BARAT_KEPULAUAN_MENTAWAI.txt,4.1,Information and education about VAW,primary_prevention,0.12435300177159625,-0.5759201049804688,0.4378234991142018,No,Yes,False,false_negative,"The excerpts mention prevention of violence against women and children and include general measures (e.g., creating safe environments) and “socialization on the rights of women and Children,” but they do not describe information/education activities that specifically provide education or information about violence against women, protection from violence, dangers/prohibition of violence, or anti-violence norms. References to socialization/advocacy are framed around women’s/children’s rights and laws/regulations generally, which is explicitly excluded unless tied to VAW content."
SUMATERA SELATAN PENUKAL ABAB LEMATANG ILIR,SUMATERA_SELATAN_PENUKAL_ABAB_LEMATANG_ILIR.txt,6.5,People with disability,intersectional_approach,0.12435300177159625,-0.5759849548339844,0.4378234991142018,No,No,True,match,"The text mentions children with disabilities and includes a general provision on special infrastructure for persons with disabilities in public places, but it does not identify women with disabilities (or people with disabilities generally) as beneficiaries of protection/services in the women-protection framework, nor does it provide disability-specific protection measures for women victims. General non-discrimination references are insufficient under the coding rules."
SUMATERA BARAT PAYAKUMBUH KOTA,SUMATERA_BARAT_PAYAKUMBUH_KOTA.txt,5.4,Education institutions engagement,stakeholder_engagement,0.12435300177159625,-0.8259124755859375,0.5621765008857981,No,No,True,match,"The retrieved sentences reference education as a right and mention protecting children in educational institutions, and include training for educators, but they do not clearly assign schools/universities/education institutions an implementation or partnership role in prevention/services/coordination for violence against women (as required by the coding rules)."
LAMPUNG PESAWARAN,LAMPUNG_PESAWARAN.txt,3.10,Economic support,specialised_support_services,0.12435300177159625,-0.575958251953125,0.5621765008857982,Yes,No,False,false_positive,"The policy explicitly states an objective to empower women victims of violence, which implies provision of empowerment support for this group; however, the retrieved sentences do not explicitly specify economic measures (training, capital, livelihoods) targeted to women victims of violence."
NUSA TENGGARA TIMUR MANGGARAI,NUSA_TENGGARA_TIMUR_MANGGARAI.txt,5.6,Media engagement,stakeholder_engagement,0.12435300177159625,-0.5759162902832031,0.43782349911420193,No,No,True,match,"The policy mentions using radio and newspaper advertisements as channels for socialization, but it does not engage or recognize media as a stakeholder/partner with an assigned role in implementing prevention, protection, or services (i.e., media are used as dissemination tools rather than actors in coordination or delivery)."
SULAWESI TENGGARA BUTON,SULAWESI_TENGGARA_BUTON.txt,4.4,Prevention through education,primary_prevention,0.12435300177159625,-0.575958251953125,0.43782349911420193,No,No,True,match,"Although prevention is assigned to regional apparatus/UPTD in the “education” field and prevention efforts include “critical education,” the retrieved sentences do not explicitly identify formal education instruments or institutions (e.g., schools, curricula, teaching/learning materials, education programs) as the prevention mechanism, as required by the coding rules. The references are broad (sectoral responsibility and general ‘critical education’) rather than explicit school/curriculum/material-based prevention."
SULAWESI TENGAH TOLI TOLI,SULAWESI_TENGAH_TOLI_TOLI.txt,4.2,Gender equality education,primary_prevention,0.12435300177159625,-0.5759391784667969,0.43782349911420193,No,No,True,match,"While the text mentions “socializing the rights of Women and Children,” it does not explicitly frame any education/awareness activity as being about gender equality, equal rights of women and men, non-discrimination against women, or gender-sensitive norms/behaviours as a prevention strategy. The other education/socialization references focus on laws/regulations or dangers of violence rather than gender equality/women’s rights education as defined by the coding rules."
GORONTALO POHUWATO,GORONTALO_POHUWATO.txt,3.3,Reporting/hotline service,specialised_support_services,0.12435300177159625,-0.5758934020996094,0.5621765008857982,Yes,Yes,True,match,"The policy recognises a victim right to complaint handling that is fast and appropriate, which implies an established mechanism/service for receiving and handling complaints related to violence cases (beyond merely stating that the public may report)."
JAWA TENGAH SURAKARTA KOTA,JAWA_TENGAH_SURAKARTA_KOTA.txt,4.3,VAW laws awareness,primary_prevention,0.12435300177159625,-0.5759391784667969,0.43782349911420193,No,Yes,False,false_negative,"The policy mentions prevention through socialization regarding laws and regulations related to the protection of women’s rights, but it does not specify that these laws/regulations are about violence against women (e.g., domestic/sexual violence, trafficking, child marriage) or legal protections specifically related to VAW; therefore it does not meet the requirement for VAW-laws-specific awareness activities."
JAWA TIMUR BOJONEGORO,JAWA_TIMUR_BOJONEGORO.txt,3.9,Resocialisation services,specialised_support_services,0.12435300177159625,-0.8259544372558594,0.5621765008857982,No,Yes,False,false_negative,"Although victims’ rights include continuous handling up to the rehabilitation stage, the candidate sentences do not identify any service unit or mechanism as responsible for providing rehabilitation/reintegration/resocialisation services (P3A’s listed service forms do not include rehabilitation/reintegration)."
LAMPUNG LAMPUNG UTARA,LAMPUNG_LAMPUNG_UTARA.txt,3.2,Police specialised service unit,specialised_support_services,0.1243530017715963,-0.5759506225585938,0.5621765008857982,Yes,No,False,false_positive,"The policy explicitly references a ""special service room"" located in places including Resort Police, indicating a police-based specialised victim service facility (RPK-equivalent) within police offices."
KALIMANTAN TIMUR PASER,KALIMANTAN_TIMUR_PASER.txt,6.3,Women workers,intersectional_approach,0.1243530017715963,-0.5759506225585938,0.4378234991142019,No,Yes,False,false_negative,"While the policy includes protection of women in the workplace, it does not explicitly identify women workers/employees as a specific target group or provide worker-specific protection measures; it frames coverage as protection of women generally across settings."
JAWA TIMUR BANYUWANGI,JAWA_TIMUR_BANYUWANGI.txt,1.5,Economic violence,scope_of_violence,0.24491866240370908,-0.47414398193359375,0.3775406687981454,No,Yes,False,false_negative,"The candidate sentences mention “neglect” and “exploitation” as categories of violence/crime, and mention economic losses/conditions in restitution and recovery, but they do not explicitly identify economic violence/economic abuse/domestic or economic neglect as a form of violence against women, nor describe deprivation of economic resources as violence. The references to “neglect” are not specified as economic/domestic neglect, and the economic references are framed as consequences/compensation rather than a violence type."
JAWA TIMUR PASURUAN,JAWA_TIMUR_PASURUAN.txt,1.6,Harmful practices,scope_of_violence,0.24491866240370908,-0.4741020202636719,0.6224593312018545,Yes,No,False,false_positive,"The text explicitly mentions the killing of children born with female gender (female infanticide), which is a harmful practice covered by the coding rules."
JAWA BARAT BEKASI KOTA,JAWA_BARAT_BEKASI_KOTA_v2.txt,2.3,Data collection systems,institutional_mechanism,0.24491866240370908,-0.4740638732910156,0.3775406687981454,No,Yes,False,false_negative,"While the policy mentions building an information system and compiling a data system for women’s empowerment and protection, the provided sentences do not explicitly link these data/information functions to violence against women cases, victims, or VAW case management. The UPTD PPA function to “collect, compile and present reports on the protection of women” is also not explicitly tied to violence cases/victims in the cited sentence, so it does not meet the coding rule’s explicit-link requirement."
MALUKU UTARA HALMAHERA TIMUR,MALUKU_UTARA_HALMAHERA_TIMUR.txt,6.11,Domestic workers,intersectional_approach,0.24491866240370908,-0.47409820556640625,0.3775406687981454,No,No,True,match,"Domestic workers are mentioned only in the context of child workers in the informal sector, not as domestic workers generally (or women domestic workers) receiving special protection measures."
KALIMANTAN SELATAN TABALONG,KALIMANTAN_SELATAN_TABALONG.txt,2.3,Data collection systems,institutional_mechanism,0.24491866240370908,-0.47409820556640625,0.6224593312018545,Yes,No,False,false_positive,"The policy explicitly includes “case recording” as part of the handling flow at P2TP2A, directly linking recording/documentation to cases involving women and children victims of violence handled through the protection service mechanism."
KALIMANTAN TENGAH SUKAMARA,KALIMANTAN_TENGAH_SUKAMARA.txt,4.2,Gender equality education,primary_prevention,0.24491866240370913,-0.4740104675292969,0.37754066879814546,No,No,True,match,"While the text includes counseling on improving gender equality and mentions increasing awareness of women’s rights, the retrieved sentences do not explicitly situate these gender equality/women’s rights education activities as a strategy to prevent violence against women (the prevention-linked socialization cited is about preventing VAW itself, which is excluded for this indicator)."
SUMATERA BARAT DHARMASRAYA,SUMATERA_BARAT_DHARMASRAYA.txt,5.4,Education institutions engagement,stakeholder_engagement,0.24491866240370913,-0.4740867614746094,0.6224593312018546,Yes,No,False,false_positive,"The policy includes educators as a target group for training aimed at preventing violence against women and children, which constitutes engagement of the education sector in capacity building for prevention (beyond merely stating education as a right)."
SULAWESI TENGGARA BUTON SELATAN,SULAWESI_TENGGARA_BUTON_SELATAN.txt,4.3,VAW laws awareness,primary_prevention,0.24491866240370913,-0.4740104675292969,0.6224593312018546,Yes,No,False,false_positive,"The policy explicitly includes dissemination of information about laws and regulations related to acts of violence against women and children, and this appears within the community participation provisions connected to prevention/handling, satisfying the requirement for prevention-oriented legal awareness activities about VAW-related laws/regulations."
SULAWESI SELATAN TANA TORAJA,SULAWESI_SELATAN_TANA_TORAJA.txt,3.8,Religious/spiritual counselling,specialised_support_services,0.24491866240370913,-0.4740715026855469,0.37754066879814546,No,No,True,match,"The cited text provides religious guidance/mentoring for children’s religious practice, but it does not describe religious/spiritual counselling or faith-based psychosocial support as a service available to victims of violence (the indicator’s target group)."
SULAWESI UTARA BITUNG KOTA,SULAWESI_UTARA_BITUNG_KOTA.txt,3.9,Resocialisation services,specialised_support_services,0.24491866240370913,-0.4740943908691406,0.37754066879814546,No,Yes,False,false_negative,"While the text mentions social rehabilitation and social reintegration services, the provided sentences do not identify a specific service unit or responsible institution assigned to deliver these resocialisation/reintegration services (they are stated as forms of rehabilitation without linking them to a unit such as PPT)."
SULAWESI SELATAN TANA TORAJA,SULAWESI_SELATAN_TANA_TORAJA.txt,1.5,Economic violence,scope_of_violence,0.24491866240370913,-0.4740333557128906,0.37754066879814546,No,Yes,False,false_negative,"The candidate sentences mention neglect and economic empowerment/activities, but they do not explicitly identify economic violence/abuse or economic suffering as a form of violence against women, nor do they define violence against women to include economic harm. References to ""neglect"" appear in a general violence definition and child protection context without being specified as economic/domestic neglect against women."
KALIMANTAN BARAT SINGKAWANG KOTA,KALIMANTAN_BARAT_SINGKAWANG_KOTA.txt,2.5,Training and capacity building,institutional_mechanism,0.24491866240370913,-0.4741630554199219,0.37754066879814546,No,Yes,False,false_negative,"Although the policy mentions that guidance may take the form of “technical guidance and training,” it is framed as the Mayor’s authority rather than an explicit mandate/duty to conduct training for implementing personnel, which the coding rules require. Other capacity-related references are either general (e.g., increasing service capacity) or relate to community/victim empowerment rather than mandated training for implementers."
KALIMANTAN SELATAN KOTABARU,KALIMANTAN_SELATAN_KOTABARU.txt,4.1,Information and education about VAW,primary_prevention,0.24491866240370913,-0.47412109375,0.6224593312018546,Yes,Yes,True,match,"The policy lists prevention measures that include counseling/socialization aimed at raising community awareness (down to families/parents) specifically to protect women and children, which constitutes an information/awareness activity linked to preventing violence against women and children."
KEPULAUAN BANGKA BELITUNG BANGKA SELATAN,KEPULAUAN_BANGKA_BELITUNG_BANGKA_SELATAN.txt,5.4,Education institutions engagement,stakeholder_engagement,0.24491866240370913,-0.47415924072265625,0.6224593312018546,Yes,Yes,True,match,"The policy includes 'education' as one of the elements that P2TP2A shall consist of, which implies the education sector is part of the integrated implementation structure for prevention/protection services."
JAWA BARAT INDRAMAYU,JAWA_BARAT_INDRAMAYU.txt,2.5,Training and capacity building,institutional_mechanism,0.24491866240370913,-0.47405242919921875,0.6224593312018546,Yes,Yes,True,match,"The policy explicitly includes training of P2TP2A members related to implementing their duties in preventing violence against women and children, which is training for implementing personnel responsible for delivering the policy."
JAWA BARAT MAJALENGKA,JAWA_BARAT_MAJALENGKA.txt,2.6,Monitoring and evaluation,institutional_mechanism,0.24491866240370913,-0.9741630554199219,0.37754066879814546,Yes,Yes,True,match,"The policy assigns the Regional Government responsibility to foster and supervise implementation of protection and empowerment for women and children, which constitutes an explicit monitoring/oversight function over implementation (and thus monitoring of service delivery/implementation)."
JAWA TENGAH BOYOLALI,JAWA_TENGAH_BOYOLALI.txt,2.5,Training and capacity building,institutional_mechanism,0.24491866240370913,-0.4740715026855469,0.6224593312018546,Yes,Yes,True,match,"The policy includes an implementation-support measure to facilitate capacity building of institutions organizing women's protection and empowerment, which constitutes institutional capacity building for implementing bodies rather than beneficiary-focused training."
JAWA BARAT KARAWANG,JAWA_BARAT_KARAWANG.txt,3.9,Resocialisation services,specialised_support_services,0.24491866240370913,-0.4741630554199219,0.6224593312018546,Yes,Yes,True,match,"The policy explicitly lists “social reintegration” as part of the services provided for empowerment and protection of women, which constitutes reintegration/resocialisation support within victim services."
MALUKU SERAM BAGIAN BARAT,MALUKU_SERAM_BAGIAN_BARAT.txt,4.4,Prevention through education,primary_prevention,0.2449186624037092,-0.4741172790527344,0.3775406687981454,No,Yes,False,false_negative,"Although the policy mentions increasing the quantity and quality of education in the context of broader prevention efforts, it does not explicitly identify education institutions, curricula, school-based programs, or specific education instruments as a prevention mechanism for violence; the references are general improvements/access to education rather than education-as-prevention as defined by the coding rules."
NUSA TENGGARA BARAT LOMBOK TENGAH,NUSA_TENGGARA_BARAT_LOMBOK_TENGAH.txt,1.1,Domestic violence,scope_of_violence,0.2449186624037092,-0.47400665283203125,0.6224593312018546,Yes,Yes,True,match,"The policy’s definition of violence against women explicitly states it can occur in “public or private life,” which is an explicit inclusion of violence in the private/personal sphere (a key equivalent framing for domestic violence under the coding rules)."
KEPULAUAN BANGKA BELITUNG BANGKA SELATAN,KEPULAUAN_BANGKA_BELITUNG_BANGKA_SELATAN.txt,2.5,Training and capacity building,institutional_mechanism,0.2449186624037092,-0.4741172790527344,0.3775406687981454,No,No,True,match,"The text refers to “guidance” for social community organizations, including “skills guidance” and “operational technical guidance,” but it does not explicitly mandate training/capacity-building for government officials, implementing agencies, or service providers responsible for implementing the policy. The references are framed as guidance/supervision rather than explicit training or professional development requirements for implementers, so the criterion is not met under the coding rules."
JAWA TENGAH KEBUMEN,JAWA_TENGAH_KEBUMEN.txt,3.10,Economic support,specialised_support_services,0.2449186624037092,-0.4740409851074219,0.3775406687981454,No,Yes,False,false_negative,"The candidate sentences mention identifying economic empowerment needs for victims and skills training for economic improvement for vulnerable women, but they do not explicitly state that economic empowerment/support (training, financial resources, livelihoods) is provided to women victims of violence; the skills training reference is framed for vulnerable women generally rather than victims specifically."
DI YOGYAKARTA SLEMAN,DI_YOGYAKARTA_SLEMAN.txt,5.6,Media engagement,stakeholder_engagement,0.2449186624037092,-0.4741172790527344,0.6224593312018546,Yes,No,False,false_positive,"The policy defines “socialization” (dissemination of information on laws and regulations) as being carried out through mass media and electronic media, assigning media a role in awareness/information dissemination as part of prevention-related activities."
KALIMANTAN TENGAH LAMANDAU,KALIMANTAN_TENGAH_LAMANDAU.txt,5.1,NGO collaboration,stakeholder_engagement,0.2449186624037092,-0.4741172790527344,0.6224593312018546,Yes,Yes,True,match,"The policy’s definition of protection explicitly includes provision of security to victims by “social institutions or other community institutions” alongside government and other actors, and it defines “community” to include “social organizations and or other community organizations,” which reasonably encompasses civil society/NGO actors involved in protection/services related to violence against women and children."
JAWA TIMUR BLITAR KOTA,JAWA_TIMUR_BLITAR_KOTA.txt,4.2,Gender equality education,primary_prevention,0.2449186624037092,-0.4741172790527344,0.6224593312018546,Yes,Yes,True,match,"The policy includes an educational/socialisation activity focused on women’s (and children’s) rights. Although the coding rules require such activities to be explicitly situated as a strategy to prevent violence against women, the cited sentence is presented as a form of community participation within a regulation whose purpose is protection from violence; however, the prevention linkage is not stated in the same sentence, making this a somewhat generous but still plausible reading."
LAMPUNG PESISIR BARAT,LAMPUNG_PESISIR_BARAT.txt,2.6,Monitoring and evaluation,institutional_mechanism,0.35835739835078584,-0.3868370056152344,0.320821300824607,No,Yes,False,false_negative,"The candidate sentences do not establish monitoring and evaluation of policy implementation or service delivery. While they mention “fostering and supervising” and “monitoring” in the context of assistants monitoring victims’ interests during legal processes, they do not describe M&E of the policy’s implementation or service delivery systems."
JAWA TENGAH SALATIGA KOTA,JAWA_TENGAH_SALATIGA_KOTA.txt,5.4,Education institutions engagement,stakeholder_engagement,0.3583573983507859,-0.3868141174316406,0.3208213008246071,No,No,True,match,"The only education-related reference is that human resources “may come from… academics,” which does not explicitly involve education institutions (schools/universities) or the education sector as stakeholders/partners in prevention, services, coordination, or capacity building. No role is assigned to schools/universities/education institutions in implementation."
KALIMANTAN SELATAN HULU SUNGAI UTARA,KALIMANTAN_SELATAN_HULU_SUNGAI_UTARA.txt,3.8,Religious/spiritual counselling,specialised_support_services,0.35835739835078595,-0.38690185546875,0.679178699175393,Yes,Yes,True,match,"The policy indicates the integrated service center is networked with religious leaders and also assigns implementation of services to an SKPD field that includes “mental and spiritual,” which under the coding rules is interpreted as including spiritual support/counselling as part of victim services."
JAWA TIMUR SAMPANG,JAWA_TIMUR_SAMPANG.txt,2.5,Training and capacity building,institutional_mechanism,0.35835739835078595,-0.38687896728515625,0.679178699175393,Yes,Yes,True,match,"The policy requires capacity strengthening of women and child protection institutions (including complaint service units for violence against women and children) and improving the quality of human resources of managers, which are explicit capacity-building measures aimed at implementing institutions/personnel rather than beneficiary empowerment training."
KALIMANTAN BARAT KUBU RAYA,KALIMANTAN_BARAT_KUBU_RAYA.txt,1.1,Domestic violence,scope_of_violence,0.35835739835078595,-0.3868980407714844,0.320821300824607,No,Yes,False,false_negative,"The candidate sentences define violence and violence against women as occurring in public or private life and define household/family, but they do not explicitly mention domestic/household/family/intimate partner violence as a form or category of violence covered. References to mediating household disputes are not the same as explicitly including domestic violence within the scope of violence."
LAMPUNG TANGGAMUS,LAMPUNG_TANGGAMUS.txt,3.9,Resocialisation services,specialised_support_services,0.35835739835078595,-0.38687896728515625,0.679178699175393,Yes,Yes,True,match,"The policy recognises social rehabilitation and social reintegration for victims and assigns a related reintegration-type function (victim repatriation) to UPTD PPA, linking reintegration-related support to a service unit/mechanism."
NUSA TENGGARA BARAT LOMBOK TENGAH,NUSA_TENGGARA_BARAT_LOMBOK_TENGAH.txt,6.10,Refugee/forced displacement,intersectional_approach,0.35835739835078595,-0.38690185546875,0.679178699175393,Yes,No,False,false_positive,"The policy explicitly includes refugees within “Children in emergency situations” by listing “Children who become refugees,” which constitutes special protection targeting refugees/forced displacement (even though framed for children)."
SULAWESI TENGAH PARIGI MOUTONG,SULAWESI_TENGAH_PARIGI_MOUTONG.txt,4.2,Gender equality education,primary_prevention,0.35835739835078595,-0.3867950439453125,0.320821300824607,No,No,True,match,"While the policy mentions socializing the rights of women and children, the retrieved sentences do not explicitly situate education/awareness about gender equality, non-discrimination, or women’s rights as a strategy to prevent violence against women; the prevention-related education described focuses on laws/regulations or dangers of violence rather than gender equality/women’s rights education as defined in the coding rules."
JAWA TENGAH WONOSOBO,JAWA_TENGAH_WONOSOBO.txt,1.6,Harmful practices,scope_of_violence,0.35835739835078595,-0.3868980407714844,0.679178699175393,Yes,No,False,false_positive,"The policy cites the national Marriage Law in its legal foundation; under the coding rules, citing relevant legal frameworks addressing harmful practices (e.g., child/early marriage laws) is sufficient to code inclusion."
DI YOGYAKARTA BANTUL,DI_YOGYAKARTA_BANTUL_v2.txt,3.9,Resocialisation services,specialised_support_services,0.35835739835078595,-0.38690185546875,0.679178699175393,Yes,Yes,True,match,"The policy defines SOPs for victim protection that explicitly include social rehabilitation and social reintegration steps, indicating that rehabilitation/reintegration services are part of the victim support mechanism (even if not tied to a standalone unit in the cited text)."
JAWA TENGAH SEMARANG,JAWA_TENGAH_SEMARANG.txt,3.9,Resocialisation services,specialised_support_services,0.35835739835078595,-0.38690948486328125,0.679178699175393,Yes,Yes,True,match,"The policy explicitly includes rehabilitation and social reintegration within the protection package for women victims of violence, satisfying the requirement that resocialisation/rehabilitation-reintegration services are part of victim support services."
SULAWESI TENGAH SIGI,SULAWESI_TENGAH_SIGI.txt,2.3,Data collection systems,institutional_mechanism,0.35835739835078595,-0.3867950439453125,0.679178699175393,Yes,No,False,false_positive,"The policy explicitly includes “exchange of data and information” as part of cooperation to achieve protection objectives related to violence against women and children, which constitutes an explicit data/information function linked to violence cases/victims (even if not a full standalone data system)."
SULAWESI SELATAN ENREKANG,SULAWESI_SELATAN_ENREKANG.txt,6.3,Women workers,intersectional_approach,0.35835739835078595,-0.3869056701660156,0.320821300824607,No,No,True,match,"Although the policy mentions “Protection for women workers” and lists workplace-related supports (breastfeeding space and child care facilities), the coding rules exclude provisions that only provide general employment-related rights/benefits without specifying protection measures against violence or exploitation for women workers as a target group. The cited text does not provide violence/exploitation protection specifically for women workers in the workplace."
JAWA BARAT KARAWANG,JAWA_BARAT_KARAWANG.txt,4.1,Information and education about VAW,primary_prevention,0.358357398350786,-0.3868827819824219,0.679178699175393,Yes,No,False,false_positive,"The policy frames eliminating violence against women as an objective of empowerment/protection policies and explicitly lists socialization, public communication, information dissemination, and education as forms of cooperation/activities within those efforts, which constitutes preventive information/education activities about violence against women/anti-violence norms."
KALIMANTAN TENGAH BARITO TIMUR,KALIMANTAN_TENGAH_BARITO_TIMUR.txt,4.1,Information and education about VAW,primary_prevention,0.358357398350786,-0.3869514465332031,0.679178699175393,Yes,Yes,True,match,"The policy lists prevention measures that include dissemination of information on protection of women (and children) and counseling/socialization in the form of public awareness aimed at families/parents to protect women and children, explicitly situated under forms of prevention of acts of violence."
JAWA BARAT GARUT,JAWA_BARAT_GARUT.txt,2.3,Data collection systems,institutional_mechanism,0.358357398350786,-0.38692474365234375,0.32082130082460697,No,No,True,match,"While the policy mentions cooperation that can include exchange of data and information, the candidate sentences do not explicitly link this data/information exchange to collecting, recording, documenting, managing, or maintaining data on violence cases/victims, nor do they establish or assign responsibility for a VAW case data system. Reporting provisions shown are general implementation reports (administration/finance/services/performance) rather than explicit VAW case data collection/management."
JAWA BARAT KARAWANG,JAWA_BARAT_KARAWANG.txt,1.5,Economic violence,scope_of_violence,0.358357398350786,-0.3868827819824219,0.32082130082460697,No,No,True,match,"The candidate sentences do not mention economic violence/abuse, financial deprivation, neglect, or economic exploitation as a form of violence. References to employment rights and empowerment are not framed as violence/abuse, and the legal-basis citation shown is to domestic violence law without any explicit economic-violence content in the provided sentences."
JAWA BARAT BANDUNG BARAT,JAWA_BARAT_BANDUNG_BARAT.txt,4.4,Prevention through education,primary_prevention,0.358357398350786,-0.3868598937988281,0.32082130082460697,No,Yes,False,false_negative,"Although the policy links prevention to “increasing the quantity and quality of education” and mentions cooperation with universities, it does not explicitly identify education institutions, curricula, school-based programs, teaching/learning materials, or other formal education instruments as the prevention mechanism for violence, as required by the coding rules; the references remain broad improvements/access rather than explicit education-instrument-based prevention."
KALIMANTAN TIMUR KUTAI TIMUR,KALIMANTAN_TIMUR_KUTAI_TIMUR.txt,2.2,Collaboration with NGOs,institutional_mechanism,0.358357398350786,-0.38692474365234375,0.679178699175393,Yes,Yes,True,match,"The policy explicitly includes non-governmental organizations as part of community participation and allows the Regional Government to utilize safe houses owned by the community or other social service institutions for service implementation, indicating cooperation with non-government service providers."
JAWA TENGAH KARANGANYAR,JAWA_TENGAH_KARANGANYAR_v2.txt,3.9,Resocialisation services,specialised_support_services,0.358357398350786,-0.3868598937988281,0.679178699175393,Yes,Yes,True,match,"The policy links victim support to “integrated services” with “continuous handling up to the rehabilitation stage,” indicating rehabilitation/resocialisation is part of the victim service mechanism (integrated services), satisfying the criterion without requiring a standalone unit."
JAWA TENGAH BOYOLALI,JAWA_TENGAH_BOYOLALI.txt,4.4,Prevention through education,primary_prevention,0.358357398350786,-0.3869438171386719,0.679178699175393,Yes,No,False,false_positive,"The policy explicitly references the provision of communication, information, and education media regarding the prevention of violence against women, including in educational institutions, which constitutes an education-related instrument used as a prevention mechanism for violence against women."
NUSA TENGGARA BARAT DOMPU,NUSA_TENGGARA_BARAT_DOMPU.txt,4.2,Gender equality education,primary_prevention,0.358357398350786,-0.3869438171386719,0.679178699175393,Yes,Yes,True,match,"The policy situates prevention efforts for violence against women and children and includes “critical education on the rights of women and children as victims of violence” as part of those prevention efforts, which is an educational activity about women’s/victims’ rights explicitly framed as violence-prevention."
SULAWESI TENGGARA MUNA BARAT,SULAWESI_TENGGARA_MUNA_BARAT.txt,4.1,Information and education about VAW,primary_prevention,0.358357398350786,-0.38692474365234375,0.32082130082460697,No,No,True,match,"The candidate sentences mention prevention generally and include community “socialization” and dissemination of books/leaflets/brochures about “women's protection policies” and “women's protection, and other related issues,” but they do not explicitly describe education/awareness activities specifically about violence against women, gender-based violence, anti-violence norms, or protection from violence as a preventive measure. Other cited provisions define/prohibit forms of violence, but do not frame any information/education activity about VAW as prevention."
SUMATERA SELATAN PENUKAL ABAB LEMATANG ILIR,SUMATERA_SELATAN_PENUKAL_ABAB_LEMATANG_ILIR.txt,6.11,Domestic workers,intersectional_approach,0.358357398350786,-0.3869438171386719,0.32082130082460697,No,No,True,match,"Domestic workers are mentioned only as a category of child workers in the informal sector, not as domestic workers generally (including adult women). Therefore, the policy does not provide special protection measures targeted at domestic workers as such based on the provided sentences."
NUSA TENGGARA BARAT LOMBOK UTARA,NUSA_TENGGARA_BARAT_LOMBOK_UTARA.txt,3.10,Economic support,specialised_support_services,0.358357398350786,-0.3868598937988281,0.32082130082460697,No,Yes,False,false_negative,"While the policy mentions developing economic enterprises for adult women within rehabilitation/reintegration/empowerment, the provided sentences do not explicitly specify that this economic support is for women victims of violence (as opposed to adult women generally). Under the coding rules, economic empowerment must be explicitly linked to women victims of violence."
NUSA TENGGARA BARAT LOMBOK TENGAH,NUSA_TENGGARA_BARAT_LOMBOK_TENGAH.txt,4.4,Prevention through education,primary_prevention,0.358357398350786,-0.3869438171386719,0.32082130082460697,No,Yes,False,false_negative,"The retrieved text includes school-related and education-related measures, but these are explicitly tied to child protection/violence against children (e.g., school education for child protection, strengthening child-friendly school systems). The coding rules exclude education measures that only target children as a strategy to prevent violence against children, and the candidate sentences do not explicitly identify education institutions/curricula as a prevention mechanism for violence against women (or for women and children together beyond child-only measures)."
SUMATERA SELATAN OGAN KOMERING ULU,SUMATERA_SELATAN_OGAN_KOMERING_ULU_v2.txt,7.3,International donors,budget_funding_sources,0.358357398350786,-0.38692474365234375,0.32082130082460697,No,No,True,match,"While the text mentions establishing bilateral and multilateral cooperation “both national and international,” it is in the context of child trafficking prevention and does not specify any international funding, donor support, international organizations, or international assistance for women’s protection/VAW measures as required by the criterion."
SULAWESI BARAT MAMUJU,SULAWESI_BARAT_MAMUJU.txt,6.7,Women from minority groups,intersectional_approach,0.4621171572600097,-0.31316375732421875,0.2689414213699951,No,No,True,match,"The candidate sentences list several vulnerable groups (including “women in situations of intolerance”) but do not explicitly identify women from minority/isolated/indigenous/ethnic/religious minority groups as beneficiaries of protection or services, as required by the coding rules."
SUMATERA SELATAN PENUKAL ABAB LEMATANG ILIR,SUMATERA_SELATAN_PENUKAL_ABAB_LEMATANG_ILIR.txt,4.2,Gender equality education,primary_prevention,0.4621171572600097,-0.31314849853515625,0.2689414213699951,No,Yes,False,false_negative,"While the text includes a prevention section that mentions “critical education regarding the rights of Women and Children,” it does not explicitly situate education/awareness about gender equality/gender justice or women’s rights as a strategy to prevent violence against women (and the cited education is framed as rights of women and children generally). Other mentions of gender equality appear as principles/definitions rather than prevention education activities, which the coding rules exclude."
GORONTALO GORONTALO UTARA,GORONTALO_GORONTALO_UTARA.txt,4.4,Prevention through education,primary_prevention,0.4621171572600097,-0.31316375732421875,0.7310585786300048,Yes,Yes,True,match,"The policy explicitly includes “providing education on the dangers of domestic violence” as a prevention action, and it also explicitly identifies educational institutions among the actors that must implement prevention. This meets the requirement that education and involvement of education institutions are explicitly presented as part of a prevention strategy for violence."
KALIMANTAN BARAT SAMBAS,KALIMANTAN_BARAT_SAMBAS.txt,4.2,Gender equality education,primary_prevention,0.4621171572600097,-0.3132057189941406,0.7310585786300048,Yes,No,False,false_positive,"Within the prevention framework, the policy includes “critical education” for women victims of violence, and specifies that its forms include training on “gender equality and justice.” Because this training is described as part of prevention efforts to avoid repeated violence, it meets the criterion of gender equality education explicitly situated as a violence-prevention measure."
JAWA TENGAH PEKALONGAN KOTA,JAWA_TENGAH_PEKALONGAN_KOTA.txt,3.9,Resocialisation services,specialised_support_services,0.4621171572600097,-0.3133277893066406,0.7310585786300048,Yes,Yes,True,match,"The policy’s definition of “Implementation of Protection” explicitly includes providing recovery and social reintegration services, and frames this as part of the implementation carried out by relevant SKPD—linking reintegration/recovery services to an institutional service mechanism rather than only a general concept."
JAWA BARAT PANGANDARAN,JAWA_BARAT_PANGANDARAN.txt,2.5,Training and capacity building,institutional_mechanism,0.4621171572600097,-0.3132057189941406,0.7310585786300048,Yes,Yes,True,match,"The policy includes “training” as a form of implementing protection policies/programs and also calls for strengthening the capacity of gender institutions as part of implementation efforts, which together constitute training/capacity-building measures aimed at implementation mechanisms rather than beneficiary livelihood training."
SUMATERA SELATAN PALEMBANG KOTA,SUMATERA_SELATAN_PALEMBANG_KOTA.txt,6.8,Women in legal process,intersectional_approach,0.46211715726000974,-0.3132972717285156,0.26894142136999516,No,No,True,match,"The only legal-process-related definition concerns “Protection of Women and Children in Conflict with the Law” as protection for victims or witnesses from threats during investigation/prosecution/trial, which aligns with victim/witness protection rather than protections for women as suspects/defendants/perpetrators. No cited sentence explicitly covers women in conflict with the law as suspects/defendants/perpetrators."
KALIMANTAN TENGAH KOTAWARINGIN TIMUR,KALIMANTAN_TENGAH_KOTAWARINGIN_TIMUR.txt,4.4,Prevention through education,primary_prevention,0.46211715726000974,-0.3131866455078125,0.26894142136999516,No,No,True,match,"Although the policy includes broad “critical education” as part of prevention and mentions that educational institutions can participate in prevention efforts, the retrieved sentences do not explicitly identify formal education instruments (e.g., school-based programs, curricula, teaching/learning materials, or education-sector initiatives) as a prevention mechanism for violence against women/children. The mention of educational institutions participating via “educational punishment” is not clearly an education strategy (curriculum/program/materials) for preventing violence, and thus does not meet the criterion’s stricter requirements."
NUSA TENGGARA BARAT LOMBOK TENGAH,NUSA_TENGGARA_BARAT_LOMBOK_TENGAH_v2.txt,4.4,Prevention through education,primary_prevention,0.46211715726000974,-0.3133583068847656,0.26894142136999516,No,No,True,match,"While the text mentions schools and “school education” in relation to child protection and includes general education/socialization activities, the coding rules exclude education measures that only target children to prevent violence against children. The retrieved sentences do not explicitly identify formal education instruments (curricula/materials/school-based programs) as a prevention mechanism for violence against women, nor do they link education institutions to preventing VAW specifically."
KALIMANTAN UTARA NUNUKAN,KALIMANTAN_UTARA_NUNUKAN.txt,4.2,Gender equality education,primary_prevention,0.46211715726000974,-0.31325531005859375,0.7310585786300049,Yes,Yes,True,match,"Within the policy’s listed prevention efforts for preventing violence against women and children, it includes “critical education” to the community regarding the rights of women and children. This is an educational activity about women’s rights explicitly situated as a prevention measure, which meets the criterion’s requirement for gender equality/women’s rights education as primary prevention."
JAWA TENGAH WONOSOBO,JAWA_TENGAH_WONOSOBO.txt,6.1,Women in conflict/disaster areas,intersectional_approach,0.4621171572600098,-0.3133811950683594,0.7310585786300049,Yes,Yes,True,match,"The policy explicitly includes women (along with children) who are ""victims of social conflict"" as a prioritized group for social protection, which constitutes a special protection focus for women affected by conflict situations."
SUMATERA BARAT SOLOK KOTA,SUMATERA_BARAT_SOLOK_KOTA.txt,4.3,VAW laws awareness,primary_prevention,0.4621171572600098,-0.3133811950683594,0.7310585786300049,Yes,Yes,True,match,"The policy includes an explicit socialization and education activity focused on laws and regulations related to the protection of women and children. Given that this appears within the community participation provisions that include prevention-related actions (and the broader document context is protection from violence), this meets the requirement for prevention-oriented legal awareness activity about protections relevant to VAW."
JAWA TENGAH BANYUMAS,JAWA_TENGAH_BANYUMAS.txt,2.5,Training and capacity building,institutional_mechanism,0.4621171572600098,-0.3131599426269531,0.7310585786300049,Yes,Yes,True,match,"The policy states that the Regional Government has the authority to “increase the capacity of service provider institutions,” which is an explicit capacity-building measure directed at service providers involved in implementing protection services under the regulation."
DI YOGYAKARTA BANTUL,DI_YOGYAKARTA_BANTUL_v2.txt,3.10,Economic support,specialised_support_services,0.4621171572600098,-0.3133430480957031,0.7310585786300049,Yes,Yes,True,match,"The policy establishes FPKK with membership roles that explicitly include an economic role, indicating that economic support/empowerment functions are part of the violence-case handling framework (covering victims of violence, including women)."
KALIMANTAN BARAT SAMBAS,KALIMANTAN_BARAT_SAMBAS.txt,4.1,Information and education about VAW,primary_prevention,0.4621171572600098,-0.3132286071777344,0.7310585786300049,Yes,Yes,True,match,"The policy frames prevention of violence against women and children as including educational measures, specifically “critical education” related to rights in the context of violence and with the stated purpose of avoiding repeated victimization. These are information/education activities explicitly situated under the prevention chapter and linked to protection from acts of violence."
JAWA TIMUR BLITAR,JAWA_TIMUR_BLITAR.txt,6.1,Women in conflict/disaster areas,intersectional_approach,0.4621171572600098,-0.3132286071777344,0.2689414213699951,No,No,True,match,"The text mentions “children in emergency situations” but does not identify women or girls in conflict/disaster/emergency/displacement situations as a specific group needing special protection, nor does it provide gender-responsive emergency/disaster measures targeted to women or girls in those contexts."
JAWA BARAT CIREBON KOTA,JAWA_BARAT_CIREBON_KOTA.txt,1.3,Physical violence,scope_of_violence,0.4621171572600098,-0.3133811950683594,0.2689414213699951,No,Yes,False,false_negative,"None of the provided sentences explicitly mention physical violence/assault/bodily harm as a form/type of violence, nor do they define violence in a way that clearly includes physical violence using explicit physical-violence terminology beyond general references to suffering."
JAMBI BUNGO,JAMBI_BUNGO.txt,4.4,Prevention through education,primary_prevention,0.46211715726000985,-0.31339263916015625,0.26894142136999505,No,Yes,False,false_negative,"Although the policy lists “increasing the quantity and quality of education both formal and non-formal” under prevention, the candidate sentences do not explicitly identify involvement of education institutions, curricula, teaching/learning materials, or school-based programs as the prevention mechanism; the references to education are broad and do not meet the criterion’s requirement for formal education instruments or institutions explicitly tied to prevention."
SULAWESI SELATAN BULUKUMBA,SULAWESI_SELATAN_BULUKUMBA.txt,3.9,Resocialisation services,specialised_support_services,0.5545997223493823,-0.25188446044921875,0.7772998611746911,Yes,Yes,True,match,"The policy assigns community institutions/civil society organizations responsibilities that include assisting in repatriation, social rehabilitation, and social reintegration, which constitutes a victim-support mechanism linked to reintegration/rehabilitation services."
BALI BULELENG,BALI_BULELENG.txt,4.2,Gender equality education,primary_prevention,0.5545997223493823,-0.2519035339355469,0.22270013882530884,No,No,True,match,"While the policy mentions gender equality as a principle and refers to socializing the rights of women and children, the candidate sentences do not explicitly situate education/awareness about gender equality or women’s rights as a strategy to prevent violence against women. The prevention activities listed focus on laws/regulations, counseling, and education on the dangers of domestic violence rather than gender equality/women’s rights education for prevention."
KALIMANTAN BARAT MELAWI,KALIMANTAN_BARAT_MELAWI.txt,4.1,Information and education about VAW,primary_prevention,0.5545997223493823,-0.2518577575683594,0.2227001388253088,No,Yes,False,false_negative,"The retrieved sentences mention prevention efforts including “socialization of laws and regulations related to the protection of women victims of violence” and use of “Communication, Information and Education (KIE) media,” but this is framed as legal/regulatory socialization rather than education/awareness about violence against women or anti-violence norms/values. Other education references are directed to women victims (a response/empowerment measure) or to socialization of women’s rights, which the coding rules explicitly exclude unless tied to VAW/anti-violence education content."
LAMPUNG LAMPUNG UTARA,LAMPUNG_LAMPUNG_UTARA.txt,4.4,Prevention through education,primary_prevention,0.5545997223493823,-0.2519035339355469,0.22270013882530884,No,No,True,match,"Although the policy includes “providing education on the dangers of domestic violence” and mentions educational institutions among actors, it does not explicitly identify formal education instruments (e.g., school-based programs, curricula, teaching/learning materials, or education-sector initiatives) as a prevention mechanism, which the coding rules require for this indicator."
NUSA TENGGARA TIMUR TIMOR TENGAH UTARA,NUSA_TENGGARA_TIMUR_TIMOR_TENGAH_UTARA.txt,3.7,Psychosocial counselling,specialised_support_services,0.5545997223493823,-0.25189971923828125,0.7772998611746911,Yes,No,False,false_positive,"The policy identifies family learning centers as service institutions providing prevention and counseling, which constitutes counselling services and can be read as psychosocial support within the meaning of the indicator (even though it is not explicitly framed as trauma/psychological counselling for VAW victims)."
NUSA TENGGARA BARAT BIMA KOTA,NUSA_TENGGARA_BARAT_BIMA_KOTA.txt,4.2,Gender equality education,primary_prevention,0.5545997223493823,-0.251922607421875,0.22270013882530884,No,No,True,match,"While the text mentions socialization of women's rights and other awareness activities, the cited prevention activity is specifically described as socialization of laws and regulations related to protection of women's rights, which the coding rules exclude; the passages do not clearly specify prevention education/awareness about gender equality/non-discrimination/women’s rights (as content) beyond legal/regulatory socialization."
NUSA TENGGARA BARAT DOMPU,NUSA_TENGGARA_BARAT_DOMPU.txt,3.9,Resocialisation services,specialised_support_services,0.5545997223493823,-0.2518577575683594,0.2227001388253088,No,Yes,False,false_negative,"Although the policy mentions social rehabilitation and resocialization guidance and also mentions reintegration services, the provided sentences do not identify a specific service unit or integrated service mechanism as responsible for delivering rehabilitation/reintegration (they describe services generally or as coordinated by the regional government)."
NUSA TENGGARA BARAT LOMBOK TENGAH,NUSA_TENGGARA_BARAT_LOMBOK_TENGAH.txt,2.5,Training and capacity building,institutional_mechanism,0.5545997223493824,-0.2519493103027344,0.7772998611746912,Yes,Yes,True,match,"The policy provides for strengthening institutional capacity through local government policy intervention aimed at increasing the knowledge and skills of law enforcement officers and other implementing actors, which is a form of capacity building/training for personnel involved in implementing protection measures."
NUSA TENGGARA BARAT MATARAM KOTA,NUSA_TENGGARA_BARAT_MATARAM_KOTA.txt,4.4,Prevention through education,primary_prevention,0.5545997223493824,-0.25201416015625,0.22270013882530887,No,Yes,False,false_negative,"Although the policy links prevention with “increasing the quantity and quality of education” and identifies the education sector among implementing agencies, the candidate sentences do not explicitly identify formal education instruments (e.g., school-based programs, curricula, teaching/learning materials, or education institutions delivering specific prevention education) as the prevention mechanism. The references remain broad improvements/access to education and general sectoral responsibility, which the coding rules exclude unless tied to explicit education instruments or institutions as prevention measures."
SULAWESI UTARA BITUNG KOTA,SULAWESI_UTARA_BITUNG_KOTA.txt,2.3,Data collection systems,institutional_mechanism,0.5545997223493824,-0.2519989013671875,0.22270013882530887,No,Yes,False,false_negative,"While the policy mentions developing an information system and requires PPT reporting, the candidate sentences do not explicitly link the information system to collecting/recording/managing data on violence cases/victims, and the reporting described is framed as general implementation reporting (administration/finance/services/performance) rather than a mandated VAW case data system."
SUMATERA SELATAN MUSI RAWAS UTARA,SUMATERA_SELATAN_MUSI_RAWAS_UTARA.txt,5.8,Private sector engagement,stakeholder_engagement,0.5545997223493824,-0.2519493103027344,0.22270013882530887,No,No,True,match,"The candidate sentences do not identify businesses/private sector actors as stakeholders or partners in prevention, protection, or services; the only business-related reference is within the definition of a child-friendly regency integrating “business commitments and resources,” without specifying a stakeholder role in VAW-related implementation."
DI YOGYAKARTA GUNUNGKIDUL,DI_YOGYAKARTA_GUNUNGKIDUL_v2.txt,6.5,People with disability,intersectional_approach,0.5545997223493824,-0.2519950866699219,0.22270013882530884,No,No,True,match,"Disability appears only in the definition of “Special Protection” for children with disabilities, and there is no explicit identification of women with disabilities or people with disabilities as beneficiaries of special protection/services in the cited text."
JAWA BARAT MAJALENGKA,JAWA_BARAT_MAJALENGKA.txt,3.9,Resocialisation services,specialised_support_services,0.5545997223493824,-1.5018806457519531,0.22270013882530887,Yes,Yes,True,match,"The policy specifies that assistance includes continuous handling up to the rehabilitation stage, and this is framed as part of an organized assistance mechanism delivered by designated actors, linking rehabilitation to a victim support service mechanism rather than only a general concept."
KEPULAUAN BANGKA BELITUNG PANGKALPINANG KOTA,KEPULAUAN_BANGKA_BELITUNG_PANGKALPINANG_KOTA.txt,6.8,Women in legal process,intersectional_approach,0.5545997223493824,-0.2520408630371094,0.22270013882530887,No,No,True,match,"The candidate sentences focus on protection for women victims of violence (including legal protection for victims) and list women inmates/former inmates as protection targets, but do not explicitly provide protections/services for women in conflict with the law as suspects/defendants/perpetrators/witnesses as required by the coding rules."
KEPULAUAN BANGKA BELITUNG BANGKA SELATAN,KEPULAUAN_BANGKA_BELITUNG_BANGKA_SELATAN_v2.txt,3.9,Resocialisation services,specialised_support_services,0.5545997223493824,-0.2520561218261719,0.22270013882530884,No,Yes,False,false_negative,"Although rehabilitation and social reintegration are mentioned for women victims of violence, the excerpts do not identify a specific service unit or integrated service mechanism as responsible for delivering these resocialisation services (beyond a general facilitation role), which the coding rules require."
KALIMANTAN UTARA NUNUKAN,KALIMANTAN_UTARA_NUNUKAN.txt,3.10,Economic support,specialised_support_services,0.5545997223493824,-0.2518424987792969,0.7772998611746912,Yes,Yes,True,match,"The policy defines empowerment specifically as strengthening women victims of violence to be able to work and work independently after recovery/rehabilitation, and states as an aim to carry out empowerment for women victims of violence, which constitutes economic independence/livelihood-oriented support for victims."
ACEH BIREUEN,ACEH_BIREUEN.txt,3.9,Resocialisation services,specialised_support_services,0.5545997223493824,-0.2519950866699219,0.7772998611746912,Yes,Yes,True,match,"The policy assigns responsibility to the Regent/Regional Apparatus to facilitate rehabilitation and reintegration services for women victims of violence, linking reintegration services to an identified responsible institution."
JAWA BARAT SUMEDANG,JAWA_BARAT_SUMEDANG.txt,6.4,Elderly women,intersectional_approach,0.5545997223493824,-0.2520332336425781,0.7772998611746912,Yes,Yes,True,match,"The policy explicitly mentions ensuring fulfillment of specific needs of women including the elderly within coordinated protection of women from GBV in disasters, indicating targeted consideration for elderly women’s needs in that context."
KALIMANTAN TENGAH PALANGKA RAYA KOTA,KALIMANTAN_TENGAH_PALANGKA_RAYA_KOTA.txt,3.3,Reporting/hotline service,specialised_support_services,0.6351489523872872,-0.201385498046875,0.8175744761936435,Yes,Yes,True,match,"The policy lists “complaint, consultation and counseling services” as a form of service for protection of women, which constitutes a mechanism for receiving complaints/reports related to violence cases (beyond internal administrative reporting)."
JAWA BARAT BEKASI,JAWA_BARAT_BEKASI.txt,4.4,Prevention through education,primary_prevention,0.6351489523872872,-0.201385498046875,0.18242552380635635,No,Yes,False,false_negative,"Although the policy assigns prevention of violence against women to the regional apparatus responsible for education, and separately mentions providing education about women’s rights to the community, it does not explicitly identify formal education instruments (e.g., schools, curricula, teaching/learning materials, school-based programs) as the prevention mechanism. The references to education are either sectoral responsibility or broad education/socialization, which the coding rules exclude unless tied to formal education instruments or institutions as a prevention measure."
ACEH BIREUEN,ACEH_BIREUEN.txt,3.3,Reporting/hotline service,specialised_support_services,0.6351489523872873,-0.20131683349609375,0.18242552380635635,No,Yes,False,false_negative,"While the text mentions “complaint handling” as a right and encourages reporting to local authorities, it does not explicitly establish or describe a designated mechanism/service/channel for receiving complaints or reports (e.g., a hotline, a reporting desk/unit, or procedures for intake)."
JAMBI BUNGO,JAMBI_BUNGO.txt,4.1,Information and education about VAW,primary_prevention,0.6351489523872873,-0.20132064819335938,0.8175744761936437,Yes,Yes,True,match,"The policy lists prevention measures that include building community participation and awareness specifically aimed at preventing/protecting women from acts of violence, which constitutes an awareness-raising/communication activity about violence against women as prevention."
JAWA TENGAH SALATIGA KOTA,JAWA_TENGAH_SALATIGA_KOTA.txt,2.2,Collaboration with NGOs,institutional_mechanism,0.6351489523872873,-0.20143890380859375,0.8175744761936437,Yes,Yes,True,match,"The text explicitly requires the regional government to cooperate with service provider institutions, and the implementation body includes community elements and related stakeholders, which indicates a cooperation mechanism that can include non-government service providers rather than being limited to government agencies alone."
JAWA TENGAH SALATIGA KOTA,JAWA_TENGAH_SALATIGA_KOTA.txt,6.5,People with disability,intersectional_approach,0.6351489523872873,-0.20140457153320312,0.18242552380635635,No,Yes,False,false_negative,"The only disability-related reference is within a non-discrimination principle that protection is provided without distinguishing physical and mental condition. The provided passages do not explicitly identify people with disabilities (or women with disabilities) as a target group for special protection/services or provide disability-specific measures or accommodations, which the coding rules exclude as insufficient."
SULAWESI TENGAH MOROWALI,SULAWESI_TENGAH_MOROWALI.txt,4.2,Gender equality education,primary_prevention,0.6351489523872873,-0.20153045654296875,0.8175744761936437,Yes,Yes,True,match,"The policy situates activities within a prevention chapter/measure (“Efforts to prevent Violence against Women and Children…”) and includes “critical education” as part of prevention. The elucidation specifies that forms of this critical education include “training on gender equality and justice,” which is an educational activity about gender equality explicitly connected to preventing repeated victimization/violence."
KALIMANTAN SELATAN TANAH BUMBU,KALIMANTAN_SELATAN_TANAH_BUMBU.txt,6.10,Refugee/forced displacement,intersectional_approach,0.6351489523872873,-0.20140457153320312,0.8175744761936437,Yes,No,False,false_positive,The policy explicitly defines ‘child in emergency situations’ to include children who become refugees. This is an explicit inclusion of refugees/forced displacement within the policy’s scope (even though the measures shown are child-focused).
JAWA TENGAH BOYOLALI,JAWA_TENGAH_BOYOLALI.txt,3.9,Resocialisation services,specialised_support_services,0.6351489523872873,-0.20148468017578125,0.8175744761936437,Yes,Yes,True,match,"The policy identifies that rehabilitation and reintegration services for women victims of violence are to be facilitated, which links reintegration/rehabilitation services to an implementation function (i.e., a service provision mechanism) rather than mentioning them only as an abstract concept."
LAMPUNG TANGGAMUS,LAMPUNG_TANGGAMUS.txt,2.5,Training and capacity building,institutional_mechanism,0.6351489523872873,-0.20140457153320312,0.8175744761936437,Yes,Yes,True,match,"The policy explicitly mandates capacity building for Women’s Empowerment Service Provider Institutions and for the human resources managing those institutions. This is a capacity-building requirement aimed at service-provider institutions responsible for delivering services under the policy, meeting the criterion."
SULAWESI TENGGARA KONAWE UTARA,SULAWESI_TENGGARA_KONAWE_UTARA.txt,1.1,Domestic violence,scope_of_violence,0.6351489523872873,-0.20131683349609375,0.8175744761936437,Yes,Yes,True,match,"The policy explicitly includes violence occurring in the domestic sphere within its stated objectives, which meets the criterion’s requirement to explicitly identify violence in the private/personal (domestic) sphere as within scope, even without using the exact phrase “domestic violence.”"
SULAWESI TENGAH TOLI TOLI,SULAWESI_TENGAH_TOLI_TOLI.txt,6.2,Women victims of trafficking,intersectional_approach,0.6351489523872873,-0.20140457153320312,0.18242552380635635,No,No,True,match,"The only explicit mention of trafficking in the provided sentences concerns 'Child Victims of Kidnapping, Sale and/or Trafficking' under special protection for children; there is no explicit inclusion of women trafficking victims or trafficking in persons within the scope for women in the candidate text. Under the coding rules, child-only trafficking references are insufficient to code Yes for women victims of trafficking."
SUMATERA BARAT PAYAKUMBUH KOTA,SUMATERA_BARAT_PAYAKUMBUH_KOTA.txt,1.5,Economic violence,scope_of_violence,0.6351489523872873,-0.20139312744140625,0.8175744761936437,Yes,Yes,True,match,"The policy includes “neglect” as a form of harm/violence from which women have the right to protection, and it also explicitly references “economic exploitation” in the general discussion of harms affecting women and children, which is sufficient to treat economic exploitation/neglect as within scope under the coding rules."
SULAWESI BARAT PASANGKAYU,SULAWESI_BARAT_PASANGKAYU.txt,1.1,Domestic violence,scope_of_violence,0.6351489523872873,-0.20139312744140625,0.18242552380635635,No,Yes,False,false_negative,"The candidate sentences define violence broadly as occurring in public or private life, and include neglect within a household scope, but they do not explicitly mention domestic/household/family/intimate partner violence or equivalent terms, nor cite domestic violence-specific legal frameworks. Under the coding rules, domestic violence cannot be inferred from general references to violence against women or private-life violence alone."
JAWA TENGAH WONOSOBO,JAWA_TENGAH_WONOSOBO.txt,3.9,Resocialisation services,specialised_support_services,0.6351489523872874,-0.20136642456054688,0.8175744761936438,Yes,Yes,True,match,"The policy provides for distribution/referral to rehabilitation centers as part of recovery efforts, which constitutes rehabilitation/resocialisation services delivered through identified rehabilitation centers as service mechanisms."
SUMATERA UTARA PADANGSIDIMPUAN KOTA,SUMATERA_UTARA_PADANGSIDIMPUAN_KOTA.txt,7.3,International donors,budget_funding_sources,0.6351489523872874,-0.20137786865234375,0.8175744761936438,Yes,No,False,false_positive,"The cooperation provision explicitly includes cooperation with institutions or regional governments abroad, which constitutes an international component of support/partnership under the coding rules (even without naming a donor or specifying funding)."
KALIMANTAN SELATAN HULU SUNGAI SELATAN,KALIMANTAN_SELATAN_HULU_SUNGAI_SELATAN.txt,3.3,Reporting/hotline service,specialised_support_services,0.6351489523872874,-0.20134353637695312,0.8175744761936438,Yes,Yes,True,match,"The policy explicitly recognises victims’ right to complaint handling in a fast, appropriate, comfortable, and needs-based manner, which constitutes a mechanism/service for receiving and handling complaints/reports of violence cases."
RIAU BENGKALIS,RIAU_BENGKALIS.txt,3.8,Religious/spiritual counselling,specialised_support_services,0.7039056039366209,-0.16017913818359375,0.8519528019683105,Yes,Yes,True,match,"The policy assigns implementation of social rehabilitation to regional apparatus with functions in, among others, the field of “mental and spiritual,” which under the coding rules is interpreted as provision of spiritual/religious support as part of victim rehabilitation services."
MALUKU SERAM BAGIAN BARAT,MALUKU_SERAM_BAGIAN_BARAT.txt,6.5,People with disability,intersectional_approach,0.7039056039366209,-0.16024398803710938,0.8519528019683105,Yes,Yes,True,match,"The definition of “Victim” explicitly includes “vulnerable groups, such as persons with disabilities,” indicating people with disabilities are within the protected/covered beneficiary group under the regulation."
LAMPUNG BANDAR LAMPUNG KOTA,LAMPUNG_BANDAR_LAMPUNG_KOTA.txt,4.4,Prevention through education,primary_prevention,0.7039056039366209,-0.16017913818359375,0.14804719803168948,No,Yes,False,false_negative,"Although prevention is said to include the field of education and the policy mentions “communication, information and education materials,” the candidate sentences do not explicitly identify formal education instruments or institutions (schools, curricula, teaching/learning materials within education systems) as a prevention mechanism for violence, nor do they clearly link improvements in education access/quality/content to preventing violence. The references are broad CIE/socialization rather than explicit education-system-based prevention as required by the coding rules."
KALIMANTAN TENGAH SUKAMARA,KALIMANTAN_TENGAH_SUKAMARA.txt,6.6,Women heads of household,intersectional_approach,0.7039056039366209,-0.16011428833007812,0.8519528019683105,Yes,Yes,True,match,"The policy explicitly mentions empowering female heads of households as part of counseling-related measures, indicating targeted support for this group."
SULAWESI SELATAN ENREKANG,SULAWESI_SELATAN_ENREKANG.txt,4.4,Prevention through education,primary_prevention,0.7039056039366209,-0.16011810302734375,0.8519528019683105,Yes,Yes,True,match,"Within the prevention chapter, the policy includes “developing child-friendly schools” as part of how the regional government carries out prevention of violations of women’s and children’s rights. This is an explicit education-institution (schools) measure situated within prevention, satisfying the criterion’s requirement that education institutions/improvements are used as a prevention mechanism (even though it is framed for women and children together)."
KALIMANTAN BARAT SINTANG,KALIMANTAN_BARAT_SINTANG.txt,3.3,Reporting/hotline service,specialised_support_services,0.7039056039366209,-0.16022872924804688,0.8519528019683105,Yes,Yes,True,match,"The policy explicitly refers to the existence/location of complaint centers by granting victims the right to obtain information about where complaint centers are located, which implies an established mechanism/facility for receiving complaints/reports of violence."
KALIMANTAN TIMUR BONTANG KOTA,KALIMANTAN_TIMUR_BONTANG_KOTA.txt,3.9,Resocialisation services,specialised_support_services,0.7039056039366209,-0.16022491455078125,0.8519528019683105,Yes,Yes,True,match,"The policy defines P2TP2A as an integrated service unit providing comprehensive services to victims, and this definition includes service components that support recovery and reintegration (e.g., counseling and other supports), linking rehabilitation/reintegration functions to an identified service unit."
KALIMANTAN TENGAH PALANGKA RAYA KOTA,KALIMANTAN_TENGAH_PALANGKA_RAYA_KOTA.txt,3.10,Economic support,specialised_support_services,0.7039056039366209,-0.16022491455078125,0.8519528019683105,Yes,Yes,True,match,"The policy includes “economic independence services” among the services to victims organized by P2TP2A, explicitly linking economic support/empowerment to victims of violence through an integrated service mechanism."
JAWA TIMUR SITUBONDO,JAWA_TIMUR_SITUBONDO.txt,2.3,Data collection systems,institutional_mechanism,0.703905603936621,-0.16028976440429688,0.8519528019683105,Yes,Yes,True,match,"The policy explicitly includes “collecting data and information about women and children” as a form of prevention under the regional government’s responsibilities, which is a mandated data/information collection function linked to the policy’s violence-prevention/protection framework."
JAWA BARAT BEKASI KOTA,JAWA_BARAT_BEKASI_KOTA.txt,6.10,Refugee/forced displacement,intersectional_approach,0.703905603936621,-0.1602020263671875,0.8519528019683105,Yes,No,False,false_positive,"The policy explicitly identifies refugees within the category of “children in emergency situations” and obligates the government to provide protection and fulfill needs during such emergencies, which constitutes special protection measures for refugees/forced displacement (at least for children)."
JAWA TIMUR BANYUWANGI,JAWA_TIMUR_BANYUWANGI.txt,2.5,Training and capacity building,institutional_mechanism,0.703905603936621,-0.16022109985351562,0.8519528019683105,Yes,Yes,True,match,"The policy includes “training” as a form of implementation activity for the responsible government office and P2TP2A in carrying out established policies/programs/activities, which constitutes an explicit training measure tied to implementation rather than general guidance or victim empowerment training."
SULAWESI TENGGARA BUTON SELATAN,SULAWESI_TENGGARA_BUTON_SELATAN.txt,3.3,Reporting/hotline service,specialised_support_services,0.703905603936621,-0.16028976440429688,0.8519528019683105,Yes,Yes,True,match,"The policy states that victims have a right to complaint handling that is fast, appropriate, comfortable, and according to needs, which implies an established mechanism/service for receiving and handling complaints related to violence cases."
RIAU BENGKALIS,RIAU_BENGKALIS.txt,4.4,Prevention through education,primary_prevention,0.703905603936621,-0.16028976440429688,0.14804719803168945,No,No,True,match,"The candidate sentences mention prevention actions such as socialization and providing knowledge, and they list the education sector among regional apparatus involved, but they do not explicitly identify formal education instruments (e.g., schools, curricula, teaching materials, school-based programs) as a prevention mechanism for violence against women/children, as required by the coding rules."
NUSA TENGGARA BARAT LOMBOK TENGAH,NUSA_TENGGARA_BARAT_LOMBOK_TENGAH_v2.txt,2.5,Training and capacity building,institutional_mechanism,0.703905603936621,-0.16028976440429688,0.8519528019683105,Yes,Yes,True,match,"The policy provides for strengthening institutional capacity through local government policy intervention aimed at improving the knowledge and skills of law enforcement officers and other relevant officials, which constitutes capacity building for personnel involved in implementing protection measures."
NUSA TENGGARA TIMUR MANGGARAI BARAT,NUSA_TENGGARA_TIMUR_MANGGARAI_BARAT.txt,3.9,Resocialisation services,specialised_support_services,0.703905603936621,-0.1602020263671875,0.14804719803168945,No,Yes,False,false_negative,"Although the policy mentions victims’ rights to continuous handling up to the rehabilitation stage, the provided sentences do not identify a specific service unit or mechanism as responsible for rehabilitation/reintegration/resocialisation services (beyond general rights language)."
MALUKU KEPULAUAN TANIMBAR,MALUKU_KEPULAUAN_TANIMBAR.txt,5.2,Religious engagement,stakeholder_engagement,0.7039056039366212,-0.16012954711914062,0.14804719803168948,No,No,True,match,"While the policy includes 'spiritual services' as a victim right and mentions dissemination of materials with 'religious aspects,' it does not identify religious organizations, religious leaders/clergy, or other faith-based actors as implementers/partners in services, prevention, coordination, or referrals in the provided sentences."
SULAWESI TENGAH DONGGALA,SULAWESI_TENGAH_DONGGALA.txt,4.3,VAW laws awareness,primary_prevention,0.7039056039366212,-0.16033172607421875,0.8519528019683106,Yes,No,False,false_positive,"The policy’s explanatory text specifies socialization activities that include explanations about laws and regulations related to the protection of women, which constitutes an information/education activity about relevant legal/regulatory frameworks in the context of prevention activities for violence against women."
SUMATERA SELATAN MUARA ENIM,SUMATERA_SELATAN_MUARA_ENIM.txt,6.5,People with disability,intersectional_approach,0.7039056039366212,-0.16033554077148438,0.14804719803168948,No,No,True,match,"The candidate sentences include disability-related provisions only in the context of child protection (e.g., children with disabilities and accessibility for children with disabilities) and a general social welfare prioritization category of “disability,” but they do not explicitly provide disability-specific protection measures for women with disabilities or people with disabilities outside the child-protection context, as required by the coding rules."
SUMATERA UTARA PADANGSIDIMPUAN KOTA,SUMATERA_UTARA_PADANGSIDIMPUAN_KOTA.txt,2.3,Data collection systems,institutional_mechanism,0.7039056039366212,-0.16027069091796875,0.8519528019683106,Yes,Yes,True,match,"The policy establishes a women and children data information system and explicitly includes violence within the scope of disaggregated data to be collected/managed, thereby linking the data system to violence-related information as required by the coding rules."
SULAWESI TENGGARA BUTON SELATAN,SULAWESI_TENGGARA_BUTON_SELATAN.txt,2.3,Data collection systems,institutional_mechanism,0.7039056039366212,-0.16017532348632812,0.14804719803168948,No,Yes,False,false_negative,"While the text mentions “exchange of data and information” within cooperation, it does not explicitly establish/mandate a system or assign responsibility for collecting, recording, managing, or maintaining data specifically on violence cases/victims; the cited provisions describe cooperation activities and general reporting/monitoring in supervision without a clear VAW case-data system duty."
SULAWESI TENGGARA MUNA BARAT,SULAWESI_TENGGARA_MUNA_BARAT.txt,3.9,Resocialisation services,specialised_support_services,0.7039056039366212,-0.16027069091796875,0.8519528019683106,Yes,Yes,True,match,"The policy explicitly refers to facilitating rehabilitation and reintegration services for women victims of violence (and disasters), which constitutes resocialisation/rehabilitation-reintegration services within the victim support framework."
KEPULAUAN BANGKA BELITUNG BANGKA,KEPULAUAN_BANGKA_BELITUNG_BANGKA.txt,3.9,Resocialisation services,specialised_support_services,0.7039056039366212,-0.16020584106445312,0.8519528019683106,Yes,Yes,True,match,"The policy explicitly refers to facilitating “rehabilitation and reintegration services” for women victims of violence, which meets the criterion for resocialisation/rehabilitation-reintegration services within victim support."
KEPULAUAN BANGKA BELITUNG BANGKA BARAT,KEPULAUAN_BANGKA_BELITUNG_BANGKA_BARAT_v2.txt,2.5,Training and capacity building,institutional_mechanism,0.7039056039366212,-0.16013336181640625,0.14804719803168948,No,No,True,match,"The text mentions that participating social community organizations are given “guidance” that may include social guidance, skills guidance, and operational technical guidance, but it does not explicitly mandate training/capacity-building for implementing personnel or service providers. Under the coding rules, references to guidance alone (without explicit training/capacity-building language aimed at implementers) are insufficient."
JAWA BARAT BEKASI KOTA,JAWA_BARAT_BEKASI_KOTA.txt,6.3,Women workers,intersectional_approach,0.7039056039366212,-0.16026687622070312,0.8519528019683106,Yes,Yes,True,match,"The policy explicitly provides a section on “Protection of women workers” and lists specific measures for women workers, demonstrating that women workers are a specific target group for protection measures."
ACEH SUBULUSSALAM KOTA,ACEH_SUBULUSSALAM_KOTA.txt,5.2,Religious engagement,stakeholder_engagement,0.7039056039366212,-0.16031265258789062,0.8519528019683106,Yes,Yes,True,match,"The policy includes “spiritual guidance” as part of assistance for victims, which constitutes inclusion of religious/spiritual counselling as a support service for survivors under the coding rules."
KALIMANTAN TIMUR BONTANG KOTA,KALIMANTAN_TIMUR_BONTANG_KOTA.txt,5.2,Religious engagement,stakeholder_engagement,0.7039056039366212,-0.16033172607421875,0.8519528019683106,Yes,Yes,True,match,"The policy includes spiritual guidance as part of assistance and explicitly lists spiritual services among services provided to victims, which meets the coding rule that religious/spiritual counselling is included as a support service (even without naming specific faith-based organizations or leaders)."
ACEH BIREUEN,ACEH_BIREUEN.txt,2.2,Collaboration with NGOs,institutional_mechanism,0.7039056039366212,-0.16027069091796875,0.14804719803168948,No,Yes,False,false_negative,"The candidate sentences mention cooperation with the community/community institutions and coordination with community elements, but they do not explicitly identify NGOs, civil society organisations, or non-government service providers as collaboration partners or establish a mechanism specifically involving such actors."
NUSA TENGGARA BARAT BIMA,NUSA_TENGGARA_BARAT_BIMA.txt,1.2,Sexual violence,scope_of_violence,0.7615941559557649,-0.12696075439453125,0.8807970779778824,Yes,Yes,True,match,"The definition of “Violence” explicitly includes suffering that is “sexually” caused, which brings sexual violence within the policy’s scope even without listing specific sexual offences."
SULAWESI BARAT MAMUJU,SULAWESI_BARAT_MAMUJU.txt,4.3,VAW laws awareness,primary_prevention,0.7615941559557649,-0.12689208984375,0.8807970779778824,Yes,Yes,True,match,"Within the enumerated forms of prevention of violence against women, the policy explicitly includes “socialization of laws and regulations,” which constitutes a prevention activity involving dissemination/education about laws/regulations in the VAW prevention context."
SUMATERA UTARA PADANGSIDIMPUAN KOTA,SUMATERA_UTARA_PADANGSIDIMPUAN_KOTA.txt,4.1,Information and education about VAW,primary_prevention,0.7615941559557649,-0.12680816650390625,0.8807970779778824,Yes,Yes,True,match,"The policy lists prevention efforts that include building community and family participation and awareness specifically for the prevention and protection of women and children from acts of violence, which constitutes an awareness-raising/education activity explicitly tied to preventing violence against women (and children)."
JAWA TENGAH MAGELANG,JAWA_TENGAH_MAGELANG.txt,1.2,Sexual violence,scope_of_violence,0.7615941559557649,-0.12689208984375,0.8807970779778824,Yes,Yes,True,match,"The definition of violence against women explicitly includes sexual suffering/harm, which indicates sexual violence is within scope even without listing specific acts like rape or harassment."
JAWA TIMUR JEMBER,JAWA_TIMUR_JEMBER.txt,7.3,International donors,budget_funding_sources,0.7615941559557649,-0.12682342529296875,0.11920292202211753,No,No,True,match,"While the text references international levels and international instruments/mechanisms (e.g., UDHR/CEDAW and “international levels” of institutions), none of the candidate sentences explicitly indicate international funding, donor support, international assistance, partnerships, or involvement as a source of support for implementation."
JAWA TIMUR SITUBONDO,JAWA_TIMUR_SITUBONDO.txt,3.9,Resocialisation services,specialised_support_services,0.7615941559557649,-0.12697982788085938,0.11920292202211755,No,Yes,False,false_negative,"The text mentions “continuous handling up to the rehabilitation and social reintegration stage,” but it does not link rehabilitation/reintegration to a specific service unit or identify an institution responsible for providing those resocialisation services. Under the coding rules, mentioning rehabilitation/reintegration without assigning it to a service unit/mechanism is insufficient."
KEPULAUAN BANGKA BELITUNG BELITUNG,KEPULAUAN_BANGKA_BELITUNG_BELITUNG.txt,3.8,Religious/spiritual counselling,specialised_support_services,0.7615941559557649,-0.126983642578125,0.8807970779778824,Yes,Yes,True,match,"Victim services are implemented by OPDs including those in the field of “mental and spiritual,” and the policy’s description of assistance includes clergy among those providing support, which together indicate availability of spiritual/religious support as part of services."
LAMPUNG BANDAR LAMPUNG KOTA,LAMPUNG_BANDAR_LAMPUNG_KOTA.txt,3.9,Resocialisation services,specialised_support_services,0.7615941559557649,-0.12687301635742188,0.11920292202211755,No,Yes,False,false_negative,"While the policy defines social rehabilitation and social reintegration and lists their components, the provided sentences do not identify a specific service unit or responsible institution assigned to deliver these rehabilitation/reintegration services (e.g., an integrated service unit explicitly tasked with them)."
LAMPUNG METRO KOTA,LAMPUNG_METRO_KOTA.txt,3.3,Reporting/hotline service,specialised_support_services,0.7615941559557649,-0.12702560424804688,0.11920292202211755,No,Yes,False,false_negative,"The retrieved text defines “complaint” generally and includes administrative reporting obligations (P2TP2A reporting activities to SKPD/Mayor/Governor) and community participation in reporting violence, but it does not explicitly establish or describe a mechanism/service/channel designated for receiving complaints/reports from victims or the public (e.g., intake procedures, a receiving unit, hotline, or SOP for complaint reception)."
KEPULAUAN BANGKA BELITUNG BANGKA SELATAN,KEPULAUAN_BANGKA_BELITUNG_BANGKA_SELATAN_v2.txt,5.1,NGO collaboration,stakeholder_engagement,0.7615941559557649,-0.12703323364257812,0.8807970779778824,Yes,Yes,True,match,"The policy’s definition of women’s protection explicitly includes provision of protection by non-government actors (e.g., advocates and social institutions). It also defines “society” to include social organizations and/or community organizations, implying involvement of organized civil society in implementation related to women’s empowerment and protection (including violence against women)."
SULAWESI SELATAN BULUKUMBA,SULAWESI_SELATAN_BULUKUMBA.txt,6.2,Women victims of trafficking,intersectional_approach,0.7615941559557649,-0.12700653076171875,0.11920292202211756,No,No,True,match,"Trafficking is mentioned only in relation to children (children who are victims of kidnapping, sale, and/or trafficking). None of the provided sentences explicitly include women victims of trafficking or trafficking in persons within the policy’s scope for women."
SULAWESI BARAT PASANGKAYU,SULAWESI_BARAT_PASANGKAYU.txt,2.5,Training and capacity building,institutional_mechanism,0.7615941559557649,-0.12697982788085938,0.11920292202211755,No,Yes,False,false_negative,"Although the policy mentions “training” as part of guidance for women and children, the candidate sentences do not specify that this training is for government officials, implementing agencies, or service providers responsible for implementing the policy (i.e., capacity building for implementers). The references appear general and could be aimed at beneficiaries/community rather than implementers, which is insufficient under the coding rules."
SUMATERA SELATAN PALEMBANG KOTA,SUMATERA_SELATAN_PALEMBANG_KOTA.txt,2.6,Monitoring and evaluation,institutional_mechanism,0.7615941559557649,-0.12693405151367188,0.8807970779778824,Yes,Yes,True,match,"The policy includes a monitoring function by stating that community participation includes monitoring the law enforcement process for cases of violations of women’s and children’s rights from violence, which is a form of monitoring of response/implementation processes."
SUMATERA SELATAN OGAN KOMERING ULU,SUMATERA_SELATAN_OGAN_KOMERING_ULU_v2.txt,6.6,Women heads of household,intersectional_approach,0.7615941559557649,-0.12702560424804688,0.11920292202211755,No,No,True,match,"The cited text mentions women as heads of households as a group that may receive capital assistance under women’s economic empowerment, but it does not describe special protection measures (protection/services/assistance framed as protection) targeted at women heads of household. The provision is economic support rather than protection-focused measures."
KALIMANTAN TENGAH GUNUNG MAS,KALIMANTAN_TENGAH_GUNUNG_MAS.txt,6.10,Refugee/forced displacement,intersectional_approach,0.761594155955765,-0.12691497802734375,0.8807970779778825,Yes,No,False,false_positive,"The text explicitly includes “children who become refugees” within the definition of children needing special protection, which constitutes special protection targeted at refugees/forced displacement (even though limited to children)."
JAWA TENGAH KEBUMEN,JAWA_TENGAH_KEBUMEN.txt,1.1,Domestic violence,scope_of_violence,0.809301070201781,-0.10009765625,0.9046505351008904,Yes,Yes,True,match,"The policy’s definition of violence against women explicitly includes acts occurring in the private sphere, which meets the criterion’s requirement to explicitly cover violence in the private/personal sphere (an equivalent way of including domestic violence within scope)."
DI YOGYAKARTA GUNUNGKIDUL,DI_YOGYAKARTA_GUNUNGKIDUL_v2.txt,3.10,Economic support,specialised_support_services,0.809301070201781,-0.10023117065429688,0.9046505351008904,Yes,Yes,True,match,"Within Social Rehabilitation Services for victims, the policy explicitly includes vocational training and entrepreneurship development and mentions business capital in the form of business support tools, which are economic empowerment/support measures available as part of victim rehabilitation services."
KALIMANTAN TENGAH GUNUNG MAS,KALIMANTAN_TENGAH_GUNUNG_MAS.txt,1.5,Economic violence,scope_of_violence,0.809301070201781,-0.10027694702148438,0.9046505351008904,Yes,Yes,True,match,"While the provided definition of violence focuses on acts against a child and does not clearly define economic violence against women, the policy explicitly cites the national law on elimination of domestic violence in its legal foundation, which the coding rules allow as sufficient for inclusion of economic violence/exploitation/neglect-related concepts."
KALIMANTAN BARAT BENGKAYANG,KALIMANTAN_BARAT_BENGKAYANG.txt,4.4,Prevention through education,primary_prevention,0.809301070201781,-0.10010147094726562,0.09534946489910949,No,No,True,match,"Although the policy includes “communication, information, and education about violence against women and children” as a prevention effort, the retrieved sentences do not explicitly identify formal education instruments (e.g., school-based programs, curricula, teaching/learning materials) or specify education institutions’ educational programming as the prevention mechanism. The mention that prevention must also be carried out by “educational institutions” does not, by itself, specify education as the strategy/instrument (it only identifies an actor). Under the coding rules, this is insufficient for Yes."
JAWA TIMUR SAMPANG,JAWA_TIMUR_SAMPANG.txt,2.3,Data collection systems,institutional_mechanism,0.809301070201781,-0.10025405883789062,0.09534946489910949,No,Yes,False,false_negative,"The candidate sentences mention strengthening/developing “gender and child data systems” and include monitoring/reporting provisions, but they do not explicitly link data collection/management to violence against women, victims, or violence cases as required by the coding rules. The monitoring text concerns monitoring implementation generally and does not clearly establish a VAW case data system or responsibility for collecting/recording VAW case data."
KALIMANTAN BARAT KUBU RAYA,KALIMANTAN_BARAT_KUBU_RAYA.txt,6.4,Elderly women,intersectional_approach,0.809301070201781,-0.10009765625,0.9046505351008904,Yes,Yes,True,match,"The policy explicitly includes “the elderly” within the definition of women as vulnerable groups, indicating elderly women are a specifically identified vulnerable group within the protection framework."
JAWA TIMUR MAGETAN,JAWA_TIMUR_MAGETAN.txt,2.3,Data collection systems,institutional_mechanism,0.809301070201781,-0.10010528564453125,0.9046505351008904,Yes,Yes,True,match,"The policy explicitly requires collecting data and information related to women and children and includes submission of data and information as a form of coordination for P2TP2A functions, linking data/information activities to the violence prevention/protection framework."
JAWA TENGAH WONOSOBO,JAWA_TENGAH_WONOSOBO.txt,7.3,International donors,budget_funding_sources,0.809301070201781,-0.10010528564453125,0.9046505351008904,Yes,No,False,false_positive,"The policy includes 'Foreign social welfare institutions' among entities that may carry out community roles/participation, which indicates an explicit international (foreign) institutional component involved in implementation/participation related to social protection for women and children."
KEPULAUAN BANGKA BELITUNG BANGKA SELATAN,KEPULAUAN_BANGKA_BELITUNG_BANGKA_SELATAN.txt,3.3,Reporting/hotline service,specialised_support_services,0.809301070201781,-0.10010528564453125,0.09534946489910949,No,Yes,False,false_negative,"The text includes (i) community participation that may involve submitting reports to authorities and (ii) administrative reporting by P2TP2A to the Regent, but it does not establish or describe a mechanism/service/channel for receiving complaints or reports of violence cases from victims or the public (e.g., hotline, intake service, or designated reporting facility)."
KALIMANTAN BARAT MELAWI,KALIMANTAN_BARAT_MELAWI.txt,4.2,Gender equality education,primary_prevention,0.809301070201781,-0.10025405883789062,0.09534946489910949,No,No,True,match,"While the text includes “conducting independent socialization of women’s rights,” it is not explicitly situated as a strategy to prevent violence against women, as required by the coding rules. The prevention list in Article 5 focuses on socialization of laws/regulations and education for women victims, and does not explicitly describe prevention education/awareness about gender equality, non-discrimination, or women’s rights as a VAW-prevention measure."
KALIMANTAN BARAT SANGGAU,KALIMANTAN_BARAT_SANGGAU.txt,4.2,Gender equality education,primary_prevention,0.809301070201781,-0.10023117065429688,0.09534946489910949,No,No,True,match,"While the text mentions community participation via “socialization of women's rights,” it is not explicitly situated as a strategy or measure to prevent violence against women in the cited sentences, and the other prevention-related education/information provisions focus on protection from violence or dissemination of laws rather than gender equality/women’s rights education as VAW prevention."
SULAWESI TENGAH MOROWALI,SULAWESI_TENGAH_MOROWALI.txt,6.5,People with disability,intersectional_approach,0.809301070201781,-0.100189208984375,0.09534946489910949,No,Yes,False,false_negative,"The only explicit disability-related reference is within an explanation of ""equal protection"" as a non-discrimination concept (including disability). The candidate sentences do not identify people with disabilities (or women with disabilities) as a target group for special protection/services, nor do they provide disability-specific accommodations; general services for victims are not framed as disability-targeted in the provided text."
SUMATERA BARAT PAYAKUMBUH KOTA,SUMATERA_BARAT_PAYAKUMBUH_KOTA.txt,5.8,Private sector engagement,stakeholder_engagement,0.809301070201781,-0.10023117065429688,0.09534946489910949,No,No,True,match,"The retrieved sentences do not assign any prevention/protection/service role to businesses or the private sector. The only relevant mention is the general definition of a child-friendly city integrating resources of the “business world,” but it does not explicitly engage the private sector as a stakeholder in prevention/protection/services within the provided excerpts."
MALUKU UTARA TERNATE KOTA,MALUKU_UTARA_TERNATE_KOTA.txt,3.9,Resocialisation services,specialised_support_services,0.809301070201781,-0.10025405883789062,0.9046505351008904,Yes,Yes,True,match,"The policy defines sustainable handling as extending beyond physical and psychological healing until the victim can resume life in society and restore their good name, which constitutes reintegration/resocialisation support within the victim service framework."
MALUKU TUAL KOTA,MALUKU_TUAL_KOTA.txt,3.10,Economic support,specialised_support_services,0.809301070201781,-0.10023117065429688,0.09534946489910949,No,No,True,match,"Although the policy mentions protection being implemented in an integrated manner including “economic” aspects, it does not specify any economic empowerment/support measures (skills training, financial/livelihood assistance) targeted to women victims of violence; the only explicit skills guidance mentioned is for participating organizations, not for victims."
KALIMANTAN TIMUR KUTAI BARAT,KALIMANTAN_TIMUR_KUTAI_BARAT.txt,4.4,Prevention through education,primary_prevention,0.8093010702017811,-0.10021209716796875,0.09534946489910949,No,No,True,match,"Although the policy includes education-related prevention actions (e.g., education on anti-violence values and dangers of domestic violence) and notes that prevention must be implemented by educational institutions, the candidate sentences do not explicitly identify formal education instruments (such as school-based programs, curricula, teaching/learning materials, or education-sector program improvements) as the prevention mechanism, which is required by the coding rules for this indicator."
SULAWESI TENGAH POSO,SULAWESI_TENGAH_POSO.txt,6.2,Women victims of trafficking,intersectional_approach,0.8093010702017811,-0.1002044677734375,0.0953494648991095,No,No,True,match,"The only explicit trafficking reference is to “children who are trafficked” within the definition of special protection; there is no explicit mention of women victims of trafficking or trafficking in persons as covered for women, which the coding rules require."
SUMATERA UTARA BATU BARA,SUMATERA_UTARA_BATU_BARA.txt,1.5,Economic violence,scope_of_violence,0.8093010702017811,-0.10012054443359375,0.9046505351008906,Yes,Yes,True,match,"The definition of “Victim of Violence” includes those who experience “economic loss” and those who “experience neglect” or deprivation of basic rights as a result of violence/criminal acts, which constitutes inclusion of economic harm/neglect linked to violence within the policy’s scope."
LAMPUNG LAMPUNG UTARA,LAMPUNG_LAMPUNG_UTARA.txt,1.6,Harmful practices,scope_of_violence,0.8093010702017811,-0.100250244140625,0.09534946489910949,No,No,True,match,"None of the provided sentences explicitly mention early/child marriage, forced marriage as a harmful practice, FGM/cutting, honour crimes, or female infanticide, nor do they set out measures specifically targeting such harmful practices."
JAWA BARAT BANDUNG BARAT,JAWA_BARAT_BANDUNG_BARAT.txt,1.2,Sexual violence,scope_of_violence,0.8093010702017811,-0.100250244140625,0.09534946489910949,No,Yes,False,false_negative,"Within the provided sentences, the policy does not explicitly mention sexual violence (e.g., rape, sexual assault, sexual harassment) or otherwise clearly classify sexual violence as a covered form of violence. References to “sexual exploitation” do not, by themselves, explicitly establish inclusion of sexual violence under the criterion’s coding rules."
JAWA BARAT BEKASI KOTA,JAWA_BARAT_BEKASI_KOTA_v2.txt,4.4,Prevention through education,primary_prevention,0.8093010702017811,-0.1001434326171875,0.09534946489910949,No,Yes,False,false_negative,"Although the policy mentions prevention programs through education/socialization and references involvement of the education sector, the retrieved sentences do not explicitly identify formal education instruments (e.g., school-based programs, curricula, teaching/learning materials, or education institutions delivering specific educational programming) as the prevention mechanism. The references are broad (education/socialization, access to education) rather than explicit education-institution/curriculum-based prevention as required by the coding rules."
JAWA BARAT TASIKMALAYA,JAWA_BARAT_TASIKMALAYA.txt,2.3,Data collection systems,institutional_mechanism,0.8093010702017811,-0.1001434326171875,0.09534946489910949,No,Yes,False,false_negative,"While the text mentions a disaggregated gender and child data system and includes some references to databases in child-protection contexts, the provided sentences do not explicitly link a data collection/management system to violence against women, women victims, or VAW case data as required by the coding rules."
JAWA TENGAH WONOSOBO,JAWA_TENGAH_WONOSOBO.txt,5.5,International organisations engagement,stakeholder_engagement,0.8093010702017811,-0.100341796875,0.0953494648991095,No,Yes,False,false_negative,"While the policy mentions “Foreign social welfare institutions,” the provided sentences do not explicitly indicate engagement/collaboration with international organizations or international support for service delivery or prevention; “foreign social welfare institutions” could be non-international entities and no collaboration/support role is specified in the excerpts."
KALIMANTAN SELATAN HULU SUNGAI UTARA,KALIMANTAN_SELATAN_HULU_SUNGAI_UTARA.txt,3.9,Resocialisation services,specialised_support_services,0.8093010702017811,-0.10031890869140625,0.9046505351008906,Yes,Yes,True,match,"The policy explicitly lists rehabilitation and social reintegration as forms of services provided to women and child victims of violence, which links these reintegration/rehabilitation services to the victim service framework (a service mechanism)."
JAWA BARAT BANDUNG BARAT,JAWA_BARAT_BANDUNG_BARAT.txt,3.9,Resocialisation services,specialised_support_services,0.8093010702017811,-0.10031890869140625,0.9046505351008906,Yes,Yes,True,match,"The policy includes rehabilitation and social reintegration as part of the protection services provided for women and children victims of violence, linking reintegration/rehabilitation services to the victim support service package."
LAMPUNG TANGGAMUS,LAMPUNG_TANGGAMUS.txt,6.5,People with disability,intersectional_approach,0.8482836399575128,-0.07877731323242188,0.07585818002124355,No,Yes,False,false_negative,"The text mentions “Persons with disabilities” only as a category within a list of ‘other violence’/victim categories, without specifying disability-targeted protection measures, services, accommodations, or identifying people with disabilities as beneficiaries of special protection measures in the provided excerpts."
NUSA TENGGARA BARAT LOMBOK TENGAH,NUSA_TENGGARA_BARAT_LOMBOK_TENGAH.txt,6.6,Women heads of household,intersectional_approach,0.8482836399575128,-0.07877731323242188,0.07585818002124355,No,No,True,match,"The text mentions “women who serve as heads of families” only in the context of poverty reduction programs under family-quality improvement, not as a special protection measure targeted at women heads of household/families. No explicit protection/service measures are directed to this group as such."
JAWA BARAT BANDUNG,JAWA_BARAT_BANDUNG.txt,4.3,VAW laws awareness,primary_prevention,0.8482836399575128,-0.07881927490234375,0.9241418199787563,Yes,Yes,True,match,"The policy specifies conducting socialization of laws and regulations related to the protection of women victims of violence and discrimination, which is an information/socialisation activity about relevant laws/regulations in the VAW protection context and is part of the government’s responsibilities connected to anticipating violence."
KALIMANTAN TENGAH LAMANDAU,KALIMANTAN_TENGAH_LAMANDAU.txt,3.3,Reporting/hotline service,specialised_support_services,0.8482836399575128,-0.07881927490234375,0.9241418199787563,Yes,Yes,True,match,"The policy provides a concrete channel for receiving reports of domestic violence by stating that victims have the right to report directly to the police, which constitutes an explicit mechanism for receiving reports/complaints of violence (even without a hotline)."
KALIMANTAN BARAT KUBU RAYA,KALIMANTAN_BARAT_KUBU_RAYA.txt,4.1,Information and education about VAW,primary_prevention,0.8482836399575128,-0.07877731323242188,0.07585818002124355,No,Yes,False,false_negative,"The retrieved sentences mention prevention coordination and systems, dissemination of laws/regulations related to protection of women victims of violence, and socialization of women’s rights. However, the coding rules exclude (a) dissemination/education about laws and regulations related to VAW and (b) education/socialization about women’s rights or gender equality unless it is specifically about violence against women or anti-violence values. None of the candidate sentences explicitly describe awareness/education activities that provide information about violence against women itself (e.g., dangers/prohibition of VAW or anti-violence norms) as a preventive measure; the closest items are legal dissemination and general CIE media, which are not sufficient under the exclusions."
JAWA TENGAH PURWOREJO,JAWA_TENGAH_PURWOREJO.txt,5.3,Traditional/cultural engagement,stakeholder_engagement,0.8482836399575128,-0.07877731323242188,0.9241418199787563,Yes,No,False,false_positive,"The policy defines the village as including customary villages, which reasonably implies inclusion of customary/community mechanisms within the implementation structure at village level (even though it does not explicitly name customary leaders or institutions in service/prevention roles)."
JAWA TENGAH KUDUS,JAWA_TENGAH_KUDUS.txt,6.5,People with disability,intersectional_approach,0.8482836399575129,-0.07889175415039062,0.07585818002124355,No,Yes,False,false_negative,"The only disability-related reference is within a non-discrimination principle mentioning “physical or mental condition,” which is explicitly excluded by the coding rules unless accompanied by disability-specific identification or measures."
DKI JAKARTA,DKI_JAKARTA.txt,2.3,Data collection systems,institutional_mechanism,0.8482836399575129,-0.07900238037109375,0.9241418199787564,Yes,Yes,True,match,"The policy explicitly includes “exchange of data and information” as part of cooperation to achieve protection objectives related to violence against women and children, which constitutes an explicit data/information function linked to violence cases/victims within the policy’s implementation framework."
JAMBI SAROLANGUN,JAMBI_SAROLANGUN.txt,1.5,Economic violence,scope_of_violence,0.8482836399575129,-0.07891082763671875,0.07585818002124356,No,Yes,False,false_negative,"The candidate sentences discuss “economic protection” and vulnerability/social vulnerability, but they do not explicitly identify economic violence/abuse/exploitation or domestic neglect as a form of violence against women, nor do they link economic harm to violence or abuse against women."
DI YOGYAKARTA GUNUNGKIDUL,DI_YOGYAKARTA_GUNUNGKIDUL_v2.txt,3.9,Resocialisation services,specialised_support_services,0.8482836399575129,-0.07895660400390625,0.9241418199787564,Yes,Yes,True,match,"The policy includes Social Rehabilitation as part of victim services and details social rehabilitation services including resocialization guidance. It also identifies UPT PPA as a service-providing unit for victims, supporting that rehabilitation/resocialisation services are within the victim support service mechanism."
NUSA TENGGARA BARAT LOMBOK TENGAH,NUSA_TENGGARA_BARAT_LOMBOK_TENGAH_v2.txt,6.10,Refugee/forced displacement,intersectional_approach,0.8482836399575129,-0.07892990112304688,0.9241418199787564,Yes,No,False,false_positive,"The policy explicitly includes “Children who become refugees” under “Children in emergency situations,” which constitutes a special protection category targeted at refugees/forced displacement (even though framed for children)."
SUMATERA BARAT SOLOK KOTA,SUMATERA_BARAT_SOLOK_KOTA.txt,6.10,Refugee/forced displacement,intersectional_approach,0.8482836399575129,-0.07895278930664062,0.07585818002124356,No,No,True,match,The only displacement-related provision cited is a child right to special protection in emergency/urgent situations and displacement/eviction contexts. There are no special protection measures targeted at refugees/forcibly displaced persons generally (or women refugees/displaced women specifically) in the provided sentences.
NUSA TENGGARA TIMUR TIMOR TENGAH UTARA,NUSA_TENGGARA_TIMUR_TIMOR_TENGAH_UTARA.txt,2.5,Training and capacity building,institutional_mechanism,0.8482836399575129,-0.07884597778320312,0.9241418199787564,Yes,Yes,True,match,"The policy provides for capacity building and training relevant to implementation, including regular paralegal training for service institutions and facilitation of gender sensitivity and gender analysis training through focal point duties."
JAWA BARAT BANDUNG KOTA,JAWA_BARAT_BANDUNG_KOTA.txt,5.4,Education institutions engagement,stakeholder_engagement,0.8482836399575129,-0.07892990112304688,0.07585818002124355,No,Yes,False,false_negative,"The text mentions violence occurring in the ""education sector"" and references ""the education sector"" as a participant in broader women's empowerment implementation, but it does not explicitly include schools/universities/academics/education institutions as stakeholders or partners in VAW prevention, protection, services, coordination, or capacity building."
JAWA TENGAH SURAKARTA KOTA,JAWA_TENGAH_SURAKARTA_KOTA.txt,1.1,Domestic violence,scope_of_violence,0.8482836399575129,-0.07895278930664062,0.9241418199787564,Yes,Yes,True,match,"The policy’s definition of violence against women explicitly states it can occur in “public or private life,” which directly covers violence in the private sphere (a core element of domestic violence scope), even though the term “domestic violence” is not used."
JAWA BARAT TASIKMALAYA,JAWA_BARAT_TASIKMALAYA.txt,3.8,Religious/spiritual counselling,specialised_support_services,0.8482836399575129,-0.07884597778320312,0.9241418199787564,Yes,Yes,True,match,"The policy assigns implementation of social rehabilitation to regional apparatus responsible for ""mental and spiritual"" affairs, which under the coding rules counts as religious/spiritual counselling/support being part of services."
KALIMANTAN BARAT KUBU RAYA,KALIMANTAN_BARAT_KUBU_RAYA.txt,4.2,Gender equality education,primary_prevention,0.8482836399575129,-0.07877349853515625,0.07585818002124356,No,No,True,match,"While the text includes “conducting independent socialization of women’s rights,” it is not explicitly situated as a strategy or measure to prevent violence against women, as required by the coding rules. The prevention section focuses on violence prevention generally and includes dissemination of laws/regulations and education for women victims, but does not clearly frame women’s-rights/gender-equality education as a VAW-prevention measure. Therefore, the criterion is not met based on the provided sentences."
KALIMANTAN TENGAH KATINGAN,KALIMANTAN_TENGAH_KATINGAN.txt,1.5,Economic violence,scope_of_violence,0.8482836399575129,-0.07888412475585938,0.07585818002124356,No,No,True,match,"The candidate sentences define violence as including physical, sexual, and psychological harm and mention neglect, but they do not explicitly identify economic violence/abuse/exploitation or economic suffering as a form of violence against women, nor do they connect neglect to economic violence against women as required by the coding rules."
NUSA TENGGARA TIMUR TIMOR TENGAH UTARA,NUSA_TENGGARA_TIMUR_TIMOR_TENGAH_UTARA.txt,3.6,Health/medical services,specialised_support_services,0.8482836399575129,-0.07892990112304688,0.07585818002124355,No,No,True,match,"While the text references health-related empowerment efforts and mentions hospitals/puskesmas in the context of establishing PUG focal points, it does not specify any service unit providing health/medical services to victims (or as a victim service)."
NUSA TENGGARA BARAT LOMBOK TENGAH,NUSA_TENGGARA_BARAT_LOMBOK_TENGAH_v2.txt,1.1,Domestic violence,scope_of_violence,0.8482836399575129,-0.07888412475585938,0.07585818002124356,No,Yes,False,false_negative,"The provided sentences define and address violence against women/children generally (including that it may occur in public or private life) and set out protection measures, but they do not explicitly mention domestic violence, family/household violence, intimate partner violence, or equivalent terms, nor do they cite a domestic-violence-specific legal framework in the shown excerpts."
BALI BULELENG,BALI_BULELENG.txt,4.4,Prevention through education,primary_prevention,0.848283639957513,-0.0788421630859375,0.9241418199787566,Yes,Yes,True,match,"The policy explicitly includes “providing education on the dangers of domestic violence” as a prevention measure, and it also explicitly assigns prevention obligations to educational institutions. This meets the criterion of education being presented as a prevention mechanism and involving education institutions in prevention."
JAWA BARAT TASIKMALAYA,JAWA_BARAT_TASIKMALAYA.txt,4.4,Prevention through education,primary_prevention,0.848283639957513,-0.0788421630859375,0.07585818002124356,No,Yes,False,false_negative,"Although prevention is to be implemented in an integrated manner by agencies including the education sector, and there are references to providing knowledge/socialization, the candidate sentences do not explicitly identify formal education instruments (schools, curricula, teaching materials, educational programs) as a prevention mechanism for violence against women (and child-focused education guarantees are excluded by the coding rules)."
SULAWESI TENGGARA BUTON SELATAN,SULAWESI_TENGGARA_BUTON_SELATAN.txt,1.9,Sexual slavery/exploitation,scope_of_violence,0.848283639957513,-0.0788421630859375,0.9241418199787566,Yes,Yes,True,match,"The policy states an objective to eliminate all forms of acts of violence and exploitation against women and children; under the coding rules, an explicit inclusion of all forms of exploitation against women is sufficient to count sexual exploitation/sexual slavery as included."
PAPUA BARAT DAYA TAMBRAUW,PAPUA_BARAT_DAYA_TAMBRAUW.txt,4.4,Prevention through education,primary_prevention,0.8798266996519847,-0.06204986572265625,0.9399133498259923,Yes,Yes,True,match,"Within the prevention chapter, the policy links prevention of violence against women and children to both (i) socialization/awareness activities and (ii) efforts to increase the number and quality of education (formal, non-formal, and informal), explicitly situating education improvement as part of the prevention approach."
KEPULAUAN BANGKA BELITUNG BANGKA SELATAN,KEPULAUAN_BANGKA_BELITUNG_BANGKA_SELATAN.txt,3.9,Resocialisation services,specialised_support_services,0.8798266996519848,-0.062053680419921875,0.9399133498259924,Yes,Yes,True,match,"While rehabilitation is also discussed generally, the policy links rehabilitation to a concrete service mechanism by stating that a Safe House is used by P2TP2A to carry out rehabilitation (and protection/training), which satisfies the requirement that a service unit/mechanism provides rehabilitation/reintegration-related services."
JAWA TENGAH SALATIGA KOTA,JAWA_TENGAH_SALATIGA_KOTA.txt,2.5,Training and capacity building,institutional_mechanism,0.8798266996519848,-0.0619354248046875,0.06008665017400762,No,Yes,False,false_negative,"The only potentially relevant provision is an obligation to increase the capacity of service provider institutions, but the candidate sentences do not explicitly mandate training/technical guidance/professional development for implementing personnel as required by the coding rules; other mentions of guidance/supervision or victims’ skills training are excluded by the rules."
DI YOGYAKARTA GUNUNGKIDUL,DI_YOGYAKARTA_GUNUNGKIDUL.txt,3.8,Religious/spiritual counselling,specialised_support_services,0.8798266996519848,-0.06200408935546875,0.9399133498259924,Yes,Yes,True,match,"The policy’s description of the right to assistance explicitly includes clergy among those who may provide assistance, which constitutes faith-based/religious support available to victims."
KALIMANTAN TENGAH SUKAMARA,KALIMANTAN_TENGAH_SUKAMARA.txt,5.4,Education institutions engagement,stakeholder_engagement,0.8798266996519848,-0.062030792236328125,0.9399133498259924,Yes,No,False,false_positive,"The policy assigns education-unit organizers a coordination role when a child victim of violence drops out of school, and it includes educators in training aimed at preventing violence against women and children, indicating engagement of the education sector in implementation/capacity building."
KALIMANTAN TENGAH KATINGAN,KALIMANTAN_TENGAH_KATINGAN.txt,2.1,Institutional network,institutional_mechanism,0.8798266996519848,-0.062046051025390625,0.9399133498259924,Yes,No,False,false_positive,"The policy establishes UPTD PPA as an organizer of integrated services and states it may accommodate multiple service-providing institutions/work units (e.g., safe houses, shelters), which constitutes an institutional arrangement/network supporting implementation of protection and response services rather than merely assigning isolated responsibilities."
JAWA TIMUR PASURUAN,JAWA_TIMUR_PASURUAN.txt,1.5,Economic violence,scope_of_violence,0.8798266996519848,-0.061977386474609375,0.06008665017400762,No,Yes,False,false_negative,"The candidate sentences define violence as physical/sexual/psychological and do not explicitly include economic violence/abuse, financial deprivation, or economic neglect as a form of violence against women; references to economic independence and general rights are not framed as violence or abuse."
JAWA TIMUR BLITAR KOTA,JAWA_TIMUR_BLITAR_KOTA.txt,3.9,Resocialisation services,specialised_support_services,0.8798266996519848,-0.061985015869140625,0.060086650174007626,No,Yes,False,false_negative,"Although rehabilitation and reintegration are defined and referenced as stages/entitlements, the candidate sentences do not clearly assign rehabilitation/reintegration/resocialisation services to a specific service unit (e.g., UPT/P2TP2A) as a service responsibility; the only explicit unit service list does not include rehabilitation/reintegration as a service item."
JAWA TIMUR BLITAR KOTA,JAWA_TIMUR_BLITAR_KOTA.txt,2.3,Data collection systems,institutional_mechanism,0.8798266996519848,-0.061981201171875,0.9399133498259924,Yes,Yes,True,match,"Within the coordination mechanism for P2TP2A functions, the policy explicitly includes “submission of data and information” linked to follow-up on case handling, which constitutes an explicit data/information exchange function tied to violence case handling."
GORONTALO POHUWATO,GORONTALO_POHUWATO.txt,5.6,Media engagement,stakeholder_engagement,0.8798266996519848,-0.0619354248046875,0.9399133498259924,Yes,Yes,True,match,"The policy explicitly lists “Media” among the entities with which the Regional Government carries out cooperation to achieve protection objectives, indicating media is recognized as a stakeholder in the cooperation framework related to protection from violence."
MALUKU KEPULAUAN TANIMBAR,MALUKU_KEPULAUAN_TANIMBAR.txt,3.9,Resocialisation services,specialised_support_services,0.8798266996519848,-0.06191253662109375,0.060086650174007626,No,Yes,False,false_negative,"Although victims’ rights include social rehabilitation and social reintegration, and community participation mentions roles in rehabilitation/reintegration, the provided sentences do not identify a specific service unit/institution responsible for delivering rehabilitation/reintegration services (e.g., assigning these functions to P2TP2A or another unit)."
SUMATERA SELATAN OGAN KOMERING ULU,SUMATERA_SELATAN_OGAN_KOMERING_ULU.txt,3.10,Economic support,specialised_support_services,0.8798266996519848,-0.062030792236328125,0.9399133498259924,Yes,Yes,True,match,"The policy explicitly includes “economic empowerment” as part of recovery and social reintegration efforts for victims, indicating economic support/empowerment is provided within the victim recovery framework (not merely general women’s empowerment)."
LAMPUNG PESISIR BARAT,LAMPUNG_PESISIR_BARAT.txt,3.9,Resocialisation services,specialised_support_services,0.8798266996519848,-0.061855316162109375,0.9399133498259924,Yes,Yes,True,match,"The policy links rehabilitation-stage handling to the victim assistance framework by assigning assistants duties to provide continuous handling up to the rehabilitation stage, indicating rehabilitation/resocialisation support within a victim support mechanism."
LAMPUNG PRINGSEWU,LAMPUNG_PRINGSEWU.txt,4.4,Prevention through education,primary_prevention,0.8798266996519848,-0.061985015869140625,0.9399133498259924,Yes,Yes,True,match,"Within the chapter on prevention, the policy explicitly includes increasing the quantity and quality of education (formal, non-formal, informal) as one of the government’s efforts to prevent acts of violence against women and children, satisfying the requirement that education be presented as a prevention mechanism."
SULAWESI TENGGARA KONAWE,SULAWESI_TENGGARA_KONAWE.txt,2.3,Data collection systems,institutional_mechanism,0.8798266996519848,-0.06191253662109375,0.060086650174007626,No,No,True,match,"The candidate sentences include a reporting obligation by PPT to the Regent, but they describe reporting on implementation (administration, finance, services, performance) without explicitly linking this to collecting/recording/managing data on violence cases or victims. Under the coding rules, ordinary administrative reporting not clearly involving VAW case data is insufficient."
KALIMANTAN BARAT SAMBAS,KALIMANTAN_BARAT_SAMBAS.txt,2.3,Data collection systems,institutional_mechanism,0.8798266996519849,-0.061893463134765625,0.9399133498259925,Yes,Yes,True,match,"The policy explicitly includes “exchange of data and information” as a form of cooperation to achieve the objectives of protection from violence, which links data/information handling to the violence-protection framework. This constitutes an explicit data/information function (exchange) connected to violence against women and children, meeting the criterion even without detailing a dedicated system or responsible entity."
