fullname,filename,indicator_id,indicator_value,dimension,golden_label,pred_label,value,pred_value,error_type,confidence,evidence,rationale,discrepancy_root_cause
ACEH BIREUEN,ACEH_BIREUEN.txt,3.3,Reporting/hotline service,specialised_support_services,Yes,No,1.0,0.0,false_negative,0.9540452601799487,,"The text notes victims’ rights including “complaint handling” and encourages reporting to local authorities, but it does not explicitly establish or describe a concrete mechanism/service/channel (e.g., hotline, designated complaint intake unit, SOP for receiving complaints) for receiving reports/complaints of violence; the references remain general or rights-based without specifying an intake mechanism.",Reference only
ACEH BIREUEN,ACEH_BIREUEN.txt,3.7,Psychosocial counselling,specialised_support_services,Yes,No,1.0,0.0,false_negative,0.24491866240370913,,"The text refers to psychological recovery and assistance “psychologically,” but it does not explicitly describe counselling/therapy/psychosocial support services or identify psychological professionals as service providers; the references are framed as recovery/assistance without specifying counselling services.",Reference only
ACEH BIREUEN,ACEH_BIREUEN.txt,4.4,Prevention through education,primary_prevention,Yes,No,1.0,0.0,false_negative,1.0,,"Although the policy lists “conducting education on anti-violence values against women” as a prevention effort, the candidate sentences do not explicitly involve formal education instruments or institutions (e.g., schools, curricula, teaching/learning materials, education sector bodies) as the prevention mechanism, which is required by the coding rules for this indicator.",Reference only
ACEH BIREUEN,ACEH_BIREUEN.txt,5.4,Education institutions engagement,stakeholder_engagement,No,Yes,0.0,1.0,false_positive,0.9998626756131501,"improve coordination, integration, synchronization, and synergy between SKPK with all stakeholders including religious organizations, professional organizations, academics, the private sector and the wider community in efforts to improve the quality of women's protection;","Academics are explicitly listed among “all stakeholders” with whom coordination/synergy is to be improved to enhance the quality of women’s protection, which meets the criterion for engaging the education sector as stakeholders in implementation/coordination.",Reference only
ACEH BIREUEN,ACEH_BIREUEN.txt,6.8,Women in legal process,intersectional_approach,No,Yes,0.0,1.0,false_positive,0.9642290901249262,"14. Special Protection is protection provided to women and children in emergency situations, women and children in conflict with the law, women and children from minority and isolated groups, women and children who are exploited economically and/or sexually, women and children who are trafficked, women and children who are victims of kidnapping, sale, trafficking, women and children victims of violence both physical and/or mental.","The policy’s definition of “Special Protection” explicitly includes women (and children) in conflict with the law, which meets the criterion even without detailing specific services for suspects/defendants/perpetrators/witnesses.",Reference only
ACEH BIREUEN,ACEH_BIREUEN.txt,7.3,International donors,budget_funding_sources,No,Yes,0.0,1.0,false_positive,1.0,"f. coordinating the participation of the business sector and other institutions, including international assistance for the protection of women; and","The policy explicitly references coordinating participation of institutions including international assistance for the protection of women, which meets the criterion for international support involvement.",Reference only
ACEH SUBULUSSALAM KOTA,ACEH_SUBULUSSALAM_KOTA.txt,1.2,Sexual violence,scope_of_violence,No,Yes,0.0,1.0,false_positive,0.9997558742755548,"13. Violence is any act against a person, especially women, which results in misery or suffering physically, psychologically, sexually and/or domestic neglect including threats to commit acts, coercion, or deprivation of liberty unlawfully, whether within or outside the scope of the household.","The definition of “Violence” explicitly includes suffering that is “sexually” caused, which places sexual violence within the policy’s defined scope.",Reference only
ACEH SUBULUSSALAM KOTA,ACEH_SUBULUSSALAM_KOTA.txt,5.2,Religious engagement,stakeholder_engagement,Yes,No,1.0,0.0,false_negative,0.9997635027533704,,"The candidate sentences reference religious sharia and the use of religious funds (via Baitul Mal), but they do not identify religious organizations, religious leaders/clergy, or faith-based actors as partners or implementers in services, prevention, coordination, or counselling. Under the coding rules, religious values/funding alone is insufficient.",Reference only
BALI BADUNG,BALI_BADUNG.txt,3.7,Psychosocial counselling,specialised_support_services,Yes,No,1.0,0.0,false_negative,0.9997253606552938,,"The candidate sentences refer to restoration of psychological health and to health rehabilitation including psychological aspects, but they do not explicitly describe psychosocial/psychological counselling, therapy, trauma counselling, or provision by psychologists/counsellors as a service.",Reference only
BALI BADUNG,BALI_BADUNG.txt,4.1,Information and education about VAW,primary_prevention,Yes,No,1.0,0.0,false_negative,0.9868749213128898,,"The candidate sentences mention prevention of violence and community obligations to provide information/report acts of violence, and separately mention “socialization of the rights of Women and Children.” However, none of the retrieved sentences explicitly describe awareness-raising/education/communication activities that provide education or information about violence against women itself or anti-violence norms/values as a preventive measure (as required by the coding rules).",Reference only
BALI BADUNG,BALI_BADUNG.txt,6.2,Women victims of trafficking,intersectional_approach,No,Yes,0.0,1.0,false_positive,1.0,"7. Law Number 21 of 2007 concerning the Eradication of the Criminal Act of Trafficking in Persons (State Gazette of the Republic of Indonesia of 2007 Number 58, Supplement to the State Gazette of the Republic of Indonesia Number 4720);","The policy’s legal basis explicitly cites a national law on the eradication of trafficking in persons, which (per the coding rules) is sufficient to indicate trafficking cases/victims are within scope.",Reference only
BALI BANGLI,BALI_BANGLI.txt,1.5,Economic violence,scope_of_violence,Yes,No,1.0,0.0,false_negative,0.1243530017715962,,"While the policy’s general definition of violence mentions neglect, it does not explicitly identify economic violence/abuse/exploitation or define violence against women as including economic suffering, nor does it describe economic-control behaviors or economic deprivation as violence against women in the provided sentences.",Reference only
BALI BANGLI,BALI_BANGLI.txt,4.1,Information and education about VAW,primary_prevention,Yes,No,1.0,0.0,false_negative,1.0,,"The candidate sentences mention prevention of violence and community responsibilities such as providing information/reporting violence, but they do not describe awareness-raising/education/socialisation activities that provide education or information specifically about violence against women or anti-violence values as a preventive measure. The only explicit socialisation mentioned is about women’s and children’s rights, which is excluded by the coding rules.",Reference only
BALI BANGLI,BALI_BANGLI.txt,4.2,Gender equality education,primary_prevention,Yes,No,1.0,0.0,false_negative,0.9991533164758752,,"Although the policy lists “justice and gender equality” as a principle and mentions community “socialization of Women and Children's rights,” the retrieved sentences do not explicitly situate such socialisation/education as a strategy to prevent violence against women, as required by the coding rules. The text also does not specify educational activities about gender equality/women’s rights as a prevention measure beyond general recognition/participation.",Reference only
BALI BANGLI,BALI_BANGLI.txt,6.2,Women victims of trafficking,intersectional_approach,No,Yes,0.0,1.0,false_positive,1.0,"6. Law Number 21 of 2007 concerning Eradication of the Criminal Act of Trafficking in Persons (State Gazette of the Republic of Indonesia of 2007 Number 58, Supplement to the State Gazette of the Republic of Indonesia Number 4720);","The policy’s legal foundation explicitly references the national law on eradication of trafficking in persons, which (per the coding rules) is sufficient to indicate trafficking cases/victims are within scope.",Reference only
BALI BULELENG,BALI_BULELENG.txt,4.4,Prevention through education,primary_prevention,Yes,No,1.0,0.0,false_negative,0.9987949188651009,,"Although the policy includes “education on the dangers of domestic violence” as a prevention activity, the coding rules require a more formal education instrument or explicit involvement of education institutions via curricula/materials/school-based programs; the retrieved sentences only mention education in broad terms and list educational institutions as obligated actors without specifying school-based/curricular prevention mechanisms.",Reference only
BALI BULELENG,BALI_BULELENG.txt,6.2,Women victims of trafficking,intersectional_approach,No,Yes,0.0,1.0,false_positive,1.0,"7. Law Number 21 of 2007 concerning the Eradication of the Criminal Act of Trafficking in Persons (State Gazette of the Republic of Indonesia Year 2007 Number 58, Supplement to the State Gazette of the Republic of Indonesia Number 4720);","The policy’s legal foundation explicitly cites national legislation on trafficking in persons, which (per the coding rules) is sufficient to indicate trafficking cases/victims are within scope.",Reference only
BALI TABANAN,BALI_TABANAN.txt,2.3,Data collection systems,institutional_mechanism,No,Yes,0.0,1.0,false_positive,0.35835739835078595,1. The Regent is responsible for preparing reports on the implementation of Minimum Service Standards for Integrated Services for Women and Children Victims of Violence and submitting them to the Governor with copies submitted to the State Minister for Women's Empowerment and Child Protection and the Minister of Home Affairs.,The policy assigns the Regent responsibility for preparing and submitting reports on implementation of minimum service standards for integrated services for women and children victims of violence. This is an explicit reporting responsibility directly linked to violence-related service implementation (though it does not detail a dedicated data system).,Reference only
BALI TABANAN,BALI_TABANAN.txt,4.2,Gender equality education,primary_prevention,Yes,No,1.0,0.0,false_negative,0.9950013741801509,,"While the policy mentions “justice and gender equality” as a principle and allows community “socialization of women's and children's rights,” the retrieved sentences do not explicitly situate such education/awareness as a strategy to prevent violence against women (a required condition in the coding rules).",Reference only
BANTEN TANGERANG SELATAN KOTA,BANTEN_TANGERANG_SELATAN_KOTA.txt,4.4,Prevention through education,primary_prevention,Yes,No,1.0,0.0,false_negative,1.0,,"Although the policy mentions “conducting education on anti-violence values” as a prevention effort, the candidate sentences do not explicitly identify formal education instruments or institutions (e.g., schools, curricula, teaching/learning materials, education institutions) as the prevention mechanism, which is required by the coding rules for this indicator.",Reference only
BENGKULU KEPAHIANG,BENGKULU_KEPAHIANG.txt,1.8,Human trafficking,scope_of_violence,No,Yes,0.0,1.0,false_positive,0.999847417929993,"11. Law Number 21 of 2007 concerning the Eradication of the Criminal Act of Trafficking in Persons (State Gazette of the Republic of Indonesia of 2007 Number 58, Supplement to the State Gazette of the Republic of Indonesia Number 4720);","The policy includes human trafficking by citing a national law on the eradication of trafficking in persons in its legal foundation, which is sufficient under the coding rules.",Reference only
BENGKULU KEPAHIANG,BENGKULU_KEPAHIANG.txt,4.1,Information and education about VAW,primary_prevention,Yes,No,1.0,0.0,false_negative,0.9865263028897249,,"The retrieved sentences describe prevention efforts including socialization of laws/regulations related to rights and protection against violence and critical education about the rights of women and children. However, the coding rules exclude education/awareness about women’s rights and about laws/regulations related to VAW; and none of the sentences explicitly describe education/awareness about violence against women itself, anti-violence norms, or protection from violence (beyond legal socialization).",Reference only
BENGKULU KEPAHIANG,BENGKULU_KEPAHIANG.txt,4.4,Prevention through education,primary_prevention,Yes,No,1.0,0.0,false_negative,1.0,,"Although the policy includes “critical education” as part of prevention, the retrieved sentences do not explicitly involve formal education instruments or institutions (e.g., schools, curricula, teaching/learning materials, education sector bodies) as a prevention mechanism. A general mention that community roles may be carried out by educational institutions does not specify an education-based prevention strategy or program.",Reference only
BENGKULU KEPAHIANG,BENGKULU_KEPAHIANG.txt,6.2,Women victims of trafficking,intersectional_approach,No,Yes,0.0,1.0,false_positive,1.0,"11. Law Number 21 of 2007 concerning the Eradication of the Criminal Act of Trafficking in Persons (State Gazette of the Republic of Indonesia of 2007 Number 58, Supplement to the State Gazette of the Republic of Indonesia Number 4720);","The policy’s legal foundation explicitly cites the national law on trafficking in persons, which the coding rules treat as sufficient to include trafficking cases/victims within scope even without further trafficking-specific measures.",Reference only
BENGKULU REJANG LEBONG,BENGKULU_REJANG_LEBONG.txt,7.3,International donors,budget_funding_sources,No,Yes,0.0,1.0,false_positive,0.9998626756131501,international institutions whose existence is recognized.,"The policy explicitly includes cooperation with “international institutions whose existence is recognized,” which indicates international organizational involvement/support within the implementation framework.",Reference only
BENGKULU SELUMA,BENGKULU_SELUMA.txt,1.6,Harmful practices,scope_of_violence,No,Yes,0.0,1.0,false_positive,1.0,preventing marriage at child age;,"The policy explicitly mentions preventing marriage at child age, which is a harmful practice under the coding rules.",Reference only
BENGKULU SELUMA,BENGKULU_SELUMA.txt,4.3,VAW laws awareness,primary_prevention,No,Yes,0.0,1.0,false_positive,0.9997558742755548,Conducting socialization of laws and regulations related to the implementation of protection for women and children victims of violence; and,"The policy explicitly includes, within the described protection program components, socialization of laws and regulations related to implementing protection for women and children victims of violence, which constitutes an information/education activity about relevant laws/regulations in the context of preventing/handling violence.",Reference only
BENGKULU SELUMA,BENGKULU_SELUMA.txt,6.1,Women in conflict/disaster areas,intersectional_approach,No,Yes,0.0,1.0,false_positive,0.9867384981227314,"8. Victim is a woman and child who experiences acts of violence and/or threats of violence that include physical, sexual, psychological, economic and/or social violence, in the family, community and/or society, in conflict situations, post-conflict, and the state.","The policy’s definition of “Victim” explicitly includes women (and children) experiencing violence “in conflict situations” and “post-conflict,” indicating women in conflict contexts are within the protected group and thus covered by the protection/services/recovery framework.",Reference only
DI YOGYAKARTA BANTUL,DI_YOGYAKARTA_BANTUL.txt,2.4,Gender mainstreaming institutionalisation,institutional_mechanism,No,Yes,0.0,1.0,false_positive,0.7039056039366209,"This Presidential Instruction affirms that all Ministries and non-Ministerial government institutions in the National Government, Provinces, and Regencies/Cities must carry out gender mainstreaming in planning, implementation, monitoring, and evaluation of development policies and programs.","The text explicitly states that government institutions must carry out gender mainstreaming in planning, implementation, monitoring, and evaluation of development policies and programs, which constitutes an institutional requirement for gender mainstreaming as a mechanism (even if not restated elsewhere in operational provisions).",Reference only
DI YOGYAKARTA BANTUL,DI_YOGYAKARTA_BANTUL.txt,3.2,Police specialised service unit,specialised_support_services,No,Yes,0.0,1.0,false_positive,1.0,"The PPT is equipped with companions from educators, doctors, psychologists, clerics/religious leaders and networked with lawyers for women and children as well as the RPK Unit at the Police.","The policy explicitly refers to the “RPK Unit at the Police” as part of the network supporting the PPT, which is a recognised specialised police victim service unit for women/children victims of violence.",Reference only
DI YOGYAKARTA BANTUL,DI_YOGYAKARTA_BANTUL_v2.txt,2.2,Collaboration with NGOs,institutional_mechanism,Yes,No,1.0,0.0,false_negative,0.996059490038474,,"While the policy defines an ""Institution"" as including NGOs, the provided sentences do not explicitly state any cooperation/partnership mechanism with NGOs or non-government service providers, nor do they specify NGO participation in FPKK/PPT or other coordination arrangements.",Reference only
DI YOGYAKARTA BANTUL,DI_YOGYAKARTA_BANTUL_v2.txt,2.3,Data collection systems,institutional_mechanism,No,Yes,0.0,1.0,false_positive,1.0,"collect, compile and present reports on cases of violence.","The policy assigns FPKK the function to collect, compile, and present reports on cases of violence, explicitly linking data-related activities to violence cases.",Reference only
DI YOGYAKARTA BANTUL,DI_YOGYAKARTA_BANTUL_v2.txt,2.4,Gender mainstreaming institutionalisation,institutional_mechanism,Yes,No,1.0,0.0,false_negative,1.0,,"The candidate sentences mention gender equality/justice and gender-responsive budgeting, but do not establish or require gender mainstreaming as an institutional mechanism (e.g., no mainstreaming mandate, focal points, or institutional arrangements for mainstreaming).",Reference only
DI YOGYAKARTA BANTUL,DI_YOGYAKARTA_BANTUL_v2.txt,4.4,Prevention through education,primary_prevention,Yes,No,1.0,0.0,false_negative,0.703905603936621,,"While the policy mentions “critical education,” “training,” and that prevention efforts can be carried out by educational institutions, the retrieved sentences do not explicitly identify formal education instruments (e.g., school-based programs, curricula, teaching/learning materials) as a prevention mechanism for violence against women/children. The references to educational institutions are not clearly tied to delivering education content as a prevention strategy in the way required by the coding rules.",Reference only
DI YOGYAKARTA GUNUNGKIDUL,DI_YOGYAKARTA_GUNUNGKIDUL.txt,3.1,Integrated service unit,specialised_support_services,No,Yes,0.0,1.0,false_positive,1.0,"2. The Regional Government establishes a Networked P2TP2A as an integrated service center by Regent's Decree.
(3) The Networked P2TP2A as referred to in paragraph (2) is a functional work unit that has the duty and function of providing protection to women and children from acts of violence.","The policy explicitly establishes an integrated service center (Networked P2TP2A) and defines it as a functional work unit tasked with providing protection/services for women (and children) victims of violence, meeting the requirement for an integrated service unit/one-stop mechanism.",Reference only
DI YOGYAKARTA GUNUNGKIDUL,DI_YOGYAKARTA_GUNUNGKIDUL.txt,3.2,Police specialised service unit,specialised_support_services,No,Yes,0.0,1.0,false_positive,1.0,"This service unit may be located at Integrated Service Centers (PPT) and Integrated Crisis Centers (PKT) based in Hospitals, Community Health Centers, Women and Children Service Units (UPPA), Trauma Center Shelters (RPTC), Children's Social Shelters (RPSA), BP4, and other religious institutions, prosecutors' offices, courts, Women Crisis Centers (WCC), and other similar institutions.","The policy explicitly references Women and Children Service Units (UPPA) as a possible location for the integrated service unit, which constitutes recognition of a specialised police-based unit for women/child victims of violence.",Reference only
DI YOGYAKARTA GUNUNGKIDUL,DI_YOGYAKARTA_GUNUNGKIDUL.txt,5.4,Education institutions engagement,stakeholder_engagement,Yes,No,1.0,0.0,false_negative,0.9983069913882454,,"The candidate sentences mention education as a field for gender mainstreaming and list “education” among government work-unit fields, but they do not identify schools, universities, academics, or education institutions as stakeholders/partners with an active role in prevention, services, coordination, or capacity building.",Reference only
DI YOGYAKARTA GUNUNGKIDUL,DI_YOGYAKARTA_GUNUNGKIDUL_v2.txt,4.4,Prevention through education,primary_prevention,Yes,No,1.0,0.0,false_negative,0.809301070201781,,"Although the policy includes “education about the dangers of domestic violence” as a prevention effort, it does not explicitly identify formal education instruments or institutions (e.g., schools, curricula, teaching/learning materials, education centers, or education-sector bodies) as the prevention mechanism, which is required by the coding rules for this indicator.",Reference only
DI YOGYAKARTA KULON PROGO,DI_YOGYAKARTA_KULON_PROGO.txt,4.2,Gender equality education,primary_prevention,Yes,No,1.0,0.0,false_negative,0.35835739835078595,,"While the text mentions critical education about rights and includes training on gender equality and justice, the retrieved sentences frame this as critical education for women victims (a response/empowerment measure) rather than explicitly as a primary prevention activity to prevent violence against women. Other mentions (e.g., defining gender equality; education on non-discrimination values) are not clearly situated as prevention measures for VAW in the provided sentences under the coding rules.",Reference only
DI YOGYAKARTA KULON PROGO,DI_YOGYAKARTA_KULON_PROGO.txt,4.4,Prevention through education,primary_prevention,Yes,No,1.0,0.0,false_negative,0.9898178773297992,,"The retrieved sentences mention “critical education” and note that educational institutions can participate in prevention efforts, but they do not explicitly identify formal education instruments (e.g., school-based programs, curricula, teaching/learning materials) as a prevention mechanism for violence against women/children. The references are broad (socialization/critical education) and do not meet the criterion’s requirement for explicit education-institution instruments used as prevention.",Reference only
DI YOGYAKARTA SLEMAN,DI_YOGYAKARTA_SLEMAN.txt,4.2,Gender equality education,primary_prevention,No,Yes,0.0,1.0,false_positive,0.9413755384972873,"conducting education on non-discrimination values against women and children;
coordinating and synchronizing prevention, services, and empowerment for victims of violence against women and children;","The policy assigns the FPKK duties that include conducting education on non-discrimination values against women and children, and situates these duties within prevention functions for victims of violence against women and children, meeting the requirement for educational activities about non-discrimination as a VAW prevention measure.",Reference only
DI YOGYAKARTA SLEMAN,DI_YOGYAKARTA_SLEMAN.txt,5.6,Media engagement,stakeholder_engagement,No,Yes,0.0,1.0,false_positive,0.35835739835078595,"What is meant by ""socialization"" is the dissemination of information on laws and regulations carried out through mass media, electronic media, and/or direct counseling to the community.","The policy assigns mass media/electronic media a role in implementing “socialization” (dissemination of information on laws and regulations), which constitutes engaging media in awareness/prevention-related activities under the coding rules.",Reference only
DI YOGYAKARTA SLEMAN,DI_YOGYAKARTA_SLEMAN.txt,7.1,Local government budget,budget_funding_sources,No,Yes,0.0,1.0,false_positive,0.9995422887110232,"What is meant by ""facilitated by the Village Government"" is assistance in forming forums at the Village level, including providing financing in organizing activities, monitoring, and evaluating women's empowerment and protection of child victims of violence.","The text explains that facilitation by the Village Government includes providing financing for organizing activities, which constitutes a local (village-level) government budget/funding source.",Reference only
GORONTALO GORONTALO,GORONTALO_GORONTALO.txt,1.8,Human trafficking,scope_of_violence,No,Yes,0.0,1.0,false_positive,0.9999084493610688,"7. Law Number 21 of 2007 concerning the Eradication of the Criminal Act of Trafficking in Persons (State Gazette of the Republic of Indonesia of 2007 Number 58, Supplement to the State Gazette of the Republic of Indonesia Number 4720);","The policy cites a national law on the eradication of trafficking in persons in its legal foundation, which is sufficient to code inclusion of human trafficking.",Reference only
GORONTALO GORONTALO,GORONTALO_GORONTALO.txt,4.1,Information and education about VAW,primary_prevention,Yes,No,1.0,0.0,false_negative,0.9719996120795404,,"The retrieved sentences mention prevention efforts including socialization about laws/regulations and critical education about the rights of women and children, plus education on non-discrimination values. However, the coding rules for this indicator exclude education/awareness about women’s rights, gender equality, and education about laws/regulations related to VAW; and none of the cited sentences explicitly describe education/awareness specifically about violence against women, protection from violence, or anti-violence norms/values as the content of the education.",Reference only
GORONTALO GORONTALO,GORONTALO_GORONTALO.txt,4.4,Prevention through education,primary_prevention,Yes,No,1.0,0.0,false_negative,0.9997406174072243,,"While the text mentions “critical education” and identifies “educational institutions” among actors involved in prevention, it does not explicitly specify formal education instruments (e.g., school-based programs, curricula, teaching/learning materials, learning centers) as a prevention mechanism, as required by the coding rules. The references are broad education/socialization activities without explicit formal education components.",Reference only
GORONTALO GORONTALO,GORONTALO_GORONTALO.txt,6.2,Women victims of trafficking,intersectional_approach,No,Yes,0.0,1.0,false_positive,1.0,"7. Law Number 21 of 2007 concerning the Eradication of the Criminal Act of Trafficking in Persons (State Gazette of the Republic of Indonesia of 2007 Number 58, Supplement to the State Gazette of the Republic of Indonesia Number 4720);","The policy’s legal foundation explicitly cites the national law on eradication of trafficking in persons, which (per the coding rules) is sufficient to indicate trafficking cases/victims are intended to be covered within scope.",Reference only
GORONTALO GORONTALO KOTA,GORONTALO_GORONTALO_KOTA.txt,1.8,Human trafficking,scope_of_violence,No,Yes,0.0,1.0,false_positive,0.9999465949513187,"7. Law Number 21 of 2007 concerning the Eradication of the Criminal Act of Trafficking in Persons (State Gazette of the Republic of Indonesia of 2007 Number 58, Supplement to the State Gazette of the Republic of Indonesia Number 4720);","The policy’s legal basis explicitly cites a national law on the eradication of trafficking in persons, which satisfies the criterion that trafficking legislation/legal frameworks in the legal foundation count as inclusion.",Reference only
GORONTALO GORONTALO KOTA,GORONTALO_GORONTALO_KOTA.txt,4.4,Prevention through education,primary_prevention,Yes,No,1.0,0.0,false_negative,0.9994812684541132,,"Although the policy mentions “critical education” and “education on non-discrimination values” in the context of prevention, the coding rules require education to be presented through formal education instruments or explicit involvement of education institutions (e.g., schools, curricula, teaching/learning materials, learning/training centres, or education-sector bodies) as a prevention mechanism. The retrieved sentences do not specify curricula, school-based programs, educational materials, or education-institution-led initiatives as the prevention strategy; merely listing education/socialisation in broad terms is explicitly excluded.",Reference only
GORONTALO GORONTALO KOTA,GORONTALO_GORONTALO_KOTA.txt,6.2,Women victims of trafficking,intersectional_approach,No,Yes,0.0,1.0,false_positive,0.9998626756131501,"7. Law Number 21 of 2007 concerning the Eradication of the Criminal Act of Trafficking in Persons (State Gazette of the Republic of Indonesia of 2007 Number 58, Supplement to the State Gazette of the Republic of Indonesia Number 4720);","The policy’s legal basis explicitly cites the national law on eradication of trafficking in persons, which (per coding rules) is sufficient to indicate trafficking cases/victims are within scope even without further trafficking-specific measures in the retrieved sentences.",Reference only
GORONTALO GORONTALO UTARA,GORONTALO_GORONTALO_UTARA.txt,4.4,Prevention through education,primary_prevention,Yes,No,1.0,0.0,false_negative,0.925346225311741,,"Although the policy includes “providing education on the dangers of domestic violence” as a prevention activity, the retrieved text does not identify formal education instruments or school/education-institution-based programs (e.g., curricula, teaching materials, school initiatives) as the prevention mechanism, which the coding rules require for this indicator.",Reference only
GORONTALO GORONTALO UTARA,GORONTALO_GORONTALO_UTARA.txt,6.2,Women victims of trafficking,intersectional_approach,No,Yes,0.0,1.0,false_positive,0.9998245316235193,"6. Law Number 21 of 2007 concerning the Eradication of the Criminal Act of Trafficking in Persons (State Gazette of the Republic of Indonesia of 2007 Number 58, Supplement to the State Gazette of the Republic of Indonesia Number 4720);","The policy’s legal foundation explicitly cites a national law on trafficking in persons, which the coding rules treat as sufficient evidence that trafficking cases/victims are intended to be covered.",Reference only
JAMBI BUNGO,JAMBI_BUNGO.txt,6.2,Women victims of trafficking,intersectional_approach,No,Yes,0.0,1.0,false_positive,1.0,"11. Trafficking in Persons is the act of recruitment, transportation, harboring, sending, transfer, or receipt of a person by threat of violence, use of violence, abduction, confinement, forgery, fraud and abuse of power or vulnerable position, debt bondage or giving payment or benefits, so as to obtain consent from the person holding control over that other person, whether carried out within the country or between countries, for the purpose of exploitation or resulting in the person being exploited.
7. Law Number 21 of 2007 concerning Eradication of the Criminal Act of Trafficking in Persons (State Gazette of the Republic of Indonesia of 2007 Number 58, Supplement to the State Gazette of the Republic of Indonesia Number 4720);","The policy explicitly includes trafficking in persons via a definition and also cites national anti-trafficking legislation in its legal basis, which meets the criterion for including trafficking within scope.",Reference only
JAMBI SAROLANGUN,JAMBI_SAROLANGUN.txt,1.5,Economic violence,scope_of_violence,Yes,No,1.0,0.0,false_negative,0.9979487455021472,,"The retrieved sentences discuss “economic protection” and vulnerability/social vulnerability, but they do not explicitly frame economic abuse/exploitation/neglect as a form of violence against women, nor do they define economic violence within the scope of violence against women.",Reference only
JAMBI SAROLANGUN,JAMBI_SAROLANGUN.txt,2.3,Data collection systems,institutional_mechanism,Yes,No,1.0,0.0,false_negative,0.999732989016709,,"The candidate sentences mention developing “gender and child data systems,” but they do not explicitly link any data collection/recording/monitoring/reporting system to violence against women, victims of violence, or violence cases as required by the coding rules. No agency duty to collect or manage VAW case/victim data is stated in the provided text.",Reference only
JAMBI SAROLANGUN,JAMBI_SAROLANGUN.txt,3.7,Psychosocial counselling,specialised_support_services,Yes,No,1.0,0.0,false_negative,0.9984365855059505,,"The candidate sentences mention rehabilitation/reintegration and list categories including psychological violence, but they do not explicitly provide psychosocial/psychological counselling, therapy, trauma counselling, or identify psychological professionals as service providers.",Reference only
JAMBI SAROLANGUN,JAMBI_SAROLANGUN.txt,3.10,Economic support,specialised_support_services,Yes,No,1.0,0.0,false_negative,0.996272703580106,,"Although the policy provides women’s economic empowerment measures (skills/job training, capital assistance, business group development), the retrieved sentences do not explicitly specify that these economic supports are available to women victims of violence, which is required by the coding rules.",Reference only
JAMBI SAROLANGUN,JAMBI_SAROLANGUN.txt,4.3,VAW laws awareness,primary_prevention,Yes,No,1.0,0.0,false_negative,1.0,,"The candidate sentences include general legal empowerment via communication/information/education services and socialization about women empowerment and child protection policies, but they do not specify that the information/education is about laws/regulations/policies on violence against women (e.g., domestic violence, sexual violence, trafficking) as a prevention strategy. Listing national laws in the preamble is not an education/awareness activity.",Reference only
JAMBI SAROLANGUN,JAMBI_SAROLANGUN.txt,7.3,International donors,budget_funding_sources,No,Yes,0.0,1.0,false_positive,0.9998626756131501,"coordinating the participation of the business world and other institutions, including international assistance for women empowerment and child protection; and","The policy explicitly mentions coordinating participation of institutions including international assistance for women empowerment and child protection, which meets the criterion for international support involvement.",Reference only
JAWA BARAT BANDUNG,JAWA_BARAT_BANDUNG.txt,2.4,Gender mainstreaming institutionalisation,institutional_mechanism,Yes,No,1.0,0.0,false_negative,0.9998550467570206,,"The candidate sentences reference strengthening “Gender institutions” and broader gender justice/equality principles, but they do not explicitly require or establish gender mainstreaming as an institutional mechanism (e.g., mainstreaming in planning/budgeting/service delivery or a gender mainstreaming working group/focal point).",Reference only
JAWA BARAT BANDUNG,JAWA_BARAT_BANDUNG.txt,4.3,VAW laws awareness,primary_prevention,Yes,No,1.0,0.0,false_negative,0.8798266996519848,,"Although the policy mentions socialization and education activities and separately mentions “socialization of laws and regulations related to the Protection of Women Victims of Violence and Discrimination Against Women,” the retrieved sentences do not explicitly situate that laws/regulations socialization as a prevention strategy for VAW (the prevention article lists other socialization items but not laws/regulations). Under the coding rules, the legal-awareness activity must be explicitly presented as a prevention measure.",Reference only
JAWA BARAT BANDUNG,JAWA_BARAT_BANDUNG.txt,4.4,Prevention through education,primary_prevention,Yes,No,1.0,0.0,false_negative,0.9961356351176038,,"The policy mentions education in broad terms and includes “seek to improve education for Women” under a prevention article, but it does not explicitly identify formal education instruments (schools, curricula, teaching/learning materials, education institutions) as the prevention mechanism. The coding rules exclude broad mentions of education without explicit involvement of education institutions or formal education instruments.",Reference only
JAWA BARAT BANDUNG BARAT,JAWA_BARAT_BANDUNG_BARAT.txt,1.2,Sexual violence,scope_of_violence,Yes,No,1.0,0.0,false_negative,0.3583573983507859,,"Within the provided sentences, the policy does not explicitly mention sexual violence/rape/sexual harassment/sexual abuse, nor does it clearly classify sexual violence as a covered form of violence. References to women suffering “sexually” in a general definition of violence against women and to “sexual exploitation” do not explicitly establish sexual violence as a category under the criterion’s required terms.",Reference only
JAWA BARAT BANDUNG BARAT,JAWA_BARAT_BANDUNG_BARAT.txt,5.3,Traditional/cultural engagement,stakeholder_engagement,No,Yes,0.0,1.0,false_positive,1.0,"3. The KLA Task Force shall consist of representatives from the Regional Government, Child Representatives, and may involve related Agencies, the business community, religious/community/customary leaders, and the community.","The policy states that customary leaders may be involved in the KLA Task Force, which is an implementation/coordination structure, thereby engaging traditional/customary leaders.",Reference only
JAWA BARAT BANDUNG KOTA,JAWA_BARAT_BANDUNG_KOTA.txt,1.10,Technology-facilitated violence,scope_of_violence,No,Yes,0.0,1.0,false_positive,1.0,the right to protection from violence in digital space including cyber harassment;,"The policy explicitly recognizes violence in digital space, including cyber harassment, as something women have a right to protection from, which meets the criterion for technology-facilitated violence.",Reference only
JAWA BARAT BANDUNG KOTA,JAWA_BARAT_BANDUNG_KOTA.txt,2.4,Gender mainstreaming institutionalisation,institutional_mechanism,Yes,No,1.0,0.0,false_negative,0.6351489523872873,,"The text mentions strengthening gender mainstreaming institutions and strategies in a general explanatory section, but the provided sentences do not establish or require gender mainstreaming as an institutional mechanism for implementing women’s protection/VAW policies (e.g., no mandated mainstreaming process, focal points, working group, or integration into planning/budgeting responsibilities is specified in the operative provisions shown).",Reference only
JAWA BARAT BANDUNG KOTA,JAWA_BARAT_BANDUNG_KOTA.txt,4.4,Prevention through education,primary_prevention,Yes,No,1.0,0.0,false_negative,0.9999465949513187,,"Although the policy includes prevention via ‘socialization’ and mentions the education sector as a setting where violence occurs, the candidate sentences do not explicitly identify formal education instruments (schools, curricula, teaching/learning materials, education institutions delivering prevention programs) as a prevention mechanism for violence against women/children. References to access to education services for victims are framed as services/assistance rather than education-as-prevention.",Reference only
JAWA BARAT BANJAR KOTA,JAWA_BARAT_BANJAR_KOTA.txt,5.6,Media engagement,stakeholder_engagement,No,Yes,0.0,1.0,false_positive,0.6351489523872873,"What is meant by ""socialization"" is the dissemination of information on laws and regulations carried out through mass media, electronic media, and/or direct outreach to the community.","The policy assigns mass media/electronic media a role in disseminating information on laws and regulations (“socialization”), which is a prevention/awareness function involving media as a stakeholder channel.",Reference only
JAWA BARAT BANJAR KOTA,JAWA_BARAT_BANJAR_KOTA.txt,6.7,Women from minority groups,intersectional_approach,Yes,No,1.0,0.0,false_negative,1.0,,"While the policy includes a broad non-discrimination principle mentioning ethnicity, religion, race, culture, and language, it does not explicitly identify women from minority/isolated/indigenous groups as a specific beneficiary group or provide targeted measures for them.",Reference only
JAWA BARAT BEKASI,JAWA_BARAT_BEKASI.txt,3.10,Economic support,specialised_support_services,No,Yes,0.0,1.0,false_positive,0.9892941981084169,"1. Empowerment of women victims of violence shall be carried out in an integrated manner in accordance with the provisions of laws and regulations.
The organization of Women's Empowerment in the economic field as referred to in Article 23 paragraph (2) letter c shall be implemented by the Regional Apparatus responsible for micro, small and medium enterprises and other related agencies in the form of:","The policy explicitly addresses empowerment of women victims of violence and includes economic empowerment measures (skills/job training, strengthening productive economic groups, marketing networks) as part of that empowerment framework, indicating economic support linked to victims of violence.",Reference only
JAWA BARAT BEKASI,JAWA_BARAT_BEKASI.txt,4.4,Prevention through education,primary_prevention,Yes,No,1.0,0.0,false_negative,0.7615941559557649,,"Although the policy assigns prevention implementation responsibilities to the regional apparatus responsible for education, it does not explicitly describe any education-instrument-based prevention measure (e.g., school-based programs, curricula, teaching/learning materials, or education institutions delivering prevention content). The other education references are general access/empowerment or community education about women’s rights, which the coding rules exclude unless tied to formal education instruments or institutions as a prevention mechanism.",Reference only
JAWA BARAT BEKASI KOTA,JAWA_BARAT_BEKASI_KOTA.txt,3.8,Religious/spiritual counselling,specialised_support_services,No,Yes,0.0,1.0,false_positive,0.9895066890003181,"social, mental and spiritual guidance;","The policy includes “social, mental and spiritual guidance” as a form of service, which qualifies as spiritual/religious guidance/support under the coding rules.",Reference only
JAWA BARAT BEKASI KOTA,JAWA_BARAT_BEKASI_KOTA.txt,6.10,Refugee/forced displacement,intersectional_approach,No,Yes,0.0,1.0,false_positive,0.9716159977388223,"1. Children in emergency situations referred to are children who become refugees, child victims of riots and unrest, child victims of disasters and children in conflict situations.","The policy explicitly mentions refugees in the context of “children in emergency situations” (children who become refugees) and provides protection/needs fulfillment during emergency situations, which constitutes special measures targeted at refugees (albeit for children).",Reference only
JAWA BARAT BEKASI KOTA,JAWA_BARAT_BEKASI_KOTA_v2.txt,3.10,Economic support,specialised_support_services,Yes,No,1.0,0.0,false_negative,0.9994278772568737,,"The cited economic empowerment provisions describe job training, capital assistance, and business/marketing support for women generally, but the candidate sentences do not explicitly specify that these economic supports are available to women victims of violence as part of their recovery/rehabilitation.",Reference only
JAWA BARAT BEKASI KOTA,JAWA_BARAT_BEKASI_KOTA_v2.txt,4.2,Gender equality education,primary_prevention,Yes,No,1.0,0.0,false_negative,0.0,,"While the policy mentions education/socialization about women’s rights, the retrieved sentences do not explicitly situate these women’s rights/gender equality education activities as a strategy to prevent violence against women (the prevention-linked education mentioned is not specified as women’s rights/gender equality education). Under the coding rules, women’s rights education alone is insufficient without an explicit prevention-of-VAW linkage.",Reference only
JAWA BARAT BEKASI KOTA,JAWA_BARAT_BEKASI_KOTA_v2.txt,4.4,Prevention through education,primary_prevention,Yes,No,1.0,0.0,false_negative,0.9540452601799487,,"Although the policy references prevention programs through education/socialization and mentions involvement of the education sector, the retrieved sentences do not explicitly identify formal education instruments (e.g., schools/educational institutions delivering specific educational programs/curricula/materials) as the prevention mechanism. The references remain broad (education/socialization; education sector involvement) and therefore fall under the coding-rule exclusions.",Reference only
JAWA BARAT BEKASI KOTA,JAWA_BARAT_BEKASI_KOTA_v2.txt,6.3,Women workers,intersectional_approach,Yes,No,1.0,0.0,false_negative,0.8093010702017811,,"The cited provisions address women’s equal employment opportunities and require employers to provide general protection related to welfare, safety, and health, but they do not explicitly frame women workers as a group needing protection from violence/exploitation in the workplace as required by the coding rules.",Reference only
JAWA BARAT BEKASI KOTA,JAWA_BARAT_BEKASI_KOTA_v2.txt,7.3,International donors,budget_funding_sources,No,Yes,0.0,1.0,false_positive,1.0,"cooperate with the business sector, non-governmental institutions, private companies, foundations, the education sector and other domestic institutions as well as international institutions, in accordance with the provisions of laws and regulations;","The policy explicitly allows implementation through cooperation with “international institutions,” indicating international involvement/support as part of implementation arrangements (even if no specific donor or amount is named).",Reference only
JAWA BARAT CIMAHI KOTA,JAWA_BARAT_CIMAHI_KOTA.txt,1.8,Human trafficking,scope_of_violence,No,Yes,0.0,1.0,false_positive,1.0,"10. Law Number 21 Year 2007 concerning Eradication of the Criminal Act of Trafficking in Persons (State Gazette of the Republic of Indonesia Year 2007 Number 58, Supplement to the State Gazette of the Republic of Indonesia Number 4720);","The policy cites a national law on eradication of trafficking in persons in its legal basis, which is sufficient to code inclusion of human trafficking under the criterion rules.",Reference only
JAWA BARAT CIMAHI KOTA,JAWA_BARAT_CIMAHI_KOTA.txt,2.3,Data collection systems,institutional_mechanism,Yes,No,1.0,0.0,false_negative,0.9968591582598831,,"The candidate sentences mention building an accessible information system and require periodic reporting by P2TP2A, but they do not explicitly link an information system or data collection/management functions to collecting, recording, compiling, exchanging, or maintaining data on violence cases or victims; the reporting described is framed as implementation reporting (administration/finance/services/performance) rather than a VAW case data system.",Reference only
JAWA BARAT CIMAHI KOTA,JAWA_BARAT_CIMAHI_KOTA.txt,5.2,Religious engagement,stakeholder_engagement,No,Yes,0.0,1.0,false_positive,0.9997024757456467,spiritual field; and,"The policy includes a required counselling division within P2TP2A that covers a ""spiritual"" field, which meets the coding rule that spiritual counselling/guidance is included as a support service for survivors, even though specific religious leaders/organizations are not named.",Reference only
JAWA BARAT CIMAHI KOTA,JAWA_BARAT_CIMAHI_KOTA.txt,6.2,Women victims of trafficking,intersectional_approach,No,Yes,0.0,1.0,false_positive,1.0,"10. Law Number 21 Year 2007 concerning Eradication of the Criminal Act of Trafficking in Persons (State Gazette of the Republic of Indonesia Year 2007 Number 58, Supplement to the State Gazette of the Republic of Indonesia Number 4720);
19. Government Regulation Number 9 Year 2008 concerning Procedures and Mechanisms for Integrated Services for Witnesses and/or Victims of the Criminal Act of Trafficking in Persons (State Gazette of the Republic of Indonesia Year 2008 Number 22, Supplement to the State Gazette of the Republic of Indonesia Number 4818);
30. Regional Regulation of West Java Province Number 3 Year 2008 concerning Prevention and Handling of Victims of Trafficking in Persons in West Java (Regional Gazette of West Java Province Year 2008 Number 2 Series E, Supplement to the Regional Gazette of West Java Province Number 39);","The policy’s legal basis explicitly references trafficking in persons legislation/regulations, which the coding rules treat as sufficient to include trafficking victims within scope even without further trafficking-specific measures.",Reference only
JAWA BARAT CIREBON,JAWA_BARAT_CIREBON.txt,5.2,Religious engagement,stakeholder_engagement,No,Yes,0.0,1.0,false_positive,0.9984060920162849,Right to spiritual services;,"The policy includes “spiritual services” among victims’ rights, which constitutes inclusion of spiritual/religious counselling/support as part of survivor services under the coding rules, even though it does not name specific religious leaders or organisations.",Reference only
JAWA BARAT CIREBON KOTA,JAWA_BARAT_CIREBON_KOTA.txt,1.10,Technology-facilitated violence,scope_of_violence,No,Yes,0.0,1.0,false_positive,1.0,"Various forms of such violence include rape, sexual harassment, human trafficking, domestic violence, sexual exploitation, violence against domestic workers, pornography, bullying, cyber bullying, and cyber porn.","The policy explicitly mentions cyber bullying and cyber porn as forms of violence, which are technology-facilitated forms of violence and therefore meet the coding rules.",Reference only
JAWA BARAT GARUT,JAWA_BARAT_GARUT.txt,2.3,Data collection systems,institutional_mechanism,No,Yes,0.0,1.0,false_positive,0.9976515263967762,exchange of data and information;,"The policy explicitly links cooperation to the exchange of data and information in the context of achieving protection objectives, which are defined throughout the cited material as protection from violence against women and children; this constitutes an explicit data/information exchange function tied to violence-related protection implementation.",Reference only
JAWA BARAT GARUT,JAWA_BARAT_GARUT.txt,5.3,Traditional/cultural engagement,stakeholder_engagement,No,Yes,0.0,1.0,false_positive,0.9994202500593652,community leaders/religious leaders;,"The policy includes community leaders as part of the management composition of the sub-district level task force that organizes integrated protection services and case handling, which meets the criterion’s inclusion of community leaders in implementation structures.",Reference only
JAWA BARAT INDRAMAYU,JAWA_BARAT_INDRAMAYU.txt,1.5,Economic violence,scope_of_violence,Yes,No,1.0,0.0,false_negative,0.9996948475006302,,"The candidate sentences mention economic well-being generally and include an 'economic independence service' for victims, but they do not explicitly identify economic violence/abuse/exploitation/neglect as a form of violence against women, nor include economic harm within the definition/classification of violence. General references to economy or services are insufficient under the coding rules.",Reference only
JAWA BARAT INDRAMAYU,JAWA_BARAT_INDRAMAYU.txt,3.3,Reporting/hotline service,specialised_support_services,Yes,No,1.0,0.0,false_negative,0.6351489523872874,,"The retrieved sentences include administrative reporting by P2TP2A to the Regent and a general statement that the community may report violence to authorities, but they do not explicitly establish or describe a victim-facing mechanism/service/channel for receiving complaints or reports of violence cases.",Reference only
JAWA BARAT INDRAMAYU,JAWA_BARAT_INDRAMAYU.txt,4.4,Prevention through education,primary_prevention,No,Yes,0.0,1.0,false_positive,0.6351489523872874,"disseminating understanding and anti-violence values against Women and Children through IEC (communication, information and education) through communities, schools and universities;","The policy explicitly includes communication, information, and education activities delivered through schools and universities as part of efforts to prevent violence against women and children, indicating involvement of education institutions in prevention.",Reference only
JAWA BARAT INDRAMAYU,JAWA_BARAT_INDRAMAYU.txt,6.2,Women victims of trafficking,intersectional_approach,No,Yes,0.0,1.0,false_positive,1.0,"23. P2TP2A is a form of service facility for women and children in the effort to fulfill information and needs in the fields of education, health, economy, law, protection and prevention of acts of violence and trafficking against women and children.
11. Government Regulation Number 9 Year 2008 concerning Procedures and Mechanisms for Integrated Services for Witnesses and/or Victims of Criminal Acts of Human Trafficking (State Gazette of the Republic of Indonesia Year 2008 Number 22, Supplement to the State Gazette of the Republic of Indonesia Number 4818);","The policy explicitly includes trafficking in its scope by defining P2TP2A as a facility for prevention of violence and trafficking against women and children, and it also cites a national regulation on integrated services for victims of human trafficking in its legal basis, indicating trafficking victims are intended to be covered.",Reference only
JAWA BARAT KARAWANG,JAWA_BARAT_KARAWANG.txt,1.2,Sexual violence,scope_of_violence,Yes,No,1.0,0.0,false_negative,1.0,,"The candidate sentences refer to general violence against women and to 'victims of sexual exploitation,' but do not explicitly mention sexual violence/assault/harassment/rape or otherwise define/classify sexual violence as a covered form of violence.",Reference only
JAWA BARAT KARAWANG,JAWA_BARAT_KARAWANG.txt,1.3,Physical violence,scope_of_violence,Yes,No,1.0,0.0,false_negative,0.9998855623561498,,The candidate sentences discuss 'acts of violence' and 'criminal violence' in general terms but do not explicitly mention physical violence/assault/bodily harm or classify physical violence as a covered type.,Reference only
JAWA BARAT KARAWANG,JAWA_BARAT_KARAWANG.txt,1.4,Psychological violence,scope_of_violence,Yes,No,1.0,0.0,false_negative,0.9999847412691449,,"The candidate sentences include 'psychosocial rehabilitation' as a service component, but they do not explicitly mention psychological/emotional violence or define it as a form/type of violence covered by the policy.",Reference only
JAWA BARAT KARAWANG,JAWA_BARAT_KARAWANG.txt,2.5,Training and capacity building,institutional_mechanism,Yes,No,1.0,0.0,false_negative,0.9998779334127146,,"Although “training” appears as a possible form of cooperation/activity, the sentences do not explicitly mandate the local government or implementing agencies to conduct or ensure training/capacity building for officials/service providers responsible for implementing the policy, as required by the coding rules.",Reference only
JAWA BARAT KARAWANG,JAWA_BARAT_KARAWANG.txt,3.1,Integrated service unit,specialised_support_services,Yes,No,1.0,0.0,false_negative,0.7615941559557649,,"The text states that women victims have a right to “integrated services” and lists types of services (legal aid, medical and psychosocial rehabilitation, reintegration, etc.), but it does not explicitly establish, name, or assign responsibility to a specific integrated service unit/one-stop centre or equivalent mechanism for VAW victims. References to general institutions, regional apparatus, and task forces/forums are not clearly identified as an integrated victim service unit.",Reference only
JAWA BARAT KARAWANG,JAWA_BARAT_KARAWANG.txt,3.3,Reporting/hotline service,specialised_support_services,Yes,No,1.0,0.0,false_negative,0.9997253606552938,,"The policy mentions community participation may take the form of “complaints/reports,” but it does not establish or mandate a specific mechanism/service/channel/unit for receiving and handling reports or complaints of violence cases. Other provisions discuss integrated services and handling, but do not specify a reporting/complaints intake mechanism.",Reference only
JAWA BARAT KARAWANG,JAWA_BARAT_KARAWANG.txt,4.1,Information and education about VAW,primary_prevention,No,Yes,0.0,1.0,false_positive,0.9934266584516671,"1. The Regent establishes policies, programs and activities for the empowerment and protection of women to eliminate all forms of discrimination and acts of violence against women.
socialization;
public communication;
information dissemination;
education;","The policy frames eliminating acts of violence against women as an objective of empowerment/protection policies and then explicitly lists socialization, public communication, information dissemination, and education as forms of cooperation/activities under those policies, which constitutes information/education activities about VAW/anti-violence as a preventive measure.",Reference only
JAWA BARAT KARAWANG,JAWA_BARAT_KARAWANG.txt,7.3,International donors,budget_funding_sources,No,Yes,0.0,1.0,false_positive,1.0,"3. The Regional Apparatus as referred to in paragraph (2) may cooperate with the community, universities, community organizations, other regency/city governments, and/or international institutions in the empowerment and protection of women activities.","The policy states that the responsible regional apparatus may cooperate with ""international institutions"" in women’s empowerment and protection activities, indicating explicit international involvement/support through cooperation.",Reference only
JAWA BARAT MAJALENGKA,JAWA_BARAT_MAJALENGKA.txt,2.6,Monitoring and evaluation,institutional_mechanism,Yes,No,1.0,0.0,false_negative,0.9413755384972873,,"The candidate sentences mention fostering and supervising implementation, but do not explicitly establish monitoring and evaluation (M&E) processes, requirements, indicators, reporting, or evaluation of implementation/service delivery. Supervision alone is not clearly equivalent to M&E based on the provided text.",Reference only
JAWA BARAT PANGANDARAN,JAWA_BARAT_PANGANDARAN.txt,3.10,Economic support,specialised_support_services,Yes,No,1.0,0.0,false_negative,0.999687219284713,,"The candidate sentences describe economic empowerment measures for women generally (skills courses, employment opportunities) and for other categories (e.g., women as family economic supporters), but none explicitly link economic support measures to women victims of violence as required by the coding rules.",Reference only
JAWA BARAT PANGANDARAN,JAWA_BARAT_PANGANDARAN.txt,4.4,Prevention through education,primary_prevention,Yes,No,1.0,0.0,false_negative,0.9999618533911394,,"Although the policy mentions improving education for women as part of preventing violence against women, the candidate sentences do not explicitly identify formal education instruments or institutions (e.g., schools, curricula, teaching materials, education institutions) as the prevention mechanism, which is required by the coding rules.",Reference only
JAWA BARAT PANGANDARAN,JAWA_BARAT_PANGANDARAN.txt,6.8,Women in legal process,intersectional_approach,No,Yes,0.0,1.0,false_positive,0.0,"1. Implementation of Protection for women former inmates of Correctional Institutions in order to provide protection from obstacles to adjusting to life in society, so they can carry out life normally.","The policy explicitly provides protection for women former inmates of correctional institutions, which constitutes women involved in the criminal justice system and thus addresses women in conflict with the law through a specific protected group and measures.",Reference only
JAWA BARAT PURWAKARTA,JAWA_BARAT_PURWAKARTA.txt,4.4,Prevention through education,primary_prevention,Yes,No,1.0,0.0,false_negative,0.9999237075098606,,"The policy includes “providing education about the dangers of domestic violence” under prevention, but the retrieved sentences do not identify formal education instruments or institutions (e.g., schools, curricula, teaching materials, education institutions) as the prevention mechanism, which is required by the coding rules for this indicator.",Reference only
JAWA BARAT PURWAKARTA,JAWA_BARAT_PURWAKARTA.txt,6.5,People with disability,intersectional_approach,Yes,No,1.0,0.0,false_negative,0.9777552474875044,,"The only disability-related reference in the cited text is a prohibition on discriminatory treatment of women and children with disabilities, plus a child-only category of “children with disabilities” under special protection. Under the coding rules, non-discrimination alone and child-only disability provisions are insufficient to count as special protection for women with disabilities or people with disabilities generally.",Reference only
JAWA BARAT PURWAKARTA,JAWA_BARAT_PURWAKARTA.txt,6.8,Women in legal process,intersectional_approach,No,Yes,0.0,1.0,false_positive,1.0,"1. Every woman and child who becomes a witness or perpetrator of violence has the right to receive information, protection, rehabilitation, confidential handling, psychological and legal assistance, as well as fulfillment of their rights related to their status as a wife, mother, child, family member or as a community member.","The policy explicitly includes women who are witnesses or perpetrators of violence as entitled to protection and services, which covers women involved in legal processes as witnesses and perpetrators (i.e., women in conflict with the law in these roles).",Reference only
JAWA BARAT SUMEDANG,JAWA_BARAT_SUMEDANG.txt,4.2,Gender equality education,primary_prevention,Yes,No,1.0,0.0,false_negative,0.9998245316235193,,"While the text includes communication/information/education on gender equality and children’s rights for families, it is not explicitly situated as a strategy to prevent violence against women. The only explicitly VAW-prevention-linked education mentioned is about preventing violence against women (KTP) rather than educating about gender equality/women’s rights as a VAW prevention measure, which the coding rules exclude.",Reference only
JAWA BARAT SUMEDANG,JAWA_BARAT_SUMEDANG.txt,4.3,VAW laws awareness,primary_prevention,Yes,No,1.0,0.0,false_negative,0.9950927001858654,,"The candidate sentences mention socialization/advocacy on KTP and various service/legal provisions, but they do not specify that the socialization/education is about laws, regulations, or policies related to VAW. References to issuing regulations or implementing services are not framed as public/legal awareness education about VAW laws as a prevention strategy.",Reference only
JAWA BARAT SUMEDANG,JAWA_BARAT_SUMEDANG.txt,4.4,Prevention through education,primary_prevention,Yes,No,1.0,0.0,false_negative,0.9999694826547045,,"The only explicit education-as-prevention statement provided is for violence against children (VAC), which the coding rules say is insufficient on its own. For women, the text mentions training and communication/information/education strategies, but it does not explicitly involve formal education instruments (schools, curricula, teaching/learning materials, education institutions) as a prevention mechanism for violence against women.",Reference only
JAWA BARAT SUMEDANG,JAWA_BARAT_SUMEDANG.txt,5.4,Education institutions engagement,stakeholder_engagement,No,Yes,0.0,1.0,false_positive,0.9972476841241391,d. educators and education personnel; and/or,"The policy explicitly includes educators and education personnel among the human resources provided for implementing special protection of children, indicating engagement of the education sector in implementation/capacity for protection services.",Reference only
JAWA BARAT SUMEDANG,JAWA_BARAT_SUMEDANG.txt,6.8,Women in legal process,intersectional_approach,Yes,No,1.0,0.0,false_negative,1.0,,"The cited provisions address women as witnesses/victims and women in conflict (social conflict), but do not explicitly cover women in conflict with the law as suspects/defendants/perpetrators/witnesses; references to conflict with the law appear only for children.",Reference only
JAWA BARAT SUMEDANG,JAWA_BARAT_SUMEDANG.txt,7.3,International donors,budget_funding_sources,No,Yes,0.0,1.0,false_positive,0.9999694826547045,institutions or regional governments abroad.,"The policy explicitly allows regional cooperation with institutions or regional governments abroad, which constitutes an explicit international involvement/support pathway under the coding rules (even without naming a donor or specifying amounts).",Reference only
JAWA BARAT TASIKMALAYA,JAWA_BARAT_TASIKMALAYA.txt,2.3,Data collection systems,institutional_mechanism,Yes,No,1.0,0.0,false_negative,0.35835739835078595,,"While the text mentions a disaggregated gender and child data system and some monitoring/reporting provisions, the candidate sentences do not explicitly link a data collection/management system to violence against women, victims of violence, or VAW case data as required by the coding rules.",Reference only
JAWA BARAT TASIKMALAYA,JAWA_BARAT_TASIKMALAYA.txt,4.4,Prevention through education,primary_prevention,Yes,No,1.0,0.0,false_negative,0.9963640877839939,,"The cited text mentions prevention activities and references the education sector as one of the implementing government affairs, but it does not explicitly identify formal education instruments (e.g., schools, curricula, teaching materials, school-based programs) as a prevention mechanism for violence against women or children. References to ensuring education access/continuity for child victims are service/rights provisions rather than education-as-prevention strategies.",Reference only
JAWA BARAT TASIKMALAYA,JAWA_BARAT_TASIKMALAYA.txt,6.10,Refugee/forced displacement,intersectional_approach,No,Yes,0.0,1.0,false_positive,0.9999465949513187,"children who become refugees;
Making policies on fulfillment of basic needs consisting of food, clothing, housing, education, health, learning and recreation, security guarantees, and equal treatment for children who become refugees, victims of violence, victims of natural disasters and children in armed conflict situations; and","The policy explicitly includes refugees within 'children in emergency situations' and provides for fulfillment of basic needs and equal treatment for children who become refugees, which constitutes special protection measures targeted at refugees (in the child-protection context).",Reference only
JAWA TENGAH BANYUMAS,JAWA_TENGAH_BANYUMAS.txt,2.3,Data collection systems,institutional_mechanism,No,Yes,0.0,1.0,false_positive,1.0,"includes monitoring, documentation and reporting of cases of gender-based violence and violence against children.
document and report every case of gender-based violence and violence against children that it handles to PPT PKBGA.","The policy explicitly links monitoring, documentation, and reporting to cases of gender-based violence and violence against children, and assigns LPPTK a duty to document and report every case it handles to PPT PKBGA—meeting the criterion for mandated case data documentation/reporting tied to violence cases.",Reference only
JAWA TENGAH BANYUMAS,JAWA_TENGAH_BANYUMAS.txt,2.5,Training and capacity building,institutional_mechanism,Yes,No,1.0,0.0,false_negative,0.9975219831883886,,"The only relevant language concerns an authority to “increase the capacity of service provider institutions,” but the coding rules require an explicit mandate for training/capacity-building activities for implementing personnel or service providers; the provided sentences do not explicitly mention training, technical guidance, or professional development requirements.",Reference only
JAWA TENGAH BANYUMAS,JAWA_TENGAH_BANYUMAS.txt,5.3,Traditional/cultural engagement,stakeholder_engagement,No,Yes,0.0,1.0,false_positive,1.0,community leaders;,"The policy includes community leaders as members of the sub-district complaint service institution (LPPTK), which is an implementation structure for handling cases; under the coding rules, inclusion of community leaders/community figures in implementation counts as traditional/customary/community engagement.",Reference only
JAWA TENGAH BANYUMAS,JAWA_TENGAH_BANYUMAS.txt,6.5,People with disability,intersectional_approach,Yes,No,1.0,0.0,false_negative,0.9998016455789569,,"The only disability-related reference is within a non-discrimination principle mentioning “physical or mental condition,” which the coding rules explicitly exclude as insufficient for a Yes absent disability-specific measures or explicit targeting as a vulnerable group.",Reference only
JAWA TENGAH BANYUMAS,JAWA_TENGAH_BANYUMAS.txt,6.7,Women from minority groups,intersectional_approach,Yes,No,1.0,0.0,false_negative,1.0,,"While the policy includes a broad non-discrimination statement referencing ethnicity, religion, race, and similar categories, it does not explicitly identify minority/isolated women as a target group for special protection or provide measures specifically for minority/isolated women.",Reference only
JAWA TENGAH BLORA,JAWA_TENGAH_BLORA.txt,2.3,Data collection systems,institutional_mechanism,No,Yes,0.0,1.0,false_positive,0.9916328466923019,"initial identification or recording of Victims;
conducting monitoring and reporting.
conducting monitoring and reporting.",The policy links documentation/recording and reporting functions to violence victims/cases by requiring initial identification/recording of victims as part of complaint services and assigning PPT/UPPA duties that include monitoring and reporting in the context of handling violence victim services.,Reference only
JAWA TENGAH BLORA,JAWA_TENGAH_BLORA.txt,2.5,Training and capacity building,institutional_mechanism,Yes,No,1.0,0.0,false_negative,0.9413755384972873,,"While the policy mentions increasing the capacity of service provider institutions, the provided sentences do not explicitly mandate or describe training/technical guidance/professional development for implementing personnel or service providers as required by the coding rules; the only explicit “job training” shown is framed as victim empowerment rather than implementer capacity building.",Reference only
JAWA TENGAH BLORA,JAWA_TENGAH_BLORA.txt,5.3,Traditional/cultural engagement,stakeholder_engagement,No,Yes,0.0,1.0,false_positive,0.9997711312602866,"2. UPPA at the sub-district level as referred to in paragraph (1) is established by the Sub-district Head by involving community institutions, the Sub-district Level Family Welfare Development Mobilization Team, community leaders and Child representatives.","The policy requires involving “community leaders” in establishing the local UPPA unit, which counts as including community figures/leaders in implementation structures for protection and prevention.",Reference only
JAWA TENGAH BLORA,JAWA_TENGAH_BLORA.txt,5.6,Media engagement,stakeholder_engagement,No,Yes,0.0,1.0,false_positive,0.989385262854364,"Socialization can be carried out through mass media, electronic media, and direct counseling to the community.","The policy assigns mass media/electronic media a role in “socialization” for prevention, which is an implementation role in awareness/prevention activities rather than only a confidentiality-related mention.",Reference only
JAWA TENGAH BOYOLALI,JAWA_TENGAH_BOYOLALI.txt,2.3,Data collection systems,institutional_mechanism,Yes,No,1.0,0.0,false_negative,0.358357398350786,,"While the policy establishes a Data and Information System for women’s protection and empowerment, the provided sentences do not explicitly link this system’s data functions to violence against women cases/victims specifically (as required by the coding rules), instead referring generally to protection and empowerment of women.",Reference only
JAWA TENGAH BOYOLALI,JAWA_TENGAH_BOYOLALI.txt,3.9,Resocialisation services,specialised_support_services,Yes,No,1.0,0.0,false_negative,0.6351489523872874,,"While rehabilitation and reintegration are mentioned, the candidate sentences do not clearly assign these services to a specific service unit or victim support mechanism; they are presented as components of protection or as general facilitation without identifying a responsible service unit.",Reference only
JAWA TENGAH BOYOLALI,JAWA_TENGAH_BOYOLALI.txt,3.10,Economic support,specialised_support_services,Yes,No,1.0,0.0,false_negative,0.9995804273172464,,"The candidate sentences describe economic empowerment measures for women generally (e.g., skills/job training, access to economic institutions) and for other categories (e.g., homeless women, family economic pillars), but do not explicitly specify that economic support is provided to women victims of violence as required by the coding rules.",Reference only
JAWA TENGAH BOYOLALI,JAWA_TENGAH_BOYOLALI.txt,4.3,VAW laws awareness,primary_prevention,Yes,No,1.0,0.0,false_negative,0.9998703044983814,,"The candidate sentences mention information/education media about preventing violence against women and general socialization about protection/empowerment policies, but they do not specify education or dissemination about laws, regulations, or policies related to VAW as a prevention measure, which is required by the coding rules.",Reference only
JAWA TENGAH DEMAK,JAWA_TENGAH_DEMAK.txt,2.3,Data collection systems,institutional_mechanism,No,Yes,0.0,1.0,false_positive,1.0,"Monitoring and evaluation as referred to in Article 8 letter f includes monitoring, documentation and evaluation of cases of gender-based violence and violence against children.","The policy links monitoring and documentation directly to cases of gender-based violence and violence against children, which meets the criterion’s requirement for documentation/monitoring of violence cases (a data/information function).",Reference only
JAWA TENGAH DEMAK,JAWA_TENGAH_DEMAK.txt,6.5,People with disability,intersectional_approach,Yes,No,1.0,0.0,false_negative,0.9977810780062946,,"The only disability-related reference is within a non-discrimination principle mentioning ""physical or mental condition""; the coding rules specify that non-discrimination alone does not count as special protection or disability-targeted measures.",Reference only
JAWA TENGAH KARANGANYAR,JAWA_TENGAH_KARANGANYAR.txt,4.2,Gender equality education,primary_prevention,Yes,No,1.0,0.0,false_negative,0.999732989016709,,"The retrieved sentences mention gender equality as a principle and define related concepts, and they include education on anti-violence values and socialization of laws on victim protection. However, none of the candidate sentences explicitly situate educational/awareness activities about gender equality, women’s rights, non-discrimination, or similar gender-equality topics as a strategy to prevent violence against women, as required by the coding rules.",Reference only
JAWA TENGAH KARANGANYAR,JAWA_TENGAH_KARANGANYAR.txt,4.4,Prevention through education,primary_prevention,Yes,No,1.0,0.0,false_negative,0.9997863883614204,,"While the policy includes “conducting education on anti-violence values,” the retrieved sentences do not explicitly identify formal education instruments or institutions (e.g., schools, curricula, teaching/learning materials, education programs delivered through education institutions) as the prevention mechanism. The mention of “Educational Institutions” as membership elements of KP2A does not, by itself, establish education as a formal prevention strategy under the coding rules.",Reference only
JAWA TENGAH KARANGANYAR,JAWA_TENGAH_KARANGANYAR_v2.txt,4.4,Prevention through education,primary_prevention,Yes,No,1.0,0.0,false_negative,0.9996719629401765,,"Although the policy mentions “conducting education on anti-Violence against Women values,” the retrieved sentences do not explicitly identify formal education instruments or institutions (e.g., schools, curricula, teaching/learning materials, education institutions) as the prevention mechanism, which is required by the coding rules for this indicator.",Reference only
JAWA TENGAH KARANGANYAR,JAWA_TENGAH_KARANGANYAR_v2.txt,5.8,Private sector engagement,stakeholder_engagement,Yes,No,1.0,0.0,false_negative,0.9999847412691449,,"The candidate sentences do not identify businesses, employers, business associations, or the private sector as stakeholders/partners in prevention, protection, or service delivery; references to funding sources and employment opportunities do not assign a private-sector stakeholder role.",Reference only
JAWA TENGAH KARANGANYAR,JAWA_TENGAH_KARANGANYAR_v2.txt,6.1,Women in conflict/disaster areas,intersectional_approach,Yes,No,1.0,0.0,false_negative,0.9640642523764287,,"Although the policy defines discrimination as including a territorial dimension such as disaster and conflict areas, the provided sentences do not explicitly identify women/girls in conflict, disaster, emergency, or displacement/refugee situations as a group needing special protection, nor do they set out disaster/conflict/emergency-specific protection measures for women. The cited provisions focus on general women’s protection and violence-related services rather than conflict/disaster/displacement contexts.",Reference only
JAWA TENGAH KARANGANYAR,JAWA_TENGAH_KARANGANYAR_v2.txt,6.8,Women in legal process,intersectional_approach,Yes,No,1.0,0.0,false_negative,0.9969048632619584,,"While the policy defines “witness” and provides legal assistance/protection for witnesses and victims, the cited text frames these protections within victim/witness protection related to violence and does not explicitly cover women in conflict with the law as suspects/defendants/perpetrators. The coding rules exclude victim-only legal aid/witness protection for victims as sufficient.",Reference only
JAWA TENGAH KEBUMEN,JAWA_TENGAH_KEBUMEN.txt,1.10,Technology-facilitated violence,scope_of_violence,No,Yes,0.0,1.0,false_positive,0.9999618533911394,the right to deletion of sexual content for cases of sexual violence using electronic media.,"The policy explicitly addresses a digital/technology-mediated aspect of sexual violence by providing a right related to deletion of sexual content for sexual violence cases using electronic media, indicating recognition of technology-facilitated harm.",Reference only
JAWA TENGAH KEBUMEN,JAWA_TENGAH_KEBUMEN.txt,2.5,Training and capacity building,institutional_mechanism,Yes,No,1.0,0.0,false_negative,1.0,,"The retrieved sentences reference training and capacity building primarily as women’s empowerment activities (e.g., training for women’s competence) or general capacity increases, but do not explicitly mandate training/capacity building for government officials, implementing agencies, or service providers responsible for implementing VAW protection/services under the policy, as required by the coding rules.",Reference only
JAWA TENGAH KEBUMEN,JAWA_TENGAH_KEBUMEN.txt,3.10,Economic support,specialised_support_services,Yes,No,1.0,0.0,false_negative,0.9968591582598831,,"The candidate sentences include identifying economic empowerment needs and skills training for economic improvement for vulnerable women, but they do not explicitly specify that economic empowerment/support (training, livelihoods, financial resources) is provided to women victims of violence; the referenced training is framed for vulnerable women generally rather than VAW victims as required by the coding rules.",Reference only
JAWA TENGAH KEBUMEN,JAWA_TENGAH_KEBUMEN.txt,4.2,Gender equality education,primary_prevention,Yes,No,1.0,0.0,false_negative,0.9996185666509128,,"While the policy mentions prevention efforts that include communication/education/campaigns and also references women’s rights (e.g., disseminating laws related to protection of women’s rights), the candidate sentences do not explicitly situate education/awareness activities about gender equality or women’s rights as a strategy to prevent violence against women (and dissemination of laws is excluded by the coding rules).",Reference only
JAWA TENGAH KEBUMEN,JAWA_TENGAH_KEBUMEN.txt,4.3,VAW laws awareness,primary_prevention,Yes,No,1.0,0.0,false_negative,0.9782004252976184,,"The only explicit legal dissemination activity referenced is dissemination of laws and regulations related to the protection of women’s rights, which is not specified as laws/policies on violence against women (e.g., domestic violence/sexual violence/trafficking/child marriage). The candidate sentences do not clearly indicate education about VAW-specific laws or policies as a prevention strategy.",Reference only
JAWA TENGAH KLATEN,JAWA_TENGAH_KLATEN.txt,1.2,Sexual violence,scope_of_violence,Yes,No,1.0,0.0,false_negative,0.9998169029128974,,"The candidate sentences discuss women’s sexual and reproductive health being free from coercion and/or violence, but they do not explicitly mention sexual violence (e.g., rape, sexual assault/harassment) or otherwise classify sexual violence as a covered form of violence. The legal references shown relate to domestic violence and trafficking, not sexual violence-specific frameworks.",Reference only
JAWA TENGAH KLATEN,JAWA_TENGAH_KLATEN.txt,3.3,Reporting/hotline service,specialised_support_services,Yes,No,1.0,0.0,false_negative,1.0,,"The only relevant passage states that the community may report violence to law enforcers/authorities, but it does not establish or mandate a specific mechanism/service/channel for receiving complaints or reports (and the other service references are generic). Under the coding rules, this is insufficient.",Reference only
JAWA TENGAH KLATEN,JAWA_TENGAH_KLATEN.txt,3.5,Legal assistance,specialised_support_services,Yes,No,1.0,0.0,false_negative,0.9413755384972873,,"The text mentions ""assistance"" as including advocacy and notes institutions involving law enforcers, but it does not specify a service unit providing legal assistance/legal aid to victims; nor does it describe legal services as part of the established institutions’ functions in the provided sentences.",Reference only
JAWA TENGAH KLATEN,JAWA_TENGAH_KLATEN.txt,3.9,Resocialisation services,specialised_support_services,Yes,No,1.0,0.0,false_negative,1.0,,"Although ""rehabilitative approach"" is defined in relation to health services, the candidate sentences do not identify a service unit or victim-support mechanism responsible for rehabilitation/resocialisation/reintegration services for VAW victims as required by the coding rules.",Reference only
JAWA TENGAH KLATEN,JAWA_TENGAH_KLATEN.txt,3.10,Economic support,specialised_support_services,Yes,No,1.0,0.0,false_negative,1.0,,"Economic independence measures (skills/job training, access to capital, etc.) are described for women generally, but the text does not explicitly link these economic supports to women victims of violence. The victim-related provisions are generic and do not specify economic empowerment for victims.",Reference only
JAWA TENGAH KLATEN,JAWA_TENGAH_KLATEN.txt,6.2,Women victims of trafficking,intersectional_approach,No,Yes,0.0,1.0,false_positive,1.0,"7. Law Number 21 of 2007 concerning the Eradication of the Criminal Act of Trafficking in Persons (State Gazette of the Republic of Indonesia of 2007 Number 58, Supplement to the State Gazette of the Republic of Indonesia Number 4720);","The policy’s legal basis explicitly cites the national law on the eradication of trafficking in persons, which (per the coding rules) is sufficient to include trafficking victims within the policy’s scope.",Reference only
JAWA TENGAH KLATEN,JAWA_TENGAH_KLATEN.txt,6.3,Women workers,intersectional_approach,Yes,No,1.0,0.0,false_negative,1.0,,"The cited employment provision concerns general labor protections (welfare, safety/health, maternity leave, lactation facilities, nutrition) for female workers, but does not specify protections against violence, exploitation, or workplace abuse as required by the coding rules for this indicator.",Reference only
JAWA TENGAH KUDUS,JAWA_TENGAH_KUDUS.txt,2.3,Data collection systems,institutional_mechanism,No,Yes,0.0,1.0,false_positive,0.999732989016709,"Monitoring and reporting as referred to in Article 7 paragraph (3) letter f shall be conducted on all aspects of integrated service activities in the form of supervision, documentation and evaluation of cases of gender-based violence and violence against children.","The policy mandates monitoring and reporting that includes documentation and evaluation of cases of gender-based violence and violence against children, which explicitly links documentation/monitoring/reporting functions to violence cases.",Reference only
JAWA TENGAH KUDUS,JAWA_TENGAH_KUDUS.txt,2.5,Training and capacity building,institutional_mechanism,Yes,No,1.0,0.0,false_negative,0.9895598152697125,,"While the policy mentions an authority to “increase the capacity of service provider institutions,” the coding rules require an explicit mandate for training/capacity-building activities for implementers; the provided text does not specify training, technical guidance, or capacity-building initiatives as required activities for implementing personnel/service providers.",Reference only
JAWA TENGAH KUDUS,JAWA_TENGAH_KUDUS.txt,6.5,People with disability,intersectional_approach,Yes,No,1.0,0.0,false_negative,0.996059490038474,,"Although the policy includes a non-discrimination principle that mentions physical or mental condition, the coding rules specify that non-discrimination alone is insufficient; there are no disability-specific protections/services or explicit identification of people with disabilities as a vulnerable beneficiary group in the cited text.",Reference only
JAWA TENGAH KUDUS,JAWA_TENGAH_KUDUS.txt,6.7,Women from minority groups,intersectional_approach,Yes,No,1.0,0.0,false_negative,0.9997253606552938,,"The text includes a general non-discrimination principle referencing ethnicity, religion, race, culture, and language, but it does not explicitly identify women from minority/isolated/indigenous groups as a target group or beneficiary of special protection measures, which is required by the coding rules.",Reference only
JAWA TENGAH MAGELANG KOTA,JAWA_TENGAH_MAGELANG_KOTA.txt,1.9,Sexual slavery/exploitation,scope_of_violence,Yes,No,1.0,0.0,false_negative,0.999527033472215,,"While the policy includes sexual harm in general definitions of violence, the candidate sentences do not explicitly mention sexual exploitation, sexual slavery, prostitution, or trafficking for sexual purposes, and general references to “exploitation” are not specified as sexual exploitation.",Reference only
JAWA TENGAH MAGELANG KOTA,JAWA_TENGAH_MAGELANG_KOTA.txt,2.3,Data collection systems,institutional_mechanism,No,Yes,0.0,1.0,false_positive,1.0,"Monitoring and reporting as referred to in Article 12 letter f, includes monitoring, documentation, and reporting of cases of violence against women and children.","The policy explicitly links monitoring, documentation, and reporting to cases of violence against women and children, which meets the criterion for requiring documentation/reporting of violence cases.",Reference only
JAWA TENGAH MAGELANG KOTA,JAWA_TENGAH_MAGELANG_KOTA.txt,2.5,Training and capacity building,institutional_mechanism,Yes,No,1.0,0.0,false_negative,0.9540452601799488,,"While the policy mentions increasing the capacity of service provider institutions as a governmental authority, the provided sentences do not explicitly mandate training/technical guidance/capacity-building activities (as a duty/responsibility) for implementing personnel or service providers, as required by the coding rules.",Reference only
JAWA TENGAH MAGELANG KOTA,JAWA_TENGAH_MAGELANG_KOTA.txt,3.3,Reporting/hotline service,specialised_support_services,Yes,No,1.0,0.0,false_negative,0.9413755384972873,,"The retrieved sentences define “complaint” and include administrative reporting obligations (e.g., P2TP2A reporting to SKPD and Mayor) and general community participation in reporting violence, but they do not establish or describe a mechanism/service unit/channel for receiving complaints or reports from victims or the public (as required by the coding rules).",Reference only
JAWA TENGAH PATI,JAWA_TENGAH_PATI.txt,6.5,People with disability,intersectional_approach,Yes,No,1.0,0.0,false_negative,0.9051482536448665,,Disability appears only as (1) a non-discrimination attribute (physical/mental condition) and (2) in a child-protection legal reference listing children with disabilities; the excerpts do not identify people with disabilities (or women with disabilities) as beneficiaries of special protection/services under this regulation.,Reference only
JAWA TENGAH PEKALONGAN,JAWA_TENGAH_PEKALONGAN.txt,4.4,Prevention through education,primary_prevention,Yes,No,1.0,0.0,false_negative,0.999893191328687,,"Although the policy includes “conducting education on anti-gender-based violence values” as a prevention effort, the retrieved sentences do not explicitly involve formal education instruments or institutions (e.g., schools, curricula, teaching/learning materials, education sector bodies) as required by the coding rules for this indicator.",Reference only
JAWA TENGAH PEKALONGAN,JAWA_TENGAH_PEKALONGAN.txt,6.2,Women victims of trafficking,intersectional_approach,No,Yes,0.0,1.0,false_positive,0.999732989016709,"10. Law Number 21 of 2007 concerning the Eradication of the Criminal Act of Trafficking in Persons (State Gazette of the Republic of Indonesia of 2007 Number 58, Supplement to the State Gazette of the Republic of Indonesia Number 4720);","The policy’s legal basis explicitly references the national law on eradication of trafficking in persons, which the coding rules treat as sufficient to include trafficking cases/victims within scope.",Reference only
JAWA TENGAH PEKALONGAN,JAWA_TENGAH_PEKALONGAN.txt,6.5,People with disability,intersectional_approach,Yes,No,1.0,0.0,false_negative,0.999839789132067,,"The only disability-related reference is a non-discrimination principle that includes “physical or mental condition,” which is explicitly excluded by the coding rules as insufficient without disability-specific identification or measures.",Reference only
JAWA TENGAH PEKALONGAN,JAWA_TENGAH_PEKALONGAN.txt,6.7,Women from minority groups,intersectional_approach,Yes,No,1.0,0.0,false_negative,0.9999313366279103,,"While the policy includes a general non-discrimination statement referencing ethnicity, religion, race, culture, and language, it does not explicitly identify women from minority/isolated groups as a target group for special protection or specify measures for them.",Reference only
JAWA TENGAH PEKALONGAN KOTA,JAWA_TENGAH_PEKALONGAN_KOTA.txt,3.9,Resocialisation services,specialised_support_services,Yes,No,1.0,0.0,false_negative,0.6351489523872874,,"While the policy mentions repatriation and social reintegration services, the provided sentences do not identify a specific service unit or responsible institution as providing these resocialisation/reintegration services (they are described as services but not assigned to a unit in the candidate text).",Reference only
JAWA TENGAH PEKALONGAN KOTA,JAWA_TENGAH_PEKALONGAN_KOTA.txt,4.4,Prevention through education,primary_prevention,Yes,No,1.0,0.0,false_negative,0.35835739835078595,,"While the policy mentions education on anti-violence values and generally increasing the number/quality of education, the retrieved sentences do not explicitly identify formal education instruments or education institutions (e.g., schools/curricula/teaching materials) as the prevention mechanism, nor do they clearly link improvements in formal education quality/content to preventing violence in the specific way required by the coding rules.",Reference only
JAWA TENGAH PEKALONGAN KOTA,JAWA_TENGAH_PEKALONGAN_KOTA.txt,6.8,Women in legal process,intersectional_approach,No,Yes,0.0,1.0,false_positive,0.999732989016709,"The forms of service and assistance organized by LP-PAR are also provided to women in conflict with the law.
In addition, in the context of empowerment and protection of women, there needs to be legal, psychological, social and economic assistance when women are faced with legal processes.","The policy explicitly states that LP-PAR services/assistance are also provided to women in conflict with the law, and further notes the need for legal/psychological/social/economic assistance when women face legal processes—meeting the criterion’s requirement to include women in conflict with the law as covered for services/protection.",Reference only
JAWA TENGAH PURBALINGGA,JAWA_TENGAH_PURBALINGGA.txt,2.3,Data collection systems,institutional_mechanism,No,Yes,0.0,1.0,false_positive,1.0,"Monitoring and Reporting as referred to in Article 9 letter i constitute activities that include monitoring, documenting and reporting cases of gender-based violence and children.
document and report every case of gender-based violence and children handled to PPT PKBGA.","The policy explicitly links monitoring, documenting, and reporting to cases of gender-based violence and children, and assigns UPPTK an obligation to document and report every handled case to PPT PKBGA—meeting the requirement for case data documentation/reporting responsibilities tied to violence cases.",Reference only
JAWA TENGAH PURBALINGGA,JAWA_TENGAH_PURBALINGGA.txt,2.5,Training and capacity building,institutional_mechanism,Yes,No,1.0,0.0,false_negative,0.9997253606552938,,"While the policy mentions an authority to increase the capacity of service provider institutions, the retrieved sentences frame this as a governmental authority rather than an explicit mandate/duty to conduct or ensure training/capacity-building for implementing personnel or agencies, and no explicit training/technical guidance requirement is stated in the provided text.",Reference only
JAWA TENGAH PURBALINGGA,JAWA_TENGAH_PURBALINGGA.txt,6.5,People with disability,intersectional_approach,Yes,No,1.0,0.0,false_negative,0.9996490786416141,,The only disability-related reference is within a non-discrimination principle (physical or mental condition). The coding rules specify that non-discrimination alone is insufficient without disability-specific identification or measures.,Reference only
JAWA TENGAH PURBALINGGA,JAWA_TENGAH_PURBALINGGA.txt,6.7,Women from minority groups,intersectional_approach,Yes,No,1.0,0.0,false_negative,0.9999847412691449,,"Although the policy includes a general non-discrimination principle referencing ethnicity, religion, race, etc., it does not explicitly identify minority/isolated women as a target group or provide specific protection measures for them as required by the coding rules.",Reference only
JAWA TENGAH PURWOREJO,JAWA_TENGAH_PURWOREJO.txt,1.1,Domestic violence,scope_of_violence,No,Yes,0.0,1.0,false_positive,0.9952220858504979,"9. Female Victim is a woman who experiences suffering physically, psychologically, sexually, economically, socially, and other losses resulting from gender-based violence, exploitation and/or discrimination whether occurring in the public sphere or in the sphere of personal life.","The policy defines a female victim as someone harmed by gender-based violence occurring either in the public sphere or in the sphere of personal life, which explicitly brings violence in private/personal life (i.e., domestic/private-sphere violence) within scope.",Reference only
JAWA TENGAH PURWOREJO,JAWA_TENGAH_PURWOREJO.txt,5.2,Religious engagement,stakeholder_engagement,No,Yes,0.0,1.0,false_positive,0.9984060920162849,provision of Assistants in the field of religious mental spirituality; and,"The policy includes provision of assistants in the field of religious mental spirituality as part of support services, which constitutes inclusion of faith-related actors/services in implementation.",Reference only
JAWA TENGAH SALATIGA KOTA,JAWA_TENGAH_SALATIGA_KOTA.txt,2.2,Collaboration with NGOs,institutional_mechanism,Yes,No,1.0,0.0,false_negative,0.8798266996519848,,"The candidate sentences mention cooperation with “institutions that handle Gender and Children issues” and include “elements of society” and “stakeholders,” but they do not explicitly identify NGOs, civil society organisations, community organisations, or other non-government service providers as collaboration partners or as part of a coordination mechanism, as required by the coding rules.",Reference only
JAWA TENGAH SALATIGA KOTA,JAWA_TENGAH_SALATIGA_KOTA.txt,2.3,Data collection systems,institutional_mechanism,No,Yes,0.0,1.0,false_positive,0.9997406174072243,"Monitoring and reporting as referred to in Article 10 letter f includes monitoring, documentation, and reporting on the handling and resolution of cases of Gender-Based Violence and Children.","The policy explicitly requires monitoring, documentation, and reporting on the handling and resolution of gender-based violence and child violence cases, which directly links documentation/reporting functions to violence cases and meets the criterion for a data/information function.",Reference only
JAWA TENGAH SALATIGA KOTA,JAWA_TENGAH_SALATIGA_KOTA.txt,4.4,Prevention through education,primary_prevention,Yes,No,1.0,0.0,false_negative,0.9999465949513187,,"The policy mentions “communication, information, and education” within prevention, but the retrieved sentences do not identify formal education instruments or institutions (e.g., schools, curricula, teaching/learning materials, education institutions) as an explicit prevention mechanism. The coding rules exclude broad references to education without such explicit educational-institutional linkage.",Reference only
JAWA TENGAH SALATIGA KOTA,JAWA_TENGAH_SALATIGA_KOTA.txt,5.4,Education institutions engagement,stakeholder_engagement,No,Yes,0.0,1.0,false_positive,1.0,"Human resources as referred to in Article 18 letter a may come from civil servants, academics, practitioners, and professionals.","The policy explicitly includes academics as a potential source of human resources for implementation, which constitutes engagement of the education sector/academia in implementation capacity.",Reference only
JAWA TENGAH SALATIGA KOTA,JAWA_TENGAH_SALATIGA_KOTA.txt,6.5,People with disability,intersectional_approach,Yes,No,1.0,0.0,false_negative,0.9977810780062946,,"The only disability-related reference is within a non-discrimination principle mentioning “physical and mental condition,” which the coding rules explicitly exclude as sufficient on its own; there are no disability-specific protections, services, accommodations, or identification of people with disabilities as a vulnerable beneficiary group.",Reference only
JAWA TENGAH SALATIGA KOTA,JAWA_TENGAH_SALATIGA_KOTA.txt,6.7,Women from minority groups,intersectional_approach,Yes,No,1.0,0.0,false_negative,0.9998169029128974,,"While the policy includes a general non-discrimination statement referencing ethnicity, religion, race, culture, and language, it does not explicitly identify women from minority/isolated/indigenous groups as a target group for special protection or services, as required by the coding rules.",Reference only
JAWA TENGAH SEMARANG,JAWA_TENGAH_SEMARANG.txt,1.2,Sexual violence,scope_of_violence,Yes,No,1.0,0.0,false_negative,0.9999465949513187,,"Across the provided candidate sentences, the policy discusses violence generally and cites domestic violence and trafficking laws, but it does not explicitly mention sexual violence (e.g., rape, sexual assault, sexual harassment) nor classify sexual violence as a covered form of violence.",Reference only
JAWA TENGAH SEMARANG,JAWA_TENGAH_SEMARANG.txt,1.3,Physical violence,scope_of_violence,Yes,No,1.0,0.0,false_negative,0.9782004252976184,,"The candidate sentences refer to women victims of violence and to victims suffering physical loss, but they do not explicitly mention physical violence/assault/abuse as a form or category of violence covered, nor otherwise define violence to include physical violence specifically.",Reference only
JAWA TENGAH SEMARANG,JAWA_TENGAH_SEMARANG.txt,1.4,Psychological violence,scope_of_violence,Yes,No,1.0,0.0,false_negative,0.9413755384972873,,"The text mentions psychological services in a disaster recovery context, but it does not mention psychological/emotional violence or abuse as a form of violence against women, nor include it in any definition or classification of violence.",Reference only
JAWA TENGAH SEMARANG,JAWA_TENGAH_SEMARANG.txt,1.9,Sexual slavery/exploitation,scope_of_violence,Yes,No,1.0,0.0,false_negative,0.925346225311741,,"While the policy addresses commercial sex workers and mentions trafficking prevention, the provided sentences do not explicitly frame this as sexual exploitation/sexual slavery or exploitation for sexual purposes, and general references to trafficking or sex work alone are insufficient under the coding rules without explicit sexual exploitation/slavery language or an all-forms-of-exploitation framing.",Reference only
JAWA TENGAH SEMARANG,JAWA_TENGAH_SEMARANG.txt,2.2,Collaboration with NGOs,institutional_mechanism,Yes,No,1.0,0.0,false_negative,0.995054647175428,,"The candidate sentences describe coordination among government units (SKPD), and mention participation of the business world and other institutions and women’s organizations, but they do not explicitly identify NGOs/civil society/non-government service providers as partners or establish a collaboration mechanism with them as required by the coding rules.",Reference only
JAWA TENGAH SEMARANG,JAWA_TENGAH_SEMARANG.txt,2.3,Data collection systems,institutional_mechanism,Yes,No,1.0,0.0,false_negative,1.0,,"While the text mentions data activities (mapping/collection/processing/presentation) and general monitoring/evaluation/reporting, it does not explicitly link these data functions to violence against women, victims of violence, or violence cases, which is required for a Yes under the coding rules.",Reference only
JAWA TENGAH SEMARANG,JAWA_TENGAH_SEMARANG.txt,3.3,Reporting/hotline service,specialised_support_services,Yes,No,1.0,0.0,false_negative,1.0,,"The retrieved sentences describe types of protection (legal aid, assistance after violence, rehabilitation, health services) and describe integrated services generally, but they do not establish or describe a mechanism/service/channel for receiving complaints or reports of violence (e.g., intake/reporting procedures, complaint reception unit, hotline).",Reference only
JAWA TENGAH SEMARANG,JAWA_TENGAH_SEMARANG.txt,3.10,Economic support,specialised_support_services,Yes,No,1.0,0.0,false_negative,0.9999542241566775,,"While the policy includes general women’s economic empowerment measures and economic-related protections for other categories (e.g., homeless women, women heads of household), the candidate sentences do not explicitly specify that economic empowerment/support (skills training, financial access, livelihood support) is provided to women victims of violence. The provisions on women victims of violence list legal aid, post-violence assistance, rehabilitation/reintegration, and health services, but not economic support.",Reference only
JAWA TENGAH SEMARANG,JAWA_TENGAH_SEMARANG.txt,4.3,VAW laws awareness,primary_prevention,Yes,No,1.0,0.0,false_negative,0.9998169029128974,,"The candidate sentences mention general legal awareness/knowledge services and socialization about policies on women’s empowerment/protection, but they do not specify that the information/education is about laws, regulations, or policies related to violence against women (e.g., domestic violence, sexual violence, trafficking) nor clearly frame such legal-awareness activities as a prevention strategy for VAW.",Reference only
JAWA TENGAH SEMARANG,JAWA_TENGAH_SEMARANG.txt,7.3,International donors,budget_funding_sources,No,Yes,0.0,1.0,false_positive,1.0,"coordinating the participation of the business world and other institutions, including international assistance for empowerment and protection of women; and","The policy explicitly mentions coordinating participation of institutions including international assistance for empowerment and protection of women, indicating international support involvement.",Reference only
JAWA TENGAH SEMARANG KOTA,JAWA_TENGAH_SEMARANG_KOTA.txt,3.3,Reporting/hotline service,specialised_support_services,Yes,No,1.0,0.0,false_negative,0.12435300177159625,,"The text notes that community members may report violence to law enforcement/authorized parties and that victims have a right to complaint handling, but it does not explicitly establish or describe a mechanism/service/channel for receiving complaints or reports (e.g., a reporting service, hotline, or designated receiving unit/procedure).",Reference only
JAWA TENGAH SEMARANG KOTA,JAWA_TENGAH_SEMARANG_KOTA.txt,4.3,VAW laws awareness,primary_prevention,No,Yes,0.0,1.0,false_positive,0.986693025807625,"Disseminating information about laws and regulations related to acts of violence against women and children.
3. socializing laws and regulations related to the implementation of protection for women and children victims of violence;","The policy explicitly includes dissemination/socialisation of laws and regulations related to acts of violence against women and children, which constitutes legal awareness activity about VAW-related laws within the broader prevention framework.",Reference only
JAWA TENGAH SEMARANG KOTA,JAWA_TENGAH_SEMARANG_KOTA.txt,5.5,International organisations engagement,stakeholder_engagement,Yes,No,1.0,0.0,false_negative,0.9999465949513187,,"The candidate sentences do not mention international organizations as stakeholders/partners for service delivery or prevention. References to the “international community” are contextual, and “non-binding foreign assistance” is a funding source but not engagement/collaboration with international organizations for implementation.",Reference only
JAWA TENGAH SEMARANG KOTA,JAWA_TENGAH_SEMARANG_KOTA_v2.txt,1.2,Sexual violence,scope_of_violence,Yes,No,1.0,0.0,false_negative,0.703905603936621,,"The candidate sentences define violence against women as potentially causing physical, sexual, and psychological suffering, but they do not explicitly mention sexual violence/assault/rape/harassment or otherwise identify sexual violence as a covered form/type/category; the word “sexual” appears only as an adjective describing possible suffering, not as an explicit form of violence.",Reference only
JAWA TENGAH SEMARANG KOTA,JAWA_TENGAH_SEMARANG_KOTA_v2.txt,2.3,Data collection systems,institutional_mechanism,Yes,No,1.0,0.0,false_negative,1.0,,"While the policy mentions collecting/processing/presenting data and managing development information, the retrieved sentences do not explicitly link these data functions to violence against women, victims of violence, or violence cases as required by the coding rules.",Reference only
JAWA TENGAH SEMARANG KOTA,JAWA_TENGAH_SEMARANG_KOTA_v2.txt,5.3,Traditional/cultural engagement,stakeholder_engagement,No,Yes,0.0,1.0,false_positive,0.999527033472215,"increasing the capacity of regional governments, government agencies, institutions, community institutions, business sector, Islamic boarding schools, community organizations, media, religious leaders, community leaders and communities;","The policy includes “community leaders” among actors whose capacity is increased in the context of preventing violence against women, which meets the criterion’s inclusion of community leaders as part of implementation/prevention efforts.",Reference only
JAWA TENGAH SEMARANG KOTA,JAWA_TENGAH_SEMARANG_KOTA_v2.txt,5.5,International organisations engagement,stakeholder_engagement,No,Yes,0.0,1.0,false_positive,0.9998245316235193,"coordinating the participation of the business sector and other institutions, and international assistance for Women's Empowerment and Protection; and","The policy explicitly mentions coordinating international assistance for women’s empowerment and protection, which constitutes engagement with international support relevant to implementation and potentially service delivery.",Reference only
JAWA TENGAH SEMARANG KOTA,JAWA_TENGAH_SEMARANG_KOTA_v2.txt,6.7,Women from minority groups,intersectional_approach,No,Yes,0.0,1.0,false_positive,0.9998550467570206,"indigenous women;
women in situations of intolerance;","The policy explicitly includes “indigenous women” and “women in situations of intolerance” among vulnerable women groups eligible for women’s protection, which constitutes identification of minority/isolated or socially excluded women as beneficiaries of protection.",Reference only
JAWA TENGAH SEMARANG KOTA,JAWA_TENGAH_SEMARANG_KOTA_v2.txt,7.3,International donors,budget_funding_sources,No,Yes,0.0,1.0,false_positive,0.9998245316235193,"coordinating the participation of the business sector and other institutions, and international assistance for Women's Empowerment and Protection; and","The policy explicitly references coordinating participation that includes international assistance for Women's Empowerment and Protection, which meets the criterion for international support involvement.",Reference only
JAWA TENGAH SUKOHARJO,JAWA_TENGAH_SUKOHARJO.txt,1.8,Human trafficking,scope_of_violence,No,Yes,0.0,1.0,false_positive,1.0,"14. Law Number 21 of 2007 concerning the Eradication of the Criminal Act of Trafficking in Persons (State Gazette of the Republic of Indonesia of 2007 Number 58, Supplement to the State Gazette of the Republic of Indonesia Number 4720);","The policy cites a national law on the eradication of trafficking in persons in its legal basis, which is sufficient to code inclusion of human trafficking.",Reference only
JAWA TENGAH SUKOHARJO,JAWA_TENGAH_SUKOHARJO.txt,2.3,Data collection systems,institutional_mechanism,No,Yes,0.0,1.0,false_positive,0.9998245316235193,"Monitoring and reporting as referred to in Article 8 letter f includes monitoring, documentation and evaluation of cases of gender-based violence and violence against children.","The policy explicitly links monitoring, documentation, and evaluation to cases of gender-based violence and violence against children, which meets the criterion’s requirement for mandated documentation/monitoring/reporting functions tied to violence cases.",Reference only
JAWA TENGAH SUKOHARJO,JAWA_TENGAH_SUKOHARJO.txt,3.3,Reporting/hotline service,specialised_support_services,Yes,No,1.0,0.0,false_negative,0.9997482458268394,,"The retrieved sentences discuss monitoring/reporting (administrative) and community conveying information to officials, but they do not establish or describe a designated mechanism/service unit/channel for receiving complaints or reports of violence cases from victims or the public (e.g., intake/report reception procedures or a reporting service).",Reference only
JAWA TENGAH SUKOHARJO,JAWA_TENGAH_SUKOHARJO.txt,6.2,Women victims of trafficking,intersectional_approach,No,Yes,0.0,1.0,false_positive,1.0,"23. Government Regulation Number 9 of 2008 concerning Procedures and Mechanisms for Integrated Services for Witnesses and/or Victims of the Criminal Act of Trafficking in Persons (State Gazette of the Republic of Indonesia of 2008 Number 22, Supplement to the State Gazette of the Republic of Indonesia Number 4818);
14. Law Number 21 of 2007 concerning the Eradication of the Criminal Act of Trafficking in Persons (State Gazette of the Republic of Indonesia of 2007 Number 58, Supplement to the State Gazette of the Republic of Indonesia Number 4720);","The policy explicitly references trafficking in persons in its legal foundations, including a government regulation on integrated services for trafficking victims and the national anti-trafficking law, which is sufficient under the coding rules to include trafficking victims within scope.",Reference only
JAWA TENGAH SURAKARTA KOTA,JAWA_TENGAH_SURAKARTA_KOTA.txt,2.5,Training and capacity building,institutional_mechanism,Yes,No,1.0,0.0,false_negative,0.8482836399575129,,"The retrieved sentences discuss training/capacity building largely as women’s empowerment activities (e.g., training for women) and general capacity increases in prevention efforts, but do not explicitly mandate training/technical guidance/capacity building for government officials, implementing agencies, or service providers responsible for implementing women’s protection/VAW services as required by the coding rules.",Reference only
JAWA TENGAH SURAKARTA KOTA,JAWA_TENGAH_SURAKARTA_KOTA.txt,3.8,Religious/spiritual counselling,specialised_support_services,Yes,No,1.0,0.0,false_negative,0.9997711312602866,,"While the policy references cooperation with religious-affairs offices and mentions religious leaders in coordination/participation contexts, it does not explicitly provide religious/spiritual counselling, guidance, mentoring, or faith-based support as a victim service.",Reference only
JAWA TENGAH SURAKARTA KOTA,JAWA_TENGAH_SURAKARTA_KOTA.txt,4.3,VAW laws awareness,primary_prevention,Yes,No,1.0,0.0,false_negative,1.0,,"The only explicit legal-awareness prevention activity mentioned is socialization regarding laws and regulations related to the protection of women's rights, which does not specify laws/policies related to violence against women (e.g., domestic/sexual violence, trafficking, etc.) as required by the coding rules. Other references to legal services or general legal awareness are not framed as education about VAW laws.",Reference only
JAWA TENGAH SURAKARTA KOTA,JAWA_TENGAH_SURAKARTA_KOTA.txt,6.7,Women from minority groups,intersectional_approach,No,Yes,0.0,1.0,false_positive,0.358357398350786,women in situations of intolerance; and,"The policy explicitly includes “women in situations of intolerance” as a vulnerable women group, which functions as an explicit identification of women facing minority/exclusion-related risks requiring protection.",Reference only
JAWA TENGAH TEMANGGUNG,JAWA_TENGAH_TEMANGGUNG.txt,2.5,Training and capacity building,institutional_mechanism,Yes,No,1.0,0.0,false_negative,0.9917164206858602,,"While the policy mentions institutional capacity strengthening (e.g., PUG and protection institutions) and includes job/skills training for women’s economic empowerment, the candidate sentences do not explicitly mandate training/technical guidance/professional development for government officials, implementing agencies, or service providers responsible for implementing the policy, as required by the coding rules.",Reference only
JAWA TENGAH TEMANGGUNG,JAWA_TENGAH_TEMANGGUNG.txt,4.2,Gender equality education,primary_prevention,No,Yes,0.0,1.0,false_positive,0.9781928790762584,"4. To prevent the occurrence of acts of Violence against Women, the Regional Government makes efforts as follows:
conducting socialization of women's rights;","Within a section explicitly describing efforts ""to prevent the occurrence of acts of Violence against Women,"" the policy includes socialization of women's rights. This is an educational/awareness activity about women's rights that is explicitly situated as a VAW prevention measure, satisfying the coding rules.",Reference only
JAWA TENGAH TEMANGGUNG,JAWA_TENGAH_TEMANGGUNG.txt,4.4,Prevention through education,primary_prevention,Yes,No,1.0,0.0,false_negative,0.9997940169556383,,"Although the policy mentions conducting education on anti-VAW values and improving education for women in a prevention context, the retrieved sentences do not explicitly identify formal education instruments or institutions (e.g., schools, curricula, teaching/learning materials, education institutions/centres) as the prevention mechanism, which is required by the coding rules for this indicator.",Reference only
JAWA TENGAH TEMANGGUNG,JAWA_TENGAH_TEMANGGUNG.txt,7.2,National government budget,budget_funding_sources,Yes,No,1.0,0.0,false_negative,1.0,,"The candidate sentences discuss regional government responsibilities and gender-responsive budgeting generally, but do not explicitly identify the national government budget (central/state budget) as a funding source for the policy’s measures.",Reference only
JAWA TENGAH TEMANGGUNG,JAWA_TENGAH_TEMANGGUNG.txt,7.4,Other legal sources,budget_funding_sources,Yes,No,1.0,0.0,false_negative,1.0,,"Although the policy mentions “funding” in scope and discusses cooperation and budgeting concepts, none of the candidate sentences explicitly identify any non-governmental/other legal funding sources (e.g., private sector funds, grants, CSR, foundations, etc.) as budget sources.",Reference only
JAWA TENGAH WONOGIRI,JAWA_TENGAH_WONOGIRI.txt,2.3,Data collection systems,institutional_mechanism,No,Yes,0.0,1.0,false_positive,1.0,"Monitoring and Reporting as referred to in Article 10 includes monitoring, documenting and reporting cases of gender-based violence and violence against children.","The policy explicitly links monitoring, documenting, and reporting activities to cases of gender-based violence and violence against children, meeting the criterion for requiring documentation/reporting of violence cases.",Reference only
JAWA TENGAH WONOGIRI,JAWA_TENGAH_WONOGIRI.txt,2.5,Training and capacity building,institutional_mechanism,No,Yes,0.0,1.0,false_positive,0.12435300177159625,"4. Social community organizations that participate in the implementation of protection for victims of gender-based violence and children as referred to in paragraph (3) shall be provided guidance by the Wonogiri Regency Government through regional apparatus in accordance with their main duties and functions.
5. Guidance as referred to in paragraph (4) may be in the form of counseling guidance, skills guidance, paralegal training and operational technical guidance.","The policy states that participating social community organizations shall be provided guidance by the local government, and specifies that such guidance may include paralegal training and operational technical guidance, which are explicit training/technical guidance measures supporting implementation.",Reference only
JAWA TENGAH WONOGIRI,JAWA_TENGAH_WONOGIRI.txt,3.3,Reporting/hotline service,specialised_support_services,Yes,No,1.0,0.0,false_negative,0.999893191328687,,"The sentences mention monitoring/reporting of cases and encourage community members to report violence, but they do not establish or specify a dedicated mechanism/service/channel for receiving complaints or reports from victims or the public (as required by the coding rules).",Reference only
JAWA TENGAH WONOSOBO,JAWA_TENGAH_WONOSOBO.txt,1.6,Harmful practices,scope_of_violence,No,Yes,0.0,1.0,false_positive,0.9894687425335726,"3. Law Number 1 of 1974 concerning Marriage (State Gazette of the Republic of Indonesia of 1974 Number 1, Supplement to the State Gazette of the Republic of Indonesia Number 3019);","The policy cites a national Marriage Law in its legal foundation, which is a relevant legal framework for harmful practices such as early/child marriage under the criterion’s rules on legal references.",Reference only
JAWA TENGAH WONOSOBO,JAWA_TENGAH_WONOSOBO.txt,3.7,Psychosocial counselling,specialised_support_services,Yes,No,1.0,0.0,false_negative,0.9540452601799487,,"While the text mentions “mental” guidance and “social counseling and guidance,” it does not explicitly provide psychological/psychosocial counselling, therapy, trauma counselling, or identify psychological professionals as service providers; the references are too general to meet the criterion’s requirement for psychosocial/psychological counselling services.",Reference only
JAWA TENGAH WONOSOBO,JAWA_TENGAH_WONOSOBO.txt,3.10,Economic support,specialised_support_services,Yes,No,1.0,0.0,false_negative,0.9895901737748773,,"The economic measures cited (education/training and opportunities to work/do business) are provided to women who are unable/abandoned/exploited/trafficked/prostitutes, but the passages do not explicitly specify that such economic support is available to women victims of violence (including gender-based violence) as required by the coding rules.",Reference only
JAWA TENGAH WONOSOBO,JAWA_TENGAH_WONOSOBO.txt,4.1,Information and education about VAW,primary_prevention,Yes,No,1.0,0.0,false_negative,0.8093010702017811,,"The retrieved sentences mention goals to eliminate violence against women and children and list generic “prevention efforts” that may include “social counseling and guidance,” but they do not explicitly describe information/education/awareness activities that are specifically about violence against women, protection from VAW, or anti-violence norms/values. The cited “education and training services” appear as service components for women in vulnerable situations rather than VAW-focused preventive education.",Reference only
JAWA TENGAH WONOSOBO,JAWA_TENGAH_WONOSOBO.txt,4.4,Prevention through education,primary_prevention,Yes,No,1.0,0.0,false_negative,0.9998779334127146,,"The policy lists “prevention efforts” that may include “improvement of health and education levels,” but it does not explicitly connect formal education instruments (schools, curricula, teaching/learning materials, education institutions) to preventing violence against women or children. Mentions of “education and training services” appear as service provision for women in difficult circumstances, not as an explicit education-based prevention mechanism for violence.",Reference only
JAWA TENGAH WONOSOBO,JAWA_TENGAH_WONOSOBO.txt,5.4,Education institutions engagement,stakeholder_engagement,No,Yes,0.0,1.0,false_positive,1.0,social work educational institutions; and,"The policy explicitly includes “social work educational institutions” within the set of professional organizations, which are part of the community actors referenced for participation in implementation; this constitutes engagement of an education institution type as a stakeholder structure rather than merely education as a service outcome.",Reference only
JAWA TENGAH WONOSOBO,JAWA_TENGAH_WONOSOBO.txt,5.5,International organisations engagement,stakeholder_engagement,Yes,No,1.0,0.0,false_negative,0.35835739835078595,,"The only relevant reference is to “Foreign social welfare institutions,” but the candidate sentences do not explicitly describe engagement/collaboration with international organizations or international support for service delivery or prevention; it is listed as a possible community role-holder without clarifying international organizational collaboration.",Reference only
JAWA TENGAH WONOSOBO,JAWA_TENGAH_WONOSOBO.txt,7.1,Local government budget,budget_funding_sources,No,Yes,0.0,1.0,false_positive,0.9998626756131501,What is meant by facilities and infrastructure in this regulation are all facilities funded and obtained from the Regional Budget and/or State Budget to support social welfare functions.,"The policy explicitly references the Regional Budget as a funding source for facilities and infrastructure supporting social welfare functions, which constitutes local government budget funding.",Reference only
JAWA TENGAH WONOSOBO,JAWA_TENGAH_WONOSOBO.txt,7.2,National government budget,budget_funding_sources,No,Yes,0.0,1.0,false_positive,1.0,What is meant by facilities and infrastructure in this regulation are all facilities funded and obtained from the Regional Budget and/or State Budget to support social welfare functions.,"The policy explicitly references the State Budget as a funding source for facilities and infrastructure supporting social welfare functions, which constitutes national government budget funding.",Reference only
JAWA TENGAH WONOSOBO,JAWA_TENGAH_WONOSOBO.txt,7.3,International donors,budget_funding_sources,No,Yes,0.0,1.0,false_positive,1.0,Foreign social welfare institutions.,"The policy explicitly includes 'Foreign social welfare institutions' as actors through which community participation in social protection and social welfare implementation may be carried out, indicating an international component of involvement/support (even if not specifying donors or funding amounts).",Reference only
JAWA TIMUR BANGKALAN,JAWA_TIMUR_BANGKALAN.txt,1.8,Human trafficking,scope_of_violence,No,Yes,0.0,1.0,false_positive,1.0,17. Presidential Decree Number 88 of 2002 concerning National Action Plan (RAN) for the Elimination of Trafficking in Women and Children;,"The policy’s legal basis explicitly cites a presidential decree concerning a national action plan for the elimination of trafficking in women and children, which is sufficient to include trafficking under the coding rules.",Reference only
JAWA TIMUR BANGKALAN,JAWA_TIMUR_BANGKALAN.txt,3.3,Reporting/hotline service,specialised_support_services,Yes,No,1.0,0.0,false_negative,0.9996567067120361,,"The text states that community members have the right to report incidents, but it does not establish or describe a specific mechanism/service/channel (e.g., hotline, complaint desk, SOP for intake) for receiving and handling reports/complaints from victims or the public.",Reference only
JAWA TIMUR BANGKALAN,JAWA_TIMUR_BANGKALAN.txt,6.2,Women victims of trafficking,intersectional_approach,No,Yes,0.0,1.0,false_positive,1.0,17. Presidential Decree Number 88 of 2002 concerning National Action Plan (RAN) for the Elimination of Trafficking in Women and Children;,"The policy’s legal foundation explicitly references a national action plan for the elimination of trafficking in women and children, which (per the coding rules) is sufficient to include trafficking victims within scope.",Reference only
JAWA TIMUR BANYUWANGI,JAWA_TIMUR_BANYUWANGI.txt,1.5,Economic violence,scope_of_violence,Yes,No,1.0,0.0,false_negative,0.1243530017715963,,"While the policy mentions “neglect” and “exploitation” as criminal acts and refers to restoring victims’ economic conditions, the candidate sentences do not explicitly identify economic violence/financial abuse/economic neglect as a form of violence against women, nor do they define or classify economic violence as such.",Reference only
JAWA TIMUR BANYUWANGI,JAWA_TIMUR_BANYUWANGI.txt,2.5,Training and capacity building,institutional_mechanism,Yes,No,1.0,0.0,false_negative,0.4621171572600097,,"Although “training” is listed among possible forms of implementation, the provided sentences do not explicitly mandate training/capacity building for government officials, implementing agencies, or service providers as a required responsibility; it appears as a general activity type without a clear duty targeted at implementers as required by the coding rules.",Reference only
JAWA TIMUR BANYUWANGI,JAWA_TIMUR_BANYUWANGI.txt,4.1,Information and education about VAW,primary_prevention,No,Yes,0.0,1.0,false_positive,0.9999008203303268,"4. The implementation as referred to in paragraph (3) is in the form of: policy analysis, coordination, advocacy, socialization, communication, information and education (KIE), training, service facilitation, service provision, development of women and child protection models and other forms.","The policy explicitly lists “socialization, communication, information and education (KIE)” as forms of implementation for policies/programs aimed at eliminating violence against women and children, which constitutes information/education activities about violence as a preventive measure.",Reference only
JAWA TIMUR BANYUWANGI,JAWA_TIMUR_BANYUWANGI.txt,4.3,VAW laws awareness,primary_prevention,Yes,No,1.0,0.0,false_negative,0.9997253606552938,,"The candidate sentences mention socialization/communication/KIE in general and note regulatory enforcement activities, and they also state victims have a right to receive information about laws and regulations that protect victims; however, none of the sentences specify a primary prevention activity that educates the public/community about VAW-related laws/policies as a prevention strategy.",Reference only
JAWA TIMUR BANYUWANGI,JAWA_TIMUR_BANYUWANGI.txt,7.3,International donors,budget_funding_sources,No,Yes,0.0,1.0,false_positive,0.9998626756131501,"1. In implementing policies, programs, and activities for the protection of women and children victims of violence and trafficking in persons, the district government may cooperate with international institutions.","The policy explicitly allows cooperation with international institutions in implementing protection-related policies, programs, and activities, which constitutes an explicit international involvement/support provision under the coding rules.",Reference only
JAWA TIMUR BLITAR,JAWA_TIMUR_BLITAR.txt,6.1,Women in conflict/disaster areas,intersectional_approach,No,Yes,0.0,1.0,false_positive,0.9540452601799486,"1. The implementation of protection of women, children and families who are victims of violence is a comprehensive prevention system, covering protection against all forms of violence, trafficking of women and children, economic exploitation, sexual exploitation, abuse, neglect and or abandonment in all situations including women and children with disabilities, children of migrant worker families, children in conflict with the law, children in emergency situations and those vulnerable to becoming victims of violence.","The policy explicitly includes “women” within a comprehensive protection system that applies “in all situations,” and it specifically mentions “children in emergency situations,” indicating that emergency contexts are within scope while women are a named protected group in the same provision.",Reference only
JAWA TIMUR BLITAR KOTA,JAWA_TIMUR_BLITAR_KOTA.txt,3.9,Resocialisation services,specialised_support_services,Yes,No,1.0,0.0,false_negative,0.1243530017715962,,"Although rehabilitation and social reintegration are defined and victims have a right to continuous handling up to rehabilitation/reintegration, the candidate sentences do not clearly assign rehabilitation/reintegration/resocialisation services to a specific service unit (e.g., UPT/P2TP2A) as a provided service.",Reference only
JAWA TIMUR BLITAR KOTA,JAWA_TIMUR_BLITAR_KOTA.txt,4.2,Gender equality education,primary_prevention,Yes,No,1.0,0.0,false_negative,0.8798266996519848,,"While the policy mentions gender equality as a principle and includes community socialization of women’s and children’s rights, the retrieved sentences do not explicitly situate education/awareness activities about gender equality or women’s rights as a strategy to prevent violence against women (and the awareness-raising cited for prevention is not specified as being about gender equality/women’s rights).",Reference only
JAWA TIMUR BLITAR KOTA,JAWA_TIMUR_BLITAR_KOTA.txt,7.3,International donors,budget_funding_sources,No,Yes,0.0,1.0,false_positive,0.9971714966245155,"1. The Organization of Women's Empowerment and Protection of Women and Child Victims of Violence is realized in part through the establishment of integrated and networked UPT formed by the Regional Government, community, non-governmental organizations, donor institutions or other institutions.","The policy explicitly includes 'donor institutions' among the entities involved in forming integrated and networked service units, which indicates an international/donor support component under the coding rules.",Reference only
JAWA TIMUR BOJONEGORO,JAWA_TIMUR_BOJONEGORO.txt,6.2,Women victims of trafficking,intersectional_approach,No,Yes,0.0,1.0,false_positive,1.0,17. Presidential Decree Number 88 of 2002 concerning the National Action Plan (RAN) for the Elimination of Trafficking in Women and Children;,"The policy’s legal foundation explicitly references a national action plan on trafficking in women and children, which (per the coding rules) is sufficient to include trafficking victims within scope even without further trafficking-specific measures.",Reference only
JAWA TIMUR JEMBER,JAWA_TIMUR_JEMBER.txt,2.1,Institutional network,institutional_mechanism,No,Yes,0.0,1.0,false_positive,1.0,"1. The implementation of protection for victims is carried out in an integrated manner within the PPT framework.
2. The Regency Integrated Service Center receives case referrals from service institutions in the Regency area.","The policy establishes an integrated service implementation framework (PPT) and a referral mechanism where the Regency Integrated Service Center receives case referrals from service institutions, indicating an institutional network/coordination mechanism rather than isolated agency responsibilities.",Reference only
JAWA TIMUR JEMBER,JAWA_TIMUR_JEMBER.txt,2.2,Collaboration with NGOs,institutional_mechanism,Yes,No,1.0,0.0,false_negative,0.9895598152697125,,"While the policy mentions victims’ right to protection from “non-governmental institutions” and refers to involving “community elements,” the candidate sentences do not describe any cooperation/partnership mechanism with NGOs or non-government service providers (e.g., coordination arrangements, roles as partners, or a forum/network involving them).",Reference only
JAWA TIMUR JEMBER,JAWA_TIMUR_JEMBER.txt,3.3,Reporting/hotline service,specialised_support_services,Yes,No,1.0,0.0,false_negative,0.0,,"The text notes victims’ right to information about the location of complaint centers and mentions community reporting to authorities, but it does not explicitly establish or describe a mechanism/service/unit for receiving complaints/reports (e.g., a complaint center, hotline, or intake procedure). Under the coding rules, mere mention of reporting or a right to information about complaint centers without establishing/mandating a receiving mechanism is insufficient.",Reference only
JAWA TIMUR JEMBER,JAWA_TIMUR_JEMBER.txt,6.2,Women victims of trafficking,intersectional_approach,No,Yes,0.0,1.0,false_positive,0.9998703044983814,25. Presidential Decree of the Republic of Indonesia Number 88 Year 2002 concerning National Action Plan for the Elimination of Trafficking in Women and Children;,"The policy’s legal foundation explicitly references a national action plan on trafficking in women and children, which (per the coding rules) is sufficient to include trafficking within scope even without further trafficking-specific measures in the retrieved text.",Reference only
JAWA TIMUR JEMBER,JAWA_TIMUR_JEMBER.txt,7.5,Provincial government budget,budget_funding_sources,No,Yes,0.0,1.0,false_positive,0.999732989016709,"3. Sources of funds in the implementation of protection for women and children are sourced from the APBN, Provincial APBD, Regency APBD as well as other legal and non-binding sources.","The policy explicitly lists the Provincial APBD as a source of funds for implementing protection for women and children victims of violence, indicating provincial government budget support.",Reference only
JAWA TIMUR JOMBANG,JAWA_TIMUR_JOMBANG.txt,1.5,Economic violence,scope_of_violence,Yes,No,1.0,0.0,false_negative,0.9413755384972873,,"None of the provided sentences explicitly identify economic violence/abuse/exploitation/neglect as a form of violence against women, nor do they define violence to include economic deprivation as a violence category. References to “economic security” and “socio-economic empowerment” are not framed as economic violence or neglect.",Reference only
JAWA TIMUR JOMBANG,JAWA_TIMUR_JOMBANG.txt,1.8,Human trafficking,scope_of_violence,No,Yes,0.0,1.0,false_positive,1.0,13. Presidential Decree of the Republic of Indonesia Number 88 Year 2002 concerning National Action Plan (RAN) for the Elimination of Trafficking in Women and Children;,"The policy’s legal basis cites a Presidential Decree establishing a National Action Plan for the Elimination of Trafficking in Women and Children, which constitutes an explicit trafficking-related legal reference.",Reference only
JAWA TIMUR JOMBANG,JAWA_TIMUR_JOMBANG.txt,2.1,Institutional network,institutional_mechanism,No,Yes,0.0,1.0,false_positive,0.9999084493610688,"16. Integrated Service Center for the Protection of Women and Children hereinafter referred to as P2T-P2A is a service provider institution based in a Hospital for victims of violence especially women and children which is managed jointly by the regional government and the community incorporated in a Team conducted in a cross-functional and cross-sectoral manner in the form of medical services (including medico-legal), psycho-social and legal services;
3. The implementation of obligations as referred to in paragraph (1) and paragraph (2), is technically carried out in an integrated manner by the relevant Regional Work Units.
The Implementation of Protection for victims is carried out in an integrated manner within the Integrated Service Center for the Protection of Women and Children (P2T-P2A).","The policy defines the P2T-P2A as a jointly managed, cross-functional and cross-sectoral team-based service provider institution, and states that protection implementation is carried out in an integrated manner within P2T-P2A and by relevant regional work units in an integrated manner—together constituting an institutional coordination mechanism/network rather than isolated agency assignments.",Reference only
JAWA TIMUR JOMBANG,JAWA_TIMUR_JOMBANG.txt,3.2,Police specialised service unit,specialised_support_services,No,Yes,0.0,1.0,false_positive,0.9998169029128974,"What is meant by fast, safe, empathetic, non-discriminatory, easily accessible and with guaranteed confidentiality in the handling/examination of women and children victims of violence, victims are examined at the Secretariat of P2T-P2A or the Women and Children Protection Unit (UPPA) Room, which is a special closed and comfortable room at the Police Unit, where women and children victims of Domestic Violence and violence or sexual harassment can report their cases safely to Policewomen who are empathetic, understanding and professional.","The policy explicitly refers to the Women and Children Protection Unit (UPPA) Room as a special room within the police unit where women and children victims can report cases, indicating a specialised police-based victim service unit.",Reference only
JAWA TIMUR JOMBANG,JAWA_TIMUR_JOMBANG.txt,3.9,Resocialisation services,specialised_support_services,Yes,No,1.0,0.0,false_negative,0.35835739835078584,,"While the text mentions “continuous handling up to the rehabilitation stage,” it does not identify any specific service unit or institution responsible for providing rehabilitation/resocialisation/reintegration services as required by the coding rules.",Reference only
JAWA TIMUR JOMBANG,JAWA_TIMUR_JOMBANG.txt,6.2,Women victims of trafficking,intersectional_approach,No,Yes,0.0,1.0,false_positive,0.9998245316235193,13. Presidential Decree of the Republic of Indonesia Number 88 Year 2002 concerning National Action Plan (RAN) for the Elimination of Trafficking in Women and Children;,"The policy’s legal basis explicitly references a national action plan for the elimination of trafficking in women and children, which (per the coding rules) is sufficient to include trafficking victims within scope even without further trafficking-specific measures.",Reference only
JAWA TIMUR LUMAJANG,JAWA_TIMUR_LUMAJANG.txt,1.8,Human trafficking,scope_of_violence,No,Yes,0.0,1.0,false_positive,0.9998626756131501,18. Presidential Decree Number 88 of 2002 concerning the National Action Plan (RAN) for the Elimination of Trafficking in Women and Children;,"The policy’s legal foundation cites a presidential decree concerning a national action plan for the elimination of trafficking in women and children, which satisfies the rule that citing trafficking-related legal frameworks is sufficient for inclusion.",Reference only
JAWA TIMUR LUMAJANG,JAWA_TIMUR_LUMAJANG.txt,2.1,Institutional network,institutional_mechanism,No,Yes,0.0,1.0,false_positive,1.0,"1. The organization of protection for victims is carried out in an integrated manner within the PPT framework.
11. Integrated Service Center, hereinafter abbreviated as PPT is an institution providing services to victims of violence, which is hospital-based, managed jointly in the form of medical services (including medico-legal), psycho-social and legal services;
2. PPT Lumajang Regency may receive case referrals in Sub-districts in the Lumajang Regency Area.","The policy establishes an integrated service delivery framework through the PPT (Integrated Service Center), described as jointly managed and used as the framework for organizing protection, and it also provides for receiving referrals from sub-districts—together indicating an institutional coordination mechanism/network rather than isolated agency responsibilities.",Reference only
JAWA TIMUR LUMAJANG,JAWA_TIMUR_LUMAJANG.txt,6.2,Women victims of trafficking,intersectional_approach,No,Yes,0.0,1.0,false_positive,1.0,18. Presidential Decree Number 88 of 2002 concerning the National Action Plan (RAN) for the Elimination of Trafficking in Women and Children;,"The policy’s legal foundation explicitly references a national action plan on eliminating trafficking in women and children, which (per the coding rules) is sufficient to indicate trafficking cases/victims are within scope even without further trafficking-specific measures.",Reference only
JAWA TIMUR MADIUN,JAWA_TIMUR_MADIUN.txt,6.2,Women victims of trafficking,intersectional_approach,No,Yes,0.0,1.0,false_positive,1.0,17. Presidential Decree Number 88 of 2002 concerning National Action Plan (RAN) for the Elimination of Trafficking in Women and Children;,"The policy’s legal basis explicitly references a national action plan for the elimination of trafficking in women and children, which (per the coding rules) is sufficient to include trafficking victims within scope even without further trafficking-specific provisions.",Reference only
JAWA TIMUR MADIUN KOTA,JAWA_TIMUR_MADIUN_KOTA.txt,3.2,Police specialised service unit,specialised_support_services,No,Yes,0.0,1.0,false_positive,0.9998245316235193,coverage of availability of women and children service units (UPPA) at Regional Police and District/Municipal Police;,"The policy explicitly refers to the availability of Women and Children Service Units (UPPA) at police levels, which is a recognised specialised police unit for handling women and children victims of violence.",Reference only
JAWA TIMUR MAGETAN,JAWA_TIMUR_MAGETAN.txt,1.8,Human trafficking,scope_of_violence,No,Yes,0.0,1.0,false_positive,0.999732989016709,10. Law Number 21 of 2007 concerning Eradication of the Criminal Act of Trafficking in Persons (State Gazette of the Republic of Indonesia of 2007 Number 58 Supplement to the State Gazette of the Republic of Indonesia Number 4720);,"The policy’s legal basis explicitly cites a law on eradication of trafficking in persons, which is sufficient to code inclusion under the criterion rules.",Reference only
JAWA TIMUR MAGETAN,JAWA_TIMUR_MAGETAN.txt,4.2,Gender equality education,primary_prevention,No,Yes,0.0,1.0,false_positive,0.999145690325731,providing critical education regarding the rights of women and children for the community.,"Within the section on prevention efforts to prevent violence against women and children, the policy includes “providing critical education regarding the rights of women and children for the community,” which is an educational activity about women’s rights explicitly situated as a violence-prevention measure.",Reference only
JAWA TIMUR MAGETAN,JAWA_TIMUR_MAGETAN.txt,5.6,Media engagement,stakeholder_engagement,No,Yes,0.0,1.0,false_positive,0.9997101040197627,"Socialization can be carried out through mass media, electronic media, and direct counseling to the community.","The policy assigns mass media/electronic media a role as channels through which socialization (awareness-raising) can be carried out, which constitutes engaging media in prevention-related activities.",Reference only
JAWA TIMUR MAGETAN,JAWA_TIMUR_MAGETAN.txt,6.2,Women victims of trafficking,intersectional_approach,No,Yes,0.0,1.0,false_positive,1.0,10. Law Number 21 of 2007 concerning Eradication of the Criminal Act of Trafficking in Persons (State Gazette of the Republic of Indonesia of 2007 Number 58 Supplement to the State Gazette of the Republic of Indonesia Number 4720);,"The policy’s legal foundation explicitly cites the national law on eradication of trafficking in persons, which the coding rules treat as sufficient to include trafficking victims within scope even without further trafficking-specific measures.",Reference only
JAWA TIMUR MAGETAN,JAWA_TIMUR_MAGETAN.txt,7.3,International donors,budget_funding_sources,No,Yes,0.0,1.0,false_positive,0.9992677122190814,"1. The implementation of women's empowerment and protection of child victims of violence is realized, among others, through the establishment of an integrated, one-stop and networked UPT established by the government, Regional Government, community, non-governmental organizations, donor institutions or other institutions.","The policy explicitly includes 'donor institutions' among the types of institutions that can establish the integrated service unit (UPT), indicating an explicit role for donors as participating/supporting institutions in implementation.",Reference only
JAWA TIMUR MALANG KOTA,JAWA_TIMUR_MALANG_KOTA.txt,2.3,Data collection systems,institutional_mechanism,Yes,No,1.0,0.0,false_negative,0.9989321699323961,,"While the text mentions an information system and periodic reporting, the candidate sentences do not explicitly link any data/information system, recording, documentation, or reporting requirements to collecting/managing data on violence cases or victims; the reporting described is general (administration/finance/services/performance) rather than a VAW case data system.",Reference only
JAWA TIMUR PASURUAN,JAWA_TIMUR_PASURUAN.txt,1.6,Harmful practices,scope_of_violence,No,Yes,0.0,1.0,false_positive,0.9936928273927783,"Furthermore, for the fate of children at that time it seemed that there was no protection at all for the rights given, children born with female gender would be killed by being buried alive because they were considered a disgrace to parents.","The text explicitly references the killing of children born with female gender (female infanticide), which is a listed harmful practice under the coding rules.",Reference only
JAWA TIMUR PASURUAN,JAWA_TIMUR_PASURUAN.txt,1.8,Human trafficking,scope_of_violence,No,Yes,0.0,1.0,false_positive,1.0,"8. Law Number 21 of 2007 concerning the Eradication of the Criminal Act of Trafficking in Persons (State Gazette of the Republic of Indonesia of 2007 Number 58, Supplement to the State Gazette of the Republic of Indonesia Number 4720);","The legal basis explicitly cites the national law on the Eradication of the Criminal Act of Trafficking in Persons, which satisfies the criterion for inclusion of human trafficking.",Reference only
JAWA TIMUR PASURUAN,JAWA_TIMUR_PASURUAN.txt,2.3,Data collection systems,institutional_mechanism,Yes,No,1.0,0.0,false_negative,0.9995956829634189,,"The cited passages mention developing “gender and child data systems” and general monitoring/reporting, but they do not explicitly link any data collection/management system to violence against women, victims of violence, or violence cases as required by the coding rules.",Reference only
JAWA TIMUR PASURUAN,JAWA_TIMUR_PASURUAN.txt,4.3,VAW laws awareness,primary_prevention,Yes,No,1.0,0.0,false_negative,0.986693025807625,,"The policy mentions “legal awareness education” as a preventive effort, but it does not specify that this education concerns laws, regulations, or policies related to violence against women (e.g., domestic violence, sexual violence, trafficking). The other IEC/socialization references are about prevention/handling of violence generally, not explicitly about VAW laws/policies as required by the coding rules.",Reference only
JAWA TIMUR PASURUAN,JAWA_TIMUR_PASURUAN.txt,5.4,Education institutions engagement,stakeholder_engagement,No,Yes,0.0,1.0,false_positive,1.0,"2. The management of PPTPPA may come from elements of the Regional Government, professional organizations, academics, community leaders and other elements as needed.","The policy includes academics as potential elements in the management of PPTPPA, an integrated service unit for women and children victims of violence, thereby involving the education sector (academics) in implementation/service structures.",Reference only
JAWA TIMUR PASURUAN,JAWA_TIMUR_PASURUAN.txt,6.2,Women victims of trafficking,intersectional_approach,No,Yes,0.0,1.0,false_positive,1.0,"8. Law Number 21 of 2007 concerning the Eradication of the Criminal Act of Trafficking in Persons (State Gazette of the Republic of Indonesia of 2007 Number 58, Supplement to the State Gazette of the Republic of Indonesia Number 4720);","The policy’s legal basis explicitly cites the national law on eradication of trafficking in persons, which (per the coding rules) is sufficient to include trafficking victims within scope.",Reference only
JAWA TIMUR PROBOLINGGO,JAWA_TIMUR_PROBOLINGGO.txt,6.8,Women in legal process,intersectional_approach,No,Yes,0.0,1.0,false_positive,0.9998169029128974,"1. Every woman and child who becomes a witness or perpetrator of violence has the right to receive information, protection, rehabilitation, confidential handling, psychological and legal assistance, as well as fulfillment of their rights related to their status as wife, mother, child, family member or as a community member.","The policy explicitly includes women who become witnesses or perpetrators of violence as entitled to protection, rehabilitation, confidential handling, and psychological/legal assistance, which constitutes explicit coverage of women in the legal process as witnesses/perpetrators.",Reference only
JAWA TIMUR PROBOLINGGO KOTA,JAWA_TIMUR_PROBOLINGGO_KOTA.txt,1.6,Harmful practices,scope_of_violence,No,Yes,0.0,1.0,false_positive,1.0,"In the context of efforts to prevent family psychosocial problems, recovery and creating harmonious families as well as preventing child marriage, the Regional Government needs to establish a Family Learning Center that functions as:
provider of family consultation services and socialization on child marriage prevention; and",The policy explicitly addresses a harmful practice by mentioning prevention of child marriage and establishing a Family Learning Center that includes socialization on child marriage prevention.,Reference only
JAWA TIMUR PROBOLINGGO KOTA,JAWA_TIMUR_PROBOLINGGO_KOTA.txt,6.11,Domestic workers,intersectional_approach,No,Yes,0.0,1.0,false_positive,0.5545997223493823,domestic workers;,"The policy explicitly includes domestic workers within the category of child workers in the informal sector for whom the regional government must protect rights, constituting a targeted protection measure for domestic workers (in the child-worker context).",Reference only
JAWA TIMUR PROBOLINGGO KOTA,JAWA_TIMUR_PROBOLINGGO_KOTA.txt,7.3,International donors,budget_funding_sources,No,Yes,0.0,1.0,false_positive,0.9998626756131501,"cooperate with the business world, non-governmental institutions, private companies, Foundations, and other domestic institutions as well as international institutions, in accordance with the provisions of laws and regulations.","The policy explicitly includes cooperation with ""international institutions"" as part of implementation efforts for women’s protection, indicating international involvement/support even without naming a specific donor or funding amount.",Reference only
JAWA TIMUR SAMPANG,JAWA_TIMUR_SAMPANG.txt,1.5,Economic violence,scope_of_violence,Yes,No,1.0,0.0,false_negative,1.0,,"The candidate sentences define violence against women as resulting in physical, sexual, or psychological suffering, and do not include economic suffering/abuse, economic exploitation, financial deprivation, or neglect as a form of violence against women. References to women’s economic independence are framed as empowerment goals, not as violence/abuse categories.",Reference only
JAWA TIMUR SAMPANG,JAWA_TIMUR_SAMPANG.txt,2.3,Data collection systems,institutional_mechanism,Yes,No,1.0,0.0,false_negative,0.991989960094511,,"The candidate sentences mention developing “gender and child data systems” and general coordination forms including “submission of data and information,” but they do not explicitly link data collection/management/reporting to violence against women, victims, or violence cases as required by the coding rules.",Reference only
JAWA TIMUR SAMPANG,JAWA_TIMUR_SAMPANG.txt,4.3,VAW laws awareness,primary_prevention,Yes,No,1.0,0.0,false_negative,0.999938965775063,,"The policy mentions “legal awareness counseling” as a preventive effort, but the candidate sentences do not specify that this counseling is about laws/regulations/policies related to violence against women (e.g., domestic violence, sexual violence, trafficking). The KIE/socialization items are also not explicitly tied to laws/policies, so the required legal-content specificity is missing.",Reference only
JAWA TIMUR SAMPANG,JAWA_TIMUR_SAMPANG.txt,6.3,Women workers,intersectional_approach,No,Yes,0.0,1.0,false_positive,0.9998245316235193,17. Victim is a woman including Female Workers who work abroad and children who experience misery and/or suffering either directly or indirectly as a result of such violence.,"The definition of “Victim” explicitly includes female workers who work abroad, indicating women workers are a specifically identified covered group for protection/services related to violence.",Reference only
JAWA TIMUR SITUBONDO,JAWA_TIMUR_SITUBONDO.txt,3.3,Reporting/hotline service,specialised_support_services,Yes,No,1.0,0.0,false_negative,0.9999618533911394,,"The text notes that community members may report violence to law enforcement or authorized parties, but it does not explicitly establish or mandate a service/mechanism/unit for receiving complaints/reports from victims or the public (nor procedures for intake). References to SOPs concern service mechanisms generally, not report/complaint intake.",Reference only
JAWA TIMUR SITUBONDO,JAWA_TIMUR_SITUBONDO.txt,6.11,Domestic workers,intersectional_approach,Yes,No,1.0,0.0,false_negative,0.9996109387259833,,"The policy’s general section notes violence against domestic workers (PRT) as a phenomenon requiring attention, but the retrieved text does not establish specific protection measures targeted at domestic workers as a defined beneficiary group; it remains descriptive rather than programmatic/operative for PRT-specific protection.",Reference only
JAWA TIMUR SUMENEP,JAWA_TIMUR_SUMENEP.txt,3.3,Reporting/hotline service,specialised_support_services,Yes,No,1.0,0.0,false_negative,0.9998169029128974,,"The candidate sentences establish P2TP2A and list forms of protection (medical, legal, psychological, etc.), but they do not explicitly provide a mechanism/service for receiving reports or complaints (e.g., hotline, complaint intake procedure, or designated reporting channel).",Reference only
JAWA TIMUR SUMENEP,JAWA_TIMUR_SUMENEP.txt,6.2,Women victims of trafficking,intersectional_approach,No,Yes,0.0,1.0,false_positive,0.9998169029128974,"9. Law Number 21 of 2007 concerning Eradication of the Criminal Act of Trafficking in Persons (State Gazette of the Republic of Indonesia of 2007 Number 58, Supplement to the State Gazette Number 4720);","The policy’s legal foundation explicitly cites a national law on eradication of trafficking in persons, which the coding rules treat as sufficient to include trafficking victims within scope even without further trafficking-specific measures.",Reference only
JAWA TIMUR TRENGGALEK,JAWA_TIMUR_TRENGGALEK.txt,1.6,Harmful practices,scope_of_violence,No,Yes,0.0,1.0,false_positive,0.9998626756131501,prevent marriage at child age.,The policy explicitly addresses the harmful practice of child marriage by stating an obligation to prevent marriage at child age.,Reference only
JAWA TIMUR TRENGGALEK,JAWA_TIMUR_TRENGGALEK.txt,1.9,Sexual slavery/exploitation,scope_of_violence,No,Yes,0.0,1.0,false_positive,0.9934798893969363,1. Special protection for children who are exploited economically and/or sexually as referred to in Article 44 is the obligation and responsibility of the Regional Government and the community.,"The policy explicitly includes sexual exploitation (in the context of children exploited economically and/or sexually) and provides for special protection related to such exploitation, which satisfies the criterion’s requirement for explicit sexual exploitation coverage.",Reference only
JAWA TIMUR TRENGGALEK,JAWA_TIMUR_TRENGGALEK.txt,3.3,Reporting/hotline service,specialised_support_services,Yes,No,1.0,0.0,false_negative,0.9916784320722296,,"The text only states that community members may report violence to law enforcement/authorities and that victims have a right to report, but it does not establish or describe a specific service/mechanism/facility or designated channel for receiving complaints/reports as required by the coding rules.",Reference only
JAWA TIMUR TRENGGALEK,JAWA_TIMUR_TRENGGALEK.txt,5.4,Education institutions engagement,stakeholder_engagement,No,Yes,0.0,1.0,false_positive,1.0,"2. The role of the community as referred to in paragraph (1) shall be carried out by individuals, child protection institutions, community social institutions, educational institutions, religious institutions, business entities, and mass media.","The policy explicitly includes educational institutions among the actors through which the community’s role in child protection is carried out, which constitutes engagement of education institutions within implementation structures (even though framed under child protection).",Reference only
JAWA TIMUR TRENGGALEK,JAWA_TIMUR_TRENGGALEK.txt,5.6,Media engagement,stakeholder_engagement,No,Yes,0.0,1.0,false_positive,1.0,"2. The role of the community as referred to in paragraph (1) shall be carried out by individuals, child protection institutions, community social institutions, educational institutions, religious institutions, business entities, and mass media.","The policy explicitly includes mass media as one of the actors through which the community’s role in child protection is carried out, thereby recognizing media as a stakeholder within implementation structures (beyond merely restricting disclosure).",Reference only
JAWA TIMUR TRENGGALEK,JAWA_TIMUR_TRENGGALEK.txt,6.10,Refugee/forced displacement,intersectional_approach,No,Yes,0.0,1.0,false_positive,0.9999465949513187,Special protection for children who become refugees as referred to in Article 45 letter a is implemented in accordance with the provisions of Laws and Regulations.,"The policy explicitly provides for special protection for children who become refugees, which is a special protection measure targeted at refugees/forced displacement (at least for children).",Reference only
KALIMANTAN BARAT BENGKAYANG,KALIMANTAN_BARAT_BENGKAYANG.txt,1.9,Sexual slavery/exploitation,scope_of_violence,No,Yes,0.0,1.0,false_positive,0.9982612542943714,"10. Special protection is protection given to children in emergency situations, children in conflict with the law, children from minority and isolated groups, children who are exploited economically and/or sexually, children who are trafficked, children who are victims of narcotics, alcohol, psychotropic and other addictive substances (drugs) abuse, children victims of kidnapping, sale, trafficking, children victims of violence both physical and/or mental, children with disabilities, and children victims of maltreatment and neglect.","The policy explicitly references children “exploited ... sexually,” which is a direct mention of sexual exploitation and is sufficient under the coding rules (even without using the term ‘sexual slavery’).",Reference only
KALIMANTAN BARAT BENGKAYANG,KALIMANTAN_BARAT_BENGKAYANG.txt,3.3,Reporting/hotline service,specialised_support_services,Yes,No,1.0,0.0,false_negative,0.9051482536448665,,"The retrieved text includes administrative reporting obligations between P2TP2A, SKPD, the Regent, and the Governor, and notes community participation in reporting violence, but it does not establish or describe a mechanism/service/unit for receiving complaints or reports from victims/public (beyond stating that reporting may occur).",Reference only
KALIMANTAN BARAT BENGKAYANG,KALIMANTAN_BARAT_BENGKAYANG.txt,4.4,Prevention through education,primary_prevention,No,Yes,0.0,1.0,false_positive,0.358357398350786,educational institutions.,"The policy explicitly states that prevention efforts must also be carried out by educational institutions, identifying the education sector/institutions as part of the prevention strategy (even without detailing curricula or school programs).",Reference only
KALIMANTAN BARAT KUBU RAYA,KALIMANTAN_BARAT_KUBU_RAYA.txt,1.1,Domestic violence,scope_of_violence,Yes,No,1.0,0.0,false_negative,0.9951840303722483,,"The candidate sentences define violence and violence against women as occurring in public or private life and define household/family, but they do not explicitly mention domestic/household/family/intimate partner violence as a form of violence covered. References to mediating household disputes are not the same as identifying domestic violence, and the coding rules require an explicit identification of domestic violence or equivalent terms.",Reference only
KALIMANTAN BARAT KUBU RAYA,KALIMANTAN_BARAT_KUBU_RAYA.txt,1.10,Technology-facilitated violence,scope_of_violence,No,Yes,0.0,1.0,false_positive,1.0,Threat of violence is any act unlawfully either directly or indirectly including through social media networks and communication devices.,"The policy explicitly recognizes threats of violence occurring through social media networks and communication devices, which constitutes an explicit inclusion of technology-facilitated violence (at least in the form of threats).",Reference only
KALIMANTAN BARAT KUBU RAYA,KALIMANTAN_BARAT_KUBU_RAYA.txt,2.3,Data collection systems,institutional_mechanism,No,Yes,0.0,1.0,false_positive,1.0,"1. SKPD in charge of Women's Empowerment implements the information system and submits reports on the implementation of women's protection to the Regent.
collect, compile and present reports on violence.","The policy assigns responsibility to the SKPD in charge of Women’s Empowerment to implement an information system and submit reports, and it also specifies that the service network will collect, compile, and present reports on violence—explicitly linking information/reporting functions to violence.",Reference only
KALIMANTAN BARAT KUBU RAYA,KALIMANTAN_BARAT_KUBU_RAYA.txt,4.1,Information and education about VAW,primary_prevention,Yes,No,1.0,0.0,false_negative,0.0,,"The retrieved sentences mention prevention generally and include dissemination of laws/regulations related to protection of women victims of violence and awareness-raising among families/communities, plus education for women victims and use of communication/information/education media. However, the coding rules for this indicator exclude education or information about laws/regulations/policies related to VAW, and the passages do not clearly describe awareness/education activities that provide information specifically about violence against women or anti-violence norms/values (as distinct from legal dissemination or victim-focused education).",Reference only
KALIMANTAN BARAT KUBU RAYA,KALIMANTAN_BARAT_KUBU_RAYA.txt,4.2,Gender equality education,primary_prevention,No,Yes,0.0,1.0,false_positive,0.5545997223493824,conducting socialization of women's rights independently;,"The policy includes an explicit community participation activity of independently conducting socialization of women's rights. This is an educational/awareness activity about women's rights, and it appears within the broader framework of women's protection from violence that includes prevention measures, satisfying the requirement that it be situated as part of preventing violence against women.",Reference only
KALIMANTAN BARAT KUBU RAYA,KALIMANTAN_BARAT_KUBU_RAYA.txt,4.4,Prevention through education,primary_prevention,No,Yes,0.0,1.0,false_positive,0.9413755384972873,"providing education for women victims of violence including access to employment opportunities; and
3. In addition to prevention efforts as referred to in paragraph (1), prevention efforts shall also be carried out by family and/or closest relatives, community, educational institutions and customary institutions.","Within the enumerated prevention efforts, the policy includes providing education for women victims of violence, and it also explicitly states that prevention efforts shall be carried out by educational institutions (among other actors). These passages identify education/educational institutions as part of the prevention mechanism for violence against women.",Reference only
KALIMANTAN BARAT KUBU RAYA,KALIMANTAN_BARAT_KUBU_RAYA.txt,6.4,Elderly women,intersectional_approach,Yes,No,1.0,0.0,false_negative,0.9865641932333529,,"Although the policy defines “Elderly Women” and includes “the elderly” among vulnerable groups, the provided sentences do not specify any special protection measures targeted specifically at elderly women (as opposed to general women’s protection).",Reference only
KALIMANTAN BARAT MELAWI,KALIMANTAN_BARAT_MELAWI.txt,1.8,Human trafficking,scope_of_violence,No,Yes,0.0,1.0,false_positive,0.9999084493610688,"7. Law Number 21 of 2007 concerning the Eradication of the Criminal Act of Trafficking in Persons (State Gazette of the Republic of Indonesia Number 58, Supplement to the State Gazette of the Republic of Indonesia Number 4720);","The policy’s legal basis explicitly cites a national law concerning the eradication of trafficking in persons, which meets the criterion for inclusion.",Reference only
KALIMANTAN BARAT MELAWI,KALIMANTAN_BARAT_MELAWI.txt,1.10,Technology-facilitated violence,scope_of_violence,No,Yes,0.0,1.0,false_positive,0.9998169029128974,Threat of violence is any act unlawfully directly or indirectly including through social media networks and communication tools.,"The policy explicitly recognizes threats of violence occurring through social media networks and communication tools, which constitutes an explicit inclusion of technology-facilitated violence (at least in the form of threats).",Reference only
KALIMANTAN BARAT MELAWI,KALIMANTAN_BARAT_MELAWI.txt,4.4,Prevention through education,primary_prevention,No,Yes,0.0,1.0,false_positive,0.2449186624037092,providing education for women victims of violence;,"Within the enumerated prevention efforts, the policy includes “providing education for women victims of violence,” explicitly presenting education as part of the prevention strategy.",Reference only
KALIMANTAN BARAT MELAWI,KALIMANTAN_BARAT_MELAWI.txt,6.1,Women in conflict/disaster areas,intersectional_approach,Yes,No,1.0,0.0,false_negative,0.999732989016709,,"The cited passages describe general protection for women victims of violence (e.g., prevention, services/handling, empowerment, shelters, emergency assistance) but do not explicitly or implicitly identify women in conflict, disaster, emergency, or displacement/refugee situations as a specific target group, nor do they establish disaster/conflict/displacement-specific measures for women.",Reference only
KALIMANTAN BARAT MELAWI,KALIMANTAN_BARAT_MELAWI.txt,6.2,Women victims of trafficking,intersectional_approach,No,Yes,0.0,1.0,false_positive,0.999732989016709,"7. Law Number 21 of 2007 concerning the Eradication of the Criminal Act of Trafficking in Persons (State Gazette of the Republic of Indonesia Number 58, Supplement to the State Gazette of the Republic of Indonesia Number 4720);","The policy’s legal foundation explicitly cites the national law on eradication of trafficking in persons, which is sufficient under the coding rules to include trafficking victims within scope.",Reference only
KALIMANTAN BARAT MELAWI,KALIMANTAN_BARAT_MELAWI.txt,6.3,Women workers,intersectional_approach,Yes,No,1.0,0.0,false_negative,0.9997711312602866,,"The provided sentences discuss protection for women victims of violence generally and mention empowerment/job training, but they do not explicitly identify women workers/employees (including domestic or migrant workers) as a specific target group for protection measures against violence or exploitation in the workplace.",Reference only
KALIMANTAN BARAT MELAWI,KALIMANTAN_BARAT_MELAWI.txt,6.4,Elderly women,intersectional_approach,Yes,No,1.0,0.0,false_negative,1.0,,"Although the policy defines “Elderly Women” in the general provisions, the retrieved sentences do not specify any special protection measures targeted specifically at elderly women (as distinct from women victims of violence generally).",Reference only
KALIMANTAN BARAT MELAWI,KALIMANTAN_BARAT_MELAWI.txt,6.5,People with disability,intersectional_approach,Yes,No,1.0,0.0,false_negative,1.0,,"The policy defines “Women with Disabilities,” but the retrieved sentences do not identify women with disabilities (or people with disabilities) as beneficiaries of special protection/services, nor do they provide disability-specific measures or accommodations; the content shown is general to women victims of violence.",Reference only
KALIMANTAN BARAT MELAWI,KALIMANTAN_BARAT_MELAWI.txt,6.6,Women heads of household,intersectional_approach,Yes,No,1.0,0.0,false_negative,1.0,,"The retrieved sentences contain general definitions of family/household and general protection measures for women victims of violence, but do not mention women heads of household/families as a specific target group or provide special measures for them.",Reference only
KALIMANTAN BARAT MELAWI,KALIMANTAN_BARAT_MELAWI.txt,6.11,Domestic workers,intersectional_approach,Yes,No,1.0,0.0,false_negative,0.9998626756131501,,"The only relevant mention is a general definition of “household” that includes domestic workers, but there are no special protection measures specifically targeted at domestic workers as a group.",Reference only
KALIMANTAN BARAT MELAWI,KALIMANTAN_BARAT_MELAWI.txt,6.12,Women experiencing homelessness,intersectional_approach,Yes,No,1.0,0.0,false_negative,0.9999084493610688,,"While the policy includes provision of a safe house/shelter for victims, the retrieved sentences do not identify women experiencing homelessness as a specific target group or provide homelessness-specific protection measures.",Reference only
KALIMANTAN BARAT MELAWI,KALIMANTAN_BARAT_MELAWI.txt,6.13,Formerly incarcerated women,intersectional_approach,Yes,No,1.0,0.0,false_negative,1.0,,"The retrieved sentences do not mention former inmates/correctional institutions or formerly incarcerated women as a target group, nor do they provide any special measures for them.",Reference only
KALIMANTAN BARAT SAMBAS,KALIMANTAN_BARAT_SAMBAS.txt,1.8,Human trafficking,scope_of_violence,No,Yes,0.0,1.0,false_positive,1.0,"8. Law Number 21 of 2007 concerning the Eradication of the Criminal Act of Trafficking in Persons (State Gazette of the Republic of Indonesia Year 2007 Number 58, Supplement to the State Gazette of the Republic of Indonesia Number 4720);
14. Government Regulation Number 9 of 2008 Concerning Procedures and Mechanisms for Integrated Services for Witnesses and/or Victims of the Criminal Act of Trafficking in Persons (State Gazette of the Republic of Indonesia Year 2008 Number 22, Supplement to the State Gazette of the Republic of Indonesia Number 4818);","The policy’s legal basis explicitly cites legislation and a government regulation concerning trafficking in persons and integrated services for trafficking victims, indicating trafficking is within the policy’s addressed scope.",Reference only
KALIMANTAN BARAT SAMBAS,KALIMANTAN_BARAT_SAMBAS.txt,4.2,Gender equality education,primary_prevention,No,Yes,0.0,1.0,false_positive,0.24491866240370913,"1. Efforts to prevent violence against Women and Children are carried out in an integrated manner by the Regional Government coordinated by the Regional Apparatus in charge of Women's Empowerment and Child Protection.
2. Prevention efforts as referred to in paragraph (1) are implemented by:
Forms of critical education for women victims of violence consist of: training on gender equality and justice, education on reproductive health for women, and providing understanding of laws and regulations on the Elimination of Domestic Violence.","Within the prevention chapter, the policy includes “critical education” as part of prevention efforts, and the elaboration specifies that this critical education includes training on gender equality and justice, satisfying the requirement for prevention-situated educational activities about gender equality.",Reference only
KALIMANTAN BARAT SAMBAS,KALIMANTAN_BARAT_SAMBAS.txt,4.4,Prevention through education,primary_prevention,No,Yes,0.0,1.0,false_positive,0.9986653015102833,"1. Efforts to prevent violence against Women and Children are carried out in an integrated manner by the Regional Government coordinated by the Regional Apparatus in charge of Women's Empowerment and Child Protection.
2. Prevention efforts as referred to in paragraph (1) are implemented by:
building a working network together with law enforcement apparatus, government apparatus, as well as educational institutions, health institutions, hospitals, various non-governmental organizations concerned with Women and Children;","The policy’s prevention strategy explicitly includes building a working network together with educational institutions as part of efforts to prevent violence against women and children, which meets the criterion of involving education institutions as a preventive measure.",Reference only
KALIMANTAN BARAT SAMBAS,KALIMANTAN_BARAT_SAMBAS.txt,6.2,Women victims of trafficking,intersectional_approach,No,Yes,0.0,1.0,false_positive,1.0,"8. Law Number 21 of 2007 concerning the Eradication of the Criminal Act of Trafficking in Persons (State Gazette of the Republic of Indonesia Year 2007 Number 58, Supplement to the State Gazette of the Republic of Indonesia Number 4720);","The policy’s legal basis explicitly cites national legislation on trafficking in persons, indicating trafficking cases/victims are within scope under the coding rules.",Reference only
KALIMANTAN BARAT SANGGAU,KALIMANTAN_BARAT_SANGGAU.txt,1.10,Technology-facilitated violence,scope_of_violence,No,Yes,0.0,1.0,false_positive,1.0,"Threat of violence, namely any act unlawfully directly or indirectly including through social media networks and communication tools.","The policy explicitly recognizes threats of violence that can occur through social media networks and communication tools, which constitutes an explicit inclusion of technology-facilitated violence under the coding rules.",Reference only
KALIMANTAN BARAT SANGGAU,KALIMANTAN_BARAT_SANGGAU.txt,6.2,Women victims of trafficking,intersectional_approach,No,Yes,0.0,1.0,false_positive,1.0,"5. Law Number 21 of 2017 concerning Eradication of the Criminal Act of Trafficking in Persons (State Gazette of the Republic of Indonesia of 2007 Number 58, Supplement to the State Gazette of the Republic of Indonesia Number 4720);","The policy’s legal foundation explicitly cites a national law on trafficking in persons, which the coding rules treat as sufficient to include trafficking cases/victims within scope even without further trafficking-specific measures.",Reference only
KALIMANTAN BARAT SINGKAWANG KOTA,KALIMANTAN_BARAT_SINGKAWANG_KOTA.txt,2.3,Data collection systems,institutional_mechanism,Yes,No,1.0,0.0,false_negative,0.9989092941000444,,"The cited provisions discuss providing data and information for planning (including gender mainstreaming data and program evaluation data) and general information systems, but they do not explicitly link data collection/recording/management to violence against women, victims of violence, or violence cases as required by the coding rules.",Reference only
KALIMANTAN BARAT SINGKAWANG KOTA,KALIMANTAN_BARAT_SINGKAWANG_KOTA.txt,3.10,Economic support,specialised_support_services,Yes,No,1.0,0.0,false_negative,0.9962270130468518,,"The candidate sentences discuss empowerment and economic enterprise development for women generally and mention assistance for victims of violence, but they do not explicitly state that economic empowerment/financial or livelihood support measures are provided specifically to women victims of violence as required by the coding rules.",Reference only
KALIMANTAN BARAT SINGKAWANG KOTA,KALIMANTAN_BARAT_SINGKAWANG_KOTA.txt,4.4,Prevention through education,primary_prevention,No,Yes,0.0,1.0,false_positive,0.9992143267243323,"2. Implementation of prevention and protection as referred to in paragraph (1), may cooperate with educational institutions, religious institutions, mass media, professional organizations, business entities, and/or community institutions.
providing education for victims of violence and vulnerable groups;","The policy situates prevention and protection efforts in cooperation with educational institutions and explicitly includes ""providing education for victims of violence and vulnerable groups"" as part of those prevention/protection efforts, satisfying the requirement that education is presented as a prevention mechanism (not merely general education access).",Reference only
KALIMANTAN BARAT SINGKAWANG KOTA,KALIMANTAN_BARAT_SINGKAWANG_KOTA.txt,6.3,Women workers,intersectional_approach,Yes,No,1.0,0.0,false_negative,1.0,,"Although the policy mentions female workers and includes workplace-related provisions (overtime pay, occupational health and safety, maternity leave, and non-discrimination), these are general labor protections and do not explicitly provide protection/special measures for women workers against violence, exploitation, or safety risks as required by the coding rules.",Reference only
KALIMANTAN BARAT SINGKAWANG KOTA,KALIMANTAN_BARAT_SINGKAWANG_KOTA.txt,6.10,Refugee/forced displacement,intersectional_approach,No,Yes,0.0,1.0,false_positive,0.9998092742313767,Special protection for children who become refugees as in Article 43 letter a is implemented in accordance with the provisions of Laws and Regulations.,"The policy explicitly provides special protection for children who become refugees, indicating targeted protection measures for refugee/forced displacement situations (at least for children).",Reference only
KALIMANTAN BARAT SINTANG,KALIMANTAN_BARAT_SINTANG.txt,1.8,Human trafficking,scope_of_violence,No,Yes,0.0,1.0,false_positive,1.0,"13. Law Number 21 of 2007 concerning Eradication of the Criminal Act of Trafficking in Persons (State Gazette of the Republic of Indonesia of 2007 Number 58, Supplement to the State Gazette of the Republic of Indonesia Number 4720);","The policy’s legal foundation explicitly cites a national law on the eradication of trafficking in persons, which is sufficient to code inclusion under the criterion.",Reference only
KALIMANTAN BARAT SINTANG,KALIMANTAN_BARAT_SINTANG.txt,6.2,Women victims of trafficking,intersectional_approach,No,Yes,0.0,1.0,false_positive,0.9999694826547045,"13. Law Number 21 of 2007 concerning Eradication of the Criminal Act of Trafficking in Persons (State Gazette of the Republic of Indonesia of 2007 Number 58, Supplement to the State Gazette of the Republic of Indonesia Number 4720);","The policy’s legal basis explicitly cites the national law on eradication of trafficking in persons, which the coding rules treat as sufficient to include trafficking cases/victims within scope.",Reference only
KALIMANTAN SELATAN BALANGAN,KALIMANTAN_SELATAN_BALANGAN.txt,2.3,Data collection systems,institutional_mechanism,Yes,No,1.0,0.0,false_negative,0.9830586106519936,,"While the policy mentions conducting data collection and assessment related to women and children in social life and mapping vulnerable areas, the retrieved sentences do not explicitly link the data collection/management to violence against women, victims of violence, or violence cases as required by the coding rules.",Reference only
KALIMANTAN SELATAN BALANGAN,KALIMANTAN_SELATAN_BALANGAN.txt,3.8,Religious/spiritual counselling,specialised_support_services,No,Yes,0.0,1.0,false_positive,1.0,2. Improving life resilience as referred to in paragraph (1) by providing guidance and assistance for mental spiritual strengthening in the form of religious knowledge.,"The policy provides guidance and assistance for mental-spiritual strengthening in the form of religious knowledge for victims, which qualifies as religious/spiritual counselling or guidance.",Reference only
KALIMANTAN SELATAN BALANGAN,KALIMANTAN_SELATAN_BALANGAN.txt,5.4,Education institutions engagement,stakeholder_engagement,No,Yes,0.0,1.0,false_positive,1.0,"The impact of such violence causes women or children to suffer physically, psychologically, mentally, sexually, so they need to receive protection and health rehabilitation services, social rehabilitation, repatriation and legal assistance carried out in an integrated manner by victim service providers established by the Government, Regional Government and the community.
Other institutions that have similar objectives.","The policy indicates that victim services are carried out in an integrated manner by providers established by government, regional government, and the community, and it also allows the service center’s working network to include “other institutions that have similar objectives,” which can reasonably encompass education institutions as part of implementation structures; however, education institutions are not explicitly named in these sentences.",Reference only
KALIMANTAN SELATAN BALANGAN,KALIMANTAN_SELATAN_BALANGAN.txt,7.3,International donors,budget_funding_sources,No,Yes,0.0,1.0,false_positive,0.9998626756131501,International institutions whose existence is recognized.,"The policy explicitly allows cooperation with recognized international institutions, indicating an international component that can support implementation of protection and empowerment functions.",Reference only
KALIMANTAN SELATAN BARITO KUALA,KALIMANTAN_SELATAN_BARITO_KUALA.txt,3.8,Religious/spiritual counselling,specialised_support_services,Yes,No,1.0,0.0,false_negative,0.925346225311741,,"The provided sentences reference implementation by SKPD in the field of “mental and spiritual,” but do not explicitly describe religious/spiritual counselling, guidance, mentoring, or faith-based support services being provided to victims.",Reference only
KALIMANTAN SELATAN HULU SUNGAI SELATAN,KALIMANTAN_SELATAN_HULU_SUNGAI_SELATAN.txt,3.3,Reporting/hotline service,specialised_support_services,Yes,No,1.0,0.0,false_negative,0.809301070201781,,"The text notes that community members may report violence and that victims have a right to complaint handling, but it does not explicitly establish or describe a specific service/mechanism/channel for receiving complaints/reports (e.g., hotline, complaint desk, designated reporting unit) beyond general reporting to law enforcers/authorized parties.",Reference only
KALIMANTAN SELATAN HULU SUNGAI SELATAN,KALIMANTAN_SELATAN_HULU_SUNGAI_SELATAN.txt,4.3,VAW laws awareness,primary_prevention,No,Yes,0.0,1.0,false_positive,1.0,"disseminating information about laws and regulations related to acts of violence against women and children.
3. conducting socialization of laws and regulations related to the implementation of protection of women and Children victims of violence; and","The policy explicitly includes dissemination/socialization of laws and regulations related to acts of violence against women and children, and it situates these actions within prevention/community participation and implementation of protection from violence. This matches the criterion’s requirement for prevention-oriented information/education about relevant laws/regulations.",Reference only
KALIMANTAN SELATAN KOTABARU,KALIMANTAN_SELATAN_KOTABARU.txt,2.5,Training and capacity building,institutional_mechanism,Yes,No,1.0,0.0,false_negative,1.0,,"While the text mentions training in the context of community dissemination and victim economic empowerment (e.g., entrepreneurship/job training), it does not explicitly mandate training/capacity building for government officials, implementing agencies, or service providers responsible for implementing the policy. The general mention of “guidance, training and assistance” is directed to victims/families rather than implementers, which is excluded by the coding rules.",Reference only
KALIMANTAN SELATAN KOTABARU,KALIMANTAN_SELATAN_KOTABARU.txt,7.3,International donors,budget_funding_sources,No,Yes,0.0,1.0,false_positive,0.9998626756131501,international institutions whose existence is recognized.,"The policy explicitly includes cooperation with “international institutions whose existence is recognized,” which constitutes an explicit international involvement/support channel under the coding rules.",Reference only
KALIMANTAN SELATAN TABALONG,KALIMANTAN_SELATAN_TABALONG.txt,1.5,Economic violence,scope_of_violence,Yes,No,1.0,0.0,false_negative,1.0,,"The candidate sentences define gender-based violence in physical, sexual, and psychological terms and do not mention economic abuse/exploitation, deprivation of resources, or neglect as a form of violence, nor do they define violence as including economic suffering.",Reference only
KALIMANTAN SELATAN TABALONG,KALIMANTAN_SELATAN_TABALONG.txt,2.3,Data collection systems,institutional_mechanism,No,Yes,0.0,1.0,false_positive,0.5545997223493824,"case recording; and
1. The Regent is responsible for preparing reports on the implementation of P2TP2A for Protection of Women and Children in the Region.","The policy explicitly includes “case recording” as part of the handling flow at P2TP2A, which is a direct requirement to document violence cases handled by the service center. It also assigns the Regent responsibility for preparing reports on implementation of P2TP2A, supporting an information/reporting function linked to protection services for victims of violence.",Reference only
KALIMANTAN SELATAN TABALONG,KALIMANTAN_SELATAN_TABALONG.txt,3.2,Police specialised service unit,specialised_support_services,No,Yes,0.0,1.0,false_positive,0.9999847412691449,Women and Children Protection Unit (Police Resort and Police Sector);,"The policy explicitly references a Women and Children Protection Unit within police structures (Police Resort and Police Sector) as a partner, which constitutes a specialised police unit for victims of violence against women/children.",Reference only
KALIMANTAN SELATAN TABALONG,KALIMANTAN_SELATAN_TABALONG.txt,6.2,Women victims of trafficking,intersectional_approach,No,Yes,0.0,1.0,false_positive,0.9999084493610688,"9. Law Number 21 of 2007 concerning the Eradication of the Criminal Act of Trafficking in Persons (State Gazette of the Republic of Indonesia of 2007 Number 58, Supplement to the State Gazette of the Republic of Indonesia Number 4720);","The policy’s legal foundations explicitly cite the national law on trafficking in persons, which (per the coding rules) is sufficient to indicate trafficking cases/victims are within scope.",Reference only
KALIMANTAN SELATAN TANAH BUMBU,KALIMANTAN_SELATAN_TANAH_BUMBU.txt,1.6,Harmful practices,scope_of_violence,No,Yes,0.0,1.0,false_positive,1.0,"Children's Rights, Child Protection, prevention of child marriage and Child rearing; and","The policy explicitly references “prevention of child marriage” as part of community awareness/education measures, which is a harmful practice affecting girls and meets the criterion.",Reference only
KALIMANTAN SELATAN TANAH BUMBU,KALIMANTAN_SELATAN_TANAH_BUMBU.txt,3.10,Economic support,specialised_support_services,Yes,No,1.0,0.0,false_negative,0.9997253606552938,,"The candidate sentences describe economic facilitation/capital assistance for women generally and economic support within family support, but they do not explicitly specify that economic empowerment/support is provided to women victims of violence as required by the coding rules.",Reference only
KALIMANTAN SELATAN TANAH BUMBU,KALIMANTAN_SELATAN_TANAH_BUMBU.txt,4.2,Gender equality education,primary_prevention,Yes,No,1.0,0.0,false_negative,1.0,,"While the text includes references to gender equality as a principle/definition and mentions socialization to increase awareness of women’s political rights, the coding rules require educational/awareness activities about gender equality/women’s rights to be explicitly situated as a strategy to prevent violence against women. None of the retrieved sentences explicitly link gender-equality or women’s-rights education/socialization to preventing VAW.",Reference only
KALIMANTAN SELATAN TANAH BUMBU,KALIMANTAN_SELATAN_TANAH_BUMBU.txt,4.3,VAW laws awareness,primary_prevention,Yes,No,1.0,0.0,false_negative,0.9997787597963033,,"The only explicit dissemination/socialization of laws and regulations mentioned concerns protection of children exploited economically/sexually, not laws/policies related to violence against women. Other passages reference prevention of violence against women generally, but do not specify information/education about VAW-related laws, regulations, or policies as a prevention measure.",Reference only
KALIMANTAN SELATAN TANAH BUMBU,KALIMANTAN_SELATAN_TANAH_BUMBU.txt,5.6,Media engagement,stakeholder_engagement,No,Yes,0.0,1.0,false_positive,1.0,"The implementation of governmental affairs in the field of Women's Empowerment and Child Protection aims to increase efforts to Protect Women's rights, fulfill Children's Rights and Special Protection for Children and increase the role of Regional Government and the business world, media and the Community in efforts for Women's Empowerment and Child Protection.","The policy explicitly recognizes the media as having a role (alongside government, business world, and community) in efforts for women’s empowerment and child protection, indicating stakeholder engagement beyond mere mention of media exposure risks.",Reference only
KALIMANTAN SELATAN TANAH BUMBU,KALIMANTAN_SELATAN_TANAH_BUMBU.txt,6.9,Indigenous people/groups,intersectional_approach,No,Yes,0.0,1.0,false_positive,0.997483883843497,"Children from isolated indigenous communities;
1. Special Protection for Children from isolated indigenous communities as referred to in Article 36 letter c is carried out through the provision of facilities and infrastructure to be able to enjoy their own culture, acknowledge and practice their own religion, and use their own language.","The policy explicitly includes children from isolated indigenous communities as a category requiring special protection and specifies targeted measures (facilities/infrastructure to enjoy culture, practice religion, use language). This constitutes special protection measures targeted at an Indigenous group (though framed within child protection).",Reference only
KALIMANTAN SELATAN TANAH BUMBU,KALIMANTAN_SELATAN_TANAH_BUMBU.txt,6.10,Refugee/forced displacement,intersectional_approach,No,Yes,0.0,1.0,false_positive,0.5545997223493824,"21. Child in emergency situations is a Child in situations and conditions that endanger him/herself such as Children victims of riots, Children who become refugees, Children victims of natural disasters and Children in armed conflict.",The policy explicitly references refugees within the definition of “child in emergency situations” (children who become refugees). This indicates the policy covers refugee/forced displacement situations as a specific emergency category (albeit for children).,Reference only
KALIMANTAN SELATAN TANAH BUMBU,KALIMANTAN_SELATAN_TANAH_BUMBU.txt,7.3,International donors,budget_funding_sources,No,Yes,0.0,1.0,false_positive,0.9716159977388223,conducting cooperation with other Regions as well as with other countries through bilateral or multilateral cooperation in accordance with laws and regulations.,"The policy explicitly mentions cooperation with other countries through bilateral or multilateral cooperation, which constitutes an international component under the coding rules (even though it is framed as cooperation rather than a named donor).",Reference only
KALIMANTAN SELATAN TAPIN,KALIMANTAN_SELATAN_TAPIN.txt,1.5,Economic violence,scope_of_violence,Yes,No,1.0,0.0,false_negative,0.9999694826547045,,"The candidate sentences define gender-based violence in physical, sexual, and psychological terms and do not mention economic violence/abuse, economic exploitation, deprivation of resources, or neglect as a form of violence; general references to vulnerability/basic needs are not explicitly linked to economic abuse.",Reference only
KALIMANTAN SELATAN TAPIN,KALIMANTAN_SELATAN_TAPIN.txt,3.1,Integrated service unit,specialised_support_services,Yes,No,1.0,0.0,false_negative,0.9413755384972874,,"The text states that women victims of violence have a right to “integrated services” and lists types of protection services (legal aid, medical and psychosocial rehabilitation, social reintegration, etc.), but it does not explicitly establish, name, or assign responsibility to a specific integrated service unit/one-stop centre or equivalent institution/mechanism that coordinates these services.",Reference only
KALIMANTAN SELATAN TAPIN,KALIMANTAN_SELATAN_TAPIN.txt,3.3,Reporting/hotline service,specialised_support_services,Yes,No,1.0,0.0,false_negative,0.9975677033614962,,"The only relevant passage indicates community participation may take the form of “complaints/reports,” but it does not establish or describe any service/mechanism/channel for receiving and handling violence complaints (and the coding rules exclude mere permission to report without a designated mechanism).",Reference only
KALIMANTAN SELATAN TAPIN,KALIMANTAN_SELATAN_TAPIN.txt,3.9,Resocialisation services,specialised_support_services,Yes,No,1.0,0.0,false_negative,0.2449186624037092,,"While “social reintegration” and various forms of rehabilitation are listed as forms of protection services, the excerpts do not identify any service unit/institution/mechanism responsible for providing these resocialisation services, which is required by the coding rules.",Reference only
KALIMANTAN SELATAN TAPIN,KALIMANTAN_SELATAN_TAPIN.txt,4.1,Information and education about VAW,primary_prevention,No,Yes,0.0,1.0,false_positive,0.9968210715572532,"(1) The Regent implements policies, programs and activities for the protection of women, to eliminate all forms of discrimination and violence against women in his region.
(4) The implementation as referred to in paragraph (3) is in the form of: policy analysis, coordination, advocacy, socialization, communication, information, and education (IEC), training, service facilitation, service provision, model development, and other forms.","The policy frames women’s protection as including eliminating violence against women, and explicitly lists implementation forms that include socialization, communication, information, and education (IEC). This constitutes an information/education activity situated within the women’s protection/anti-VAW programmatic framework, meeting the criterion for preventive information/education about VAW/anti-violence values.",Reference only
KALIMANTAN SELATAN TAPIN,KALIMANTAN_SELATAN_TAPIN.txt,5.8,Private sector engagement,stakeholder_engagement,Yes,No,1.0,0.0,false_negative,1.0,,"The only explicit reference to companies concerns obligations to protect female workers as workers, which is an employment/workplace requirement rather than recognizing the private sector as a stakeholder/partner in prevention, protection, or service delivery. No collaboration or stakeholder role for business/private sector is described.",Reference only
KALIMANTAN SELATAN TAPIN,KALIMANTAN_SELATAN_TAPIN.txt,7.2,National government budget,budget_funding_sources,No,Yes,0.0,1.0,false_positive,1.0,"(2) In the event that the region receives funding assistance for the implementation of policies, programs and activities for women's protection from the Government, it shall be implemented in accordance with the provisions of laws and regulations.","The policy explicitly contemplates funding assistance coming from “the Government” to the region for implementation, indicating a national-level government funding source in addition to regional funds.",Reference only
KALIMANTAN SELATAN TAPIN,KALIMANTAN_SELATAN_TAPIN.txt,7.3,International donors,budget_funding_sources,No,Yes,0.0,1.0,false_positive,1.0,"(1) In implementing policies, programs, and activities for the protection of women, the Regional Government may cooperate with International Institutions.","The policy explicitly allows the Regional Government to cooperate with International Institutions in implementing women’s protection policies/programs/activities, which meets the criterion for international involvement/support even without naming a donor or specifying amounts.",Reference only
KALIMANTAN TENGAH BARITO TIMUR,KALIMANTAN_TENGAH_BARITO_TIMUR.txt,2.5,Training and capacity building,institutional_mechanism,Yes,No,1.0,0.0,false_negative,1.0,,"The retrieved sentences reference training primarily for victims (e.g., entrepreneurship/job training) and for community members to disseminate norms, but do not explicitly mandate training/capacity building for government officials, implementing agencies, or service providers responsible for implementing the policy.",Reference only
KALIMANTAN TENGAH BARITO TIMUR,KALIMANTAN_TENGAH_BARITO_TIMUR.txt,7.3,International donors,budget_funding_sources,No,Yes,0.0,1.0,false_positive,0.9998169029128974,international institutions whose existence is recognized.,"The policy explicitly includes “international institutions whose existence is recognized” as entities with which cooperation is conducted to strengthen implementation of protection of women and children, which meets the criterion for international involvement/support even without naming a specific donor or funding amount.",Reference only
KALIMANTAN TENGAH GUNUNG MAS,KALIMANTAN_TENGAH_GUNUNG_MAS.txt,1.5,Economic violence,scope_of_violence,Yes,No,1.0,0.0,false_negative,0.9951840303722483,,"The candidate sentences discuss economic responsibilities/empowerment and include a definition of violence focused on children that mentions neglect, but they do not explicitly identify economic violence/financial abuse/economic exploitation or domestic/economic neglect as a form of violence against women.",Reference only
KALIMANTAN TENGAH GUNUNG MAS,KALIMANTAN_TENGAH_GUNUNG_MAS.txt,1.9,Sexual slavery/exploitation,scope_of_violence,No,Yes,0.0,1.0,false_positive,0.8093010702017811,children who are exploited economically and/or sexually;,"The policy explicitly includes children who are exploited sexually (and/or economically) as a special protection category, which constitutes explicit coverage of sexual exploitation.",Reference only
KALIMANTAN TENGAH GUNUNG MAS,KALIMANTAN_TENGAH_GUNUNG_MAS.txt,6.10,Refugee/forced displacement,intersectional_approach,No,Yes,0.0,1.0,false_positive,0.2449186624037092,"What is meant by ""special protection"" is Children who need special protection are children in emergency situations such as children who become refugees, victims of riots, victims of natural disasters and children in armed conflict situations; children in conflict with the law; children from minority and isolated groups; children who are exploited economically and/or sexually; children who are trafficked; children who are victims of narcotics, alcohol, psychotropic, and other addictive substance abuse; children who are victims of pornography; children with HIV/AIDS; children who are victims of kidnapping and trafficking; children who are victims of physical and/or mental and sexual Violence; children who are victims of terrorism networks; children with disabilities; children who are victims of abuse and neglect; children with deviant social behavior; children who are victims of stigmatization from labeling related to their parents' condition.","The policy’s definition/explanation of “special protection” explicitly includes “children who become refugees” as a category of children needing special protection, which constitutes a targeted special-protection reference for refugees/forced displacement (albeit child-focused).",Reference only
KALIMANTAN TENGAH KATINGAN,KALIMANTAN_TENGAH_KATINGAN.txt,1.5,Economic violence,scope_of_violence,No,Yes,0.0,1.0,false_positive,0.9937764878283804,"8. Violence is any act that results in or causes misery and suffering whether physical, sexual, psychological including neglect, threats of certain actions, coercion or arbitrary deprivation of liberty, whether occurring in public and or in private life.","The definition of violence explicitly includes “neglect,” which is a listed qualifying concept under the coding rules (economic violence/economic exploitation/neglect/domestic neglect). Although not elaborated as economic, neglect is explicitly included as a form of violence in scope.",Reference only
KALIMANTAN TENGAH KATINGAN,KALIMANTAN_TENGAH_KATINGAN.txt,2.1,Institutional network,institutional_mechanism,No,Yes,0.0,1.0,false_positive,0.9540452601799488,"1. The established UPTD PPA may accommodate institutions/work units that provide services for victims of violence such as safe houses, social protection houses for Children, trauma center protection houses, women's social protection houses, shelters and other service activities in accordance with applicable Laws and Regulations.","The policy establishes UPTD PPA as an organizer of integrated services and states it may accommodate other service-providing institutions/work units (e.g., safe houses, shelters), which constitutes an institutional arrangement/network supporting implementation rather than merely assigning isolated responsibilities.",Reference only
KALIMANTAN TENGAH KATINGAN,KALIMANTAN_TENGAH_KATINGAN.txt,2.2,Collaboration with NGOs,institutional_mechanism,No,Yes,0.0,1.0,false_positive,0.999893191328687,cooperating with the community and/or community organizations in the implementation of protection of women in accordance with laws and regulations;,"The policy explicitly provides for cooperation with the community and/or community organizations in implementing protection, which meets the criterion for collaboration with non-government actors/service providers.",Reference only
KALIMANTAN TENGAH KATINGAN,KALIMANTAN_TENGAH_KATINGAN.txt,6.2,Women victims of trafficking,intersectional_approach,No,Yes,0.0,1.0,false_positive,1.0,"6. Law Number 21 of 2007 concerning the Eradication of the Criminal Act of Trafficking in Persons (State Gazette of the Republic of Indonesia of 2007 Number 58, Supplement to the State Gazette of the Republic of Indonesia Number 4720);","The policy’s legal foundation explicitly references the national law on trafficking in persons, which (per the coding rules) is sufficient to indicate trafficking cases/victims are intended to be covered within scope.",Reference only
KALIMANTAN TENGAH KOTAWARINGIN TIMUR,KALIMANTAN_TENGAH_KOTAWARINGIN_TIMUR.txt,1.8,Human trafficking,scope_of_violence,No,Yes,0.0,1.0,false_positive,0.999938965775063,"7. Law Number 21 of 2007 concerning Eradication of the Criminal Act of Trafficking in Persons (State Gazette of the Republic of Indonesia of 2007 Number 58, Supplement to the State Gazette of the Republic of Indonesia Number 4720);","The policy’s legal foundation explicitly cites a law concerning the eradication of trafficking in persons, which satisfies the coding rule that citing trafficking legislation is sufficient for inclusion.",Reference only
KALIMANTAN TENGAH KOTAWARINGIN TIMUR,KALIMANTAN_TENGAH_KOTAWARINGIN_TIMUR.txt,3.2,Police specialised service unit,specialised_support_services,No,Yes,0.0,1.0,false_positive,0.9999084493610688,"This service unit can be located at the Integrated Service Center (PPT) and Integrated Crisis Center (PKT) based in Hospitals, Community Health Centers, Integrated Service Center for Women and Child Empowerment (P2TP2A), Women and Children Service Unit (UPPA), Trauma Center Shelter (RPTC), Children's Social Shelter (RPSA), BP4, and other religious institutions, prosecutor's office, court, Women Crisis Center (WCC), and other similar institutions.","The policy explicitly references the Women and Children Service Unit (UPPA) as a location where the unified service unit for women and children victims of violence can be located, indicating a specialised police-based unit involved in victim services.",Reference only
KALIMANTAN TENGAH KOTAWARINGIN TIMUR,KALIMANTAN_TENGAH_KOTAWARINGIN_TIMUR.txt,6.2,Women victims of trafficking,intersectional_approach,No,Yes,0.0,1.0,false_positive,1.0,"7. Law Number 21 of 2007 concerning Eradication of the Criminal Act of Trafficking in Persons (State Gazette of the Republic of Indonesia of 2007 Number 58, Supplement to the State Gazette of the Republic of Indonesia Number 4720);","The policy’s legal basis explicitly cites the national law on eradication of trafficking in persons, which (per the coding rules) is sufficient to include trafficking victims within scope even without further trafficking-specific measures in the retrieved text.",Reference only
KALIMANTAN TENGAH LAMANDAU,KALIMANTAN_TENGAH_LAMANDAU.txt,2.2,Collaboration with NGOs,institutional_mechanism,Yes,No,1.0,0.0,false_negative,0.9991761951008573,,"The candidate sentences mention cooperation/dialogue among government, community, and business sectors and cooperation with government and business, but they do not explicitly identify NGOs/civil society organisations/non-government service providers as partners or establish a collaboration mechanism with them.",Reference only
KALIMANTAN TENGAH LAMANDAU,KALIMANTAN_TENGAH_LAMANDAU.txt,2.4,Gender mainstreaming institutionalisation,institutional_mechanism,Yes,No,1.0,0.0,false_negative,0.9999465949513187,,"While the text references gender equality/justice principles and gender-disaggregated data, it does not explicitly require or establish gender mainstreaming as an institutional mechanism (e.g., mainstreaming in planning/budgeting, a focal point, or a mainstreaming working group).",Reference only
KALIMANTAN TENGAH LAMANDAU,KALIMANTAN_TENGAH_LAMANDAU.txt,2.5,Training and capacity building,institutional_mechanism,Yes,No,1.0,0.0,false_negative,0.9642740482754646,,"The cited passages refer to training for cadres and to “capacity building for managers,” but they do not clearly mandate training/capacity building for government officials, implementing agencies, or service providers responsible for implementing the policy; the training described is framed as community/cadre participation rather than an explicit duty to build implementer capacity.",Reference only
KALIMANTAN TENGAH LAMANDAU,KALIMANTAN_TENGAH_LAMANDAU.txt,3.10,Economic support,specialised_support_services,Yes,No,1.0,0.0,false_negative,0.9994126228909521,,"While the policy mentions skills training and women’s empowerment activities within P2TP2A, the candidate sentences do not explicitly specify that economic empowerment/support is provided to women victims of violence (as opposed to women/children or the community generally).",Reference only
KALIMANTAN TENGAH LAMANDAU,KALIMANTAN_TENGAH_LAMANDAU.txt,4.1,Information and education about VAW,primary_prevention,No,Yes,0.0,1.0,false_positive,0.9867839714786286,"Protection of women and children from violence and human trafficking.
Communication, information and education.","The policy lists, as programs of the P2TP2A, both protection of women and children from violence and human trafficking and a specific program of “Communication, information and education,” which implies information/education activities situated within the integrated service center’s violence-protection programming.",Reference only
KALIMANTAN TENGAH LAMANDAU,KALIMANTAN_TENGAH_LAMANDAU.txt,4.4,Prevention through education,primary_prevention,Yes,No,1.0,0.0,false_negative,1.0,,"The policy mentions education and training among various services and includes general child education obligations and school protection, but it does not explicitly identify formal education instruments (schools/curricula/teaching materials/education institutions) as a prevention mechanism for violence against women (or women and children) in the candidate sentences. General references to education/training and CIE are insufficient under the coding rules.",Reference only
KALIMANTAN TENGAH LAMANDAU,KALIMANTAN_TENGAH_LAMANDAU.txt,5.1,NGO collaboration,stakeholder_engagement,Yes,No,1.0,0.0,false_negative,0.5545997223493824,,"The candidate sentences refer to non-government institutions in general definitions and to broad ""community elements"" and ""social institutions,"" but they do not explicitly mention NGOs/civil society organisations or establish collaboration/partnership mechanisms with such organisations for VAW prevention or service delivery. References to community-managed services and community participation are too general under the coding rules, and cooperation is described with government/business sector rather than NGOs.",Reference only
KALIMANTAN TENGAH LAMANDAU,KALIMANTAN_TENGAH_LAMANDAU.txt,5.4,Education institutions engagement,stakeholder_engagement,No,Yes,0.0,1.0,false_positive,0.999732989016709,academic elements.,"The policy includes ""academic elements"" as part of the membership of the P2TP2A institutional arrangement, indicating involvement of the education/academic sector in the implementation structure for protection services to women and children victims of violence.",Reference only
KALIMANTAN TENGAH PALANGKA RAYA KOTA,KALIMANTAN_TENGAH_PALANGKA_RAYA_KOTA.txt,1.5,Economic violence,scope_of_violence,Yes,No,1.0,0.0,false_negative,0.9540452601799487,,"The candidate sentences define violence as including neglect and mention economic sectors/empowerment activities, but they do not explicitly identify economic violence/financial abuse/economic exploitation or domestic/economic neglect as a form of violence against women, nor do they link economic deprivation to violence against women as required by the coding rules.",Reference only
KALIMANTAN TENGAH PALANGKA RAYA KOTA,KALIMANTAN_TENGAH_PALANGKA_RAYA_KOTA.txt,1.9,Sexual slavery/exploitation,scope_of_violence,No,Yes,0.0,1.0,false_positive,1.0,children who are exploited economically and/or sexually;,"The policy explicitly includes children who are exploited sexually as a special protection category, which constitutes explicit inclusion of sexual exploitation within the policy’s scope.",Reference only
KALIMANTAN TENGAH PULANG PISAU,KALIMANTAN_TENGAH_PULANG_PISAU.txt,3.3,Reporting/hotline service,specialised_support_services,Yes,No,1.0,0.0,false_negative,0.9970343664489116,,"The text notes that community members may report violence to authorities and that victims have a right to complaint handling, but it does not explicitly establish or describe a mechanism/service/channel (e.g., hotline, designated unit, SOP) for receiving complaints/reports from victims or the public; the reporting references are framed as community actions rather than a mandated receiving service.",Reference only
KALIMANTAN TENGAH PULANG PISAU,KALIMANTAN_TENGAH_PULANG_PISAU.txt,4.4,Prevention through education,primary_prevention,Yes,No,1.0,0.0,false_negative,0.999839789132067,,"The policy mentions providing education on anti-violence values, but the retrieved sentences do not identify formal education instruments or institutions (e.g., schools, curricula, teaching/learning materials, education sector bodies) as the prevention mechanism; under the coding rules, broad education/socialization without explicit education-institution involvement does not qualify.",Reference only
KALIMANTAN TENGAH PULANG PISAU,KALIMANTAN_TENGAH_PULANG_PISAU.txt,6.3,Women workers,intersectional_approach,No,Yes,0.0,1.0,false_positive,1.0,"providing shelters for female workers at the workplace;
providing a safe and supportive work environment, free from harassment, discrimination, violence, mistreatment and/or treatment that degrades the dignity and honor of women and children;","The policy includes workplace-related protective measures via obligations on business entities to ensure a safe work environment free from harassment/violence and to provide shelters for female workers, explicitly targeting women workers.",Reference only
KALIMANTAN TENGAH SUKAMARA,KALIMANTAN_TENGAH_SUKAMARA.txt,1.9,Sexual slavery/exploitation,scope_of_violence,No,Yes,0.0,1.0,false_positive,0.9413755384972873,"child victims of violence who are economically and sexually exploited, neglected children, child victims of kidnapping and child victims of human trafficking;
all work that utilizes, provides or offers children for prostitution, pornography production, pornographic performances, or gambling;","The policy explicitly refers to children who are “sexually exploited” as a target group for social welfare and prohibits involving children in prostitution/pornography-related worst forms of work, which constitutes explicit inclusion of sexual exploitation (and related slavery-like practices) under the coding rules.",Reference only
KALIMANTAN TENGAH SUKAMARA,KALIMANTAN_TENGAH_SUKAMARA.txt,4.3,VAW laws awareness,primary_prevention,Yes,No,1.0,0.0,false_negative,1.0,,"The retrieved sentences mention socialization on preventing violence against women and providing guidelines on handling VAW, but they do not specify that the socialization/education is about laws, regulations, or policies related to VAW. References to implementing laws and regulations appear in the context of law enforcement and legal aid services (response), not as prevention-oriented public legal awareness activities about VAW laws/policies.",Reference only
KALIMANTAN TENGAH SUKAMARA,KALIMANTAN_TENGAH_SUKAMARA.txt,6.4,Elderly women,intersectional_approach,Yes,No,1.0,0.0,false_negative,1.0,,None of the cited sentences mention elderly women or provide any protection measures specifically targeted at elderly women.,Reference only
KALIMANTAN TENGAH SUKAMARA,KALIMANTAN_TENGAH_SUKAMARA.txt,6.6,Women heads of household,intersectional_approach,Yes,No,1.0,0.0,false_negative,0.9977886989508458,,"The cited text mentions efforts to empower female heads of households, but it does not describe special protection measures (e.g., protection services, safety measures, or targeted protection from violence/exploitation) specifically for women heads of household.",Reference only
KALIMANTAN TIMUR BONTANG KOTA,KALIMANTAN_TIMUR_BONTANG_KOTA.txt,6.3,Women workers,intersectional_approach,Yes,No,1.0,0.0,false_negative,0.5545997223493823,,"While the policy includes “discrimination and violence in the workplace” as a type of violence, it does not explicitly identify women workers/employees as a specific target group for protection measures; other references relate to employment opportunities/economic independence for women victims rather than protections for women workers as such.",Reference only
KALIMANTAN TIMUR KUTAI BARAT,KALIMANTAN_TIMUR_KUTAI_BARAT.txt,1.8,Human trafficking,scope_of_violence,No,Yes,0.0,1.0,false_positive,1.0,"Child Victims of kidnapping, sale, and/or trafficking;","The policy explicitly includes trafficking by identifying “Child Victims of kidnapping, sale, and/or trafficking” as a group receiving special protection, which meets the criterion for inclusion of trafficking in persons.",Reference only
KALIMANTAN TIMUR KUTAI TIMUR,KALIMANTAN_TIMUR_KUTAI_TIMUR.txt,4.4,Prevention through education,primary_prevention,Yes,No,1.0,0.0,false_negative,0.9988711682945495,,"Although the policy lists prevention efforts including “seeking to improve education for women,” it does not explicitly identify formal education instruments (e.g., schools, curricula, teaching materials, education institutions) as a prevention mechanism for violence, nor does it explicitly link education institutions/curricula to preventing VAW; the mention is too general under the coding rules.",Reference only
KALIMANTAN TIMUR PASER,KALIMANTAN_TIMUR_PASER.txt,1.8,Human trafficking,scope_of_violence,No,Yes,0.0,1.0,false_positive,1.0,"8. Law Number 14 of 2009 concerning Ratification of the Protocol to Prevent, Suppress and Punish Trafficking in Persons, Especially Women and Children, Supplementing the United Nations Convention Against Transnational Organized Crime (State Gazette of the Republic of Indonesia of 2009 Number 53, Supplement to the State Gazette of the Republic of Indonesia Number 4990);","The legal basis explicitly cites a law ratifying the Protocol to Prevent, Suppress and Punish Trafficking in Persons, which is sufficient to code inclusion of human trafficking under the criterion rules.",Reference only
KALIMANTAN TIMUR PASER,KALIMANTAN_TIMUR_PASER.txt,3.3,Reporting/hotline service,specialised_support_services,Yes,No,1.0,0.0,false_negative,0.9999008203303268,,"The text allows community participation through reporting incidents/potential violence, but it does not establish or mandate a specific reporting/complaint-receiving mechanism, service, facility, or designated channel for receiving complaints from victims or the public.",Reference only
KALIMANTAN TIMUR PASER,KALIMANTAN_TIMUR_PASER.txt,6.2,Women victims of trafficking,intersectional_approach,No,Yes,0.0,1.0,false_positive,1.0,"8. Law Number 14 of 2009 concerning Ratification of the Protocol to Prevent, Suppress and Punish Trafficking in Persons, Especially Women and Children, Supplementing the United Nations Convention Against Transnational Organized Crime (State Gazette of the Republic of Indonesia of 2009 Number 53, Supplement to the State Gazette of the Republic of Indonesia Number 4990);","The policy’s legal foundation explicitly cites a national instrument concerning trafficking in persons (especially women and children), which the coding rules treat as sufficient to include trafficking victims within scope.",Reference only
KALIMANTAN TIMUR PASER,KALIMANTAN_TIMUR_PASER.txt,6.3,Women workers,intersectional_approach,Yes,No,1.0,0.0,false_negative,0.5545997223493824,,"While the policy states protection includes women ""in the workplace,"" it does not explicitly identify women workers/employees as a specific target group or provide workplace-specific protection measures for women workers as such (beyond general protection of women).",Reference only
KALIMANTAN TIMUR PENAJAM PASER UTARA,KALIMANTAN_TIMUR_PENAJAM_PASER_UTARA.txt,1.5,Economic violence,scope_of_violence,Yes,No,1.0,0.0,false_negative,1.0,,"Across the provided sentences, violence against women is defined in physical, sexual, and psychological terms, and prevention fields mention “Economy and employment” only as an area for prevention work, without defining or identifying economic abuse/exploitation/neglect as a form of violence against women.",Reference only
KALIMANTAN TIMUR PENAJAM PASER UTARA,KALIMANTAN_TIMUR_PENAJAM_PASER_UTARA.txt,2.5,Training and capacity building,institutional_mechanism,Yes,No,1.0,0.0,false_negative,0.9828846286145552,,"While the policy references “trained” officers/health workers and mentions guidance/supervision and general “capacity building,” it does not explicitly mandate training or capacity-building activities for implementing personnel or agencies as required by the coding rules (and “trained personnel” alone is explicitly excluded).",Reference only
KALIMANTAN TIMUR PENAJAM PASER UTARA,KALIMANTAN_TIMUR_PENAJAM_PASER_UTARA.txt,3.10,Economic support,specialised_support_services,Yes,No,1.0,0.0,false_negative,0.9934722848891575,,"The candidate sentences mention “empowerment” and “capacity building” of women victims of violence, including through private parties/business world, but they do not explicitly specify economic empowerment measures (e.g., skills training, financial resources, livelihood/employment support) for women victims of violence.",Reference only
KALIMANTAN UTARA NUNUKAN,KALIMANTAN_UTARA_NUNUKAN.txt,3.10,Economic support,specialised_support_services,Yes,No,1.0,0.0,false_negative,0.6351489523872874,,"The cited economic empowerment measures are framed as general women’s empowerment in the economic field (skills/job training, business groups, capital assistance, marketing) without explicitly specifying that these supports are available to women victims of violence; the criterion requires an explicit link to women victims of violence.",Reference only
KEPULAUAN BANGKA BELITUNG BANGKA,KEPULAUAN_BANGKA_BELITUNG_BANGKA.txt,1.2,Sexual violence,scope_of_violence,Yes,No,1.0,0.0,false_negative,1.0,,"Across the provided sentences, the policy discusses women victims of violence and related services, but it does not explicitly mention sexual violence (e.g., rape, sexual assault/harassment) nor classify sexual violence as a covered form of violence, nor cite a sexual-violence-specific legal framework.",Reference only
KEPULAUAN BANGKA BELITUNG BANGKA,KEPULAUAN_BANGKA_BELITUNG_BANGKA.txt,1.3,Physical violence,scope_of_violence,Yes,No,1.0,0.0,false_negative,0.9998092742313767,,"The candidate sentences define women victims of violence in general terms and describe protection measures, but they do not explicitly mention physical violence/assault/bodily harm or list physical violence as a covered category.",Reference only
KEPULAUAN BANGKA BELITUNG BANGKA,KEPULAUAN_BANGKA_BELITUNG_BANGKA.txt,1.4,Psychological violence,scope_of_violence,Yes,No,1.0,0.0,false_negative,0.9987110478521701,,"The text references general violence and includes a mention of psychological services for elderly women, but it does not identify psychological/emotional abuse as a form or category of violence covered by the policy.",Reference only
KEPULAUAN BANGKA BELITUNG BANGKA,KEPULAUAN_BANGKA_BELITUNG_BANGKA.txt,1.9,Sexual slavery/exploitation,scope_of_violence,Yes,No,1.0,0.0,false_negative,1.0,,"While the policy addresses commercial sex workers and mentions trafficking prevention, the candidate sentences do not explicitly mention sexual exploitation or sexual slavery, nor do they define trafficking/exploitation in sexual terms; general references are insufficient under the coding rules.",Reference only
KEPULAUAN BANGKA BELITUNG BANGKA,KEPULAUAN_BANGKA_BELITUNG_BANGKA.txt,2.2,Collaboration with NGOs,institutional_mechanism,Yes,No,1.0,0.0,false_negative,0.9983527295289705,,"The candidate sentences mention coordination with regional government apparatus, the business world, and general references to women’s organizations/participation and “other institutions,” but they do not explicitly identify NGOs/civil society/non-government service providers as partners nor establish a collaboration mechanism involving them as required by the coding rules.",Reference only
KEPULAUAN BANGKA BELITUNG BANGKA,KEPULAUAN_BANGKA_BELITUNG_BANGKA.txt,2.3,Data collection systems,institutional_mechanism,Yes,No,1.0,0.0,false_negative,1.0,,"While the policy mentions “mapping, collection, processing and presentation of data” and monitoring/reporting for programs and activities, the candidate sentences do not explicitly link these data functions to violence against women, victims of violence, or violence cases, which is required for a Yes under the coding rules.",Reference only
KEPULAUAN BANGKA BELITUNG BANGKA,KEPULAUAN_BANGKA_BELITUNG_BANGKA.txt,3.3,Reporting/hotline service,specialised_support_services,Yes,No,1.0,0.0,false_negative,0.999732989016709,,"The excerpts list types of protection (legal aid, assistance after violence, rehabilitation, health/trauma services) and mention SOPs generally for program planning, but they do not establish or describe a mechanism/service for receiving complaints or reports of violence from victims or the public.",Reference only
KEPULAUAN BANGKA BELITUNG BANGKA,KEPULAUAN_BANGKA_BELITUNG_BANGKA.txt,4.1,Information and education about VAW,primary_prevention,Yes,No,1.0,0.0,false_negative,0.9994507590239725,,"The cited passages mention socialization and dissemination of materials about “women's empowerment and protection policies” and general legal awareness/knowledge services, plus rehabilitation/reintegration services for women victims of violence. However, none of the candidate sentences explicitly describe information/education activities specifically about violence against women, gender-based violence, anti-violence norms, or protection from violence as a preventive measure (as required by the coding rules).",Reference only
KEPULAUAN BANGKA BELITUNG BANGKA,KEPULAUAN_BANGKA_BELITUNG_BANGKA.txt,4.3,VAW laws awareness,primary_prevention,Yes,No,1.0,0.0,false_negative,0.9999542241566775,,"While the text mentions socialization regarding women’s empowerment and protection policies and general legal awareness/knowledge services, it does not specify that these information/education activities are about laws/regulations/policies related to violence against women (e.g., domestic violence, sexual violence, trafficking) nor does it explicitly frame such legal-awareness activities as a prevention strategy for VAW. The provisions on women victims of violence focus on post-incident protection/services rather than preventive legal education.",Reference only
KEPULAUAN BANGKA BELITUNG BANGKA,KEPULAUAN_BANGKA_BELITUNG_BANGKA.txt,6.2,Women victims of trafficking,intersectional_approach,No,Yes,0.0,1.0,false_positive,1.0,"preventing the occurrence of human trafficking.
10. Law Number 21 of 2007 concerning the Eradication of the Criminal Act of Trafficking in Persons (State Gazette of the Republic of Indonesia Year 2007 Number 58, Supplement to the State Gazette of the Republic of Indonesia Number 4720);","The policy explicitly mentions human trafficking prevention in the protection provisions for women commercial sex workers and also cites the national anti-trafficking law in its legal basis, which meets the coding rule for inclusion of trafficking within scope.",Reference only
KEPULAUAN BANGKA BELITUNG BANGKA,KEPULAUAN_BANGKA_BELITUNG_BANGKA.txt,7.3,International donors,budget_funding_sources,No,Yes,0.0,1.0,false_positive,0.9997863883614204,"coordinating the participation of the business world and other institutions, including international assistance for women's empowerment and protection; and","The policy explicitly mentions coordinating participation of institutions including international assistance for women's empowerment and protection, which meets the criterion for international support involvement.",Reference only
KEPULAUAN BANGKA BELITUNG BANGKA BARAT,KEPULAUAN_BANGKA_BELITUNG_BANGKA_BARAT.txt,3.3,Reporting/hotline service,specialised_support_services,Yes,No,1.0,0.0,false_negative,0.9999237075098606,,"The candidate sentences mention cooperation with police to report/process perpetrators and refer generally to handling mechanisms being set by a Regent Regulation, but they do not establish or describe a service/mechanism/channel for receiving complaints or reports from victims/the public (e.g., hotline, intake unit, complaint reception procedure).",Reference only
KEPULAUAN BANGKA BELITUNG BANGKA BARAT,KEPULAUAN_BANGKA_BELITUNG_BANGKA_BARAT_v2.txt,2.1,Institutional network,institutional_mechanism,No,Yes,0.0,1.0,false_positive,0.999732989016709,"1. The Regional Government establishes an Integrated Service Center (PPT) as an Implementing Institution, Prevention and Protection of Women and Children Victims of Violence.
2. PPT as referred to in paragraph (1) consists of elements of:
1. Implementation of Protection for victims is carried out in an integrated manner within the PPT framework.","The policy establishes an Integrated Service Center (PPT) as an implementing institution for prevention and protection, and specifies that it consists of multiple sectoral elements (e.g., health, law enforcement, social/empowerment, education/religion, NGOs, private sector). It also states that implementation is carried out in an integrated manner within the PPT framework, which constitutes a formal multi-element coordination mechanism rather than isolated agency responsibilities.",Reference only
KEPULAUAN BANGKA BELITUNG BANGKA BARAT,KEPULAUAN_BANGKA_BELITUNG_BANGKA_BARAT_v2.txt,3.9,Resocialisation services,specialised_support_services,Yes,No,1.0,0.0,false_negative,0.9916252492304185,,"While victims’ rights include continuous handling up to the rehabilitation stage, the candidate sentences do not identify a service unit or mechanism responsible for rehabilitation/resocialisation/reintegration services (beyond general mention of rehabilitation as a stage).",Reference only
KEPULAUAN BANGKA BELITUNG BANGKA BARAT,KEPULAUAN_BANGKA_BELITUNG_BANGKA_BARAT_v2.txt,5.2,Religious engagement,stakeholder_engagement,Yes,No,1.0,0.0,false_negative,0.24491866240370913,,"The text references “education and religion” as an element within PPT and requires attention to “religious norms,” but it does not explicitly identify religious organisations/leaders/clergy as actors or partners, nor does it include religious/spiritual counselling as a service or assign faith-based actors a role in implementation.",Reference only
KEPULAUAN BANGKA BELITUNG BANGKA BARAT,KEPULAUAN_BANGKA_BELITUNG_BANGKA_BARAT_v2.txt,6.2,Women victims of trafficking,intersectional_approach,No,Yes,0.0,1.0,false_positive,0.9998245316235193,"11. Law Number 21 of 2007 concerning Eradication of the Criminal Act of Trafficking in Persons (State Gazette of the Republic of Indonesia of 2007 Number 58, Supplement to the State Gazette of the Republic of Indonesia Number 4720);","The policy’s legal basis explicitly cites the national law on eradication of trafficking in persons, which (per the coding rules) is sufficient to include trafficking victims within scope.",Reference only
KEPULAUAN BANGKA BELITUNG BANGKA SELATAN,KEPULAUAN_BANGKA_BELITUNG_BANGKA_SELATAN.txt,1.9,Sexual slavery/exploitation,scope_of_violence,No,Yes,0.0,1.0,false_positive,0.9998092742313767,"14. Sexual violence is any act in the form of sexual harassment, forced sexual intercourse, forced unnatural or unwanted sexual intercourse, forced sexual intercourse with others for commercial purposes and or certain purposes.","The policy’s definition of sexual violence explicitly includes forced sexual intercourse with others for commercial purposes, which constitutes sexual exploitation within the meaning of the criterion.",Reference only
KEPULAUAN BANGKA BELITUNG BANGKA SELATAN,KEPULAUAN_BANGKA_BELITUNG_BANGKA_SELATAN.txt,2.5,Training and capacity building,institutional_mechanism,No,Yes,0.0,1.0,false_positive,0.9976134245810677,"1. Social community organizations that participate in the implementation of protection for victims as referred to in Article 11 paragraph (2), shall be given guidance by the Regional Government.
2. The guidance as referred to in paragraph (1) may be in the form of social guidance, skills guidance and operational technical guidance.","The policy requires that social community organizations participating in victim protection be given guidance by the Regional Government, and specifies that such guidance may include operational technical guidance and skills guidance. This constitutes capacity-building/technical guidance for non-government implementing/service actors involved in delivering protection under the policy.",Reference only
KEPULAUAN BANGKA BELITUNG BANGKA SELATAN,KEPULAUAN_BANGKA_BELITUNG_BANGKA_SELATAN.txt,3.3,Reporting/hotline service,specialised_support_services,Yes,No,1.0,0.0,false_negative,1.0,,"The text includes (a) community participation to submit reports to authorities and (b) an internal/administrative reporting obligation by P2TP2A to the Regent, but it does not explicitly establish or mandate a service/mechanism/channel for receiving complaints or reports of violence cases from victims or the public (e.g., a reporting desk, hotline, or designated intake mechanism).",Reference only
KEPULAUAN BANGKA BELITUNG BANGKA SELATAN,KEPULAUAN_BANGKA_BELITUNG_BANGKA_SELATAN.txt,3.9,Resocialisation services,specialised_support_services,Yes,No,1.0,0.0,false_negative,0.9827938614372169,,"While rehabilitation and reunification/empowerment are mentioned as concepts and objectives, the candidate sentences do not explicitly assign rehabilitation/reintegration/resocialisation services to a specific service unit or responsible institution (beyond safe house use), as required by the coding rules.",Reference only
KEPULAUAN BANGKA BELITUNG BANGKA SELATAN,KEPULAUAN_BANGKA_BELITUNG_BANGKA_SELATAN.txt,4.4,Prevention through education,primary_prevention,Yes,No,1.0,0.0,false_negative,1.0,,"Although the policy includes “conducting education on anti-violence values,” it does not explicitly identify formal education instruments or institutions (e.g., schools, curricula, teaching/learning materials, education programs/centres) as a prevention mechanism; merely listing education in broad terms is excluded by the coding rules.",Reference only
KEPULAUAN BANGKA BELITUNG BANGKA SELATAN,KEPULAUAN_BANGKA_BELITUNG_BANGKA_SELATAN.txt,5.2,Religious engagement,stakeholder_engagement,Yes,No,1.0,0.0,false_negative,0.5545997223493824,,"The text references “education and religion” as an element within P2TP2A and states implementation must take into account religious norms, but it does not identify religious organisations/leaders or include spiritual counselling or faith-based actors as partners/providers. Under the coding rules, religious norms alone are insufficient.",Reference only
KEPULAUAN BANGKA BELITUNG BANGKA SELATAN,KEPULAUAN_BANGKA_BELITUNG_BANGKA_SELATAN.txt,6.2,Women victims of trafficking,intersectional_approach,No,Yes,0.0,1.0,false_positive,1.0,"9. Law Number 21 of 2007 concerning Eradication of the Criminal Act of Trafficking in Persons (State Gazette of the Republic of Indonesia of 2007 Number 58, Supplement to the State Gazette of the Republic of Indonesia Number 4720);","The policy’s legal foundation explicitly cites the national law on eradication of trafficking in persons, which (per the coding rules) is sufficient to include trafficking victims within scope even without further trafficking-specific measures in the retrieved sentences.",Reference only
KEPULAUAN BANGKA BELITUNG BANGKA SELATAN,KEPULAUAN_BANGKA_BELITUNG_BANGKA_SELATAN_v2.txt,1.2,Sexual violence,scope_of_violence,Yes,No,1.0,0.0,false_negative,1.0,,"None of the provided sentences explicitly mention sexual violence (e.g., rape, sexual harassment, sexual abuse) or classify it as a covered form of violence. References to “sexual life … free from coercion and/or violence” are too general and do not explicitly identify sexual violence as required by the coding rules.",Reference only
KEPULAUAN BANGKA BELITUNG BANGKA SELATAN,KEPULAUAN_BANGKA_BELITUNG_BANGKA_SELATAN_v2.txt,1.5,Economic violence,scope_of_violence,No,Yes,0.0,1.0,false_positive,1.0,"1. Implementation of protection for female workers/laborers to provide protection from acts of economic exploitation and cruel, inhumane treatment and to seek proper appreciation for work.","The policy explicitly references “economic exploitation” as a harm women workers should be protected from, which satisfies inclusion of economic exploitation as a form of abuse/harm affecting women under the coding rules.",Reference only
KEPULAUAN BANGKA BELITUNG BANGKA SELATAN,KEPULAUAN_BANGKA_BELITUNG_BANGKA_SELATAN_v2.txt,1.9,Sexual slavery/exploitation,scope_of_violence,Yes,No,1.0,0.0,false_negative,1.0,,"Although the policy addresses commercial sex workers and mentions trafficking prevention, the provided sentences do not explicitly refer to sexual exploitation or sexual slavery, nor do they define exploitation in sexual terms. Under the coding rules, trafficking references alone are insufficient without an explicit sexual exploitation component in the cited text.",Reference only
KEPULAUAN BANGKA BELITUNG BANGKA SELATAN,KEPULAUAN_BANGKA_BELITUNG_BANGKA_SELATAN_v2.txt,2.1,Institutional network,institutional_mechanism,No,Yes,0.0,1.0,false_positive,0.9999084493610688,"2. In women's empowerment and protection, a Working Group and Integrated Services shall be formed as stipulated by Regent's Decree.
3. Women's empowerment and protection is coordinated by the Agency handling Women's Empowerment.","The policy establishes an implementation coordination mechanism by requiring the formation of a Working Group and Integrated Services, and specifies that implementation is coordinated by the agency responsible for women’s empowerment—together constituting an institutional coordination arrangement rather than isolated agency responsibilities.",Reference only
KEPULAUAN BANGKA BELITUNG BANGKA SELATAN,KEPULAUAN_BANGKA_BELITUNG_BANGKA_SELATAN_v2.txt,2.2,Collaboration with NGOs,institutional_mechanism,Yes,No,1.0,0.0,false_negative,0.999687219284713,,"The candidate sentences mention community participation, women’s organizations, and coordination with the business world/other institutions (including international assistance), but they do not explicitly identify NGOs/civil society/non-government service providers as partners nor establish a collaboration mechanism involving them.",Reference only
KEPULAUAN BANGKA BELITUNG BANGKA SELATAN,KEPULAUAN_BANGKA_BELITUNG_BANGKA_SELATAN_v2.txt,2.4,Gender mainstreaming institutionalisation,institutional_mechanism,No,Yes,0.0,1.0,false_positive,1.0,1. Women's empowerment and protection is implemented by integrating gender mainstreaming and gender-disaggregated data in an integrated manner based on applicable laws and regulations.,"The policy explicitly requires that women’s empowerment and protection be implemented by integrating gender mainstreaming (and gender-disaggregated data), which constitutes an institutionalised implementation mechanism rather than a general gender equality statement.",Reference only
KEPULAUAN BANGKA BELITUNG BANGKA SELATAN,KEPULAUAN_BANGKA_BELITUNG_BANGKA_SELATAN_v2.txt,2.5,Training and capacity building,institutional_mechanism,No,Yes,0.0,1.0,false_positive,1.0,c facilitation of capacity building for institutions organizing women's empowerment and protection;,"The policy mandates (as a form of governmental guidance) facilitation of capacity building for institutions responsible for organizing women’s empowerment and protection, which is a capacity-building measure aimed at implementing entities rather than beneficiary livelihood training.",Reference only
KEPULAUAN BANGKA BELITUNG BANGKA SELATAN,KEPULAUAN_BANGKA_BELITUNG_BANGKA_SELATAN_v2.txt,3.9,Resocialisation services,specialised_support_services,Yes,No,1.0,0.0,false_negative,0.7039056039366212,,"Although rehabilitation and reintegration are mentioned as services, the provided sentences do not identify a specific service unit or responsible institution/mechanism assigned to deliver resocialisation services (the references are framed as types of protection/services rather than being linked to a designated unit).",Reference only
KEPULAUAN BANGKA BELITUNG BANGKA SELATAN,KEPULAUAN_BANGKA_BELITUNG_BANGKA_SELATAN_v2.txt,4.2,Gender equality education,primary_prevention,Yes,No,1.0,0.0,false_negative,1.0,,"While the policy mentions socialization and dissemination materials regarding women's empowerment/protection and includes various education-related provisions, none of the candidate sentences explicitly situate education/awareness about gender equality or women’s rights as a strategy to prevent violence against women (and the one explicit prevention-related education item is about preventing violence against women, not gender equality/women’s rights).",Reference only
KEPULAUAN BANGKA BELITUNG BANGKA SELATAN,KEPULAUAN_BANGKA_BELITUNG_BANGKA_SELATAN_v2.txt,4.3,VAW laws awareness,primary_prevention,Yes,No,1.0,0.0,false_negative,1.0,,"The candidate sentences include prevention-oriented communication/information/education about preventing violence against women and general legal awareness activities, but they do not specify that the information/education is about laws, regulations, or policies related to violence against women (e.g., domestic violence law, trafficking law) as required by the coding rules.",Reference only
KEPULAUAN BANGKA BELITUNG BANGKA SELATAN,KEPULAUAN_BANGKA_BELITUNG_BANGKA_SELATAN_v2.txt,4.4,Prevention through education,primary_prevention,No,Yes,0.0,1.0,false_positive,0.9915948596727036,"provision of communication, information and education media about empowerment and prevention of violence against women in families, communities, educational institutions and public spaces.","The policy explicitly links an education instrument (“communication, information and education media”) to the prevention of violence against women and specifies delivery contexts including educational institutions, satisfying the requirement that education/media be presented as a prevention mechanism for violence against women.",Reference only
KEPULAUAN BANGKA BELITUNG BANGKA SELATAN,KEPULAUAN_BANGKA_BELITUNG_BANGKA_SELATAN_v2.txt,5.1,NGO collaboration,stakeholder_engagement,Yes,No,1.0,0.0,false_negative,0.3583573983507859,,"The cited provisions discuss general community participation and mention “women's organizations” and “other institutions,” but they do not explicitly identify NGOs/civil society organisations as partners/collaborators in VAW prevention or service delivery, nor do they establish a coordination mechanism explicitly involving NGOs. Under the coding rules, general community involvement without identifying non-government organisations/groups is insufficient.",Reference only
KEPULAUAN BANGKA BELITUNG BANGKA SELATAN,KEPULAUAN_BANGKA_BELITUNG_BANGKA_SELATAN_v2.txt,7.3,International donors,budget_funding_sources,No,Yes,0.0,1.0,false_positive,1.0,"coordinating the participation of the business world and other institutions, including international assistance for women's empowerment and protection; and","The policy explicitly references coordinating participation of institutions including international assistance for women's empowerment and protection, which meets the criterion for international support involvement.",Reference only
KEPULAUAN BANGKA BELITUNG BANGKA TENGAH,KEPULAUAN_BANGKA_BELITUNG_BANGKA_TENGAH.txt,1.2,Sexual violence,scope_of_violence,Yes,No,1.0,0.0,false_negative,0.9721350231959631,,"The candidate sentences do not explicitly mention sexual violence (e.g., rape, sexual assault, sexual harassment) nor include it in the definition of violence; the only related term is “sexual exploitation,” which is distinct from sexual violence under these rules.",Reference only
KEPULAUAN BANGKA BELITUNG BANGKA TENGAH,KEPULAUAN_BANGKA_BELITUNG_BANGKA_TENGAH.txt,1.5,Economic violence,scope_of_violence,Yes,No,1.0,0.0,false_negative,0.9992143267243323,,"The candidate sentences discuss women’s empowerment, vulnerability, minimum basic needs, and general violence, but do not identify economic abuse/exploitation/neglect as a form of violence or include economic harm within the definition/classification of violence.",Reference only
KEPULAUAN BANGKA BELITUNG BANGKA TENGAH,KEPULAUAN_BANGKA_BELITUNG_BANGKA_TENGAH.txt,3.1,Integrated service unit,specialised_support_services,Yes,No,1.0,0.0,false_negative,0.4621171572600098,,"The text states that women victims of violence have a right to receive “integrated services” and lists types of protection services (e.g., legal assistance, medical and psychosocial rehabilitation), and it mentions forming/using task forces or institutions for women’s protection. However, none of the provided sentences explicitly establishes, names, or assigns responsibility to a specific integrated service unit/one-stop centre (or equivalent) dedicated to VAW victims; it remains a general entitlement and general institutional/coordination language rather than a defined integrated service centre mechanism.",Reference only
KEPULAUAN BANGKA BELITUNG BANGKA TENGAH,KEPULAUAN_BANGKA_BELITUNG_BANGKA_TENGAH.txt,3.3,Reporting/hotline service,specialised_support_services,Yes,No,1.0,0.0,false_negative,0.9996338225880663,,"The only relevant mention is that community participation may take the form of “complaints/reports,” but the text does not establish or describe any mechanism/service/channel for receiving and handling violence complaints (e.g., a hotline, designated unit, or procedures). Other references to monitoring/reporting are administrative and not about receiving victim/public complaints.",Reference only
KEPULAUAN BANGKA BELITUNG BANGKA TENGAH,KEPULAUAN_BANGKA_BELITUNG_BANGKA_TENGAH.txt,7.2,National government budget,budget_funding_sources,No,Yes,0.0,1.0,false_positive,0.9999847412691449,"2. In the event that the Region receives funding assistance for the implementation of policies, programs and activities for women's empowerment and protection from the Government, it must be implemented in accordance with the laws and regulations.","The policy explicitly contemplates funding assistance coming from “the Government” for implementation in the region, indicating a national-level government funding source in addition to the local budget.",Reference only
KEPULAUAN BANGKA BELITUNG BANGKA TENGAH,KEPULAUAN_BANGKA_BELITUNG_BANGKA_TENGAH.txt,7.3,International donors,budget_funding_sources,No,Yes,0.0,1.0,false_positive,0.9999084493610688,"cooperate with the business world, non-governmental institutions, private companies, Foundations, and other domestic institutions as well as international institutions, in accordance with the provisions of laws and regulations;","The policy explicitly includes cooperation with “international institutions” as part of implementation efforts for women’s protection policies, which meets the criterion for international involvement/support even without naming a specific donor or amount.",Reference only
KEPULAUAN BANGKA BELITUNG BANGKA TENGAH,KEPULAUAN_BANGKA_BELITUNG_BANGKA_TENGAH.txt,7.4,Other legal sources,budget_funding_sources,Yes,No,1.0,0.0,false_negative,0.9996567067120361,,"The candidate sentences specify local budget funding and possible assistance from the (national) Government, and mention cooperation with various institutions, but they do not explicitly identify any other distinct legal funding source category (e.g., earmarked funds, levies, fines, or other legally defined non-budget sources) as a budget/funding source.",Reference only
KEPULAUAN BANGKA BELITUNG BELITUNG,KEPULAUAN_BANGKA_BELITUNG_BELITUNG.txt,1.9,Sexual slavery/exploitation,scope_of_violence,No,Yes,0.0,1.0,false_positive,1.0,"What is meant by exploitation is an act with or without the consent of the victim which includes prostitution, forced labor or service, slavery or practices similar to slavery, oppression, extortion, utilization of physical sexual reproductive organs or unlawfully transferring/utilizing labor or transplanting organs and or body tissues or utilizing the labor or ability of a person by another party to obtain benefits both material and immaterial.
4. forced sexual intercourse with others for commercial purposes and/or certain purposes.","The policy’s exploitation definition explicitly includes prostitution and slavery-like practices and references use of sexual/reproductive organs for benefits, and its sexual-violence definition includes forced sexual intercourse with others for commercial/certain purposes—both indicating sexual exploitation/sexual slavery concepts are covered.",Reference only
KEPULAUAN BANGKA BELITUNG BELITUNG,KEPULAUAN_BANGKA_BELITUNG_BELITUNG.txt,3.2,Police specialised service unit,specialised_support_services,No,Yes,0.0,1.0,false_positive,0.12435300177159614,special service rooms in police lines;,"The policy requires victim services to be supported by facilities including “special service rooms in police lines,” which is an explicit reference to a police-based specialised victim service facility/unit (e.g., RPK-equivalent).",Reference only
KEPULAUAN BANGKA BELITUNG BELITUNG,KEPULAUAN_BANGKA_BELITUNG_BELITUNG.txt,5.3,Traditional/cultural engagement,stakeholder_engagement,No,Yes,0.0,1.0,false_positive,0.9999465949513187,"2. The domestic violence prevention group at the village/sub-district level as referred to in paragraph (1) consists of elements of village/sub-district officials, elements of babinsa and elements of babinkamtibmas, community leaders/religious leaders, and youth elements.","The policy includes “community leaders/religious leaders” as part of the domestic violence prevention group that provides integrated protection services and case handling at village/sub-district level, which constitutes engagement of community leaders in implementation structures.",Reference only
KEPULAUAN BANGKA BELITUNG BELITUNG,KEPULAUAN_BANGKA_BELITUNG_BELITUNG.txt,6.2,Women victims of trafficking,intersectional_approach,No,Yes,0.0,1.0,false_positive,1.0,"to prevent acts of violence and discrimination against women and children including trafficking in persons;
Task force on the crime of trafficking in persons;
Various acts of violence against women and children both within the household and outside the household will destroy the life of families, communities, government, nation, and State, therefore the Government of Belitung Regency is obliged to provide protection to women and children from acts of violence which is an implementation of several laws and regulations, including Law Number 23 of 2004 concerning the Elimination of Domestic Violence, Law Number 21 of 2007 concerning the Eradication of the Criminal Act of Trafficking in Persons, Law Number 23 of 2002 concerning Child Protection as amended by Law Number 35 of 2014 concerning Amendment to Law Number 23 of 2002 concerning Child Protection.","The policy explicitly includes trafficking in persons within its objectives, establishes a trafficking task force, and cites national anti-trafficking legislation as part of the legal basis, indicating trafficking cases/victims are within scope.",Reference only
KEPULAUAN BANGKA BELITUNG BELITUNG,KEPULAUAN_BANGKA_BELITUNG_BELITUNG.txt,7.5,Provincial government budget,budget_funding_sources,No,Yes,0.0,1.0,false_positive,0.9998626756131501,Provincial Regional Revenue and Expenditure Budget;,"The financing provision explicitly lists the Provincial Regional Revenue and Expenditure Budget as a funding source, directly addressing provincial government budget financing.",Reference only
KEPULAUAN BANGKA BELITUNG PANGKALPINANG KOTA,KEPULAUAN_BANGKA_BELITUNG_PANGKALPINANG_KOTA.txt,1.9,Sexual slavery/exploitation,scope_of_violence,No,Yes,0.0,1.0,false_positive,1.0,"3. The form of sexual violence as referred to in paragraph (1) letter b is sexual harassment, forced sexual intercourse, forced sexual intercourse in an unnatural or unwanted manner, forced intercourse with others for commercial purposes and/or certain purposes.","The policy’s definition of sexual violence includes forced intercourse with others for commercial purposes and/or certain purposes, which constitutes sexual exploitation within the meaning of the criterion.",Reference only
KEPULAUAN BANGKA BELITUNG PANGKALPINANG KOTA,KEPULAUAN_BANGKA_BELITUNG_PANGKALPINANG_KOTA.txt,3.3,Reporting/hotline service,specialised_support_services,Yes,No,1.0,0.0,false_negative,0.809301070201781,,"The cited text mentions that community participation may include complaints/reports and that people may report violence to law enforcement, but it does not explicitly establish or mandate a service/mechanism/channel for receiving and handling complaints/reports from victims or the public (e.g., hotline, complaint desk, designated receiving unit).",Reference only
KEPULAUAN BANGKA BELITUNG PANGKALPINANG KOTA,KEPULAUAN_BANGKA_BELITUNG_PANGKALPINANG_KOTA.txt,3.8,Religious/spiritual counselling,specialised_support_services,No,Yes,0.0,1.0,false_positive,0.9999847412691449,"provide apparatus, health workers, social workers, and spiritual counselors;","The policy includes provision of “spiritual counselors” among personnel provided for victim protection efforts, indicating availability of spiritual/religious counselling support.",Reference only
KEPULAUAN BANGKA BELITUNG PANGKALPINANG KOTA,KEPULAUAN_BANGKA_BELITUNG_PANGKALPINANG_KOTA.txt,5.4,Education institutions engagement,stakeholder_engagement,Yes,No,1.0,0.0,false_negative,0.999732989016709,,"While the policy mentions conducting education on anti-violence values and providing formal/non-formal education, none of the candidate sentences identify schools, universities, academics, or the education sector as stakeholders/partners with an implementation role in VAW prevention or services.",Reference only
KEPULAUAN BANGKA BELITUNG PANGKALPINANG KOTA,KEPULAUAN_BANGKA_BELITUNG_PANGKALPINANG_KOTA.txt,5.8,Private sector engagement,stakeholder_engagement,Yes,No,1.0,0.0,false_negative,0.999847417929993,,"The candidate sentences do not identify businesses, employers, business associations, or the private sector as stakeholders/partners in prevention, protection, or service delivery; references to workers/laborers relate to protection beneficiaries rather than private-sector engagement.",Reference only
KEPULAUAN BANGKA BELITUNG PANGKALPINANG KOTA,KEPULAUAN_BANGKA_BELITUNG_PANGKALPINANG_KOTA.txt,6.2,Women victims of trafficking,intersectional_approach,No,Yes,0.0,1.0,false_positive,0.9997711312602866,"provide protection and security for women victims of violence and discrimination, as well as criminal acts of trafficking in persons;","The policy’s objectives explicitly include protection and security for women in relation to “criminal acts of trafficking in persons,” which is sufficient to include trafficking victims within scope under the coding rules.",Reference only
KEPULAUAN RIAU KARIMUN,KEPULAUAN_RIAU_KARIMUN.txt,1.2,Sexual violence,scope_of_violence,Yes,No,1.0,0.0,false_negative,0.9998550467570206,,"The candidate sentences only refer to “all forms of Violence Against Women and Children” and list several laws (including domestic violence and trafficking), but do not explicitly mention sexual violence (e.g., rape, sexual assault/harassment) or otherwise define/classify sexual violence as within scope.",Reference only
KEPULAUAN RIAU KARIMUN,KEPULAUAN_RIAU_KARIMUN.txt,1.3,Physical violence,scope_of_violence,Yes,No,1.0,0.0,false_negative,1.0,,"Within the provided sentences, there is no explicit mention of physical violence/assault/bodily harm, nor any definition or classification that includes physical violence specifically; only general references to violence and a list of laws are shown.",Reference only
KEPULAUAN RIAU KARIMUN,KEPULAUAN_RIAU_KARIMUN.txt,1.4,Psychological violence,scope_of_violence,Yes,No,1.0,0.0,false_negative,1.0,,The provided sentences do not explicitly mention psychological/emotional/verbal abuse or include it in any definition/classification; they contain only general references to violence and legal bases.,Reference only
KEPULAUAN RIAU KARIMUN,KEPULAUAN_RIAU_KARIMUN.txt,1.5,Economic violence,scope_of_violence,Yes,No,1.0,0.0,false_negative,0.7615941559557649,,"The candidate sentences do not mention economic violence/abuse, economic exploitation, deprivation of resources, or neglect as a form of violence, nor do they define violence to include economic suffering; they only contain general statements about violence and a list of laws.",Reference only
KEPULAUAN RIAU KARIMUN,KEPULAUAN_RIAU_KARIMUN.txt,1.9,Sexual slavery/exploitation,scope_of_violence,Yes,No,1.0,0.0,false_negative,1.0,,"Although trafficking in women is cited in the legal basis, the provided sentences do not explicitly reference sexual exploitation, sexual slavery, or exploitation for sexual purposes, and the general “all forms of violence” language is not specific enough under the coding rules.",Reference only
KEPULAUAN RIAU KARIMUN,KEPULAUAN_RIAU_KARIMUN.txt,2.1,Institutional network,institutional_mechanism,Yes,No,1.0,0.0,false_negative,1.0,,"The candidate sentences shown are limited to the regulation’s title, preamble, and legal bases. They state the government’s obligation and the need for a regulation, but do not describe any coordination mechanism, network, task force, committee, referral network, or cooperation arrangement among institutions for implementation.",Reference only
KEPULAUAN RIAU KARIMUN,KEPULAUAN_RIAU_KARIMUN.txt,2.2,Collaboration with NGOs,institutional_mechanism,Yes,No,1.0,0.0,false_negative,0.9998550467570206,,"None of the candidate sentences mention NGOs, civil society, community organisations, or other non-government service providers, nor any partnership/coordination mechanism involving them. The text provided is only introductory and legal-referential.",Reference only
KEPULAUAN RIAU KARIMUN,KEPULAUAN_RIAU_KARIMUN.txt,2.3,Data collection systems,institutional_mechanism,Yes,No,1.0,0.0,false_negative,1.0,,"The candidate sentences do not establish or assign responsibility for collecting, recording, monitoring, reporting, managing, or exchanging data specifically on violence against women/children, victims, or cases. They only provide background justification and legal references.",Reference only
KEPULAUAN RIAU KARIMUN,KEPULAUAN_RIAU_KARIMUN.txt,2.5,Training and capacity building,institutional_mechanism,Yes,No,1.0,0.0,false_negative,0.999732989016709,,"The candidate sentences contain no requirement or provision for training, technical guidance, or capacity building for implementing agencies or service providers. They only state the need to improve protection and to establish a regulation.",Reference only
KEPULAUAN RIAU KARIMUN,KEPULAUAN_RIAU_KARIMUN.txt,2.6,Monitoring and evaluation,institutional_mechanism,Yes,No,1.0,0.0,false_negative,0.999732989016709,,"The provided sentences do not mention monitoring, evaluation, supervision, reporting on implementation, or assessment of service delivery. They are limited to the regulation’s introductory sections and legal references.",Reference only
KEPULAUAN RIAU KARIMUN,KEPULAUAN_RIAU_KARIMUN.txt,3.1,Integrated service unit,specialised_support_services,Yes,No,1.0,0.0,false_negative,1.0,,"The candidate sentences shown are only the regulation title/preamble and legal bases; they do not establish, recognize, mandate, or refer to any integrated/one-stop service unit or equivalent mechanism for women victims/survivors of violence.",Reference only
KEPULAUAN RIAU KARIMUN,KEPULAUAN_RIAU_KARIMUN.txt,3.3,Reporting/hotline service,specialised_support_services,Yes,No,1.0,0.0,false_negative,0.9998779334127146,,"None of the candidate sentences describe a hotline, complaint mechanism, SOP, or designated service unit for receiving reports/complaints of violence; they are limited to introductory and legal-reference text.",Reference only
KEPULAUAN RIAU KARIMUN,KEPULAUAN_RIAU_KARIMUN.txt,3.5,Legal assistance,specialised_support_services,Yes,No,1.0,0.0,false_negative,1.0,,The retrieved sentences do not identify any service unit providing legal assistance or legal aid; they only state general obligations and list legal bases.,Reference only
KEPULAUAN RIAU KARIMUN,KEPULAUAN_RIAU_KARIMUN.txt,3.6,Health/medical services,specialised_support_services,Yes,No,1.0,0.0,false_negative,0.9998169029128974,,"The candidate sentences do not mention health facilities, medical services, or any unit tasked with providing medical care to victims; they are limited to the regulation header/preamble and legal references.",Reference only
KEPULAUAN RIAU KARIMUN,KEPULAUAN_RIAU_KARIMUN.txt,3.7,Psychosocial counselling,specialised_support_services,Yes,No,1.0,0.0,false_negative,1.0,,"No psychosocial/psychological counselling, trauma services, or identification of psychologists/counsellors appears in the provided sentences.",Reference only
KEPULAUAN RIAU KARIMUN,KEPULAUAN_RIAU_KARIMUN.txt,3.9,Resocialisation services,specialised_support_services,Yes,No,1.0,0.0,false_negative,0.999732989016709,,The provided text does not identify any service unit responsible for rehabilitation/resocialisation/reintegration services; it only contains introductory material and legal citations.,Reference only
KEPULAUAN RIAU KARIMUN,KEPULAUAN_RIAU_KARIMUN.txt,3.10,Economic support,specialised_support_services,Yes,No,1.0,0.0,false_negative,0.9998779334127146,,"The candidate sentences do not mention any economic empowerment/support measures (training, financial assistance, livelihoods) specifically for women victims of violence (or at all).",Reference only
KEPULAUAN RIAU KARIMUN,KEPULAUAN_RIAU_KARIMUN.txt,4.1,Information and education about VAW,primary_prevention,Yes,No,1.0,0.0,false_negative,1.0,,"The candidate sentences only provide the regulation title/preamble and general statements that violence against women and children is a human rights violation and that government is obligated to provide protection, plus a list of relevant laws. They do not describe any information, awareness, communication, counseling, socialisation, or education activities aimed at preventing violence against women or promoting anti-violence norms.",Reference only
KEPULAUAN RIAU KARIMUN,KEPULAUAN_RIAU_KARIMUN.txt,4.3,VAW laws awareness,primary_prevention,Yes,No,1.0,0.0,false_negative,0.999732989016709,,"Although the preamble lists laws related to domestic violence and trafficking, there is no mention of dissemination, socialisation, education, or awareness-raising activities about these laws as a prevention measure. Listing legal bases alone does not meet the criterion.",Reference only
KEPULAUAN RIAU KARIMUN,KEPULAUAN_RIAU_KARIMUN.txt,4.4,Prevention through education,primary_prevention,Yes,No,1.0,0.0,false_negative,1.0,,"No candidate sentence identifies education institutions, curricula, school-based programs, or other formal education instruments as an explicit prevention mechanism for violence against women or children. The text is limited to general considerations and legal references.",Reference only
KEPULAUAN RIAU KARIMUN,KEPULAUAN_RIAU_KARIMUN.txt,5.1,NGO collaboration,stakeholder_engagement,Yes,No,1.0,0.0,false_negative,1.0,,"The provided sentences are limited to the regulation title, preamble, and legal bases, and do not mention collaboration/partnership with NGOs, civil society organisations, or other non-government actors in prevention or service delivery.",Reference only
KEPULAUAN RIAU KARIMUN,KEPULAUAN_RIAU_KARIMUN.txt,5.4,Education institutions engagement,stakeholder_engagement,Yes,No,1.0,0.0,false_negative,1.0,,"No schools, universities, academics, or the education sector are referenced as stakeholders or partners in prevention, protection, services, coordination, or capacity building within the provided sentences.",Reference only
KEPULAUAN RIAU KARIMUN,KEPULAUAN_RIAU_KARIMUN.txt,5.7,Community engagement,stakeholder_engagement,Yes,No,1.0,0.0,false_negative,1.0,,"While the preamble refers to providing legal certainty to “all parties involved,” it does not explicitly identify community/society stakeholders or describe engagement/collaboration with the community in prevention or service delivery.",Reference only
KEPULAUAN RIAU KARIMUN,KEPULAUAN_RIAU_KARIMUN.txt,5.8,Private sector engagement,stakeholder_engagement,Yes,No,1.0,0.0,false_negative,0.9998779334127146,,"The excerpts do not reference businesses, employers, business associations, or the private sector as stakeholders or partners in prevention, protection, or services.",Reference only
KEPULAUAN RIAU KARIMUN,KEPULAUAN_RIAU_KARIMUN.txt,6.2,Women victims of trafficking,intersectional_approach,No,Yes,0.0,1.0,false_positive,0.9997863883614204,"5. Law Number 21 of 2007 concerning the Eradication of the Criminal Act of Trafficking in Women (State Gazette of the Republic of Indonesia of 2007 Number 58, Supplement to the State Gazette of the Republic of Indonesia Number 4720);","The policy’s legal foundation explicitly cites a national law on the eradication of trafficking in women, which (per the coding rules) is sufficient to include trafficking cases/victims within scope.",Reference only
LAMPUNG BANDAR LAMPUNG KOTA,LAMPUNG_BANDAR_LAMPUNG_KOTA.txt,1.6,Harmful practices,scope_of_violence,No,Yes,0.0,1.0,false_positive,0.9898102867914611,forced marriage;,"The policy explicitly includes forced marriage within the listed forms of sexual violence, which is a recognized harmful practice under the coding rules.",Reference only
LAMPUNG BANDAR LAMPUNG KOTA,LAMPUNG_BANDAR_LAMPUNG_KOTA.txt,2.3,Data collection systems,institutional_mechanism,Yes,No,1.0,0.0,false_negative,0.9642290901249262,,"While the text mentions conducting data collection and inventory of “women's data” and strengthening gender data systems, the candidate sentences do not explicitly link these data activities to violence against women, victims, or violence cases as required by the coding rules.",Reference only
LAMPUNG BANDAR LAMPUNG KOTA,LAMPUNG_BANDAR_LAMPUNG_KOTA.txt,3.9,Resocialisation services,specialised_support_services,Yes,No,1.0,0.0,false_negative,0.9991228120498463,,"The candidate sentences describe social rehabilitation and social reintegration as services, but they do not identify any specific service unit or responsible institution providing these rehabilitation/reintegration services (e.g., an integrated service unit assigned to deliver them) within the provided excerpts.",Reference only
LAMPUNG BANDAR LAMPUNG KOTA,LAMPUNG_BANDAR_LAMPUNG_KOTA.txt,3.10,Economic support,specialised_support_services,Yes,No,1.0,0.0,false_negative,0.7615941559557649,,The cited provisions on economic empowerment and job training are framed as women’s empowerment generally and do not explicitly specify that these economic supports are provided to women victims of violence; the mention of “economic and social empowerment” appears within social reintegration services but does not clearly establish economic support measures specifically for VAW victims under the coding rules.,Reference only
LAMPUNG BANDAR LAMPUNG KOTA,LAMPUNG_BANDAR_LAMPUNG_KOTA.txt,4.4,Prevention through education,primary_prevention,Yes,No,1.0,0.0,false_negative,0.9967296664347869,,"Although prevention is said to include the “field of education” and the policy mentions communication/information/education materials, the candidate sentences do not explicitly identify formal education instruments or institutions (schools, curricula, teaching/learning materials, education institutions) as a prevention mechanism for violence against women, nor do they link improvements in education access/quality/content to preventing violence. The references are broad and fit excluded categories under the coding rules.",Reference only
LAMPUNG BANDAR LAMPUNG KOTA,LAMPUNG_BANDAR_LAMPUNG_KOTA.txt,6.1,Women in conflict/disaster areas,intersectional_approach,No,Yes,0.0,1.0,false_positive,0.999732989016709,to special protection in emergency conditions/situations.,"The policy explicitly states that every woman has a right to “special protection in emergency conditions/situations,” which constitutes a women-specific protection measure applicable in emergency/disaster contexts.",Reference only
LAMPUNG BANDAR LAMPUNG KOTA,LAMPUNG_BANDAR_LAMPUNG_KOTA.txt,6.2,Women victims of trafficking,intersectional_approach,No,Yes,0.0,1.0,false_positive,1.0,"1. The community is responsible for carrying out prevention, risk reduction and handling of cases of women victims of violence, exploitation, and trafficking in persons.","The policy explicitly includes “women victims of… trafficking in persons” within responsibilities for prevention, risk reduction, and case handling, clearly bringing women trafficking victims into scope.",Reference only
LAMPUNG BANDAR LAMPUNG KOTA,LAMPUNG_BANDAR_LAMPUNG_KOTA.txt,7.2,National government budget,budget_funding_sources,No,Yes,0.0,1.0,false_positive,1.0,"Funding for women's protection may be sourced from the State Revenue and Expenditure Budget, the Regional Revenue and Expenditure Budget of both the Province and City and/or other lawful sources that are non-binding in accordance with the provisions of laws and regulations.","The policy explicitly states that funding may be sourced from the State Revenue and Expenditure Budget, which is a national government budget source.",Reference only
LAMPUNG BANDAR LAMPUNG KOTA,LAMPUNG_BANDAR_LAMPUNG_KOTA.txt,7.5,Provincial government budget,budget_funding_sources,No,Yes,0.0,1.0,false_positive,1.0,"Funding for women's protection may be sourced from the State Revenue and Expenditure Budget, the Regional Revenue and Expenditure Budget of both the Province and City and/or other lawful sources that are non-binding in accordance with the provisions of laws and regulations.","The policy explicitly includes the Regional Revenue and Expenditure Budget of the Province as a funding source, which corresponds to a provincial government budget.",Reference only
LAMPUNG LAMPUNG TIMUR,LAMPUNG_LAMPUNG_TIMUR.txt,4.1,Information and education about VAW,primary_prevention,No,Yes,0.0,1.0,false_positive,0.848283639957513,"1. The Regent is obliged to implement policies, programs, and activities for the protection of women and children, to eliminate all forms of discrimination and acts of violence against women and children in his/her region.
2. The implementation as referred to in paragraph (1) is in the form of: policy analysis, coordination, advocacy, socialization, communication, information, and education (KIE), training, service facilitation, service provision, development of models for the protection of women and children, and other forms.","The policy frames eliminating violence against women and children as an obligation and lists implementation forms that include socialization, communication, information, and education (KIE) as part of protection efforts, which implicitly includes preventive information/education activities related to violence against women.",Reference only
LAMPUNG LAMPUNG TIMUR,LAMPUNG_LAMPUNG_TIMUR.txt,5.6,Media engagement,stakeholder_engagement,No,Yes,0.0,1.0,false_positive,0.9970800754612301,"23. Community institution is an institution formed by members of the Indonesian citizen community voluntarily on the basis of shared vision, mission, profession, function and activities to participate in development in order to achieve national goals within the framework of the Unitary State of the Republic of Indonesia based on Pancasila, consisting of religious organizations, non-governmental organizations, professional organizations, private organizations, social organizations, political organizations, mass media, and other forms of organizations.","The policy includes “mass media” within the definition of “community institution,” which the coding rules accept as recognizing media within stakeholder/community structures relevant to implementation.",Reference only
LAMPUNG LAMPUNG TIMUR,LAMPUNG_LAMPUNG_TIMUR.txt,6.2,Women victims of trafficking,intersectional_approach,No,Yes,0.0,1.0,false_positive,1.0,"2. For women and children who are victims of violence and trafficking in persons, services include: complaint services/victim identification, legal assistance, health rehabilitation, psychosocial rehabilitation, social reintegration, repatriation assistance or other forms according to the needs and best interests of the victim.","The policy explicitly includes women who are victims of trafficking in persons as recipients of services, placing women trafficking victims within the policy’s scope.",Reference only
LAMPUNG LAMPUNG TIMUR,LAMPUNG_LAMPUNG_TIMUR.txt,7.3,International donors,budget_funding_sources,No,Yes,0.0,1.0,false_positive,1.0,"1. In implementing policies, programs, and activities for the protection of women and children, the Regional Government of East Lampung Regency may cooperate with international institutions.","The policy explicitly allows cooperation with international institutions in implementing policies, programs, and activities for protection of women and children, which constitutes explicit international involvement/support under the coding rules.",Reference only
LAMPUNG LAMPUNG UTARA,LAMPUNG_LAMPUNG_UTARA.txt,1.9,Sexual slavery/exploitation,scope_of_violence,No,Yes,0.0,1.0,false_positive,1.0,"""Sexual violence"" means any act in the form of sexual harassment, forced sexual intercourse, forced unnatural or unwanted sexual intercourse, forced sexual intercourse with others for commercial purposes and or certain purposes.
b.eliminate all forms of violence and exploitation against women and children;
Children who are exploited economically and/or sexually;","The policy’s definition of sexual violence explicitly includes forced sexual intercourse with others for commercial purposes, and it also references eliminating all forms of violence and exploitation and includes children exploited sexually as a protected group, which together indicate inclusion of sexual exploitation within scope.",Reference only
LAMPUNG LAMPUNG UTARA,LAMPUNG_LAMPUNG_UTARA.txt,6.2,Women victims of trafficking,intersectional_approach,No,Yes,0.0,1.0,false_positive,1.0,"a.prevent violence against women and children including trafficking in persons;
6. Law Number 21 of 2007 concerning Eradication of the Criminal Act of Trafficking in Persons (State Gazette of the Republic of Indonesia of 2007 Number 58, Supplement to the State Gazette of the Republic of Indonesia Number 4720;","The policy explicitly includes trafficking in persons within the objectives of preventing violence against women and children, and it also cites the national anti-trafficking law in its legal basis, indicating trafficking cases/victims are within scope.",Reference only
LAMPUNG LAMPUNG UTARA,LAMPUNG_LAMPUNG_UTARA.txt,6.3,Women workers,intersectional_approach,No,Yes,0.0,1.0,false_positive,0.9986653015102833,"""Neglect of workers"" means an act by any person or legal entity that results in unfair treatment of female workers whereas according to the law applicable to him or her or by agreement or contract he or she is obliged to provide adequate protection from lawful acts against workers such as haphazard recruitment, unclear shelters and workplaces, arbitrary business owners.","The policy explicitly references ""female workers"" in its definition/explanation of ""neglect of workers,"" indicating attention to harms and protection obligations related to women workers as a specific group (even though framed as a definitional provision).",Reference only
LAMPUNG METRO KOTA,LAMPUNG_METRO_KOTA.txt,2.4,Gender mainstreaming institutionalisation,institutional_mechanism,Yes,No,1.0,0.0,false_negative,1.0,,"The candidate sentences reference gender equality as a principle but do not mention gender mainstreaming or establish any gender mainstreaming mechanism, working group, focal point, or institutional requirement for mainstreaming in planning/implementation.",Reference only
LAMPUNG METRO KOTA,LAMPUNG_METRO_KOTA.txt,2.5,Training and capacity building,institutional_mechanism,Yes,No,1.0,0.0,false_negative,0.9999237075098606,,"While the policy mentions increasing the capacity of service provider institutions, the retrieved text frames this as a governmental authority and does not explicitly mandate training/technical guidance/capacity-building activities for implementing personnel or service providers as a required duty under the policy.",Reference only
LAMPUNG METRO KOTA,LAMPUNG_METRO_KOTA.txt,3.3,Reporting/hotline service,specialised_support_services,Yes,No,1.0,0.0,false_negative,0.9979944754431807,,"The text defines 'Complaint' and discusses administrative reporting by P2TP2A to government bodies, and notes community participation may include reporting violence, but it does not explicitly establish or mandate a mechanism/service/channel for receiving complaints/reports from victims or the public (e.g., a designated intake service, procedure, or unit for receiving complaints).",Reference only
LAMPUNG METRO KOTA,LAMPUNG_METRO_KOTA.txt,7.5,Provincial government budget,budget_funding_sources,No,Yes,0.0,1.0,false_positive,0.9997863883614204,Provincial Regional Revenue and Expenditure Budget;,"The policy explicitly identifies the Provincial Regional Revenue and Expenditure Budget as a financing source, which is a provincial government budget.",Reference only
LAMPUNG PESAWARAN,LAMPUNG_PESAWARAN.txt,1.5,Economic violence,scope_of_violence,Yes,No,1.0,0.0,false_negative,1.0,,"While the text mentions economic exploitation and neglect in relation to children and defines violence as including neglect, it does not explicitly identify economic violence/economic abuse/domestic neglect as a form of violence against women, nor does it define violence against women as including economic suffering.",Reference only
LAMPUNG PESAWARAN,LAMPUNG_PESAWARAN.txt,1.6,Harmful practices,scope_of_violence,No,Yes,0.0,1.0,false_positive,0.9999084493610688,prevent the occurrence of marriage at child age; and,"The policy explicitly addresses prevention of “marriage at child age,” which is a harmful practice (child/early marriage) under the coding rules.",Reference only
LAMPUNG PESAWARAN,LAMPUNG_PESAWARAN.txt,2.3,Data collection systems,institutional_mechanism,Yes,No,1.0,0.0,false_negative,0.9993973686414119,,"The candidate sentences mention reporting violations to authorities and general monitoring/supervision, but they do not explicitly establish or assign responsibility for collecting/recording/managing data specifically on violence against women, victims, or VAW cases as required by the coding rules.",Reference only
LAMPUNG PESAWARAN,LAMPUNG_PESAWARAN.txt,3.5,Legal assistance,specialised_support_services,Yes,No,1.0,0.0,false_negative,0.809301070201781,,"While the text states that children have a right to receive legal assistance and mentions legal consultation access in the context of women’s empowerment, it does not identify any specific service unit that provides legal assistance (the criterion asks for a service unit).",Reference only
LAMPUNG PESAWARAN,LAMPUNG_PESAWARAN.txt,3.8,Religious/spiritual counselling,specialised_support_services,No,Yes,0.0,1.0,false_positive,0.9778005152307587,"2. Protection of children in embracing their religion as referred to in paragraph (1) includes guidance, mentoring, and good practice of religious teachings for children.
Special Protection for Children with deviant social behavior as referred to in Article 49 letter m is carried out through guidance on religious values and social values, counseling, social rehabilitation, and social assistance.","The policy includes guidance and mentoring in religious teachings and also references guidance on religious values alongside counseling and rehabilitation, which constitutes religious/spiritual guidance support services under the coding rules.",Reference only
LAMPUNG PESAWARAN,LAMPUNG_PESAWARAN.txt,3.10,Economic support,specialised_support_services,No,Yes,0.0,1.0,false_positive,0.703905603936621,"to empower women victims of violence.
an empowerment center for women and children.","The policy explicitly targets empowerment of women victims of violence and states that P2TP2A functions as an empowerment center for women and children, which implies provision of empowerment support to victims (including economic empowerment as part of empowerment measures).",Reference only
LAMPUNG PESAWARAN,LAMPUNG_PESAWARAN.txt,4.2,Gender equality education,primary_prevention,Yes,No,1.0,0.0,false_negative,0.9253462253117412,,"While the policy mentions prevention of violence against women and includes awareness/socialization/education about protection and empowerment of women, the candidate sentences do not explicitly frame educational activities as being about gender equality/justice, equal rights, non-discrimination against women, women’s rights, or victims’ rights as a strategy to prevent violence against women (and some relevant mentions are only principles/objectives or legal-field awareness without a VAW-prevention linkage).",Reference only
LAMPUNG PESAWARAN,LAMPUNG_PESAWARAN.txt,5.2,Religious engagement,stakeholder_engagement,No,Yes,0.0,1.0,false_positive,0.9998245316235193,"1. In order to ensure the effectiveness of implementing Child-Friendly Regency policies in the region, a Child-Friendly Regency Task Force is established whose membership includes Regional Apparatus Organizations, child representatives, and may involve legislative, judicial institutions, business sector, religious/community/customary leaders and the community.","The policy explicitly states that the Child-Friendly Regency Task Force membership may involve religious leaders, which is an inclusion of faith-based actors in implementation/coordination structures.",Reference only
LAMPUNG PESAWARAN,LAMPUNG_PESAWARAN.txt,5.3,Traditional/cultural engagement,stakeholder_engagement,No,Yes,0.0,1.0,false_positive,1.0,"1. In order to ensure the effectiveness of implementing Child-Friendly Regency policies in the region, a Child-Friendly Regency Task Force is established whose membership includes Regional Apparatus Organizations, child representatives, and may involve legislative, judicial institutions, business sector, religious/community/customary leaders and the community.","The policy explicitly allows involvement of customary leaders in the Child-Friendly Regency Task Force, indicating engagement of traditional/customary leaders in an implementation/coordination mechanism.",Reference only
LAMPUNG PESAWARAN,LAMPUNG_PESAWARAN.txt,6.10,Refugee/forced displacement,intersectional_approach,No,Yes,0.0,1.0,false_positive,1.0,"children who become refugees;
2. Special protection for children in emergency situations as referred to in paragraph (1), is implemented in accordance with the provisions of laws and regulations.","The policy explicitly identifies children who become refugees as part of “children in emergency situations” and states that special protection for children in such emergency situations is implemented, which constitutes special protection targeted at refugees/forced displacement (at least for children).",Reference only
LAMPUNG PESISIR BARAT,LAMPUNG_PESISIR_BARAT.txt,2.3,Data collection systems,institutional_mechanism,No,Yes,0.0,1.0,false_positive,0.9988025436771555,exchange of data and information;,"The policy explicitly links cooperation to the exchange of data and information in the context of protecting women and children and recovery of victims of violence, which meets the criterion of requiring data/information exchange related to violence/victims/cases.",Reference only
LAMPUNG PESISIR BARAT,LAMPUNG_PESISIR_BARAT.txt,3.2,Police specialised service unit,specialised_support_services,Yes,No,1.0,0.0,false_negative,1.0,,"The candidate sentences mention police involvement in assistance and examinations at police/prosecutor/court, but do not identify any specialised police-based victim service unit (e.g., UPPA/RPK) or establish a dedicated unit within police offices for VAW victims.",Reference only
LAMPUNG PESISIR BARAT,LAMPUNG_PESISIR_BARAT.txt,5.2,Religious engagement,stakeholder_engagement,No,Yes,0.0,1.0,false_positive,0.999847417929993,"1. Assistance includes all integrated efforts to restore and strengthen the condition of victims, carried out by health workers, education, police, prosecutors, courts, advocates, social workers, volunteer assistants and spiritual counselors.","The policy includes “spiritual counselors” among those who carry out integrated assistance to restore and strengthen victims’ conditions, which constitutes inclusion of faith/spiritual actors in service delivery/support.",Reference only
LAMPUNG PRINGSEWU,LAMPUNG_PRINGSEWU.txt,3.3,Reporting/hotline service,specialised_support_services,Yes,No,1.0,0.0,false_negative,0.996310779823347,,"The retrieved text includes administrative reporting between PPT, SKPD, Regent, and Governor, and mentions that community members may report violence to relevant agencies, but it does not explicitly establish or mandate a mechanism/service/channel for receiving complaints from victims or the public (beyond general permission to report).",Reference only
LAMPUNG PRINGSEWU,LAMPUNG_PRINGSEWU.txt,4.3,VAW laws awareness,primary_prevention,No,Yes,0.0,1.0,false_positive,0.9999237075098606,conducting socialization of laws and regulations related to the protection of Women and Children Victims of Violence;,"The policy explicitly requires socialization of laws and regulations related to protection of women and child victims of violence, and this requirement is listed under the regional government’s duty to carry out prevention efforts, satisfying the criterion for prevention-oriented legal awareness activities related to VAW protection frameworks.",Reference only
LAMPUNG PRINGSEWU,LAMPUNG_PRINGSEWU.txt,4.4,Prevention through education,primary_prevention,Yes,No,1.0,0.0,false_negative,0.1243530017715962,,"Although the policy lists “increasing the quantity and quality of education” within a prevention chapter and notes prevention is carried out by agencies including the education sector, the candidate sentences do not specify formal education instruments (e.g., curricula, school-based programs, teaching/learning materials) or explicit involvement of education institutions as the prevention mechanism; the references remain broad improvements/access to education rather than explicit education-based prevention programming as defined by the coding rules.",Reference only
LAMPUNG PRINGSEWU,LAMPUNG_PRINGSEWU.txt,6.2,Women victims of trafficking,intersectional_approach,No,Yes,0.0,1.0,false_positive,0.9999084493610688,"prevent all forms of acts of violence including trafficking in persons;
8. Law Number 21 of 2007 concerning the Eradication of the Criminal Act of Trafficking in Persons (State Gazette of the Republic of Indonesia of 2007 Number 58, Supplement to the State Gazette of the Republic of Indonesia Number 4720);","The policy explicitly includes trafficking in persons within the violence it seeks to prevent, and it also cites the national anti-trafficking law in its legal basis, indicating trafficking cases/victims are within scope.",Reference only
LAMPUNG PRINGSEWU,LAMPUNG_PRINGSEWU.txt,7.4,Other legal sources,budget_funding_sources,Yes,No,1.0,0.0,false_negative,0.9997635027533704,,"The only explicit funding source mentioned is the regional government budget allocation; there is no mention of alternative legally permitted sources (e.g., private donations, grants, CSR, community funds, or other lawful sources) as funding/budget sources in the provided sentences.",Reference only
LAMPUNG TANGGAMUS,LAMPUNG_TANGGAMUS.txt,2.5,Training and capacity building,institutional_mechanism,Yes,No,1.0,0.0,false_negative,0.8482836399575129,,"While the text mentions ""Education and Training"" and capacity building, the cited provisions describe training/education provided to women and children victims (and empowerment service provider institutions) rather than mandating training or professional development for government officials, implementing agencies, or service providers responsible for implementing the policy. Under the coding rules, victim-focused training and general references are insufficient.",Reference only
LAMPUNG TANGGAMUS,LAMPUNG_TANGGAMUS.txt,3.9,Resocialisation services,specialised_support_services,Yes,No,1.0,0.0,false_negative,0.9828846286145552,,"Although victims’ rights include social rehabilitation and social reintegration, and cooperation may include recovery and social reintegration, the candidate sentences do not clearly assign rehabilitation/reintegration/resocialisation to a specific service unit or institution (e.g., UPTD PPA) as a service responsibility.",Reference only
MALUKU KEPULAUAN TANIMBAR,MALUKU_KEPULAUAN_TANIMBAR.txt,1.6,Harmful practices,scope_of_violence,No,Yes,0.0,1.0,false_positive,1.0,preventing marriage at child age;,"The policy explicitly mentions preventing marriage at child age, which is a harmful practice (child/early marriage) under the coding rules.",Reference only
MALUKU KEPULAUAN TANIMBAR,MALUKU_KEPULAUAN_TANIMBAR.txt,3.3,Reporting/hotline service,specialised_support_services,Yes,No,1.0,0.0,false_negative,0.9987491706035809,,"The text indicates that community members may report violence to law enforcement or authorized parties, but it does not establish or describe a specific mechanism/service/unit (e.g., hotline, complaint desk, intake procedure) for receiving and handling complaints/reports from victims or the public, which is required by the coding rules.",Reference only
MALUKU KEPULAUAN TANIMBAR,MALUKU_KEPULAUAN_TANIMBAR.txt,4.3,VAW laws awareness,primary_prevention,Yes,No,1.0,0.0,false_negative,0.9868294458753399,,"The policy mentions socialization of laws and regulations related to protection for women and children victims of violence, but the candidate sentences do not explicitly situate this legal socialization as a prevention strategy or measure to prevent violence against women (as required by the coding rules). Other information provisions are general and not clearly about VAW laws/policies as prevention.",Reference only
MALUKU KEPULAUAN TANIMBAR,MALUKU_KEPULAUAN_TANIMBAR.txt,5.2,Religious engagement,stakeholder_engagement,No,Yes,0.0,1.0,false_positive,1.0,spiritual services;,"The policy includes “spiritual services” among victims’ rights, which constitutes religious/spiritual counselling or support as a service for survivors under the coding rules, even though specific religious organisations/leaders are not named.",Reference only
MALUKU MALUKU TENGAH,MALUKU_MALUKU_TENGAH.txt,2.5,Training and capacity building,institutional_mechanism,No,Yes,0.0,1.0,false_positive,0.9998626756131501,1. The Regional Government is obliged to conduct guidance on the organization of protection for women and children victims of violence comprising technical guidance and training.,"The policy explicitly obliges the Regional Government to conduct guidance on organizing protection for women and children victims of violence, including technical guidance and training, which is a direct mandate for capacity building for implementation/service delivery.",Reference only
MALUKU MALUKU TENGAH,MALUKU_MALUKU_TENGAH.txt,3.4,Safety/protection shelter,specialised_support_services,No,Yes,0.0,1.0,false_positive,0.9999465949513187,"28. Safe House is temporary housing provided to give protection to victims in accordance with predetermined operational standards.
Special handling is carried out through Safe House services and in cooperation with the police and the Witness and Victim Protection Agency (LPSK).","The policy defines a Safe House as temporary housing for protection and states that special handling is carried out through Safe House services, indicating shelter-based protection for victims.",Reference only
MALUKU MALUKU TENGAH,MALUKU_MALUKU_TENGAH.txt,6.2,Women victims of trafficking,intersectional_approach,No,Yes,0.0,1.0,false_positive,1.0,"10. Law Number 21 of 2007 concerning the Eradication of the Crime of Trafficking in Persons (State Gazette of the Republic of Indonesia of 2007 Number 58, Supplement to the State Gazette of the Republic of Indonesia Number 4720);","The policy’s legal basis explicitly cites the national law on eradication of trafficking in persons, which the coding rules treat as sufficient to include trafficking cases/victims within scope.",Reference only
MALUKU MALUKU TENGAH,MALUKU_MALUKU_TENGAH.txt,6.5,People with disability,intersectional_approach,No,Yes,0.0,1.0,false_positive,1.0,"2. In addition to the minimum service standards as referred to in paragraph (1), the Regent shall establish special Minimum Service Standards for victims with Disabilities.","The policy explicitly requires establishing special minimum service standards for victims with disabilities, which constitutes disability-specific protection/service measures under the coding rules.",Reference only
MALUKU SERAM BAGIAN BARAT,MALUKU_SERAM_BAGIAN_BARAT.txt,1.1,Domestic violence,scope_of_violence,Yes,No,1.0,0.0,false_negative,0.24491866240370913,,"The retrieved sentences define and address violence against women and children generally, including violence occurring in the public sphere or private life, but they do not explicitly mention domestic violence, family/household violence, or intimate partner violence as required by the coding rules.",Reference only
MALUKU SERAM BAGIAN BARAT,MALUKU_SERAM_BAGIAN_BARAT.txt,1.9,Sexual slavery/exploitation,scope_of_violence,Yes,No,1.0,0.0,false_negative,1.0,,"Although the text mentions “social exploitation” and defines sexual violence broadly, it does not explicitly reference sexual exploitation, sexual slavery, prostitution, or exploitation for sexual purposes, and general “exploitation” alone is insufficient under the coding rules.",Reference only
MALUKU SERAM BAGIAN BARAT,MALUKU_SERAM_BAGIAN_BARAT.txt,2.3,Data collection systems,institutional_mechanism,Yes,No,1.0,0.0,false_negative,0.9642365830785571,,"While the text mentions an 'information system' accessible to women/victims and includes 'exchange of data and information' as a type of cooperation, it does not explicitly establish/mandate a system or assign responsibility to collect/record/manage data specifically on violence cases/victims; the reporting provision concerns implementation reporting categories (administration/finance/services/performance) rather than explicit VAW case data management.",Reference only
MALUKU SERAM BAGIAN BARAT,MALUKU_SERAM_BAGIAN_BARAT.txt,4.4,Prevention through education,primary_prevention,Yes,No,1.0,0.0,false_negative,0.12435300177159625,,"Although the policy mentions increasing the quantity and quality of formal/non-formal/informal education in the context of broader prevention efforts, it does not explicitly identify specific education instruments (e.g., school-based programs, curricula, teaching materials) or involvement of education institutions as a prevention mechanism for violence, as required by the coding rules.",Reference only
MALUKU SERAM BAGIAN BARAT,MALUKU_SERAM_BAGIAN_BARAT.txt,6.5,People with disability,intersectional_approach,Yes,No,1.0,0.0,false_negative,0.1243530017715962,,"Although the definition of “Victim” includes vulnerable groups such as persons with disabilities, the provided text does not specify any disability-targeted protection measures, services, accommodations, or identify disability status as requiring special protection beyond this general inclusion.",Reference only
MALUKU SERAM BAGIAN BARAT,MALUKU_SERAM_BAGIAN_BARAT.txt,7.2,National government budget,budget_funding_sources,No,Yes,0.0,1.0,false_positive,0.9999084493610688,"what is meant by other legitimate sources is assistance, financial assistance from the Central Government, Province, or assistance from domestic or foreign NGOs.","The policy clarifies that “other legitimate sources” include assistance/financial assistance from the Central Government, which corresponds to national government budget support.",Reference only
MALUKU SERAM BAGIAN BARAT,MALUKU_SERAM_BAGIAN_BARAT.txt,7.5,Provincial government budget,budget_funding_sources,No,Yes,0.0,1.0,false_positive,0.9999084493610688,"what is meant by other legitimate sources is assistance, financial assistance from the Central Government, Province, or assistance from domestic or foreign NGOs.","The policy specifies that “other legitimate sources” include financial assistance from the Province, which constitutes a provincial government budget source.",Reference only
MALUKU TUAL KOTA,MALUKU_TUAL_KOTA.txt,1.8,Human trafficking,scope_of_violence,No,Yes,0.0,1.0,false_positive,0.9999084493610688,"8. Law Number 21 of 2007 concerning Eradication of the Criminal Act of Trafficking in Persons (State Gazette of the Republic of Indonesia of 2007 Number 58, Supplement to the State Gazette of the Republic of Indonesia Number 4928);","The policy’s legal basis explicitly cites a law on eradication of the criminal act of trafficking in persons, which is sufficient to include human trafficking under the coding rules.",Reference only
MALUKU TUAL KOTA,MALUKU_TUAL_KOTA.txt,5.2,Religious engagement,stakeholder_engagement,No,Yes,0.0,1.0,false_positive,0.9999542241566775,"2. P2TP2A as referred to in paragraph (1), consists of elements of the Police, Prosecutor's Office, Court, Health Office, Social Office, Ministry of Religious Affairs, Office of Women's Empowerment and Child Protection, NGOs, Child Observers.","The policy includes the Ministry of Religious Affairs as a constituent element of P2TP2A, an integrated service unit tasked with organizing services for victims, which indicates involvement of a religious-affairs actor in implementation/service delivery (beyond merely referencing religious norms).",Reference only
MALUKU TUAL KOTA,MALUKU_TUAL_KOTA.txt,6.2,Women victims of trafficking,intersectional_approach,No,Yes,0.0,1.0,false_positive,1.0,"8. Law Number 21 of 2007 concerning Eradication of the Criminal Act of Trafficking in Persons (State Gazette of the Republic of Indonesia of 2007 Number 58, Supplement to the State Gazette of the Republic of Indonesia Number 4928);","The policy’s legal foundation explicitly cites a national law on eradication of trafficking in persons, which (per coding rules) is sufficient to include trafficking victims within scope even without further trafficking-specific measures.",Reference only
MALUKU UTARA HALMAHERA TIMUR,MALUKU_UTARA_HALMAHERA_TIMUR.txt,2.3,Data collection systems,institutional_mechanism,No,Yes,0.0,1.0,false_positive,1.0,"initial identification or recording of victims;
case identification; and","The policy specifies that complaint/consultation/counseling services include initial identification or recording of victims and case identification, which explicitly links recording/documentation activities to victims and cases of violence and therefore constitutes a required data/documentation function related to violence cases.",Reference only
MALUKU UTARA HALMAHERA TIMUR,MALUKU_UTARA_HALMAHERA_TIMUR.txt,6.1,Women in conflict/disaster areas,intersectional_approach,No,Yes,0.0,1.0,false_positive,0.9997406174072243,"organizing the protection of women, especially protection for victims of violence, female workers, elderly women, and women with disabilities, in conflict areas and disaster-affected areas;","The policy explicitly mandates organizing protection for women (including specific subgroups) in conflict areas and disaster-affected areas, which constitutes special protection measures targeted at women in these situations.",Reference only
MALUKU UTARA HALMAHERA TIMUR,MALUKU_UTARA_HALMAHERA_TIMUR.txt,6.2,Women victims of trafficking,intersectional_approach,No,Yes,0.0,1.0,false_positive,1.0,"11. Law Number 21 of 2007 concerning Eradication of the Criminal Act of Trafficking in Persons (State Gazette of the Republic of Indonesia of 2009 Number 58, Supplement to the State Gazette of the Republic of Indonesia Number 4720);","The policy’s legal foundation explicitly cites the national law on eradication of trafficking in persons, which (per the coding rules) is sufficient to indicate trafficking cases/victims are within scope.",Reference only
MALUKU UTARA HALMAHERA TIMUR,MALUKU_UTARA_HALMAHERA_TIMUR.txt,6.3,Women workers,intersectional_approach,No,Yes,0.0,1.0,false_positive,1.0,"organizing the protection of women, especially protection for victims of violence, female workers, elderly women, and women with disabilities, in conflict areas and disaster-affected areas;","The policy explicitly identifies female workers as a subgroup of women for whom protection is to be organized (alongside victims of violence, elderly women, and women with disabilities), satisfying the requirement for women workers as a specific target group for protection.",Reference only
MALUKU UTARA HALMAHERA TIMUR,MALUKU_UTARA_HALMAHERA_TIMUR.txt,6.4,Elderly women,intersectional_approach,No,Yes,0.0,1.0,false_positive,1.0,"organizing the protection of women, especially protection for victims of violence, female workers, elderly women, and women with disabilities, in conflict areas and disaster-affected areas;","The policy explicitly includes elderly women as a subgroup for whom protection is to be organized, indicating special protection measures targeted at elderly women.",Reference only
MALUKU UTARA HALMAHERA TIMUR,MALUKU_UTARA_HALMAHERA_TIMUR.txt,6.5,People with disability,intersectional_approach,No,Yes,0.0,1.0,false_positive,1.0,"organizing the protection of women, especially protection for victims of violence, female workers, elderly women, and women with disabilities, in conflict areas and disaster-affected areas;","The policy explicitly identifies women with disabilities as a subgroup for whom protection is to be organized, which meets the criterion for disability-targeted protection measures.",Reference only
MALUKU UTARA HALMAHERA TIMUR,MALUKU_UTARA_HALMAHERA_TIMUR.txt,6.11,Domestic workers,intersectional_approach,No,Yes,0.0,1.0,false_positive,0.5545997223493824,"1. The Regional Government is obliged to protect the fulfillment of the rights of child workers in the informal sector.
domestic workers;","The policy explicitly includes domestic workers within the category of child workers in the informal sector and obliges the regional government to protect fulfillment of their rights, which constitutes targeted protection measures for domestic workers (as defined in the provided text).",Reference only
MALUKU UTARA TERNATE KOTA,MALUKU_UTARA_TERNATE_KOTA.txt,2.1,Institutional network,institutional_mechanism,No,Yes,0.0,1.0,false_positive,1.0,"1. The provision of protection to victims is carried out in an integrated manner within the Integrated Service Center for the Empowerment of Women and Children (P2TP2A).
2. P2TP2A Ternate City may receive case referrals from stakeholders within the Ternate City area.","The policy establishes an integrated service delivery mechanism through P2TP2A and explicitly provides for receiving case referrals from stakeholders, indicating a coordinated/referral network rather than isolated agency responsibilities.",Reference only
MALUKU UTARA TERNATE KOTA,MALUKU_UTARA_TERNATE_KOTA.txt,5.1,NGO collaboration,stakeholder_engagement,Yes,No,1.0,0.0,false_negative,0.703905603936621,,"The candidate sentences refer to involving “community elements,” “stakeholders,” and non-government protection in general terms, and define community to include social/community organizations. However, they do not explicitly mention NGOs/civil society organisations or clearly establish collaboration/partnership mechanisms with such organisations for VAW prevention or service delivery, as required by the coding rules.",Reference only
NUSA TENGGARA BARAT BIMA,NUSA_TENGGARA_BARAT_BIMA.txt,1.1,Domestic violence,scope_of_violence,Yes,No,1.0,0.0,false_negative,1.0,,"Across the provided candidate sentences, the policy discusses violence against women and children generally and defines “Violence” broadly, but it does not explicitly mention domestic/household/family/intimate partner violence or violence in the private/home sphere, nor does it cite a domestic-violence-specific legal framework in the shown excerpts.",Reference only
NUSA TENGGARA BARAT BIMA,NUSA_TENGGARA_BARAT_BIMA.txt,1.6,Harmful practices,scope_of_violence,No,Yes,0.0,1.0,false_positive,0.9999084493610688,"conducting socialization and education on laws and regulations related to women's empowerment, protection of women and Children, such as prevention of unregistered marriages and the dangers of child marriage;","The policy explicitly references child marriage (and unregistered marriages) in the context of community socialization/education on relevant laws and dangers, which qualifies as addressing harmful practices.",Reference only
NUSA TENGGARA BARAT BIMA,NUSA_TENGGARA_BARAT_BIMA.txt,1.9,Sexual slavery/exploitation,scope_of_violence,Yes,No,1.0,0.0,false_negative,0.9983527295289705,,"The candidate sentences mention “exploitation” only in a general sense and do not explicitly indicate sexual exploitation, sexual slavery, prostitution, or exploitation for sexual purposes, nor do they reference trafficking for sexual exploitation.",Reference only
NUSA TENGGARA BARAT BIMA,NUSA_TENGGARA_BARAT_BIMA.txt,3.5,Legal assistance,specialised_support_services,Yes,No,1.0,0.0,false_negative,0.9998169029128974,,"The listed victim services include complaints, outreach, case management, shelter, mediation, and assistance, but none of the candidate sentences explicitly mention legal assistance, legal aid, legal representation, or similar legal services.",Reference only
NUSA TENGGARA BARAT BIMA,NUSA_TENGGARA_BARAT_BIMA.txt,5.4,Education institutions engagement,stakeholder_engagement,No,Yes,0.0,1.0,false_positive,1.0,"1. Facilitation of child care by child care institutions shall be implemented by regional apparatus in charge of women and children, social affairs, manpower, education, health, planning, and other regional apparatus as needed.","The policy explicitly includes the education sector (via the regional apparatus responsible for education) as part of the implementing bodies for child care facilitation, indicating engagement of the education sector in implementation activities.",Reference only
NUSA TENGGARA BARAT BIMA,NUSA_TENGGARA_BARAT_BIMA.txt,6.4,Elderly women,intersectional_approach,Yes,No,1.0,0.0,false_negative,0.9999465949513187,,"The only mention related to the elderly appears in a general principle listing “the elderly” among groups whose aspirations should be considered, but there are no special protection measures specifically targeted at elderly women.",Reference only
NUSA TENGGARA BARAT BIMA,NUSA_TENGGARA_BARAT_BIMA.txt,6.5,People with disability,intersectional_approach,Yes,No,1.0,0.0,false_negative,0.9994126228909521,,"The text mentions disability groups only in general principles and non-discrimination language, without identifying people with disabilities (or women with disabilities) as beneficiaries of specific protection/services or providing disability-specific measures, which the coding rules require for a Yes.",Reference only
NUSA TENGGARA BARAT BIMA,NUSA_TENGGARA_BARAT_BIMA.txt,6.7,Women from minority groups,intersectional_approach,Yes,No,1.0,0.0,false_negative,0.9998169029128974,,"The excerpts do not explicitly mention minority/isolated/indigenous/ethnic or religious minority women as a protected group, nor do they define special protection as applying to such women.",Reference only
NUSA TENGGARA BARAT BIMA KOTA,NUSA_TENGGARA_BARAT_BIMA_KOTA.txt,2.3,Data collection systems,institutional_mechanism,Yes,No,1.0,0.0,false_negative,0.9994278772568737,,"While the policy mentions building an information system and requires PPT to submit periodic reports, the candidate sentences do not explicitly link the information system or reporting requirements to collecting/recording/managing data on violence against women cases or victims. Under the coding rules, ordinary administrative reporting without an explicit VAW case-data function is insufficient.",Reference only
NUSA TENGGARA BARAT DOMPU,NUSA_TENGGARA_BARAT_DOMPU.txt,2.4,Gender mainstreaming institutionalisation,institutional_mechanism,Yes,No,1.0,0.0,false_negative,0.9999465949513187,,"The candidate sentences reference gender equality as a principle but do not mention gender mainstreaming (PUG) or establish any gender mainstreaming mechanism, working group, focal point, or institutional requirement for implementing women’s protection/VAW programs.",Reference only
NUSA TENGGARA BARAT DOMPU,NUSA_TENGGARA_BARAT_DOMPU.txt,3.9,Resocialisation services,specialised_support_services,Yes,No,1.0,0.0,false_negative,0.12435300177159614,,"While the text describes social rehabilitation and social reintegration/resocialization activities, the provided sentences do not clearly link these services to a specific service unit or responsible institution (e.g., UPTD PPA) as the provider; they are described generally or as carried out by the Regional Government in coordination with others.",Reference only
NUSA TENGGARA BARAT DOMPU,NUSA_TENGGARA_BARAT_DOMPU.txt,4.2,Gender equality education,primary_prevention,Yes,No,1.0,0.0,false_negative,0.35835739835078595,,"While the policy mentions critical education on the rights of women and children as victims of violence, the cited prevention activities focus on violence prevention and victim rights rather than education specifically about gender equality/non-discrimination or women’s rights as a primary prevention strategy for VAW as required by the coding rules.",Reference only
NUSA TENGGARA BARAT DOMPU,NUSA_TENGGARA_BARAT_DOMPU.txt,6.10,Refugee/forced displacement,intersectional_approach,No,Yes,0.0,1.0,false_positive,0.9989321699323961,Children who become refugees;,"The policy explicitly provides special protection for children who become refugees, which constitutes a special protection measure targeted at refugees/forced displacement (at least for child refugees) within the provided text.",Reference only
NUSA TENGGARA BARAT LOMBOK TENGAH,NUSA_TENGGARA_BARAT_LOMBOK_TENGAH.txt,1.1,Domestic violence,scope_of_violence,Yes,No,1.0,0.0,false_negative,0.9953134219598221,,"Across the provided sentences, the policy discusses violence against women and children generally and defines violence as occurring in public or private life, but it does not explicitly mention domestic violence, family/household violence, intimate partner violence, or equivalent terms. Under the coding rules, general references to violence against women cannot be assumed to include domestic violence without explicit identification.",Reference only
NUSA TENGGARA BARAT LOMBOK TENGAH,NUSA_TENGGARA_BARAT_LOMBOK_TENGAH.txt,1.6,Harmful practices,scope_of_violence,No,Yes,0.0,1.0,false_positive,0.9998626756131501,"preventing children from child marriage, guaranteeing Protection and fulfillment of children's rights; and","The policy explicitly mentions preventing children from child marriage as an objective, which is a recognized harmful practice under the coding rules and is sufficient for inclusion.",Reference only
NUSA TENGGARA BARAT LOMBOK TENGAH,NUSA_TENGGARA_BARAT_LOMBOK_TENGAH.txt,2.3,Data collection systems,institutional_mechanism,Yes,No,1.0,0.0,false_negative,1.0,,"The candidate sentences mention strengthening data and information systems and building such systems for referral services for children requiring special protection, but they do not explicitly link data collection/recording/monitoring to violence against women, women victims, or VAW cases as required by the coding rules.",Reference only
NUSA TENGGARA BARAT LOMBOK TENGAH,NUSA_TENGGARA_BARAT_LOMBOK_TENGAH.txt,2.5,Training and capacity building,institutional_mechanism,Yes,No,1.0,0.0,false_negative,0.8482836399575129,,"The candidate sentences reference increasing knowledge and skills of various actors in the context of strengthening child protection institutions, and mention “education and training” only as part of background/general discussion of higher-level obligations, not as an explicit local duty for implementing agencies/personnel for women’s protection/VAW under this policy as required by the coding rules.",Reference only
NUSA TENGGARA BARAT LOMBOK TENGAH,NUSA_TENGGARA_BARAT_LOMBOK_TENGAH.txt,3.8,Religious/spiritual counselling,specialised_support_services,Yes,No,1.0,0.0,false_negative,1.0,,"The candidate sentences include psychological and psychosocial services but do not explicitly mention religious/spiritual counselling, guidance, mentoring, or services delivered by religious personnel for victims.",Reference only
NUSA TENGGARA BARAT LOMBOK TENGAH,NUSA_TENGGARA_BARAT_LOMBOK_TENGAH.txt,4.1,Information and education about VAW,primary_prevention,Yes,No,1.0,0.0,false_negative,0.9977886989508458,,"The retrieved sentences mention prevention/protection of women victims of violence and include general empowerment/awareness activities (e.g., awareness of women’s basic rights/equality) and child-protection socialization/education, but none explicitly describe information/education/awareness activities specifically about violence against women or anti-violence norms/values as a preventive measure. Under the coding rules, general women’s rights/equality education and child-focused education do not qualify.",Reference only
NUSA TENGGARA BARAT LOMBOK TENGAH,NUSA_TENGGARA_BARAT_LOMBOK_TENGAH.txt,4.4,Prevention through education,primary_prevention,Yes,No,1.0,0.0,false_negative,0.9413755384972873,,"The candidate sentences include school-related and education-related measures, but these are explicitly within child protection/prevention (e.g., strengthening child-friendly schools, school education for child protection). The coding rules exclude education measures that only target children as a strategy to prevent violence against children, and the retrieved text does not explicitly present education institutions/curricula as a prevention mechanism for violence against women (or for women and children beyond the child-only context).",Reference only
NUSA TENGGARA BARAT LOMBOK TENGAH,NUSA_TENGGARA_BARAT_LOMBOK_TENGAH.txt,5.3,Traditional/cultural engagement,stakeholder_engagement,No,Yes,0.0,1.0,false_positive,0.9999008203303268,"2. Strengthening institutional capacity for child Protection and empowerment and education units as referred to in paragraph (1) letter a shall be carried out through regional government policy intervention towards increasing knowledge and skills of law enforcement officers, village apparatus, KUA officers, customary stakeholders, extension workers and teachers.","The policy explicitly references “customary stakeholders” as a target group for increasing knowledge and skills as part of strengthening institutional capacity, indicating engagement of customary/traditional actors in implementation/capacity building linked to protection/prevention.",Reference only
NUSA TENGGARA BARAT LOMBOK TENGAH,NUSA_TENGGARA_BARAT_LOMBOK_TENGAH.txt,6.1,Women in conflict/disaster areas,intersectional_approach,No,Yes,0.0,1.0,false_positive,0.9997863883614204,"efforts to Protect Women in disaster situations.
Efforts to Protect Women in disaster situations as referred to in Article 9 letter d, are implemented through:
provision of women-friendly facilities at disaster evacuation sites.","The policy explicitly includes protection of women in disaster situations and specifies implementation measures (health services and women-friendly facilities at evacuation sites), which are special protection measures targeted at women in emergencies/disasters.",Reference only
NUSA TENGGARA BARAT LOMBOK TENGAH,NUSA_TENGGARA_BARAT_LOMBOK_TENGAH.txt,6.5,People with disability,intersectional_approach,No,Yes,0.0,1.0,false_positive,0.9995804273172464,facilitate needs of Victims with Disabilities;,"The policy includes a disability-specific service responsibility by requiring the service unit (UPTD PPA) to facilitate needs of victims with disabilities, which constitutes explicit disability-targeted support within protection services.",Reference only
NUSA TENGGARA BARAT LOMBOK TENGAH,NUSA_TENGGARA_BARAT_LOMBOK_TENGAH.txt,6.6,Women heads of household,intersectional_approach,No,Yes,0.0,1.0,false_positive,0.9996948475006302,"developing innovative ways through assistance and/or facilitation that are more effective for pre-prosperous families, and developing programs and activities in efforts to reduce poverty rates for pre-prosperous families and women who serve as heads of families.","The policy explicitly references women who serve as heads of families in the context of developing programs/activities (including assistance/facilitation) aimed at reducing poverty for pre-prosperous families and women heads of families, indicating targeted measures for this group.",Reference only
NUSA TENGGARA BARAT LOMBOK TENGAH,NUSA_TENGGARA_BARAT_LOMBOK_TENGAH.txt,6.10,Refugee/forced displacement,intersectional_approach,No,Yes,0.0,1.0,false_positive,0.1243530017715962,Children who become refugees;,"The policy explicitly includes refugees within 'Children in emergency situations' by listing 'Children who become refugees' as a category under special protection, which constitutes targeted protection for refugees/forced displacement (at least for children).",Reference only
NUSA TENGGARA BARAT LOMBOK TENGAH,NUSA_TENGGARA_BARAT_LOMBOK_TENGAH_v2.txt,1.1,Domestic violence,scope_of_violence,Yes,No,1.0,0.0,false_negative,0.9990007990002305,,"The provided sentences define and address violence against women and children generally (including that it may occur in public or private life), but they do not explicitly mention domestic/household/family/intimate partner violence or equivalent terms. Under the coding rules, domestic violence cannot be inferred from general references to violence against women/children or private life alone.",Reference only
NUSA TENGGARA BARAT LOMBOK TENGAH,NUSA_TENGGARA_BARAT_LOMBOK_TENGAH_v2.txt,1.8,Human trafficking,scope_of_violence,No,Yes,0.0,1.0,false_positive,1.0,"Child victims of kidnapping, sale, and/or trafficking;","The policy explicitly includes “child victims of kidnapping, sale, and/or trafficking” as a special protection category, which directly covers trafficking in persons within scope.",Reference only
NUSA TENGGARA BARAT LOMBOK TENGAH,NUSA_TENGGARA_BARAT_LOMBOK_TENGAH_v2.txt,2.3,Data collection systems,institutional_mechanism,Yes,No,1.0,0.0,false_negative,0.999893191328687,,"The candidate sentences mention strengthening data and information systems and building such systems as a basis for referral services for children requiring special protection, but they do not explicitly link data collection/recording/management to violence against women, women victims, or VAW cases as required by the coding rules.",Reference only
NUSA TENGGARA BARAT LOMBOK TENGAH,NUSA_TENGGARA_BARAT_LOMBOK_TENGAH_v2.txt,2.4,Gender mainstreaming institutionalisation,institutional_mechanism,No,Yes,0.0,1.0,false_positive,0.9640267911810223,The Field of Women's Quality of Life includes: Institutionalization of Gender Mainstreaming at government institutions at the regency/city Region level.,"The text explicitly refers to the “Institutionalization of Gender Mainstreaming at government institutions” as part of the authorities in the women’s field, which constitutes an institutional mechanism requirement for gender mainstreaming.",Reference only
NUSA TENGGARA BARAT LOMBOK TENGAH,NUSA_TENGGARA_BARAT_LOMBOK_TENGAH_v2.txt,4.1,Information and education about VAW,primary_prevention,Yes,No,1.0,0.0,false_negative,0.9996185666509128,,"The retrieved sentences define violence/VAW and describe prevention/protection efforts, but they do not specify information/education/awareness activities that are explicitly about violence against women or anti-violence norms. The only explicit education/socialization content shown focuses on women’s basic rights/equality (women’s empowerment) or child protection, which is excluded under the coding rules for this indicator.",Reference only
NUSA TENGGARA BARAT LOMBOK TENGAH,NUSA_TENGGARA_BARAT_LOMBOK_TENGAH_v2.txt,4.2,Gender equality education,primary_prevention,Yes,No,1.0,0.0,false_negative,1.0,,"The text includes awareness-raising and education/socialization/advocacy about women’s basic rights and equality, but the coding rules require these activities to be explicitly situated as a strategy to prevent violence against women. In the provided sentences, the women’s rights/equality education appears under women’s empowerment and is not explicitly linked to VAW prevention; references to prevention are present elsewhere but not tied to these gender equality education activities.",Reference only
NUSA TENGGARA BARAT LOMBOK TENGAH,NUSA_TENGGARA_BARAT_LOMBOK_TENGAH_v2.txt,4.3,VAW laws awareness,primary_prevention,Yes,No,1.0,0.0,false_negative,0.9997711312602866,,"The retrieved sentences mention laws and regulations in background/justification sections and mention education/training for certain personnel, but they do not specify socialization/dissemination/education activities about VAW-related laws/regulations/policies as a prevention strategy. Mentions of “provide information about victims’ rights” are service-related and not framed as primary prevention about laws/policies.",Reference only
NUSA TENGGARA BARAT LOMBOK TENGAH,NUSA_TENGGARA_BARAT_LOMBOK_TENGAH_v2.txt,5.2,Religious engagement,stakeholder_engagement,No,Yes,0.0,1.0,false_positive,0.999938965775063,"strengthening understanding and the role of parents, families, social/community organizations, schools, Islamic boarding schools and other stakeholders in child Protection efforts;","The policy explicitly names Islamic boarding schools as stakeholders whose understanding and role are to be strengthened in child protection efforts, which qualifies as inclusion of faith-based actors in implementation/prevention activities.",Reference only
NUSA TENGGARA BARAT LOMBOK TENGAH,NUSA_TENGGARA_BARAT_LOMBOK_TENGAH_v2.txt,5.3,Traditional/cultural engagement,stakeholder_engagement,No,Yes,0.0,1.0,false_positive,1.0,"2. Strengthening the institutional capacity of child Protection and empowerment and education units as referred to in paragraph (1) letter a shall be carried out through regional government policy intervention towards increasing the knowledge and skills of law enforcement officers, village apparatus, KUA officers, customary stakeholders, extension workers and teachers.","The policy explicitly references “customary stakeholders” as a target group for increasing knowledge and skills as part of strengthening regulations and institutions, indicating involvement of customary/traditional actors in implementation capacity-building related to protection/prevention.",Reference only
NUSA TENGGARA BARAT LOMBOK TENGAH,NUSA_TENGGARA_BARAT_LOMBOK_TENGAH_v2.txt,6.6,Women heads of household,intersectional_approach,No,Yes,0.0,1.0,false_positive,0.9947882964238974,"developing innovative ways through assistance and/or more effective facilitation for pre-prosperous families, and developing programs and activities in efforts to reduce poverty rates for pre-prosperous families and women who serve as heads of families.","The policy explicitly references women who serve as heads of families within efforts to improve family quality and reduce poverty, indicating targeted support measures for this group.",Reference only
NUSA TENGGARA BARAT LOMBOK TENGAH,NUSA_TENGGARA_BARAT_LOMBOK_TENGAH_v2.txt,6.10,Refugee/forced displacement,intersectional_approach,No,Yes,0.0,1.0,false_positive,0.9720372253458873,Children who become refugees;,"The policy explicitly includes refugees within “children in emergency situations” by listing children who become refugees, which constitutes special protection targeted at refugees/forced displacement (though limited to children).",Reference only
NUSA TENGGARA BARAT LOMBOK UTARA,NUSA_TENGGARA_BARAT_LOMBOK_UTARA.txt,1.6,Harmful practices,scope_of_violence,No,Yes,0.0,1.0,false_positive,1.0,"preventing early marriage;
raising awareness about safe sex, the dangers of cigarettes, alcoholic beverages, narcotics and psychotropic abuse, child marriage, pornography, pornographic acts and HIV/AIDS to families, the Community and Children;","The policy explicitly addresses early marriage/child marriage as a harmful practice, including an obligation to prevent early marriage and prevention activities referencing child marriage.",Reference only
NUSA TENGGARA BARAT LOMBOK UTARA,NUSA_TENGGARA_BARAT_LOMBOK_UTARA.txt,2.4,Gender mainstreaming institutionalisation,institutional_mechanism,No,Yes,0.0,1.0,false_positive,0.999893191328687,2. The provisions referred to in paragraph (1) shall be implemented in the form of gender mainstreaming in every policy and Community life.,"The policy explicitly requires that the listed gender-just social system provisions be implemented in the form of gender mainstreaming in every policy and community life, thereby establishing gender mainstreaming as an implementation mechanism.",Reference only
NUSA TENGGARA BARAT LOMBOK UTARA,NUSA_TENGGARA_BARAT_LOMBOK_UTARA.txt,3.10,Economic support,specialised_support_services,Yes,No,1.0,0.0,false_negative,0.925346225311741,,"While the policy mentions developing economic enterprises for adult women, the cited text does not explicitly specify that this economic support is targeted to women victims of violence (it appears as a general empowerment measure within broader women/children programming). Under the coding rules, economic measures must be explicitly linked to women victims of violence.",Reference only
NUSA TENGGARA BARAT LOMBOK UTARA,NUSA_TENGGARA_BARAT_LOMBOK_UTARA.txt,4.4,Prevention through education,primary_prevention,No,Yes,0.0,1.0,false_positive,0.9993134723492128,"organizing education on the prevention of Violence against Women and Children;
developing child-friendly school models;
providing education on the dangers of domestic Violence;
educational institutions;","The policy explicitly includes education as part of its violence-prevention strategy (education on prevention of violence against women and children; education on dangers of domestic violence). It also links prevention implementation to educational institutions and includes development of child-friendly school models within prevention and protection measures, indicating involvement of formal education institutions as part of prevention.",Reference only
NUSA TENGGARA BARAT MATARAM KOTA,NUSA_TENGGARA_BARAT_MATARAM_KOTA.txt,3.2,Police specialised service unit,specialised_support_services,No,Yes,0.0,1.0,false_positive,1.0,"The PPT is equipped with companions from educators, doctors, psychologists, religious leaders/clergy and is networked with lawyers for women and children as well as the RPK Unit at the Police.","The policy explicitly references the RPK Unit at the Police as part of the network supporting the PPT, which constitutes a recognised specialised police victim service unit for women/children victims of violence.",Reference only
NUSA TENGGARA TIMUR MANGGARAI,NUSA_TENGGARA_TIMUR_MANGGARAI.txt,1.9,Sexual slavery/exploitation,scope_of_violence,Yes,No,1.0,0.0,false_negative,1.0,,"While the policy mentions “sexual violence,” “trafficking,” and “exploitation,” the candidate sentences do not explicitly connect exploitation/trafficking to sexual exploitation or sexual slavery, and the exploitation definition provided is general rather than sexual in nature.",Reference only
NUSA TENGGARA TIMUR MANGGARAI,NUSA_TENGGARA_TIMUR_MANGGARAI.txt,2.2,Collaboration with NGOs,institutional_mechanism,Yes,No,1.0,0.0,false_negative,0.358357398350786,,"The candidate sentences mention coordination among agencies/bodies and allow community participation by individuals, groups, or social community organizations, and involvement of “community institutions and elements,” but they do not explicitly identify NGOs/civil society/non-government service providers as partners nor describe a collaboration mechanism specifically with such non-government service providers as required by the coding rules.",Reference only
NUSA TENGGARA TIMUR SIKKA,NUSA_TENGGARA_TIMUR_SIKKA.txt,4.3,VAW laws awareness,primary_prevention,No,Yes,0.0,1.0,false_positive,1.0,Conducting socialization of laws and regulations related to the implementation of protection for women and children victims of violence;,"The policy explicitly includes socialization of laws and regulations related to implementing protection for women and children victims of violence, and this appears within the context of establishing/implementing protection programs and activities connected to prevention responsibilities.",Reference only
NUSA TENGGARA TIMUR TIMOR TENGAH UTARA,NUSA_TENGGARA_TIMUR_TIMOR_TENGAH_UTARA.txt,2.3,Data collection systems,institutional_mechanism,Yes,No,1.0,0.0,false_negative,1.0,,"The candidate sentences discuss reporting and processing of gender data and PUG activities and mention a gender data system, but they do not explicitly link data collection/management to violence against women, victims, or violence cases as required by the coding rules. References to monitoring of women’s protection policies are not framed as collecting or managing VAW case/victim data.",Reference only
NUSA TENGGARA TIMUR TIMOR TENGAH UTARA,NUSA_TENGGARA_TIMUR_TIMOR_TENGAH_UTARA.txt,3.5,Legal assistance,specialised_support_services,No,Yes,0.0,1.0,false_positive,1.0,facilitation of access and legal consultation services.,"The policy includes facilitation of access and legal consultation services, which constitutes provision of legal assistance services.",Reference only
NUSA TENGGARA TIMUR TIMOR TENGAH UTARA,NUSA_TENGGARA_TIMUR_TIMOR_TENGAH_UTARA.txt,3.6,Health/medical services,specialised_support_services,No,Yes,0.0,1.0,false_positive,0.9253462253117412,"increasing awareness, willingness and ability to overcome health problems through quality promotive, preventive, curative, and rehabilitative efforts, especially in the field of reproductive health;","The policy includes efforts to address health problems through promotive, preventive, curative, and rehabilitative efforts (especially reproductive health), indicating provision of health/medical services within the empowerment/service framework.",Reference only
NUSA TENGGARA TIMUR TIMOR TENGAH UTARA,NUSA_TENGGARA_TIMUR_TIMOR_TENGAH_UTARA.txt,3.7,Psychosocial counselling,specialised_support_services,No,Yes,0.0,1.0,false_positive,0.9998016455789569,as service institutions in prevention and counseling;,"The policy establishes family learning centers that function as service institutions for prevention and counseling, which qualifies as counselling services under the criterion (even if not explicitly labeled psychological/trauma counselling).",Reference only
NUSA TENGGARA TIMUR TIMOR TENGAH UTARA,NUSA_TENGGARA_TIMUR_TIMOR_TENGAH_UTARA.txt,4.3,VAW laws awareness,primary_prevention,Yes,No,1.0,0.0,false_negative,0.9999465949513187,,"Although the policy mentions prevention activities (including counseling/socialization about VAW) and separately mentions increasing legal awareness through communication/information/education, none of the provided sentences specify that the information/education is about laws, regulations, or policies related to violence against women; the required legal-content link is not explicit in the candidate text.",Reference only
NUSA TENGGARA TIMUR TIMOR TENGAH UTARA,NUSA_TENGGARA_TIMUR_TIMOR_TENGAH_UTARA.txt,4.4,Prevention through education,primary_prevention,Yes,No,1.0,0.0,false_negative,0.9983069913882454,,"The policy lists “seeking to improve education for women” under a VAW prevention article, but the candidate sentences do not explicitly identify formal education instruments (schools, curricula, teaching materials, education institutions) or an education-sector-delivered program as the prevention mechanism; it reads as general education improvement rather than an explicit education-based prevention strategy as defined by the coding rules.",Reference only
NUSA TENGGARA TIMUR TIMOR TENGAH UTARA,NUSA_TENGGARA_TIMUR_TIMOR_TENGAH_UTARA.txt,5.4,Education institutions engagement,stakeholder_engagement,No,Yes,0.0,1.0,false_positive,1.0,"representatives of university elements of at most 5 (five) persons;
5. The implementation of Gender analysis on the RPJMD and PD Renstra may cooperate with Higher Education institutions or other parties having capability in their field.","The policy includes representatives of university elements in the PUG Working Group technical team and states that implementation of gender analysis may cooperate with higher education institutions, indicating education institutions are engaged as stakeholders/partners in implementation processes relevant to gender-responsive planning (which includes women’s protection provisions in the same policy).",Reference only
NUSA TENGGARA TIMUR TIMOR TENGAH UTARA,NUSA_TENGGARA_TIMUR_TIMOR_TENGAH_UTARA.txt,5.6,Media engagement,stakeholder_engagement,No,Yes,0.0,1.0,false_positive,0.9997177323229784,representatives of the press of at most 5 (five) persons; and,"The policy explicitly includes representatives of the press as part of the PUG Working Group technical team, which recognizes media as a stakeholder within an implementation/coordination structure.",Reference only
PAPUA BARAT DAYA SORONG,PAPUA_BARAT_DAYA_SORONG.txt,3.8,Religious/spiritual counselling,specialised_support_services,No,Yes,0.0,1.0,false_positive,0.9716987317743493,mental and spiritual;,"Victim services are stated to be carried out by relevant government work units including those in the field of “mental and spiritual,” which (per the coding rules) should be interpreted as including spiritual/religious support services for victims.",Reference only
PAPUA BARAT DAYA SORONG,PAPUA_BARAT_DAYA_SORONG.txt,3.10,Economic support,specialised_support_services,No,Yes,0.0,1.0,false_positive,0.9540452601799486,independence or empowerment services; and,"The policy includes “independence or empowerment services” as part of services for women and children victims of violence, which indicates an economic/self-sufficiency empowerment component linked to victims (not just women generally).",Reference only
PAPUA BARAT DAYA SORONG,PAPUA_BARAT_DAYA_SORONG.txt,4.4,Prevention through education,primary_prevention,Yes,No,1.0,0.0,false_negative,0.24491866240370908,,"Although the policy lists “increasing the number and quality of education” within a prevention article and notes prevention is carried out by work units in the education field, it does not explicitly identify a formal education instrument (e.g., school-based programs, curricula, teaching materials, education institutions delivering specific prevention education) as the prevention mechanism; the references remain broad and non-specific under the coding exclusions.",Reference only
PAPUA BARAT DAYA SORONG,PAPUA_BARAT_DAYA_SORONG.txt,5.2,Religious engagement,stakeholder_engagement,Yes,No,1.0,0.0,false_negative,1.0,,"The candidate sentences mention ""mental and spiritual"" as a government work-unit field, but they do not identify religious organizations, faith-based organizations, clergy, or religious leaders as stakeholders or service providers, nor do they specify religious/spiritual counselling delivered by faith-based actors.",Reference only
PAPUA BARAT DAYA SORONG,PAPUA_BARAT_DAYA_SORONG.txt,7.4,Other legal sources,budget_funding_sources,Yes,No,1.0,0.0,false_negative,1.0,,"The candidate sentences reference budgets and financing in general terms (e.g., budgets available; regional financial capacity) but do not specify any distinct 'other legal sources' of funding beyond government budgeting frameworks.",Reference only
RIAU BENGKALIS,RIAU_BENGKALIS.txt,2.3,Data collection systems,institutional_mechanism,No,Yes,0.0,1.0,false_positive,0.9970343664489116,exchange of data and information;,"The policy explicitly includes “exchange of data and information” as a form of cooperation in achieving protection objectives, and this cooperation is directly tied to protection/handling of violence against women and children, satisfying the requirement for a data/information function linked to violence/victims/cases.",Reference only
RIAU BENGKALIS,RIAU_BENGKALIS.txt,5.3,Traditional/cultural engagement,stakeholder_engagement,Yes,No,1.0,0.0,false_negative,0.9991151860160672,,"The text mentions enhancing local wisdom and the role of custom in protection, but it does not identify customary/traditional leaders, institutions, or customary mechanisms as active implementers/participants in prevention, services, coordination, or dispute resolution as required by the coding rules.",Reference only
RIAU PEKANBARU KOTA,RIAU_PEKANBARU_KOTA.txt,1.1,Domestic violence,scope_of_violence,No,Yes,0.0,1.0,false_positive,0.9051482536448664,"optimizing the role of religious institutions, customary institutions, culture, and exploration of local wisdom in order to prevent and minimize violence against Women both occurring at home or outside the home.","The policy explicitly covers violence against women occurring ""at home or outside the home,"" which directly brings violence in the home/private sphere into scope, satisfying the domestic-violence inclusion rule even without using the exact term ""domestic violence.""",Reference only
RIAU PEKANBARU KOTA,RIAU_PEKANBARU_KOTA.txt,1.6,Harmful practices,scope_of_violence,No,Yes,0.0,1.0,false_positive,0.9998169029128974,preventing a female family member from entering into early marriage below the age limit determined by Law; and,"The policy explicitly references preventing women family members from entering into ""early marriage"" below the legal age limit, which is a recognized harmful practice under the coding rules.",Reference only
RIAU PEKANBARU KOTA,RIAU_PEKANBARU_KOTA.txt,4.3,VAW laws awareness,primary_prevention,Yes,No,1.0,0.0,false_negative,0.9051482536448664,,"The policy includes legal awareness counseling and socialization activities in the context of preventing/handling violence, but the retrieved sentences do not specify that the information/education is about laws, regulations, or policies related to violence against women (as opposed to general legal awareness). The only explicit dissemination of laws/regulations shown is for protecting child victims, not women.",Reference only
RIAU PEKANBARU KOTA,RIAU_PEKANBARU_KOTA.txt,6.4,Elderly women,intersectional_approach,Yes,No,1.0,0.0,false_negative,1.0,,None of the cited sentences mention elderly women or provide any protection measures specifically targeted to elderly women; the provisions are general to women or other groups.,Reference only
RIAU PEKANBARU KOTA,RIAU_PEKANBARU_KOTA.txt,6.6,Women heads of household,intersectional_approach,No,Yes,0.0,1.0,false_positive,0.9641916257855194,conducting empowerment efforts for female heads of households.,"The policy explicitly includes empowerment efforts for female heads of households, which constitutes a targeted measure for this specific group.",Reference only
RIAU PEKANBARU KOTA,RIAU_PEKANBARU_KOTA.txt,6.10,Refugee/forced displacement,intersectional_approach,No,Yes,0.0,1.0,false_positive,1.0,"Special Protection for Children in emergency situations who become refugees as referred to in Article 169 letter a is carried out with the following provisions:
for Children who become refugees, it shall be implemented in accordance with the provisions of humanitarian law;","The policy explicitly provides special protection for children in emergency situations who become refugees, including implementation in accordance with humanitarian law. This is a special protection measure targeted at refugees/forced displacement (even though limited to children).",Reference only
SULAWESI BARAT MAMUJU,SULAWESI_BARAT_MAMUJU.txt,1.9,Sexual slavery/exploitation,scope_of_violence,Yes,No,1.0,0.0,false_negative,1.0,,"While the text mentions exploitation in general and references trafficking in persons, the candidate sentences do not explicitly indicate sexual exploitation/sexual slavery or exploitation for sexual purposes, and general “exploitation” alone is insufficient under the coding rules.",Reference only
SULAWESI BARAT MAMUJU,SULAWESI_BARAT_MAMUJU.txt,2.3,Data collection systems,institutional_mechanism,No,Yes,0.0,1.0,false_positive,1.0,conducting data collection on case services;,"The policy assigns P2TP2A a duty to conduct data collection on case services, explicitly linking data collection to violence-related case services for women victims.",Reference only
SULAWESI BARAT PASANGKAYU,SULAWESI_BARAT_PASANGKAYU.txt,1.1,Domestic violence,scope_of_violence,Yes,No,1.0,0.0,false_negative,0.9995499163740731,,"The candidate sentences define violence broadly as occurring in public or private life, and discuss violence against women and children, neglect, and exploitation, but they do not explicitly mention domestic violence, family/household violence, intimate partner violence, or equivalent terms, nor cite a domestic-violence-specific legal framework in the provided excerpts.",Reference only
SULAWESI BARAT PASANGKAYU,SULAWESI_BARAT_PASANGKAYU.txt,3.1,Integrated service unit,specialised_support_services,Yes,No,1.0,0.0,false_negative,1.0,,"The cited provisions describe multiple separate services for victims (medical personnel at health centers/hospitals, special rooms at police offices, safe houses, accompaniment by social workers, and coordination), but they do not explicitly establish or name an integrated/one-stop service unit or centre (nor refer to a recognised integrated VAW service institution). References to “integrated coordination” indicate coordination activity, not an identified integrated service unit as required by the coding rules.",Reference only
SULAWESI BARAT PASANGKAYU,SULAWESI_BARAT_PASANGKAYU.txt,3.9,Resocialisation services,specialised_support_services,Yes,No,1.0,0.0,false_negative,1.0,,"The cited sentences do not identify any service unit responsible for rehabilitation/resocialisation/reintegration of victims. While “rehabilitative efforts” appear in relation to children’s health services, this is not framed as victim reintegration/resocialisation services nor linked to a victim support unit for VAW survivors as required by the coding rules.",Reference only
SULAWESI BARAT PASANGKAYU,SULAWESI_BARAT_PASANGKAYU.txt,4.1,Information and education about VAW,primary_prevention,Yes,No,1.0,0.0,false_negative,0.9998245316235193,,"The cited prevention provisions for violence against women list a regional action plan, an information system, and cooperation with institutions, but do not specify awareness-raising/education/socialisation content about VAW or anti-violence norms. The only explicit socialisation/seminars/workshops described are for preventing violence against children and are focused on children’s rights and related laws, not VAW prevention education.",Reference only
SULAWESI BARAT PASANGKAYU,SULAWESI_BARAT_PASANGKAYU.txt,5.4,Education institutions engagement,stakeholder_engagement,No,Yes,0.0,1.0,false_positive,1.0,"Seminar or workshop activities may be carried out by Universities, NGOs or other institutions that handle Child protection.","The policy explicitly identifies universities as potential implementers of seminars/workshops (prevention/awareness-type activities) related to protection themes, which constitutes engagement of education institutions in implementation activities.",Reference only
SULAWESI SELATAN BULUKUMBA,SULAWESI_SELATAN_BULUKUMBA.txt,2.5,Training and capacity building,institutional_mechanism,Yes,No,1.0,0.0,false_negative,0.8798266996519847,,"The candidate sentences mention capacity building as a funding item and refer to increasing the number and capacity of service officers, but they do not explicitly mandate or provide training/technical guidance/capacity-building activities for implementing agencies or service providers as a required implementation measure (and references to victims’ training are excluded by the coding rules).",Reference only
SULAWESI SELATAN BULUKUMBA,SULAWESI_SELATAN_BULUKUMBA.txt,3.9,Resocialisation services,specialised_support_services,Yes,No,1.0,0.0,false_negative,0.809301070201781,,"While the text mentions assistance in repatriation, social rehabilitation, and social reintegration as forms of community participation/obligations, it does not identify a specific service unit or institutional mechanism responsible for providing rehabilitation/reintegration services (beyond general mentions).",Reference only
SULAWESI SELATAN BULUKUMBA,SULAWESI_SELATAN_BULUKUMBA.txt,4.3,VAW laws awareness,primary_prevention,Yes,No,1.0,0.0,false_negative,0.9999847412691449,,"The candidate sentences mention prevention through education and community awareness/participation, and also mention making regional/village regulations, but they do not specify any socialization, dissemination, or education activities about laws, regulations, or policies related to violence against women (e.g., domestic violence, sexual violence, trafficking, child marriage) as a prevention strategy. References to regulations are about drafting them, not educating the public about them.",Reference only
SULAWESI SELATAN BULUKUMBA,SULAWESI_SELATAN_BULUKUMBA.txt,4.4,Prevention through education,primary_prevention,Yes,No,1.0,0.0,false_negative,0.9983527295289705,,"Although the policy lists “provision of education” as part of violence prevention, the retrieved sentences do not identify formal education instruments or institutions (e.g., schools, curricula, teaching/learning materials, education institutions) as the prevention mechanism. The described “education” is broad (information/guidance/counseling; access to education/training; information systems) and therefore falls under the coding-rule exclusion for broad education mentions without explicit involvement of education institutions or formal education instruments.",Reference only
SULAWESI SELATAN BULUKUMBA,SULAWESI_SELATAN_BULUKUMBA.txt,5.2,Religious engagement,stakeholder_engagement,Yes,No,1.0,0.0,false_negative,1.0,,"The candidate sentences mention a government function/sector of ""religious affairs"" within a government task force membership, but do not identify religious organizations/leaders/faith-based actors as partners or service providers, nor include religious/spiritual counselling as a survivor support service.",Reference only
SULAWESI SELATAN BULUKUMBA,SULAWESI_SELATAN_BULUKUMBA.txt,6.3,Women workers,intersectional_approach,Yes,No,1.0,0.0,false_negative,0.9988025436771555,,"The text mentions creating a friendly and safe work environment atmosphere for women and includes Indonesian migrant workers within “vulnerable groups,” but it does not explicitly provide protection or special measures for women workers/employees as a specific target group (e.g., workplace violence/exploitation protections for women workers). The employment-related provision shown is framed as education/prevention support rather than worker-targeted protection measures.",Reference only
SULAWESI SELATAN BULUKUMBA,SULAWESI_SELATAN_BULUKUMBA.txt,6.4,Elderly women,intersectional_approach,Yes,No,1.0,0.0,false_negative,1.0,,"The policy references “the elderly” within an explanation of vulnerable groups and in the definition/list of vulnerable groups, but it does not specify elderly women as a distinct target group nor provide special protection measures specifically for elderly women.",Reference only
SULAWESI SELATAN BULUKUMBA,SULAWESI_SELATAN_BULUKUMBA.txt,6.7,Women from minority groups,intersectional_approach,Yes,No,1.0,0.0,false_negative,0.9998321603632425,,Minority/isolated groups are mentioned only for children (children from minority and isolated groups) and as a general example in an explanatory note about vulnerable groups. There is no explicit identification of women from minority/isolated groups as beneficiaries of special protection or services.,Reference only
SULAWESI SELATAN ENREKANG,SULAWESI_SELATAN_ENREKANG.txt,4.2,Gender equality education,primary_prevention,Yes,No,1.0,0.0,false_negative,0.9997177323229784,,"While the policy mentions gender equality as a principle and includes socialization on women’s and children’s rights, the retrieved sentences do not explicitly situate education/awareness about gender equality or women’s rights as a strategy to prevent violence against women (the prevention socialization cited is about preventing violence itself, not gender equality/women’s rights).",Reference only
SULAWESI SELATAN ENREKANG,SULAWESI_SELATAN_ENREKANG.txt,5.4,Education institutions engagement,stakeholder_engagement,No,Yes,0.0,1.0,false_positive,0.9999847412691449,"1. Education organizers equip the schools they lead with gender-responsive facilities.
developing child-friendly schools;","The policy assigns responsibilities to education organizers/schools (e.g., equipping schools with gender-responsive facilities) and includes development of child-friendly schools as part of prevention efforts, indicating education institutions are engaged in implementation-related measures.",Reference only
SULAWESI SELATAN ENREKANG,SULAWESI_SELATAN_ENREKANG.txt,6.3,Women workers,intersectional_approach,No,Yes,0.0,1.0,false_positive,0.999145690325731,1. Protection for women workers includes:a.,"The policy explicitly provides a protection provision targeted to women workers, specifying measures (e.g., breastfeeding space and childcare facilities) under a dedicated article on protection for women workers.",Reference only
SULAWESI SELATAN ENREKANG,SULAWESI_SELATAN_ENREKANG.txt,6.5,People with disability,intersectional_approach,Yes,No,1.0,0.0,false_negative,0.986344439299969,,"The cited text defines persons with disabilities and mentions children with disabilities (inclusive education; equal treatment in schools), but it does not identify women with disabilities or people with disabilities (beyond the child context) as beneficiaries of special protection/services for violence or protection programming; disability references are either definitional or child-focused.",Reference only
SULAWESI SELATAN ENREKANG,SULAWESI_SELATAN_ENREKANG.txt,6.6,Women heads of household,intersectional_approach,No,Yes,0.0,1.0,false_positive,0.9998245316235193,obtaining economic empowerment facilities especially for women heads of households.,The policy explicitly targets women heads of households by providing economic empowerment facilities specifically for them under protection of women’s micro economy.,Reference only
SULAWESI SELATAN LUWU,SULAWESI_SELATAN_LUWU.txt,1.2,Sexual violence,scope_of_violence,Yes,No,1.0,0.0,false_negative,0.9983069913882454,,"Within the provided sentences, the policy discusses violence against women generally and mentions ""sexual exploitation,"" but it does not explicitly mention sexual violence/rape/sexual assault/sexual harassment, nor does it define or classify sexual violence as a covered form of violence.",Reference only
SULAWESI SELATAN LUWU,SULAWESI_SELATAN_LUWU.txt,1.5,Economic violence,scope_of_violence,Yes,No,1.0,0.0,false_negative,0.9998855623561498,,"The candidate sentences include references to empowerment and ""economic independence services,"" but they do not identify economic abuse/exploitation/neglect as a form of violence or harm, nor include it in the definition/classification of violence. General economic support services alone do not meet the coding rules for economic violence.",Reference only
SULAWESI SELATAN LUWU,SULAWESI_SELATAN_LUWU.txt,7.2,National government budget,budget_funding_sources,No,Yes,0.0,1.0,false_positive,1.0,"2. In the event that the Region receives funding assistance for the implementation of policies, programs and activities for Women's Empowerment and Protection from the Government, it must be implemented in accordance with laws and regulations.","The policy explicitly contemplates receiving funding assistance from “the Government” (defined as the Central Government), which indicates national government budget support as a possible funding source.",Reference only
SULAWESI SELATAN LUWU TIMUR,SULAWESI_SELATAN_LUWU_TIMUR.txt,1.9,Sexual slavery/exploitation,scope_of_violence,Yes,No,1.0,0.0,false_negative,0.9998169029128974,,"While the policy mentions ""economic exploitation"" and includes sexual suffering in a general definition of violence against women, none of the candidate sentences explicitly identify sexual exploitation/sexual slavery or exploitation for sexual purposes, and general exploitation references are insufficient.",Reference only
SULAWESI SELATAN PALOPO KOTA,SULAWESI_SELATAN_PALOPO_KOTA.txt,1.6,Harmful practices,scope_of_violence,No,Yes,0.0,1.0,false_positive,0.9998626756131501,preventing the occurrence of marriage at child age;,"The policy explicitly mentions preventing “marriage at child age,” which is a harmful practice (child/early marriage) under the coding rules.",Reference only
SULAWESI SELATAN PALOPO KOTA,SULAWESI_SELATAN_PALOPO_KOTA.txt,5.3,Traditional/cultural engagement,stakeholder_engagement,No,Yes,0.0,1.0,false_positive,1.0,"What is meant by non-governmental institutions includes; customary institutions, religious institutions, social institutions, NGOs, National Commission on Human Rights, National Commission on Violence Against Women, Child Protection Commission, Witness and Victim Protection Agency, including community leaders, customary leaders, religious leaders and other parties desired by the victim.","Customary institutions and customary/community leaders are explicitly identified as included within non-governmental institutions, implying their participation as stakeholders/partners in cooperation related to protection objectives for victims of violence.",Reference only
SULAWESI SELATAN PALOPO KOTA,SULAWESI_SELATAN_PALOPO_KOTA.txt,5.4,Education institutions engagement,stakeholder_engagement,No,Yes,0.0,1.0,false_positive,0.9997711312602866,"building networks and cooperation with law enforcement apparatus, government apparatus, universities and various non-governmental organizations that work and/or care for women and children victims of violence.","Universities are explicitly identified as entities with which the Regional Government will build networks and cooperation in the context of preventing violence against women and children, meeting the criterion for education-institution engagement in prevention/coordination.",Reference only
SULAWESI SELATAN PALOPO KOTA,SULAWESI_SELATAN_PALOPO_KOTA.txt,6.1,Women in conflict/disaster areas,intersectional_approach,Yes,No,1.0,0.0,false_negative,0.9413755384972873,,"The text defines “victim” as women and children experiencing violence, including in conflict/post-conflict situations, but it does not establish any special protection measures specifically targeted at women in conflict/disaster/emergency/displacement contexts. The only explicit “special protection” provision listed applies to children (including children in emergency situations and children who are victims of conflict), which is insufficient under the coding rules.",Reference only
SULAWESI SELATAN TANA TORAJA,SULAWESI_SELATAN_TANA_TORAJA.txt,1.5,Economic violence,scope_of_violence,Yes,No,1.0,0.0,false_negative,0.995054647175428,,"The candidate sentences include references to neglect and to economic empowerment/participation, but they do not explicitly identify economic violence/abuse against women (e.g., deprivation of economic resources) or define violence against women as including economic suffering. The violence-against-women definition lists physical/sexual/psychological harms only.",Reference only
SULAWESI SELATAN TANA TORAJA,SULAWESI_SELATAN_TANA_TORAJA.txt,1.6,Harmful practices,scope_of_violence,No,Yes,0.0,1.0,false_positive,1.0,prevent marriage at child age; and,"The policy explicitly mentions preventing ""marriage at child age,"" which is a harmful practice (child marriage) under the coding rules.",Reference only
SULAWESI SELATAN TANA TORAJA,SULAWESI_SELATAN_TANA_TORAJA.txt,3.5,Legal assistance,specialised_support_services,Yes,No,1.0,0.0,false_negative,0.358357398350786,,"While the text mentions legal consultation services and a right to obtain legal assistance (for detained children), it does not identify a specific service unit that provides legal assistance; the cited provisions describe empowerment activities/rights rather than a designated legal aid service unit.",Reference only
SULAWESI SELATAN TANA TORAJA,SULAWESI_SELATAN_TANA_TORAJA.txt,3.6,Health/medical services,specialised_support_services,Yes,No,1.0,0.0,false_negative,0.358357398350786,,The candidate sentences describe provision of health facilities and comprehensive health services (primarily for children) but do not identify a specific service unit that would provide health/medical services; they describe government action generally rather than a designated service unit.,Reference only
SULAWESI SELATAN TANA TORAJA,SULAWESI_SELATAN_TANA_TORAJA.txt,3.10,Economic support,specialised_support_services,Yes,No,1.0,0.0,false_negative,0.9540452601799487,,"The policy includes economic empowerment measures (skills/job training, capital assistance, business group development) for women generally, but the candidate sentences do not explicitly specify that these economic supports are available to women victims of violence, as required by the coding rules.",Reference only
SULAWESI SELATAN TANA TORAJA,SULAWESI_SELATAN_TANA_TORAJA.txt,6.10,Refugee/forced displacement,intersectional_approach,No,Yes,0.0,1.0,false_positive,1.0,"children who become refugees;
2. Special protection for children in emergency situations as referred to in paragraph (1), is implemented in accordance with the provisions of laws and regulations.","The policy explicitly identifies children who become refugees as part of emergency situations and states that special protection for children in emergency situations is implemented, which constitutes special protection measures targeted at refugees/forced displacement (at least for children).",Reference only
SULAWESI TENGAH BUOL,SULAWESI_TENGAH_BUOL.txt,1.6,Harmful practices,scope_of_violence,No,Yes,0.0,1.0,false_positive,0.9998626756131501,prevents early marriage.,"The policy explicitly addresses a harmful practice by stating prevention of “early marriage,” which is sufficient for a Yes under the coding rules.",Reference only
SULAWESI TENGAH BUOL,SULAWESI_TENGAH_BUOL.txt,1.8,Human trafficking,scope_of_violence,No,Yes,0.0,1.0,false_positive,0.9998626756131501,"19. Human trafficking is the act of recruitment, transportation, harboring, sending, transfer, or receipt of a person by threat of violence, use of violence, kidnapping, confinement, forgery, fraud, abuse of power or vulnerable position, debt bondage or giving payment or benefits, so as to obtain consent from the person holding control over that other person, whether carried out within the Country or between Countries.","The policy explicitly defines “Human trafficking,” which clearly includes trafficking in persons within the policy’s scope and satisfies the criterion.",Reference only
SULAWESI TENGAH BUOL,SULAWESI_TENGAH_BUOL.txt,2.4,Gender mainstreaming institutionalisation,institutional_mechanism,No,Yes,0.0,1.0,false_positive,1.0,"implementing gender mainstreaming;
1. In an effort to accelerate the institutionalization of gender mainstreaming, a gender mainstreaming working group is established in all Regional Apparatus.
In implementing gender mainstreaming as referred to in Article 7 paragraph (1) letter b, the Regent appoints the Regional Apparatus that administers governmental affairs in the field of women's and children's empowerment as the coordinator for the implementation of gender mainstreaming.","The policy requires implementation of gender mainstreaming and institutionalizes it through formal arrangements, including establishing a gender mainstreaming working group and appointing a coordinating regional apparatus for implementation.",Reference only
SULAWESI TENGAH BUOL,SULAWESI_TENGAH_BUOL.txt,2.5,Training and capacity building,institutional_mechanism,No,Yes,0.0,1.0,false_positive,0.9974305459814687,"providing training for government officials and law enforcers on the prevention and handling of violence;
providing training to health workers who provide health services to women and children victims of violence at community health centers, integrated service units and general hospitals;
providing training to social rehabilitation officers and spiritual guidance officers in order to protect women and children victims of violence; and","The policy provides for training as part of government guidance, including training for government officials/law enforcers and for health workers and social rehabilitation/spiritual guidance officers specifically related to prevention/handling of violence against women and children, which constitutes capacity building for implementing personnel.",Reference only
SULAWESI TENGAH BUOL,SULAWESI_TENGAH_BUOL.txt,3.2,Police specialised service unit,specialised_support_services,Yes,No,1.0,0.0,false_negative,1.0,,"The candidate sentences mention police as one of several institutions involved in integrated complaint handling, but do not identify or refer to any specialised police-based victim service unit (e.g., UPPA/RPK) or an equivalent dedicated unit within police offices.",Reference only
SULAWESI TENGAH BUOL,SULAWESI_TENGAH_BUOL.txt,5.3,Traditional/cultural engagement,stakeholder_engagement,No,Yes,0.0,1.0,false_positive,1.0,"conduct socialization regarding the prevention of violence against women by optimizing the role of customary, cultural, religious institutions and community organizations;","The policy explicitly links customary/cultural institutions to prevention of violence against women by requiring prevention socialization that optimizes the role of customary and cultural institutions, meeting the criterion for traditional/cultural engagement in prevention implementation.",Reference only
SULAWESI TENGAH BUOL,SULAWESI_TENGAH_BUOL.txt,5.4,Education institutions engagement,stakeholder_engagement,Yes,No,1.0,0.0,false_negative,0.9717288177389292,,"The candidate sentences reference education mainly as a right or as child-focused measures (e.g., child-friendly school models and obligations of educational unit organizers for child victims), but they do not clearly assign education institutions a stakeholder role in prevention/services for violence against women or in broader VAW implementation mechanisms as required by the coding rules.",Reference only
SULAWESI TENGAH BUOL,SULAWESI_TENGAH_BUOL.txt,6.2,Women victims of trafficking,intersectional_approach,No,Yes,0.0,1.0,false_positive,1.0,"making efforts to prevent acts of violence against women including criminal acts of trafficking in persons;
19. Human trafficking is the act of recruitment, transportation, harboring, sending, transfer, or receipt of a person by threat of violence, use of violence, kidnapping, confinement, forgery, fraud, abuse of power or vulnerable position, debt bondage or giving payment or benefits, so as to obtain consent from the person holding control over that other person, whether carried out within the Country or between Countries.","The policy explicitly includes human trafficking/trafficking in persons within its scope by defining “Human trafficking” and by assigning the Regional Government responsibility to prevent violence against women including trafficking in persons. Under the coding rules, any explicit mention/coverage of trafficking is sufficient.",Reference only
SULAWESI TENGAH BUOL,SULAWESI_TENGAH_BUOL.txt,6.3,Women workers,intersectional_approach,No,Yes,0.0,1.0,false_positive,1.0,"1. Employers who employ women must maintain decency, safety and security while at the workplace.
4. Employers must provide shuttle transportation for female workers/laborers who depart and return from work between 23.00 WIB until 05.00 WIB.","The policy provides explicit workplace protection measures for female workers, including employer duties to maintain safety/security/decency and to provide protective transportation for women working late hours. These are specific protections for women workers as a target group (not merely a general right to work).",Reference only
SULAWESI TENGAH BUOL,SULAWESI_TENGAH_BUOL.txt,6.5,People with disability,intersectional_approach,No,Yes,0.0,1.0,false_positive,0.9991228120498463,"specifically for women with disabilities, the right to obtain facilities and special treatment in public services;
For this category of victims, interpreters must also be provided who, for example, can be taken from special school teachers.","The policy explicitly recognizes women with disabilities as entitled to “facilities and special treatment in public services,” and it also specifies an accommodation (provision of interpreters) for disabled women victims of violence. These constitute disability-specific measures/support rather than only general non-discrimination.",Reference only
SULAWESI TENGAH BUOL,SULAWESI_TENGAH_BUOL.txt,6.6,Women heads of household,intersectional_approach,No,Yes,0.0,1.0,false_positive,0.809301070201781,undertaking empowerment efforts for female heads of household.,"The policy explicitly includes measures directed at female heads of household through counseling/empowerment efforts specifically for “female heads of household,” which constitutes targeted support for this group.",Reference only
SULAWESI TENGAH DONGGALA,SULAWESI_TENGAH_DONGGALA.txt,1.8,Human trafficking,scope_of_violence,No,Yes,0.0,1.0,false_positive,0.999732989016709,"12. Law Number 21 of 2007 concerning the Eradication of the Criminal Act of Trafficking in Persons (State Gazette of the Republic of Indonesia of 2007 Number 58, Supplement to the State Gazette of the Republic of Indonesia Number 4720);","The policy includes trafficking in persons by citing a national law on the eradication of trafficking in persons in its legal basis, which is sufficient under the coding rules.",Reference only
SULAWESI TENGAH DONGGALA,SULAWESI_TENGAH_DONGGALA.txt,2.3,Data collection systems,institutional_mechanism,Yes,No,1.0,0.0,false_negative,0.24491866240370913,,"While the text mentions preparing an “effective information system” and describes it as providing data/telephone/website facilities for oral reports/complaints, the candidate sentences do not explicitly establish or assign responsibility for collecting/recording/managing data on violence against women, victims, or cases as required by the coding rules.",Reference only
SULAWESI TENGAH DONGGALA,SULAWESI_TENGAH_DONGGALA.txt,2.5,Training and capacity building,institutional_mechanism,Yes,No,1.0,0.0,false_negative,1.0,,"The candidate sentences refer to socialization, seminars/workshops, supervision/guidance, and preparing medical personnel, but they do not explicitly mandate training, technical guidance, or capacity-building for implementing agencies/service providers as a competency-development requirement for policy implementation.",Reference only
SULAWESI TENGAH DONGGALA,SULAWESI_TENGAH_DONGGALA.txt,3.1,Integrated service unit,specialised_support_services,Yes,No,1.0,0.0,false_negative,1.0,,"The cited passages define general terms (e.g., service, assistance) and describe roles of social workers/advocates, coordination, and the provision of Safe Houses, but they do not explicitly establish or name an integrated/one-stop service unit or centre that coordinates multiple VAW victim services as a dedicated mechanism.",Reference only
SULAWESI TENGAH DONGGALA,SULAWESI_TENGAH_DONGGALA.txt,3.9,Resocialisation services,specialised_support_services,Yes,No,1.0,0.0,false_negative,0.995039426174477,,"The cited passages do not identify any service unit or responsible institution providing rehabilitation/resocialisation/reintegration for women victims of violence; references to “repatriation” are definitional and not linked to an assigned service unit, and other “rehabilitative” language relates to children’s health efforts rather than victim reintegration services.",Reference only
SULAWESI TENGAH DONGGALA,SULAWESI_TENGAH_DONGGALA.txt,4.3,VAW laws awareness,primary_prevention,No,Yes,0.0,1.0,false_positive,0.9868597627180564,"Socialization activities in the form of explanations regarding children's rights, implications of violations of women's rights and laws and regulations related to the protection of women to the community.","The policy’s explanatory section specifies socialization activities that include explanations of laws and regulations related to the protection of women, and this is presented under the prevention framework for violence against women.",Reference only
SULAWESI TENGAH DONGGALA,SULAWESI_TENGAH_DONGGALA.txt,6.2,Women victims of trafficking,intersectional_approach,No,Yes,0.0,1.0,false_positive,0.9997406174072243,"12. Law Number 21 of 2007 concerning the Eradication of the Criminal Act of Trafficking in Persons (State Gazette of the Republic of Indonesia of 2007 Number 58, Supplement to the State Gazette of the Republic of Indonesia Number 4720);","The policy’s legal foundation explicitly cites a national law on the eradication of trafficking in persons, which the coding rules treat as sufficient to include trafficking victims within scope.",Reference only
SULAWESI TENGAH MOROWALI,SULAWESI_TENGAH_MOROWALI.txt,3.2,Police specialised service unit,specialised_support_services,No,Yes,0.0,1.0,false_positive,0.9997406174072243,"This service unit can be located at the Integrated Service Center (PPT) and Integrated Crisis Center (PKT) based in Hospitals, Community Health Centers, Women and Children Service Units (UPPA), Trauma Center Shelter Houses (RPTC), Children's Social Shelter Houses (RPSA), BP4, and other religious institutions, prosecutors, courts, Women Crisis Center (WCC), and other similar institutions.","The policy explicitly references Women and Children Service Units (UPPA) as a possible location for an integrated service unit for women and children victims of violence, which constitutes recognition of a specialised police-based unit for victim services.",Reference only
SULAWESI TENGAH MOROWALI,SULAWESI_TENGAH_MOROWALI.txt,4.1,Information and education about VAW,primary_prevention,Yes,No,1.0,0.0,false_negative,0.46211715726000974,,"The retrieved sentences describe prevention measures such as establishing an information system, opening complaint posts, and conducting socialization about laws/regulations and critical education about victims’ rights. However, the coding rules require information/education activities specifically about violence against women or anti-violence values/norms. The only explicit education/socialization activities shown are about laws/regulations and about victims’ rights (and gender equality training as part of critical education), which are explicitly excluded for this indicator.",Reference only
SULAWESI TENGAH MOROWALI,SULAWESI_TENGAH_MOROWALI.txt,4.4,Prevention through education,primary_prevention,No,Yes,0.0,1.0,false_positive,0.9637720740003337,"1. Prevention of acts of Violence against Women and Children as referred to in Article 15, is carried out by the PMDP3A Office and Regional Apparatus that administer affairs in the fields of:","The policy explicitly assigns prevention of violence against women and children to the PMDP3A Office and regional apparatus administering affairs in the field of “education,” indicating education-sector involvement as part of the prevention strategy. This satisfies the criterion’s allowance for prevention initiatives delivered by or involving government apparatus responsible for the education field.",Reference only
SULAWESI TENGAH MOROWALI,SULAWESI_TENGAH_MOROWALI.txt,6.5,People with disability,intersectional_approach,Yes,No,1.0,0.0,false_negative,0.7615941559557649,,"Disability appears only as part of an equal-protection/non-discrimination explanation, and while rehabilitation includes an 'accessibility services' item, the cited text does not explicitly identify people with disabilities (or women with disabilities) as a target group receiving special protection or disability-specific accommodations/support under the coding rules.",Reference only
SULAWESI TENGAH PARIGI MOUTONG,SULAWESI_TENGAH_PARIGI_MOUTONG.txt,4.2,Gender equality education,primary_prevention,No,Yes,0.0,1.0,false_positive,0.24491866240370913,"The Regional Government shall prevent acts of violence against women by:
raising public awareness that respects women and protects children;","Within the section on preventing violence against women, the policy includes an activity to raise public awareness that respects women (and protects children). This is an awareness-raising prevention measure tied to norms/attitudes toward women, which fits the criterion’s allowance for gender-sensitive attitudes/norms as a prevention education activity, even though it does not explicitly use the term 'gender equality'.",Reference only
SULAWESI TENGAH PARIGI MOUTONG,SULAWESI_TENGAH_PARIGI_MOUTONG.txt,5.3,Traditional/cultural engagement,stakeholder_engagement,Yes,No,1.0,0.0,false_negative,1.0,,"The candidate sentences refer to general “community” and “social community institutions” but do not explicitly mention traditional/customary/cultural leaders or institutions, nor do they recognize customary mechanisms for dispute resolution or protection in the context of violence prevention/response.",Reference only
SULAWESI TENGAH PARIGI MOUTONG,SULAWESI_TENGAH_PARIGI_MOUTONG.txt,6.2,Women victims of trafficking,intersectional_approach,No,Yes,0.0,1.0,false_positive,1.0,8. Law Number 21 of 2007 concerning the Eradication of the Criminal Act of Trafficking in Persons (State Gazette of the Republic of Indonesia of 2007 Number 58: Supplement to the State Gazette of the Republic of Indonesia Number 4720);,"The policy’s legal foundation explicitly cites a national law on trafficking in persons, which (per coding rules) is sufficient to include trafficking victims within scope, including women victims.",Reference only
SULAWESI TENGAH POSO,SULAWESI_TENGAH_POSO.txt,2.6,Monitoring and evaluation,institutional_mechanism,No,Yes,0.0,1.0,false_positive,0.9915948596727036,Supervision of the implementation of this Regional Regulation shall be conducted in accordance with the provisions of applicable Laws and Regulations.,"The policy includes a supervision provision for implementation of the regulation, which constitutes an explicit monitoring mechanism for policy implementation (even though it does not detail evaluation methods).",Reference only
SULAWESI TENGAH POSO,SULAWESI_TENGAH_POSO.txt,6.2,Women victims of trafficking,intersectional_approach,No,Yes,0.0,1.0,false_positive,0.9413755384972873,"8. Special Protection is Protection given to children in emergency situations, children in conflict with the law, children in minority and isolated groups, children who are exploited economically and or sexually, children who are trafficked, children who are victims of narcotics abuse, alcohol, psychotropics and other addictive substances (drugs), children victims of kidnapping sales trafficking, children victims of violence both physical and or mental, children victims of conflict who experience physical violence and trauma, children with disabilities, and children victims of mistreatment and neglect.","The policy explicitly mentions trafficking by including “children who are trafficked” within the definition of special protection, which is sufficient under the coding rules to confirm trafficking is mentioned in the policy’s scope.",Reference only
SULAWESI TENGAH SIGI,SULAWESI_TENGAH_SIGI.txt,2.3,Data collection systems,institutional_mechanism,No,Yes,0.0,1.0,false_positive,0.996059490038474,exchange of data and information;,"The policy explicitly includes “exchange of data and information” as part of cooperation to achieve protection objectives related to violence against women and children, which is an explicit data/information function linked to violence cases/victims within the policy’s implementation framework.",Reference only
SULAWESI TENGAH SIGI,SULAWESI_TENGAH_SIGI.txt,2.5,Training and capacity building,institutional_mechanism,No,Yes,0.0,1.0,false_positive,0.999847417929993,"1. The Regional Government is obligated to conduct guidance and supervision of the implementation of protection of women and children from violence.
education and training;","The policy obligates the Regional Government to conduct guidance and supervision, and explicitly includes “education and training” as part of that guidance, indicating mandated training as a capacity-building measure for implementation.",Reference only
SULAWESI TENGAH SIGI,SULAWESI_TENGAH_SIGI.txt,4.2,Gender equality education,primary_prevention,No,Yes,0.0,1.0,false_positive,0.0,conduct socialization of women's and children's rights independently;,"The policy includes an educational/socialisation activity specifically about women’s rights (and children’s rights). Because this is listed under community participation in implementing protection for women and children victims of violence, it is situated within the broader prevention/protection framework for violence against women and children.",Reference only
SULAWESI TENGAH SIGI,SULAWESI_TENGAH_SIGI.txt,6.2,Women victims of trafficking,intersectional_approach,No,Yes,0.0,1.0,false_positive,0.9997863883614204,"Therefore the Regional Government of Sigi Regency is obligated to provide protection for women and children victims of violence which is an implementation of several laws and regulations, including Law Number 7 of 1984 concerning Ratification of the Convention on the Elimination of All Forms of Discrimination Against Women, Law Number 39 of 1999 concerning Human Rights, Law Number 23 of 2002 concerning Child Protection, Law Number 23 of 2004 concerning Elimination of Domestic Violence, and Law Number 21 of 2007 concerning Eradication of the Criminal Act of Trafficking in Persons.
7. Law Number 21 of 2007 concerning the Eradication of the Criminal Act of Trafficking in Persons (State Gazette of the Republic of Indonesia of 2007 Number 58, Supplement to the State Gazette of the Republic of Indonesia Number 4720);","The policy’s legal foundation explicitly references the national law on eradication of trafficking in persons, which per the coding rules is sufficient to include trafficking victims within scope even without trafficking-specific services described in the retrieved sentences.",Reference only
SULAWESI TENGAH TOLI TOLI,SULAWESI_TENGAH_TOLI_TOLI.txt,1.1,Domestic violence,scope_of_violence,Yes,No,1.0,0.0,false_negative,0.9051482536448665,,"The provided sentences define and list multiple forms of violence (including violence in public or private life) and include “domestic neglect,” but they do not explicitly mention domestic violence, family/household violence, intimate partner violence, or equivalent terms required by the coding rules. References to “private life” and “household” appear in definitions of violence and domestic neglect, but these do not explicitly identify domestic violence as such.",Reference only
SULAWESI TENGAH TOLI TOLI,SULAWESI_TENGAH_TOLI_TOLI.txt,1.8,Human trafficking,scope_of_violence,No,Yes,0.0,1.0,false_positive,0.8482836399575129,"Child Victims of Kidnapping, Sale and/or Trafficking; and","The policy explicitly includes “trafficking” as part of the category of children receiving special protection (kidnapping, sale and/or trafficking), which constitutes explicit inclusion of trafficking in persons within the policy’s scope for protection measures.",Reference only
SULAWESI TENGAH TOLI TOLI,SULAWESI_TENGAH_TOLI_TOLI.txt,2.3,Data collection systems,institutional_mechanism,No,Yes,0.0,1.0,false_positive,1.0,"1. The Regional Government prepares and compiles an information and reporting system for the protection of Women and Children from acts of Violence.
exchange of data and information;","The policy mandates an information and reporting system for protection from violence and also specifies that cooperation may include exchange of data and information, explicitly linking information-system and data exchange functions to protection from acts of violence against women and children.",Reference only
SULAWESI TENGGARA BUTON,SULAWESI_TENGGARA_BUTON.txt,4.4,Prevention through education,primary_prevention,No,Yes,0.0,1.0,false_positive,0.5545997223493823,1. Prevention of violence against women and children as referred to in Article 17 is implemented by Regional Apparatus and UPTD whose main duties and functions are in the fields of:,"The policy explicitly states that prevention of violence against women and children is implemented by regional apparatus/UPTD whose duties and functions include the education field, thereby identifying involvement of the education sector as part of the prevention strategy.",Reference only
SULAWESI TENGGARA BUTON SELATAN,SULAWESI_TENGGARA_BUTON_SELATAN.txt,2.5,Training and capacity building,institutional_mechanism,No,Yes,0.0,1.0,false_positive,0.9999847412691449,"1. The Regional Government is obliged to conduct guidance and supervision of the implementation of protection of women and children from acts of violence.
Guidance and supervision as referred to in paragraph (1), includes:
technical guidance and training;","The policy obliges the Regional Government to conduct guidance and supervision of implementation, and explicitly lists “technical guidance and training” as part of that mandated guidance/supervision package, which constitutes required training/capacity-building for implementation.",Reference only
SULAWESI TENGGARA BUTON SELATAN,SULAWESI_TENGGARA_BUTON_SELATAN.txt,4.3,VAW laws awareness,primary_prevention,No,Yes,0.0,1.0,false_positive,0.9953058104576851,disseminating information about laws and regulations related to acts of violence against women and children.,"The policy explicitly includes dissemination of information about laws and regulations related to acts of violence against women and children, and this appears within the policy’s prevention/community participation framework, satisfying the requirement for prevention-oriented legal awareness about VAW-related laws/regulations.",Reference only
SULAWESI TENGGARA BUTON SELATAN,SULAWESI_TENGGARA_BUTON_SELATAN.txt,5.5,International organisations engagement,stakeholder_engagement,Yes,No,1.0,0.0,false_negative,0.9994583863378637,,"The candidate sentences do not mention international organizations as stakeholders/partners for service delivery or prevention; while “non-binding foreign assistance” is listed as a possible funding source, it does not explicitly establish engagement/collaboration with international organizations for services.",Reference only
SULAWESI TENGGARA BUTON SELATAN,SULAWESI_TENGGARA_BUTON_SELATAN.txt,5.6,Media engagement,stakeholder_engagement,No,Yes,0.0,1.0,false_positive,0.9993439796845092,Media.,"The policy explicitly includes “Media” among the entities with which the Regional Government carries out cooperation to achieve protection objectives, indicating media is recognised as a stakeholder in implementation/cooperation.",Reference only
SULAWESI TENGGARA KONAWE,SULAWESI_TENGGARA_KONAWE.txt,1.8,Human trafficking,scope_of_violence,No,Yes,0.0,1.0,false_positive,0.999893191328687,"9. Law Number 21 of 2007 concerning Eradication of the Criminal Act of Trafficking in Persons (State Gazette of the Republic of Indonesia of 2007 Number 58, Supplement to the State Gazette of the Republic of Indonesia Number 4720);","The policy cites a national law on eradication of trafficking in persons in its legal foundation, which is sufficient to include trafficking within scope under the coding rules.",Reference only
SULAWESI TENGGARA KONAWE,SULAWESI_TENGGARA_KONAWE.txt,6.2,Women victims of trafficking,intersectional_approach,No,Yes,0.0,1.0,false_positive,1.0,"9. Law Number 21 of 2007 concerning Eradication of the Criminal Act of Trafficking in Persons (State Gazette of the Republic of Indonesia of 2007 Number 58, Supplement to the State Gazette of the Republic of Indonesia Number 4720);","The policy’s legal basis explicitly cites the national law on eradication of trafficking in persons, which (per the coding rules) is sufficient to indicate trafficking cases/victims are intended to be covered.",Reference only
SULAWESI TENGGARA KONAWE UTARA,SULAWESI_TENGGARA_KONAWE_UTARA.txt,1.1,Domestic violence,scope_of_violence,Yes,No,1.0,0.0,false_negative,0.35835739835078595,,"Across the provided candidate sentences, the policy discusses violence against women and children generally and mentions violence occurring in the domestic and/or public sphere, but it does not explicitly mention domestic violence, family/household violence, intimate partner violence, or equivalent terms. The reference to ""domestic neglect"" is framed as neglect of obligations within a household and is not an explicit inclusion of domestic violence as such under the criterion’s required terminology.",Reference only
SULAWESI TENGGARA KONAWE UTARA,SULAWESI_TENGGARA_KONAWE_UTARA.txt,1.4,Psychological violence,scope_of_violence,Yes,No,1.0,0.0,false_negative,0.358357398350786,,"The candidate sentences do not explicitly mention psychological/emotional/mental violence or equivalent terms. While they reference ""non-physical violence"" and include psychosocial/psychological rehabilitation services, they do not define or classify psychological violence itself as a form of violence covered by the policy under the criterion’s required terms.",Reference only
SULAWESI TENGGARA KONAWE UTARA,SULAWESI_TENGGARA_KONAWE_UTARA.txt,2.1,Institutional network,institutional_mechanism,No,Yes,0.0,1.0,false_positive,0.9998245316235193,"building networks and cooperation with law enforcement apparatus, government apparatus, universities and various non-governmental organizations that work and/or care about women and children; and
2. Handling of special protection for Children in emergency situations as referred to in paragraph (1) shall be conducted in a coordinated manner between the Provincial Government, Regency/City and community.","The policy explicitly calls for building networks and cooperation with multiple institutions (including law enforcement, government apparatus, universities, and NGOs), which constitutes a coordination/network mechanism. It also specifies that handling special protection for children in emergencies must be conducted in a coordinated manner between provincial and regency/city governments and the community, indicating inter-administrative coordination.",Reference only
SULAWESI TENGGARA KONAWE UTARA,SULAWESI_TENGGARA_KONAWE_UTARA.txt,5.3,Traditional/cultural engagement,stakeholder_engagement,No,Yes,0.0,1.0,false_positive,0.999732989016709,"16. North Konawe Regency Child Protection Committee is an oversight institution for the implementation of Child Protection in North Konawe Regency whose members consist of various elements namely religious leaders, community leaders, related Regional Governments and Social Organizations.","The policy explicitly includes community leaders as elements of the Child Protection Committee, indicating involvement of community figures in an implementation/oversight structure related to protection.",Reference only
SULAWESI TENGGARA KONAWE UTARA,SULAWESI_TENGGARA_KONAWE_UTARA.txt,6.5,People with disability,intersectional_approach,Yes,No,1.0,0.0,false_negative,0.9983984687165706,,"The cited text includes a prohibition on discriminatory treatment of women and children with disabilities, but does not identify people with disabilities (or women with disabilities) as beneficiaries of special protection/services or provide disability-specific protection measures. The only specific disability-related service provisions shown concern children with special needs, which is excluded by the coding rules.",Reference only
SULAWESI TENGGARA KONAWE UTARA,SULAWESI_TENGGARA_KONAWE_UTARA.txt,6.10,Refugee/forced displacement,intersectional_approach,No,Yes,0.0,1.0,false_positive,1.0,"refugee children;
3. Handling of refugee Children as referred to in paragraph (1) letter a shall be conducted without regard to citizenship status and shall be entitled to receive basic services.","The policy explicitly includes “refugee children” as a group receiving special protection and specifies handling of refugee children (including entitlement to basic services), which constitutes special protection measures targeted at refugees/forced displacement (at least for children).",Reference only
SULAWESI TENGGARA MUNA,SULAWESI_TENGGARA_MUNA.txt,3.8,Religious/spiritual counselling,specialised_support_services,No,Yes,0.0,1.0,false_positive,1.0,spiritual guidance services;,"The policy explicitly lists spiritual guidance services as a right/service available to victims, which qualifies as religious/spiritual counselling/support.",Reference only
SULAWESI TENGGARA MUNA,SULAWESI_TENGGARA_MUNA.txt,5.6,Media engagement,stakeholder_engagement,No,Yes,0.0,1.0,false_positive,0.9999847412691449,"8. Implementation of prevention of violence against women and children is carried out by involving community organizations, non-governmental organizations, legal aid institutions, business sector, communities, children and adolescent groups, mass media and other related parties.","The policy explicitly includes mass media among the parties involved in implementing prevention of violence against women and children, assigning media a stakeholder role in prevention implementation.",Reference only
SULAWESI TENGGARA MUNA BARAT,SULAWESI_TENGGARA_MUNA_BARAT.txt,1.9,Sexual slavery/exploitation,scope_of_violence,No,Yes,0.0,1.0,false_positive,1.0,Forced sexual intercourse against one person within the scope of the household with another person for commercial purposes and/or certain purposes.,"The definition/classification of sexual violence explicitly includes forced sexual intercourse involving another person for commercial purposes and/or certain purposes, which constitutes sexual exploitation under the coding rules.",Reference only
SULAWESI TENGGARA MUNA BARAT,SULAWESI_TENGGARA_MUNA_BARAT.txt,2.3,Data collection systems,institutional_mechanism,Yes,No,1.0,0.0,false_negative,1.0,,"While the text mentions integrating gender-disaggregated data and includes general monitoring/evaluation/reporting stages, none of the candidate sentences explicitly link data collection/recording/reporting to violence against women cases, victims, or VAW-specific information management responsibilities as required by the coding rules.",Reference only
SULAWESI TENGGARA MUNA BARAT,SULAWESI_TENGGARA_MUNA_BARAT.txt,3.3,Reporting/hotline service,specialised_support_services,Yes,No,1.0,0.0,false_negative,0.999893191328687,,"While the policy mentions integrated services and legal consultation/assistance, none of the provided sentences explicitly establish or describe a mechanism/service for receiving reports or complaints of violence (e.g., hotline, complaint desk, procedures for receiving reports).",Reference only
SULAWESI TENGGARA MUNA BARAT,SULAWESI_TENGGARA_MUNA_BARAT.txt,4.3,VAW laws awareness,primary_prevention,Yes,No,1.0,0.0,false_negative,0.9999694826547045,,"The retrieved sentences include “socialization … regarding women’s protection policies” and dissemination of books/leaflets/brochures about women’s protection, but they do not specify that these activities are about laws/regulations/policies on violence against women (e.g., domestic/sexual violence, trafficking) nor do they explicitly frame such legal/policy awareness as a prevention measure for VAW. The prohibition and sanctions provisions are not presented as public legal-awareness education activities.",Reference only
SULAWESI TENGGARA MUNA BARAT,SULAWESI_TENGGARA_MUNA_BARAT.txt,7.3,International donors,budget_funding_sources,No,Yes,0.0,1.0,false_positive,1.0,"Coordinating the participation of the business sector and other institutions, including international assistance for the protection of women; and","The policy explicitly references coordinating participation of institutions including international assistance for the protection of women, which meets the criterion for international support involvement.",Reference only
SULAWESI UTARA BITUNG KOTA,SULAWESI_UTARA_BITUNG_KOTA.txt,1.8,Human trafficking,scope_of_violence,No,Yes,0.0,1.0,false_positive,1.0,"7. Law Number 21 of 2007 concerning the Eradication of the Criminal Act of Trafficking in Persons (State Gazette of the Republic of Indonesia of 2007 Number 58, Supplement to the State Gazette of the Republic of Indonesia Number 4720);","The policy’s legal foundation explicitly cites a national law on the eradication of trafficking in persons, which meets the criterion for inclusion even without further operational detail in the provided excerpts.",Reference only
SULAWESI UTARA BITUNG KOTA,SULAWESI_UTARA_BITUNG_KOTA.txt,2.3,Data collection systems,institutional_mechanism,Yes,No,1.0,0.0,false_negative,1.0,,"While the text mentions developing an information system and periodic reporting, the candidate sentences do not explicitly link these to collecting/recording/managing data on violence cases or victims; the reporting described appears to be general implementation reporting (administration/finance/services/performance) rather than a VAW case data system.",Reference only
SULAWESI UTARA BITUNG KOTA,SULAWESI_UTARA_BITUNG_KOTA.txt,6.2,Women victims of trafficking,intersectional_approach,No,Yes,0.0,1.0,false_positive,1.0,"7. Law Number 21 of 2007 concerning the Eradication of the Criminal Act of Trafficking in Persons (State Gazette of the Republic of Indonesia of 2007 Number 58, Supplement to the State Gazette of the Republic of Indonesia Number 4720);","The policy’s legal basis explicitly cites the national law on the eradication of trafficking in persons, which (per the coding rules) is sufficient to include trafficking victims within scope even without detailed trafficking-specific measures.",Reference only
SULAWESI UTARA MINAHASA TENGGARA,SULAWESI_UTARA_MINAHASA_TENGGARA.txt,2.3,Data collection systems,institutional_mechanism,No,Yes,0.0,1.0,false_positive,0.9998245316235193,"collect, compile and present reports on violence.","The policy assigns FPKK a function to collect, compile, and present reports on violence, explicitly linking information collection/reporting to violence and thereby meeting the criterion for a data/information function on violence.",Reference only
SULAWESI UTARA MINAHASA TENGGARA,SULAWESI_UTARA_MINAHASA_TENGGARA.txt,3.2,Police specialised service unit,specialised_support_services,No,Yes,0.0,1.0,false_positive,1.0,"This service unit may be located at Integrated Service Centers (PPT) and Integrated Crisis Centers (PKT) based in Hospitals, Community Health Centers, Integrated Service Centers for Women and Child Empowerment (P2TP2A), Women and Children Service Units (UPPA), Trauma Center Shelters (RPTC), Child Social Shelters (RPSA), BP4, and other security institutions, prosecutor's offices, courts, Women Crisis Centers (WCC), and other similar institutions.","The policy explicitly references Women and Children Service Units (UPPA) as a location where the service unit for women and children victims of violence may be situated, which constitutes recognition of a specialised police-based unit for such victims.",Reference only
SULAWESI UTARA MINAHASA TENGGARA,SULAWESI_UTARA_MINAHASA_TENGGARA.txt,4.1,Information and education about VAW,primary_prevention,No,Yes,0.0,1.0,false_positive,0.8798266996519848,providing understanding about the prevention of domestic violence;,"The policy assigns the family a responsibility to provide understanding specifically about preventing domestic violence, which constitutes an information/education activity explicitly linked to prevention of violence against women/children.",Reference only
SULAWESI UTARA MINAHASA TENGGARA,SULAWESI_UTARA_MINAHASA_TENGGARA.txt,5.3,Traditional/cultural engagement,stakeholder_engagement,Yes,No,1.0,0.0,false_negative,0.9998169029128974,,"The candidate sentences discuss general community participation and list various institution types (e.g., NGOs, religious institutions, mass media) but do not identify traditional/customary/cultural leaders or customary mechanisms/institutions as participants in prevention, services, coordination, or dispute resolution.",Reference only
SUMATERA BARAT BUKITTINGGI KOTA,SUMATERA_BARAT_BUKITTINGGI_KOTA.txt,1.9,Sexual slavery/exploitation,scope_of_violence,No,Yes,0.0,1.0,false_positive,0.9863520166171227,"To receive protection from treatment during the care of parents, guardians, or any other party responsible for care, from discriminatory treatment, exploitation, whether economic or sexual, neglect, cruelty, violence, and abuse, injustice and other mistreatment.","The policy explicitly references exploitation “whether economic or sexual” in the child protection rights provision, which directly indicates sexual exploitation is covered (even without using the exact phrase “sexual exploitation”).",Reference only
SUMATERA BARAT BUKITTINGGI KOTA,SUMATERA_BARAT_BUKITTINGGI_KOTA.txt,2.2,Collaboration with NGOs,institutional_mechanism,No,Yes,0.0,1.0,false_positive,1.0,"reporters are referred by NGOs, social organizations, the community or mass media; and
regional government, NGOs/social organizations and the community are obliged to provide protection for neglected children domiciled in the Region in accordance with laws and regulations;","The policy explicitly references NGOs/social organizations as actors involved in referrals for complaint handling and as parties obliged to provide protection for neglected children, indicating a cooperation role for non-government service providers in implementation/service pathways.",Reference only
SUMATERA BARAT BUKITTINGGI KOTA,SUMATERA_BARAT_BUKITTINGGI_KOTA.txt,2.6,Monitoring and evaluation,institutional_mechanism,No,Yes,0.0,1.0,false_positive,0.9998779334127146,"conducting monitoring, evaluation and reporting at least once (1) a year.","The policy assigns the KLA Task Force responsibility to conduct monitoring, evaluation, and reporting at least annually, which constitutes an M&E mechanism for implementation.",Reference only
SUMATERA BARAT BUKITTINGGI KOTA,SUMATERA_BARAT_BUKITTINGGI_KOTA.txt,3.2,Police specialised service unit,specialised_support_services,No,Yes,0.0,1.0,false_positive,0.9997711312602866,"1. Complaint Handling Services for violations of women's and children's rights are carried out by P2TP2A, PPA Units at Polres, Puskesmas, Government Hospitals, and Legal Aid Institutions.","The policy explicitly refers to “PPA Units at Polres” as entities carrying out complaint handling services for violations of women’s and children’s rights, which constitutes a specialised police-based unit for handling such cases.",Reference only
SUMATERA BARAT BUKITTINGGI KOTA,SUMATERA_BARAT_BUKITTINGGI_KOTA.txt,3.9,Resocialisation services,specialised_support_services,Yes,No,1.0,0.0,false_negative,0.9716084766350124,,"While the policy mentions rehabilitation and post-remedial protection measures (e.g., accompaniment by psychologists/clergy and safe houses), the provided sentences do not identify any specific service unit or institution as responsible for delivering rehabilitation/reintegration/resocialisation services (beyond individual accompaniment), as required by the coding rules.",Reference only
SUMATERA BARAT BUKITTINGGI KOTA,SUMATERA_BARAT_BUKITTINGGI_KOTA.txt,5.6,Media engagement,stakeholder_engagement,No,Yes,0.0,1.0,false_positive,0.9980402064309015,"reporters are referred by NGOs, social organizations, the community or mass media; and","The policy explicitly includes mass media in the complaint-handling process by allowing referrals via mass media, which recognizes media as a stakeholder within the service access/referral pathway.",Reference only
SUMATERA BARAT BUKITTINGGI KOTA,SUMATERA_BARAT_BUKITTINGGI_KOTA.txt,6.2,Women victims of trafficking,intersectional_approach,No,Yes,0.0,1.0,false_positive,0.9998626756131501,"To protect women and children from acts of violence, neglect, exploitation, and trafficking in persons as well as the rights of women in the event of divorce.","The policy explicitly includes “trafficking in persons” within its objectives for protecting women and children, which is sufficient to include trafficking victims within scope under the coding rules.",Reference only
SUMATERA BARAT BUKITTINGGI KOTA,SUMATERA_BARAT_BUKITTINGGI_KOTA.txt,6.3,Women workers,intersectional_approach,No,Yes,0.0,1.0,false_positive,0.9997711312602866,"Protecting female workers from acts of discrimination, exploitation and violence.","The policy explicitly identifies “female workers” and provides protection for them from discrimination, exploitation, and violence, which meets the criterion for workplace-focused protection measures targeted at women workers.",Reference only
SUMATERA BARAT DHARMASRAYA,SUMATERA_BARAT_DHARMASRAYA.txt,1.6,Harmful practices,scope_of_violence,No,Yes,0.0,1.0,false_positive,1.0,"preventing unregistered marriages and marriages at child age.
prevent marriage at child age.","The policy explicitly addresses child/early marriage by requiring prevention of marriages at child age and preventing unregistered marriages and marriages at child age, which qualifies as a harmful practice under the rules.",Reference only
SUMATERA BARAT DHARMASRAYA,SUMATERA_BARAT_DHARMASRAYA.txt,1.9,Sexual slavery/exploitation,scope_of_violence,No,Yes,0.0,1.0,false_positive,0.9997711312602866,obtain protection from economic exploitation and sexual exploitation;,"The policy explicitly includes “sexual exploitation” as a harm women have the right to protection from, which meets the criterion’s requirement to include sexual exploitation (even without using the term sexual slavery).",Reference only
SUMATERA BARAT DHARMASRAYA,SUMATERA_BARAT_DHARMASRAYA.txt,5.4,Education institutions engagement,stakeholder_engagement,No,Yes,0.0,1.0,false_positive,0.9994507590239725,"providing training for religious leaders, community leaders, traditional leaders, educators, journalists and media managers in order to prevent violence against women and children;","The policy includes the education sector as part of capacity building for prevention by providing training for educators to prevent violence against women and children, which constitutes engagement of education actors in implementation/prevention activities.",Reference only
SUMATERA BARAT DHARMASRAYA,SUMATERA_BARAT_DHARMASRAYA.txt,5.8,Private sector engagement,stakeholder_engagement,No,Yes,0.0,1.0,false_positive,1.0,cooperating with the private sector and/or NGOs in the implementation of Child Protection;,The policy explicitly recognises the private sector as a stakeholder by stating that the regional government cooperates with the private sector (and/or NGOs) in implementing child protection.,Reference only
SUMATERA BARAT DHARMASRAYA,SUMATERA_BARAT_DHARMASRAYA.txt,6.2,Women victims of trafficking,intersectional_approach,No,Yes,0.0,1.0,false_positive,1.0,"provide special protection to women victims of violence and human trafficking; and
17. Human trafficking is the act of recruitment, transportation, harboring, sending, transfer, or receipt of a person by threat of violence, use of violence, abduction, confinement, forgery, fraud, abuse of power or position of vulnerability, debt bondage or giving payment or benefits, so as to obtain consent from the person holding control over that other person, whether carried out within the country or between countries, for the purpose of exploitation or resulting in the person being exploited.","The policy explicitly includes human trafficking and provides special protection for women victims of violence and human trafficking, and it defines human trafficking within the regulation’s definitions, clearly bringing trafficking and trafficking victims within scope.",Reference only
SUMATERA BARAT KEPULAUAN MENTAWAI,SUMATERA_BARAT_KEPULAUAN_MENTAWAI.txt,1.6,Harmful practices,scope_of_violence,No,Yes,0.0,1.0,false_positive,1.0,enhancement of the role of Families in pursuing marriage of Children in accordance with the age stipulated in the provisions of laws and regulations.,"The policy includes a measure aimed at ensuring marriages of children occur in accordance with legally stipulated age requirements, which constitutes addressing child/early marriage as a harmful practice.",Reference only
SUMATERA BARAT KEPULAUAN MENTAWAI,SUMATERA_BARAT_KEPULAUAN_MENTAWAI.txt,2.3,Data collection systems,institutional_mechanism,Yes,No,1.0,0.0,false_negative,0.9996719629401765,,"While the policy discusses organizing a gender and child data system and related mechanisms/working groups, the retrieved sentences do not explicitly link the data collection/management functions to violence against women, victims of violence, or violence cases as required by the coding rules.",Reference only
SUMATERA BARAT KEPULAUAN MENTAWAI,SUMATERA_BARAT_KEPULAUAN_MENTAWAI.txt,3.10,Economic support,specialised_support_services,Yes,No,1.0,0.0,false_negative,0.9999313366279103,,"While the policy contains general women’s economic empowerment measures (skills/job training, capital assistance) and family entrepreneurship training, the provided sentences do not explicitly link these economic supports to women victims of violence as required by the coding rules.",Reference only
SUMATERA BARAT KEPULAUAN MENTAWAI,SUMATERA_BARAT_KEPULAUAN_MENTAWAI.txt,4.1,Information and education about VAW,primary_prevention,Yes,No,1.0,0.0,false_negative,0.9935635408971171,,"The retrieved sentences mention prevention of violence against women and children and include broad measures such as guidance, creating safe environments, and socialization on women’s and children’s rights. They also mention socialization/advocacy and dissemination of information, but these are framed around women’s/children’s rights and laws/regulations generally, not explicitly as education or awareness specifically about violence against women or anti-violence norms/values. Under the coding rules, rights-focused socialization without an explicit VAW-information/education focus does not qualify.",Reference only
SUMATERA BARAT KEPULAUAN MENTAWAI,SUMATERA_BARAT_KEPULAUAN_MENTAWAI.txt,4.2,Gender equality education,primary_prevention,Yes,No,1.0,0.0,false_negative,0.9996795910978951,,"The passages include socialization/advocacy about women’s and children’s rights and references to gender equality as a principle, but they do not explicitly situate gender-equality/women’s-rights education as a strategy to prevent violence against women. The only explicit prevention framing is for preventing violence against women and children, but the associated listed forms focus on general guidance and socialization on rights rather than explicit gender equality education as a VAW-prevention measure, which the coding rules require.",Reference only
SUMATERA BARAT KEPULAUAN MENTAWAI,SUMATERA_BARAT_KEPULAUAN_MENTAWAI.txt,5.6,Media engagement,stakeholder_engagement,No,Yes,0.0,1.0,false_positive,0.9997711312602866,"(2) The team as referred to in paragraph (1) consists of relevant Regional Apparatus by involving vertical agencies in the Region, religious leaders, community leaders, business world, and the press.","The policy includes “the press” as a party involved in the integrated team, which constitutes recognition/engagement of media as a stakeholder within an implementation/coordination structure.",Reference only
SUMATERA BARAT KEPULAUAN MENTAWAI,SUMATERA_BARAT_KEPULAUAN_MENTAWAI.txt,6.7,Women from minority groups,intersectional_approach,Yes,No,1.0,0.0,false_negative,0.9998550467570206,,"The only explicit reference to minority/isolated groups in the provided sentences concerns children (“Children from minority and isolated groups”), and women are not identified as minority/isolated beneficiaries; “women from other vulnerable groups” is not specific to minority/isolated women.",Reference only
SUMATERA BARAT KEPULAUAN MENTAWAI,SUMATERA_BARAT_KEPULAUAN_MENTAWAI.txt,7.2,National government budget,budget_funding_sources,No,Yes,0.0,1.0,false_positive,1.0,"Funding for organizing the Gender and Child data system is sourced from the state revenue and expenditure budget, the provincial regional revenue and expenditure budget and the Regional revenue and expenditure budget as well as other legitimate and non-binding sources in accordance with the provisions of laws and regulations.","The policy explicitly states that funding is sourced from the state revenue and expenditure budget, which is the national government budget.",Reference only
SUMATERA BARAT KEPULAUAN MENTAWAI,SUMATERA_BARAT_KEPULAUAN_MENTAWAI.txt,7.5,Provincial government budget,budget_funding_sources,No,Yes,0.0,1.0,false_positive,1.0,"Funding for organizing the Gender and Child data system is sourced from the state revenue and expenditure budget, the provincial regional revenue and expenditure budget and the Regional revenue and expenditure budget as well as other legitimate and non-binding sources in accordance with the provisions of laws and regulations.",The policy explicitly lists the provincial regional revenue and expenditure budget as a funding source.,Reference only
SUMATERA BARAT PADANG PARIAMAN,SUMATERA_BARAT_PADANG_PARIAMAN.txt,1.6,Harmful practices,scope_of_violence,No,Yes,0.0,1.0,false_positive,1.0,"strengthens the role of community, religious and family environment organizations; and prevents early marriage.
preventing the occurrence of marriage at an early age.
increasing women's awareness of the impact of early marriage;","The policy explicitly mentions preventing early marriage and increasing awareness of the impact of early marriage, which is a recognized harmful practice under the coding rules.",Reference only
SUMATERA BARAT PADANG PARIAMAN,SUMATERA_BARAT_PADANG_PARIAMAN.txt,1.9,Sexual slavery/exploitation,scope_of_violence,No,Yes,0.0,1.0,false_positive,1.0,"all work that exploits, provides, or offers Children for prostitution, pornography production, pornographic performances, or gambling;","The policy explicitly references exploitation involving prostitution (offering children for prostitution), which constitutes explicit inclusion of sexual exploitation within the policy text provided for this criterion.",Reference only
SUMATERA BARAT PADANG PARIAMAN,SUMATERA_BARAT_PADANG_PARIAMAN.txt,2.3,Data collection systems,institutional_mechanism,Yes,No,1.0,0.0,false_negative,1.0,,"The candidate sentences mention monitoring/evaluation and collecting basic data for child-friendly city development, but they do not explicitly link any data collection/recording/reporting system to violence against women, victims, or VAW cases. Without an explicit connection to VAW/victims/cases, the criterion is not met under the coding rules.",Reference only
SUMATERA BARAT PADANG PARIAMAN,SUMATERA_BARAT_PADANG_PARIAMAN.txt,6.2,Women victims of trafficking,intersectional_approach,No,Yes,0.0,1.0,false_positive,1.0,"16. Human trafficking is the act of recruitment, transportation, harboring, sending, transfer, or receipt of a person by threat of Violence, use of Violence, abduction, confinement, forgery, fraud, abuse of power or position of vulnerability, debt bondage or giving payment or benefits, so as to obtain consent from the person holding control over that other person, whether carried out within the Country or between Countries, for the purpose of exploitation or resulting in the person being exploited.
making efforts to prevent acts of Violence against women including criminal acts of human trafficking;","The policy explicitly defines human trafficking and explicitly includes prevention of criminal acts of human trafficking within the regional government's responsibilities for protecting women, which is sufficient to include trafficking within scope under the coding rules.",Reference only
SUMATERA BARAT PAYAKUMBUH KOTA,SUMATERA_BARAT_PAYAKUMBUH_KOTA.txt,3.2,Police specialised service unit,specialised_support_services,No,Yes,0.0,1.0,false_positive,0.9997711312602866,Women and Children Service Unit (UPPA),"The policy explicitly lists the Women and Children Service Unit (UPPA), which is a recognized specialized police-based unit for handling complaints/services for women and children victims of violence.",Reference only
SUMATERA BARAT PAYAKUMBUH KOTA,SUMATERA_BARAT_PAYAKUMBUH_KOTA.txt,5.4,Education institutions engagement,stakeholder_engagement,No,Yes,0.0,1.0,false_positive,0.1243530017715962,"Providing training for religious leaders, community leaders, customary leaders, educators, journalists and media managers in order to prevent violence against women and children.","The policy includes educators as a target group for training aimed at preventing violence against women and children, indicating engagement of the education sector in capacity building for prevention.",Reference only
SUMATERA BARAT PAYAKUMBUH KOTA,SUMATERA_BARAT_PAYAKUMBUH_KOTA.txt,5.8,Private sector engagement,stakeholder_engagement,No,Yes,0.0,1.0,false_positive,0.358357398350786,"9. Child-Friendly Regency/City hereinafter abbreviated as KLA is a Regency City that has a child rights-based development system through the integration of commitment and resources of government, community and business world that are planned comprehensively and sustainably in policies, programs and activities to ensure the fulfillment of children's rights;","The policy’s definition of a Child-Friendly City explicitly integrates commitment and resources of government, community, and the business world, recognizing the private sector as a stakeholder in implementation.",Reference only
SUMATERA BARAT PAYAKUMBUH KOTA,SUMATERA_BARAT_PAYAKUMBUH_KOTA.txt,6.2,Women victims of trafficking,intersectional_approach,No,Yes,0.0,1.0,false_positive,1.0,"Providing special protection to women victims of violence and human trafficking, and
7. Law Number 21 of 2007 concerning the Eradication of the Criminal Act of Trafficking in Persons (State Gazette of the Republic of Indonesia of 2007 Number 58, Supplement to the State Gazette of the Republic of Indonesia Number 3720);","The policy explicitly includes human trafficking in its scope by assigning local government responsibility to provide special protection to women victims of violence and human trafficking, and it also cites the national anti-trafficking law in its legal basis, both of which satisfy the coding rules for inclusion.",Reference only
SUMATERA BARAT PAYAKUMBUH KOTA,SUMATERA_BARAT_PAYAKUMBUH_KOTA.txt,6.5,People with disability,intersectional_approach,No,Yes,0.0,1.0,false_positive,0.9998245316235193,"Lately there are more and more disabled/difable/disable women who become victims of violence, whether deaf, blind or those with mental retardation.
For this category of victims, interpreters must also be provided who, for example, can be taken from special school teachers.","The policy explicitly discusses disabled women as victims of violence and specifies an accommodation (provision of interpreters) for this category of victims, which constitutes disability-specific service/support and meets the coding rules for inclusion.",Reference only
SUMATERA BARAT PESISIR SELATAN,SUMATERA_BARAT_PESISIR_SELATAN.txt,1.6,Harmful practices,scope_of_violence,No,Yes,0.0,1.0,false_positive,0.9997711312602866,"prevent unregistered marriages and marriage at child age.
increasing women's awareness of the impact of early marriage;
preventing marriage at child age.",The policy explicitly addresses harmful practices by referencing prevention of “marriage at child age” and increasing awareness of the impact of early marriage.,Reference only
SUMATERA BARAT PESISIR SELATAN,SUMATERA_BARAT_PESISIR_SELATAN.txt,1.9,Sexual slavery/exploitation,scope_of_violence,No,Yes,0.0,1.0,false_positive,0.9999694826547045,"Child victims of violence who are exploited economically and sexually, neglected children, child victims of kidnapping and child victims of human trafficking;
all work that utilizes, provides, or offers Children for prostitution, pornography production, pornographic performances, or gambling;","The policy explicitly refers to children being “exploited … sexually” and prohibits involving children in prostitution/pornography-related activities, which constitutes explicit inclusion of sexual exploitation (even if framed for children rather than women).",Reference only
SUMATERA BARAT PESISIR SELATAN,SUMATERA_BARAT_PESISIR_SELATAN.txt,5.4,Education institutions engagement,stakeholder_engagement,No,Yes,0.0,1.0,false_positive,0.8798266996519848,"3. In the event that a Child victim of Violence experiences dropping out of school, then the child victim of violence shall be provided with formal or non-formal education, in this case carried out by the education unit organizer and coordinated with UPTD PPA.
providing training for religious leaders, community leaders, traditional leaders, educators, journalists and media managers in order to prevent violence against women and children;","The policy assigns an active role to education unit organizers in responding to child victims of violence (providing education and coordinating with UPTD PPA), and it includes educators as a target group for training to prevent violence against women and children—both indicating engagement of the education sector in implementation/capacity building related to violence prevention/response.",Reference only
SUMATERA BARAT PESISIR SELATAN,SUMATERA_BARAT_PESISIR_SELATAN.txt,6.1,Women in conflict/disaster areas,intersectional_approach,No,Yes,0.0,1.0,false_positive,0.9998016455789569,"8. Victim is a woman and child who experiences acts of violence and/or threats of violence that include physical, sexual, psychological, economic and/or social violence, in the family, community and/or society, in conflict situations, post-conflict, and state.","The policy’s definition of “Victim” explicitly includes women (and children) who experience violence “in conflict situations” and “post-conflict,” indicating women affected by conflict are a specifically recognized protected group within the regulation’s scope.",Reference only
SUMATERA BARAT PESISIR SELATAN,SUMATERA_BARAT_PESISIR_SELATAN.txt,6.2,Women victims of trafficking,intersectional_approach,No,Yes,0.0,1.0,false_positive,0.999732989016709,undertake prevention efforts against acts of violence against women including criminal acts of human trafficking;,"The policy explicitly mentions “criminal acts of human trafficking” within the Regional Government’s prevention efforts, which is sufficient to include trafficking within scope under the coding rules.",Reference only
SUMATERA BARAT SOLOK KOTA,SUMATERA_BARAT_SOLOK_KOTA.txt,1.6,Harmful practices,scope_of_violence,No,Yes,0.0,1.0,false_positive,1.0,conducting socialization on the prevention of child marriage;,"The policy explicitly references prevention of child marriage as a community participation activity, which is a recognized harmful practice and is sufficient for inclusion.",Reference only
SUMATERA BARAT SOLOK KOTA,SUMATERA_BARAT_SOLOK_KOTA.txt,5.4,Education institutions engagement,stakeholder_engagement,No,Yes,0.0,1.0,false_positive,0.0,"providing training for government officials, law enforcers, religious leaders, community leaders, traditional leaders, educators, journalists, and media managers on the prevention and handling of violence against women and children.","The policy includes educators as a target group for training on prevention and handling of violence against women and children, indicating engagement of the education sector in capacity building related to violence prevention/response.",Reference only
SUMATERA BARAT SOLOK KOTA,SUMATERA_BARAT_SOLOK_KOTA.txt,5.8,Private sector engagement,stakeholder_engagement,No,Yes,0.0,1.0,false_positive,0.9997406174072243,"2. The community as referred to in paragraph (1) consists among others of parents, family, ninik mamak, cadiak pandai, alim ulama, bundo kanduang, customary leaders, religious leaders, mass media, and the business sector.
The business world in efforts to fulfill Children's Rights, is responsible for:","The policy identifies the business sector as part of the community participating in protection efforts and assigns responsibilities to the business world (including CSR contributions) in fulfilling children’s rights, indicating recognition/engagement of the private sector as a stakeholder.",Reference only
SUMATERA BARAT SOLOK KOTA,SUMATERA_BARAT_SOLOK_KOTA.txt,6.2,Women victims of trafficking,intersectional_approach,No,Yes,0.0,1.0,false_positive,1.0,providing special protection to women victims of violence and human trafficking;,"The policy explicitly includes “women victims of … human trafficking” as a group receiving special protection, which is sufficient under the coding rules.",Reference only
SUMATERA SELATAN MUARA ENIM,SUMATERA_SELATAN_MUARA_ENIM.txt,2.3,Data collection systems,institutional_mechanism,Yes,No,1.0,0.0,false_negative,0.9826123395470399,,"While the text mentions a broader 'gender and Child data system' and that the CFC Task Force collects basic data for CFC development, the candidate sentences do not explicitly link any data collection/recording/management system to violence against women, victims, or VAW cases as required by the coding rules.",Reference only
SUMATERA SELATAN MUARA ENIM,SUMATERA_SELATAN_MUARA_ENIM.txt,4.4,Prevention through education,primary_prevention,Yes,No,1.0,0.0,false_negative,1.0,,"The candidate sentences mention socialization for preventing violence against women and various child-focused education-related protections (e.g., protection in education units; child-friendly school models), but they do not explicitly identify formal education instruments (schools/curricula/teaching materials) as a prevention mechanism for violence against women (and child-focused measures alone are excluded by the coding rules).",Reference only
SUMATERA SELATAN MUARA ENIM,SUMATERA_SELATAN_MUARA_ENIM.txt,6.5,People with disability,intersectional_approach,No,Yes,0.0,1.0,false_positive,0.848283639957513,disability;,"The policy explicitly identifies “disability” as a prioritized social-problem criterion for social welfare, indicating people with disabilities as a target beneficiary group for support measures. This satisfies the criterion for people with disabilities (even though other disability references are child-specific).",Reference only
SUMATERA SELATAN MUARA ENIM,SUMATERA_SELATAN_MUARA_ENIM.txt,6.10,Refugee/forced displacement,intersectional_approach,No,Yes,0.0,1.0,false_positive,0.9999237075098606,"Special protection for children who become refugees as referred to in Article 61 paragraph (1) letter a shall be implemented in accordance with the provisions of Laws and Regulations.
children who become refugees;","The policy explicitly provides special protection for children who become refugees and classifies refugees within emergency situations, which constitutes special protection measures targeted at refugees/forced displacement (as presented in the candidate sentences).",Reference only
SUMATERA SELATAN MUSI BANYUASIN,SUMATERA_SELATAN_MUSI_BANYUASIN.txt,1.6,Harmful practices,scope_of_violence,No,Yes,0.0,1.0,false_positive,1.0,"preventing marriage at the age of Children.
preventing marriage at the age of Children.","The policy explicitly addresses preventing “marriage at the age of Children,” which is a harmful practice (child/early marriage) under the coding rules.",Reference only
SUMATERA SELATAN MUSI BANYUASIN,SUMATERA_SELATAN_MUSI_BANYUASIN.txt,1.9,Sexual slavery/exploitation,scope_of_violence,No,Yes,0.0,1.0,false_positive,1.0,"obtain protection from economic exploitation and sexual exploitation;
prostitution;","The policy explicitly mentions “sexual exploitation” (for women) and also references prostitution in the context of exploitation, which satisfies inclusion of sexual exploitation-related conduct.",Reference only
SUMATERA SELATAN MUSI BANYUASIN,SUMATERA_SELATAN_MUSI_BANYUASIN.txt,3.2,Police specialised service unit,specialised_support_services,No,Yes,0.0,1.0,false_positive,0.9998092742313767,Women and Children Service Unit (UPPA);,"The policy explicitly lists the Women and Children Service Unit (UPPA), a recognized specialized police-based victim service unit, as a provider for handling complaints of violence against women and children.",Reference only
SUMATERA SELATAN MUSI BANYUASIN,SUMATERA_SELATAN_MUSI_BANYUASIN.txt,3.10,Economic support,specialised_support_services,Yes,No,1.0,0.0,false_negative,0.9999542241566775,,"The cited provisions on skills training, business capital assistance, and women’s economic empowerment are framed for women generally or women with weak economies/socio-economic vulnerability, without explicitly specifying that these economic measures are available to women victims of violence; the only victim-related reference is a general duty to conduct rehabilitation/empowerment of women victims, but it does not explicitly connect to economic support programs in the provided sentences.",Reference only
SUMATERA SELATAN MUSI RAWAS,SUMATERA_SELATAN_MUSI_RAWAS.txt,1.9,Sexual slavery/exploitation,scope_of_violence,No,Yes,0.0,1.0,false_positive,0.9997024757456467,"11. Sexual violence is an act in the form of sexual harassment, forced sexual intercourse, forced unnatural or unwanted sexual intercourse, forced sexual intercourse with others for commercial purposes and/or certain purposes.","The policy’s definition of sexual violence explicitly includes forced sexual intercourse/relations with others for commercial purposes, which constitutes sexual exploitation within the meaning of the criterion.",Reference only
SUMATERA SELATAN MUSI RAWAS,SUMATERA_SELATAN_MUSI_RAWAS.txt,6.2,Women victims of trafficking,intersectional_approach,No,Yes,0.0,1.0,false_positive,1.0,"6. Trafficking in Persons is the act of recruitment, transportation, harboring, sending, transfer, or receipt of a person by means of threat of violence, use of violence, abduction, confinement, forgery, fraud, abuse of power or position of vulnerability, debt bondage or giving payments or benefits, so as to obtain the consent of a person having control over another person, whether conducted within the country or between countries, for the purpose of exploitation or resulting in a person being exploited.
7. Victim of Trafficking in Persons is a person who experiences psychological, mental, physical, sexual, economic, and/or social suffering, caused by the criminal act of trafficking in persons.","The policy explicitly defines “Trafficking in Persons” and “Victim of Trafficking in Persons,” which is sufficient to include trafficking victims within scope under the coding rules (no requirement that the victims be explicitly women).",Reference only
SUMATERA SELATAN MUSI RAWAS,SUMATERA_SELATAN_MUSI_RAWAS.txt,6.10,Refugee/forced displacement,intersectional_approach,No,Yes,0.0,1.0,false_positive,0.9987186723442816,Special protection for children who become refugees as referred to in Article 30 letter a is implemented in accordance with the provisions of humanitarian law.,"The policy explicitly provides special protection for children who become refugees, which is a special protection measure targeted at refugees/forced displacement (even though limited to children).",Reference only
SUMATERA SELATAN MUSI RAWAS UTARA,SUMATERA_SELATAN_MUSI_RAWAS_UTARA.txt,1.1,Domestic violence,scope_of_violence,Yes,No,1.0,0.0,false_negative,1.0,,"Across the provided sentences, the policy discusses violence against women and children generally and defines family/parents, but it does not explicitly mention domestic violence, family/household violence, intimate partner violence, or violence in the private/home sphere, nor does it cite a domestic-violence-specific legal framework in the shown excerpts.",Reference only
SUMATERA SELATAN MUSI RAWAS UTARA,SUMATERA_SELATAN_MUSI_RAWAS_UTARA.txt,1.6,Harmful practices,scope_of_violence,No,Yes,0.0,1.0,false_positive,1.0,prevent marriage at Child age;,"The policy explicitly addresses prevention of “marriage at Child age,” which is a harmful practice (child/early marriage) and therefore meets the criterion.",Reference only
SUMATERA SELATAN MUSI RAWAS UTARA,SUMATERA_SELATAN_MUSI_RAWAS_UTARA.txt,1.9,Sexual slavery/exploitation,scope_of_violence,No,Yes,0.0,1.0,false_positive,0.9998321603632425,"exploitation, both economic and sexual;","The policy explicitly mentions “exploitation, both economic and sexual,” which directly includes sexual exploitation within the scope of protected harms.",Reference only
SUMATERA SELATAN MUSI RAWAS UTARA,SUMATERA_SELATAN_MUSI_RAWAS_UTARA.txt,2.3,Data collection systems,institutional_mechanism,No,Yes,0.0,1.0,false_positive,0.9998245316235193,"identification or initial recording of victims;
case identification; and","The policy explicitly includes identification/initial recording of victims and case identification as part of complaint/consultation/counseling services, which directly links recording and documentation functions to victims and violence cases.",Reference only
SUMATERA SELATAN MUSI RAWAS UTARA,SUMATERA_SELATAN_MUSI_RAWAS_UTARA.txt,5.3,Traditional/cultural engagement,stakeholder_engagement,No,Yes,0.0,1.0,false_positive,1.0,community institutions and/or local community leaders.,"The policy explicitly involves local community leaders in coordination for social reintegration services, which fits the criterion’s inclusion of community leaders/community figures in implementation of services.",Reference only
SUMATERA SELATAN MUSI RAWAS UTARA,SUMATERA_SELATAN_MUSI_RAWAS_UTARA.txt,6.2,Women victims of trafficking,intersectional_approach,No,Yes,0.0,1.0,false_positive,1.0,"20. Integrated Service Center for Women's Empowerment and Children, hereinafter abbreviated as P2TP2A, is an integrated service center in efforts to empower women in various fields of development, as well as protection of women and children from various types of discrimination and acts of violence, including trafficking in persons, established by the government or community-based.","The definition of the integrated service center (P2TP2A) explicitly includes protection of women and children from discrimination and violence, including trafficking in persons, indicating trafficking victims are within scope.",Reference only
SUMATERA SELATAN OGAN KOMERING ULU,SUMATERA_SELATAN_OGAN_KOMERING_ULU.txt,1.9,Sexual slavery/exploitation,scope_of_violence,No,Yes,0.0,1.0,false_positive,1.0,"Rape, sexual harassment, trafficking of women and children, domestic violence, sexual exploitation, violence against domestic workers, pornography, exploitation of migrant workers, and neglect, will apparently continue to be encountered in daily life, both in the domestic (household) and public spheres.","The policy explicitly mentions “sexual exploitation,” which is sufficient to include sexual exploitation within scope under the coding rules.",Reference only
SUMATERA SELATAN OGAN KOMERING ULU,SUMATERA_SELATAN_OGAN_KOMERING_ULU.txt,2.3,Data collection systems,institutional_mechanism,No,Yes,0.0,1.0,false_positive,0.999732989016709,"Monitoring and reporting as referred to in Article 8 include monitoring, documentation and reporting of cases of gender-based violence and children.","The policy explicitly requires monitoring, documentation, and reporting of cases of gender-based violence and violence against children, which directly links documentation/reporting functions to violence cases as required by the coding rules.",Reference only
SUMATERA SELATAN OGAN KOMERING ULU,SUMATERA_SELATAN_OGAN_KOMERING_ULU.txt,6.5,People with disability,intersectional_approach,No,Yes,0.0,1.0,false_positive,0.809301070201781,"Point a ""Non-discrimination"" means protection for all victims of gender-based violence and children without distinction as to ethnicity, religion, race, group, sex, ethnicity, culture and language, legal status and physical or mental condition.","The policy explicitly states protection is provided to all victims without distinction based on physical or mental condition, which the coding rules treat as sufficient inclusion for disability (even without disability-specific services).",Reference only
SUMATERA SELATAN OGAN KOMERING ULU,SUMATERA_SELATAN_OGAN_KOMERING_ULU_v2.txt,1.5,Economic violence,scope_of_violence,Yes,No,1.0,0.0,false_negative,0.9996948475006302,,"The retrieved sentences discuss women’s economic empowerment and mention domestic violence victims, but they do not explicitly identify economic violence/economic abuse/financial deprivation or domestic neglect as a form of violence against women, nor do they define violence against women to include economic harm to women. References to economic assistance and general empowerment are not framed as economic violence.",Reference only
SUMATERA SELATAN OGAN KOMERING ULU,SUMATERA_SELATAN_OGAN_KOMERING_ULU_v2.txt,1.6,Harmful practices,scope_of_violence,No,Yes,0.0,1.0,false_positive,0.999732989016709,"prevention of child marriage;
prevent marriage at child age.","The policy explicitly mentions prevention of child marriage and assigns responsibility to parents to prevent marriage at child age, which meets the criterion for harmful practices affecting women and girls.",Reference only
SUMATERA SELATAN OGAN KOMERING ULU,SUMATERA_SELATAN_OGAN_KOMERING_ULU_v2.txt,1.9,Sexual slavery/exploitation,scope_of_violence,No,Yes,0.0,1.0,false_positive,0.9997711312602866,"22. Children Who Are Sexually Exploited are Children who are exploited to obtain benefits through sexual organs or other body organs of Children, including but not limited to all prostitution and indecency activities.
locations suspected of being places of sexual exploitation of Children;
48. Exploitation is an act with or without the consent of the victim which includes but is not limited to prostitution, forced labor or services, slavery or practices similar to slavery, oppression, extortion, exploitation of physical sexual, reproductive organs or unlawfully transferring or transplanting organs and/or body tissues or exploiting the labor or abilities of someone by other parties to obtain material or immaterial benefits.","The policy explicitly addresses sexual exploitation through definitions and monitoring provisions for children who are sexually exploited (including references to places of sexual exploitation) and defines exploitation to include prostitution and exploitation of sexual/reproductive organs for benefit, which satisfies inclusion of sexual exploitation (even without using the term sexual slavery).",Reference only
SUMATERA SELATAN OGAN KOMERING ULU,SUMATERA_SELATAN_OGAN_KOMERING_ULU_v2.txt,3.3,Reporting/hotline service,specialised_support_services,Yes,No,1.0,0.0,false_negative,0.9994660136808509,,"The retrieved sentences discuss monitoring/reporting by government and community reporting to competent authorities, but they do not establish or describe a mechanism/service/channel specifically for receiving complaints or reports of violence from victims or the public (e.g., hotline, complaint desk, intake unit).",Reference only
SUMATERA SELATAN OGAN KOMERING ULU,SUMATERA_SELATAN_OGAN_KOMERING_ULU_v2.txt,3.7,Psychosocial counselling,specialised_support_services,No,Yes,0.0,1.0,false_positive,1.0,"Physical and mental health recovery as referred to in Article 55 paragraph (1) shall be provided in the form of:
Psychosocial assistance during treatment up to recovery as referred to in Article 81 letter c is carried out by:","The policy explicitly includes psychosocial therapy and counseling as forms of recovery, and also specifies psychosocial assistance during treatment until recovery, meeting the requirement for psychosocial/psychological counselling services.",Reference only
SUMATERA SELATAN OGAN KOMERING ULU,SUMATERA_SELATAN_OGAN_KOMERING_ULU_v2.txt,3.8,Religious/spiritual counselling,specialised_support_services,No,Yes,0.0,1.0,false_positive,1.0,"1. Counseling on the dangers of terrorism as referred to in Article 89 letter b shall be carried out in the form of:
Social recovery as referred to in Article 55 paragraph (1) shall be provided in the form of:","The policy explicitly provides religious counseling and also includes counseling on moral values sourced from religious teachings as part of recovery, which constitutes religious/spiritual counselling support.",Reference only
SUMATERA SELATAN OGAN KOMERING ULU,SUMATERA_SELATAN_OGAN_KOMERING_ULU_v2.txt,5.2,Religious engagement,stakeholder_engagement,No,Yes,0.0,1.0,false_positive,1.0,"enhancement of the role of parents, families, the Community, educators, education personnel, religious leaders, customary leaders, Community leaders in supporting the Social Reintegration process of Children Who Are Victims of Narcotics, Alcohol, Psychotropic, and Other Addictive Substance Abuse;
religious/worship guidance officers;
Special Protection for Children as referred to in Article 108 shall be carried out by involving the role of parents, the Community, Educational Institutions, and Religious Institutions.","The text explicitly includes religious leaders in supporting a protection-related process (social reintegration), requires provision of religious/worship guidance officers as part of special protection implementation, and states that special protection is carried out by involving religious institutions. These are direct roles for faith-based actors in implementation/support services.",Reference only
SUMATERA SELATAN OGAN KOMERING ULU,SUMATERA_SELATAN_OGAN_KOMERING_ULU_v2.txt,5.3,Traditional/cultural engagement,stakeholder_engagement,No,Yes,0.0,1.0,false_positive,0.9997711312602866,"enhancement of the role of parents, families, the Community, educators, education personnel, religious leaders, customary leaders, Community leaders in supporting the Social Reintegration process of Children Who Are Victims of Narcotics, Alcohol, Psychotropic, and Other Addictive Substance Abuse;",The policy explicitly names customary leaders (alongside other community figures) as having an enhanced role in supporting a protection-related process (social reintegration). This constitutes engagement of customary/traditional leaders in implementation of response/support activities.,Reference only
SUMATERA SELATAN OGAN KOMERING ULU,SUMATERA_SELATAN_OGAN_KOMERING_ULU_v2.txt,6.5,People with disability,intersectional_approach,Yes,No,1.0,0.0,false_negative,0.9998016455789569,,"The retrieved sentences provide disability-related special protection only in the context of children (e.g., children with disabilities) and do not explicitly identify women with disabilities or people with disabilities (beyond child protection) as beneficiaries of special protection measures.",Reference only
SUMATERA SELATAN OGAN KOMERING ULU,SUMATERA_SELATAN_OGAN_KOMERING_ULU_v2.txt,6.7,Women from minority groups,intersectional_approach,Yes,No,1.0,0.0,false_negative,0.24491866240370913,,"The passages address minority/isolated groups only in relation to children, while the only women-related reference is to women in “vulnerable and/or minority groups” without specifying women from minority or isolated groups as a protected target group with protection measures.",Reference only
SUMATERA SELATAN OGAN KOMERING ULU SELATAN,SUMATERA_SELATAN_OGAN_KOMERING_ULU_SELATAN.txt,1.6,Harmful practices,scope_of_violence,No,Yes,0.0,1.0,false_positive,1.0,"preventing marriage at the age of Children.
preventing marriage at the age of Children.","The policy explicitly addresses harmful practices by calling for prevention of “marriage at the age of Children,” which is a form of child/early marriage covered by the coding rules.",Reference only
SUMATERA SELATAN OGAN KOMERING ULU SELATAN,SUMATERA_SELATAN_OGAN_KOMERING_ULU_SELATAN.txt,1.9,Sexual slavery/exploitation,scope_of_violence,No,Yes,0.0,1.0,false_positive,1.0,obtain protection from economic exploitation and sexual exploitation;,"The policy explicitly mentions “sexual exploitation” as a harm from which women have a right to protection, which directly satisfies inclusion of sexual exploitation (and related exploitation harms) under the criterion.",Reference only
SUMATERA SELATAN OGAN KOMERING ULU SELATAN,SUMATERA_SELATAN_OGAN_KOMERING_ULU_SELATAN.txt,3.2,Police specialised service unit,specialised_support_services,No,Yes,0.0,1.0,false_positive,1.0,Women and Children Service Unit (UPPA);,"The policy explicitly lists the Women and Children Service Unit (UPPA), which is a recognized specialized police-based unit for handling complaints/services for women and children victims of violence.",Reference only
SUMATERA SELATAN OGAN KOMERING ULU SELATAN,SUMATERA_SELATAN_OGAN_KOMERING_ULU_SELATAN.txt,3.10,Economic support,specialised_support_services,Yes,No,1.0,0.0,false_negative,0.9716159977388223,,"The cited passages describe skills training and business capital/entrepreneurship support for women generally or economically vulnerable women/families, but they do not explicitly specify that these economic empowerment measures are provided to women victims of violence as required by the coding rules.",Reference only
SUMATERA SELATAN OGAN KOMERING ULU SELATAN,SUMATERA_SELATAN_OGAN_KOMERING_ULU_SELATAN.txt,4.3,VAW laws awareness,primary_prevention,Yes,No,1.0,0.0,false_negative,0.9998550467570206,,"The candidate sentences mention socialisation on preventing violence against women and various service/handling measures (including guidelines for handling violence), but they do not specify dissemination/education/awareness activities about laws, regulations, or policies related to VAW as a prevention strategy.",Reference only
SUMATERA SELATAN PALEMBANG KOTA,SUMATERA_SELATAN_PALEMBANG_KOTA.txt,2.5,Training and capacity building,institutional_mechanism,Yes,No,1.0,0.0,false_negative,0.9999084493610688,,"The candidate sentences describe service standards and staff qualifications (e.g., certified counselors) and mention guidelines, but they do not explicitly mandate training, technical guidance, or capacity-building activities for implementing agencies or service providers as required by the coding rules.",Reference only
SUMATERA SELATAN PALEMBANG KOTA,SUMATERA_SELATAN_PALEMBANG_KOTA.txt,2.6,Monitoring and evaluation,institutional_mechanism,Yes,No,1.0,0.0,false_negative,0.8798266996519848,,"The candidate sentences include community participation in monitoring law enforcement processes and general monitoring of conditions, but they do not establish monitoring and evaluation of policy implementation and service delivery as an M&E mechanism for the policy itself.",Reference only
SUMATERA SELATAN PALEMBANG KOTA,SUMATERA_SELATAN_PALEMBANG_KOTA.txt,4.3,VAW laws awareness,primary_prevention,Yes,No,1.0,0.0,false_negative,1.0,,"The candidate sentences include prevention socialization about preventing violence and mention guidelines for handling violence, but they do not specify any socialization/education/dissemination about laws, regulations, or policies related to VAW. References to “laws and regulations” appear only as a general basis for community participation, not as the subject of an awareness activity.",Reference only
SUMATERA SELATAN PALEMBANG KOTA,SUMATERA_SELATAN_PALEMBANG_KOTA.txt,5.4,Education institutions engagement,stakeholder_engagement,Yes,No,1.0,0.0,false_negative,0.9997711312602866,,"The candidate sentences mention education only as a field for equal opportunities and as a right of children, but they do not identify schools, universities, academics, or the education sector as stakeholders/partners in prevention, services, coordination, or capacity building related to violence.",Reference only
SUMATERA SELATAN PALEMBANG KOTA,SUMATERA_SELATAN_PALEMBANG_KOTA.txt,7.1,Local government budget,budget_funding_sources,Yes,No,1.0,0.0,false_negative,0.9997940169556383,,"The retrieved sentences describe City Government obligations and activities and note that the regulation’s scope includes “funding,” but they do not explicitly identify a local government budget (or any specific budget source) as the funding source.",Reference only
SUMATERA SELATAN PALEMBANG KOTA,SUMATERA_SELATAN_PALEMBANG_KOTA.txt,7.2,National government budget,budget_funding_sources,Yes,No,1.0,0.0,false_negative,0.999732989016709,,"The candidate sentences reference laws and City Government responsibilities and mention “funding” only as part of the regulation’s scope, but they do not state that national government budget funds the measures.",Reference only
SUMATERA SELATAN PALEMBANG KOTA,SUMATERA_SELATAN_PALEMBANG_KOTA.txt,7.4,Other legal sources,budget_funding_sources,Yes,No,1.0,0.0,false_negative,0.9999084493610688,,"The retrieved sentences do not specify any “other legal sources” of funding (e.g., fines, earmarked revenues, special funds, or other legally defined non-budget sources). They only indicate that “funding” is within the scope of the regulation without naming sources.",Reference only
SUMATERA SELATAN PENUKAL ABAB LEMATANG ILIR,SUMATERA_SELATAN_PENUKAL_ABAB_LEMATANG_ILIR.txt,2.3,Data collection systems,institutional_mechanism,No,Yes,0.0,1.0,false_positive,0.9413755384972873,"What is meant by ""complaint, consultation, and counseling services"" includes initial identification or recording of victims; case identification; and consent for action to be taken.","The policy’s elucidation of complaint/consultation/counseling services explicitly includes initial identification/recording of victims and case identification, which is an explicit requirement to record and document information linked to victims/cases of violence.",Reference only
SUMATERA SELATAN PENUKAL ABAB LEMATANG ILIR,SUMATERA_SELATAN_PENUKAL_ABAB_LEMATANG_ILIR.txt,5.3,Traditional/cultural engagement,stakeholder_engagement,No,Yes,0.0,1.0,false_positive,1.0,Social reintegration services are carried out by the Regency Government by coordinating with relevant government and non-government agencies and institutions; and village community institutions and/or local community leaders.,"The policy explicitly references coordination with village community institutions and/or local community leaders in delivering social reintegration services, which qualifies as engaging community leaders/mechanisms in implementation of victim support services.",Reference only
SUMATERA SELATAN PENUKAL ABAB LEMATANG ILIR,SUMATERA_SELATAN_PENUKAL_ABAB_LEMATANG_ILIR.txt,6.2,Women victims of trafficking,intersectional_approach,No,Yes,0.0,1.0,false_positive,1.0,(2) The PPT as referred to in paragraph (1) is an integrated part and constitutes one unit with the PPT that provides integrated services for witnesses and/or victims of criminal acts of human trafficking.,"The policy explicitly references integrated services for witnesses and/or victims of criminal acts of human trafficking through the PPT, bringing trafficking victims within the policy’s service/coordination scope.",Reference only
SUMATERA SELATAN PENUKAL ABAB LEMATANG ILIR,SUMATERA_SELATAN_PENUKAL_ABAB_LEMATANG_ILIR.txt,6.11,Domestic workers,intersectional_approach,No,Yes,0.0,1.0,false_positive,0.8482836399575129,"(1) The Regency Government is obligated to protect the fulfillment of the rights of Child workers in the informal sector.
domestic workers;","The policy includes domestic workers within the category of child workers in the informal sector and states the government is obligated to protect fulfillment of the rights of these child workers, which constitutes a special protection measure targeted at (child) domestic workers.",Reference only
SUMATERA SELATAN PRABUMULIH KOTA,SUMATERA_SELATAN_PRABUMULIH_KOTA.txt,1.6,Harmful practices,scope_of_violence,No,Yes,0.0,1.0,false_positive,1.0,"strengthens the role of community organizations, religious organizations and the family environment; and prevents early marriage.","The policy explicitly mentions preventing “early marriage,” which is a recognized harmful practice and is sufficient for inclusion under the coding rules.",Reference only
SUMATERA SELATAN PRABUMULIH KOTA,SUMATERA_SELATAN_PRABUMULIH_KOTA.txt,1.9,Sexual slavery/exploitation,scope_of_violence,No,Yes,0.0,1.0,false_positive,0.9953058104576851,"all work that utilizes, provides, or offers Children for prostitution, pornography production, pornographic performances, or gambling;","The policy explicitly references children being utilized/provided/offered for “prostitution” and “pornography production/performances,” which are explicit forms of sexual exploitation covered by the criterion.",Reference only
SUMATERA SELATAN PRABUMULIH KOTA,SUMATERA_SELATAN_PRABUMULIH_KOTA.txt,2.3,Data collection systems,institutional_mechanism,Yes,No,1.0,0.0,false_negative,0.358357398350786,,"The candidate sentences mention the scope including a gender and child data system and disaggregated data, but they do not explicitly link data collection/management to violence against women, victims, or violence cases, nor do they assign responsibility for collecting/recording/reporting VAW case data in the provided excerpts.",Reference only
SUMATERA SELATAN PRABUMULIH KOTA,SUMATERA_SELATAN_PRABUMULIH_KOTA.txt,6.1,Women in conflict/disaster areas,intersectional_approach,No,Yes,0.0,1.0,false_positive,0.9640267911810223,protecting women and children from conflict and domestic Violence that degrades human dignity;,"The policy explicitly mentions protecting women (and children) from conflict, which constitutes a special protection focus for women in a conflict situation.",Reference only
SUMATERA SELATAN PRABUMULIH KOTA,SUMATERA_SELATAN_PRABUMULIH_KOTA.txt,6.5,People with disability,intersectional_approach,No,Yes,0.0,1.0,false_positive,0.9998855623561498,disability;,"The policy explicitly identifies “disability” as a social problem criterion for which social welfare implementation is prioritized, indicating people with disabilities are a target beneficiary group for prioritized support/services.",Reference only
SUMATERA UTARA BATU BARA,SUMATERA_UTARA_BATU_BARA.txt,3.7,Psychosocial counselling,specialised_support_services,Yes,No,1.0,0.0,false_negative,0.9997177323229784,,"The candidate sentences refer to psychological health recovery and to health rehabilitation including psychological aspects, but they do not explicitly describe psychosocial/psychological counselling, therapy, trauma counselling, or identify psychological professionals providing counselling/support services as required by the coding rules.",Reference only
SUMATERA UTARA BATU BARA,SUMATERA_UTARA_BATU_BARA.txt,6.2,Women victims of trafficking,intersectional_approach,No,Yes,0.0,1.0,false_positive,0.9999465949513187,"5. Law Number 21 of 2007 concerning the Eradication of the Criminal Act of Trafficking in Persons (State Gazette of the Republic of Indonesia of 2007 Number 58, Supplement to the State Gazette of the Republic of Indonesia Number 4720);","The policy’s legal foundation explicitly cites a national law on trafficking in persons, which the coding rules treat as sufficient to include trafficking victims within scope even without further trafficking-specific measures.",Reference only
SUMATERA UTARA PADANGSIDIMPUAN KOTA,SUMATERA_UTARA_PADANGSIDIMPUAN_KOTA.txt,1.6,Harmful practices,scope_of_violence,No,Yes,0.0,1.0,false_positive,1.0,prevent marriage at child age;,"The policy explicitly addresses a harmful practice by requiring families to prevent marriage at child age, which is a direct reference to child/early marriage.",Reference only
SUMATERA UTARA PADANGSIDIMPUAN KOTA,SUMATERA_UTARA_PADANGSIDIMPUAN_KOTA.txt,2.3,Data collection systems,institutional_mechanism,Yes,No,1.0,0.0,false_negative,0.8482836399575129,,"While the text defines an information system and a gender/child data system (including that disaggregated data can include violence) and mentions exchange of data and information, the candidate sentences do not explicitly link the data system’s collection/recording/monitoring functions to violence against women, victims of violence, or violence cases as required by the coding rules.",Reference only
SUMATERA UTARA PADANGSIDIMPUAN KOTA,SUMATERA_UTARA_PADANGSIDIMPUAN_KOTA.txt,3.4,Safety/protection shelter,specialised_support_services,No,Yes,0.0,1.0,false_positive,0.999732989016709,"Integrated Service Center for Women and Child Protection hereinafter abbreviated as P2TP2A is an integrated service center in efforts to empower women in various fields of development, as well as protection of women and children from various types of discrimination and acts of violence, including trafficking in persons, established by the regional government or community-based, which includes: referral centers, business consultation centers, reproductive health consultation centers, legal consultation centers, integrated crisis centers (PKT), integrated service centers (PPT), trauma recovery centers (trauma centers), women's crisis handling centers (women crisis centers), training centers, science and technology information centers (PIPTEK), safe houses (shelters), transit houses, children's friend telephone (TESA) 129, or other forms.
23. Safe house is a temporary residence used to provide protection to victims in accordance with established operational standards.","The policy explicitly defines a safe house as temporary residence for protection and includes safe houses (shelters) as part of the integrated service center (P2TP2A) components, indicating shelter-based protection is available within the service framework.",Reference only
SUMATERA UTARA PADANGSIDIMPUAN KOTA,SUMATERA_UTARA_PADANGSIDIMPUAN_KOTA.txt,4.4,Prevention through education,primary_prevention,No,Yes,0.0,1.0,false_positive,0.9413755384972873,"building networks and collaboration with law enforcement apparatus, government apparatus, as well as educational institutions, health institutions, hospitals, various NGOs concerned with women and children;
education;","The policy explicitly situates prevention of violence against women and children as being carried out in the field of education and also includes collaboration with educational institutions as part of prevention efforts, meeting the requirement that education/education institutions are identified within the prevention strategy.",Reference only
SUMATERA UTARA PADANGSIDIMPUAN KOTA,SUMATERA_UTARA_PADANGSIDIMPUAN_KOTA.txt,5.8,Private sector engagement,stakeholder_engagement,No,Yes,0.0,1.0,false_positive,1.0,"To ensure the fulfillment of children's rights so that they can live, grow, develop, and participate optimally in accordance with human dignity and receive protection from violence and discrimination, real integrated efforts are needed among the Regional Government, community and business sector through the development of a Child-Friendly City.
2. Membership of the Child-Friendly City Task Force may come from the Regional Government, child representatives, the business sector, religious leaders, community leaders and other parties as needed.","The policy explicitly includes the business sector as part of integrated efforts for a Child-Friendly City and allows task force membership to include the business sector, indicating recognition of the private sector as a stakeholder in implementation.",Reference only
SUMATERA UTARA PADANGSIDIMPUAN KOTA,SUMATERA_UTARA_PADANGSIDIMPUAN_KOTA.txt,7.3,International donors,budget_funding_sources,No,Yes,0.0,1.0,false_positive,0.6351489523872873,"1. Regional cooperation is a joint effort between regions with other regions, between regions with third parties, and/or between regions and institutions or regional governments abroad based on a balance of efficiency and effectiveness of public services and mutual benefit.","The policy explicitly contemplates cooperation 'with institutions or regional governments abroad,' which indicates an international component to support/partnership arrangements relevant to implementation (even if not framed as a specific donor budget line).",Reference only
SUMATERA UTARA PAKPAK BHARAT,SUMATERA_UTARA_PAKPAK_BHARAT.txt,1.9,Sexual slavery/exploitation,scope_of_violence,No,Yes,0.0,1.0,false_positive,1.0,"Sexual violence can also take the form of forced sexual intercourse committed against a person residing within the scope of the household, forced sexual intercourse against a person within the scope of one's household with another person for commercial purposes and or certain purposes.","The policy’s description of sexual violence explicitly includes forced sexual intercourse involving another person for commercial or certain purposes, which constitutes sexual exploitation within the meaning of the criterion.",Reference only
SUMATERA UTARA PAKPAK BHARAT,SUMATERA_UTARA_PAKPAK_BHARAT.txt,2.3,Data collection systems,institutional_mechanism,Yes,No,1.0,0.0,false_negative,0.8798266996519847,,"The candidate sentences mention monitoring, reporting, and building an information system, but they do not explicitly link any data/information system or reporting requirement to collecting/recording/managing data on violence cases or victims; the reporting cited is about implementation of SPM rather than VAW case data management.",Reference only
SUMATERA UTARA PAKPAK BHARAT,SUMATERA_UTARA_PAKPAK_BHARAT.txt,2.5,Training and capacity building,institutional_mechanism,Yes,No,1.0,0.0,false_negative,1.0,,"The excerpts refer to institutional capacity and to “guidance and supervision,” and mention “training” only in the context of general access to education/training for the community, not as mandated training/capacity building for implementing agencies or service providers. References to trained officers are not a sufficient basis under the coding rules.",Reference only
SUMATERA UTARA PAKPAK BHARAT,SUMATERA_UTARA_PAKPAK_BHARAT.txt,3.10,Economic support,specialised_support_services,Yes,No,1.0,0.0,false_negative,1.0,,"The candidate sentences mention opening access to education/training/funding/income enhancement and opening employment opportunities for women as prevention efforts, but they do not explicitly specify that these economic measures are provided to women victims/survivors of violence (as opposed to women/the community generally).",Reference only
SUMATERA UTARA PAKPAK BHARAT,SUMATERA_UTARA_PAKPAK_BHARAT.txt,6.2,Women victims of trafficking,intersectional_approach,No,Yes,0.0,1.0,false_positive,1.0,"prevent acts of violence against women and children including human trafficking;
7. Human trafficking is the act of recruiting, transporting, harboring, sending, transferring, or receiving a person by threat of violence, use of violence, abduction, confinement, forgery, fraud and abuse of power or vulnerable position, debt bondage or giving payment or benefits, so as to obtain consent from the person holding control over that other person, whether carried out within the country or between countries, for the purpose of exploitation or resulting in the person being exploited.
Therefore, the government of Pakpak Bharat Regency is obliged to provide protection to women and children from acts of violence which is an implementation of various laws and regulations, including Law Number 39 of 1999 concerning Human Rights, Law Number 23 of 2002 concerning Child Protection, Law Number 23 of 2004 concerning the Elimination of Domestic Violence, Law Number 21 of 2007 concerning the Eradication of the Crime of Trafficking in Persons.","The policy explicitly mentions human trafficking within the purpose of protection, defines human trafficking, and cites the national anti-trafficking law in its legal foundation, indicating trafficking cases/victims are within scope.",Reference only
