fullname,filename,indicator_id,indicator_value,dimension,confidence,answer_logprob,p_yes,pred_label,golden_label,correct,error_type,rationale
JAWA BARAT BANDUNG KOTA,JAWA_BARAT_BANDUNG_KOTA.txt,2.2,Collaboration with NGOs,institutional_mechanism,0.0,-0.6931304931640625,0.5,Yes,Yes,True,match,"The policy explicitly includes non-governmental organizations within the definition of relevant assisting institutions, and it assigns a duty to coordinate/cooperate with other institutions in fulfilling victims’ rights; it also references empowering community institutions and women’s organizations in prevention. While the cooperation clause does not explicitly name NGOs, the definition and references to women’s/community organizations support that non-government actors are contemplated as collaborating partners."
JAWA BARAT BEKASI KOTA,JAWA_BARAT_BEKASI_KOTA_v2.txt,4.2,Gender equality education,primary_prevention,0.0,-0.6930618286132812,0.5,No,Yes,False,false_negative,"While the policy mentions education/socialization about women’s rights, the retrieved sentences do not explicitly situate these women’s rights/gender equality education activities as a strategy to prevent violence against women (the prevention-linked education mentioned is not specified as women’s rights/gender equality education). Under the coding rules, women’s rights education alone is insufficient without an explicit prevention-of-VAW linkage."
JAWA BARAT PANGANDARAN,JAWA_BARAT_PANGANDARAN.txt,6.8,Women in legal process,intersectional_approach,0.0,-0.6931343078613281,0.5,Yes,No,False,false_positive,"The policy explicitly provides protection for women former inmates of correctional institutions, which constitutes women involved in the criminal justice system and thus addresses women in conflict with the law through a specific protected group and measures."
JAWA TENGAH WONOSOBO,JAWA_TENGAH_WONOSOBO.txt,2.5,Training and capacity building,institutional_mechanism,0.0,-0.6931304931640625,0.5,No,No,True,match,"While the text mentions “development of institutional capacity” and includes education/training services and skills training, these references are directed to beneficiaries (women/children) or are general capacity development without an explicit mandate for training/capacity building of government officials, implementing agencies, or service providers responsible for implementing the policy, as required by the coding rules."
KALIMANTAN BARAT KUBU RAYA,KALIMANTAN_BARAT_KUBU_RAYA.txt,4.1,Information and education about VAW,primary_prevention,0.0,-0.6932373046875,0.5,No,Yes,False,false_negative,"The retrieved sentences mention prevention generally and include dissemination of laws/regulations related to protection of women victims of violence and awareness-raising among families/communities, plus education for women victims and use of communication/information/education media. However, the coding rules for this indicator exclude education or information about laws/regulations/policies related to VAW, and the passages do not clearly describe awareness/education activities that provide information specifically about violence against women or anti-violence norms/values (as distinct from legal dissemination or victim-focused education)."
KALIMANTAN BARAT SINGKAWANG KOTA,KALIMANTAN_BARAT_SINGKAWANG_KOTA.txt,2.5,Training and capacity building,institutional_mechanism,0.0,-0.6932373046875,0.5,Yes,Yes,True,match,"The policy provides that guidance in implementation is carried out in forms that include “technical guidance and training,” which is an explicit training measure tied to implementing child and women protection, meeting the criterion’s requirement for mandated training/capacity-building for implementation."
JAWA TIMUR JEMBER,JAWA_TIMUR_JEMBER.txt,3.3,Reporting/hotline service,specialised_support_services,0.0,-0.693145751953125,0.5,No,Yes,False,false_negative,"The text notes victims’ right to information about the location of complaint centers and mentions community reporting to authorities, but it does not explicitly establish or describe a mechanism/service/unit for receiving complaints/reports (e.g., a complaint center, hotline, or intake procedure). Under the coding rules, mere mention of reporting or a right to information about complaint centers without establishing/mandating a receiving mechanism is insufficient."
KEPULAUAN BANGKA BELITUNG BELITUNG,KEPULAUAN_BANGKA_BELITUNG_BELITUNG.txt,3.8,Religious/spiritual counselling,specialised_support_services,0.0,-0.6931343078613281,0.5,Yes,Yes,True,match,"The policy specifies that victim services are implemented by relevant agencies including those whose duties and functions are in “mental and spiritual,” which (per the coding rules) should be interpreted as provision of spiritual/religious support services as part of victim services."
SULAWESI TENGAH SIGI,SULAWESI_TENGAH_SIGI.txt,4.2,Gender equality education,primary_prevention,0.0,-0.6931114196777344,0.5,Yes,No,False,false_positive,"The policy includes an educational/socialisation activity specifically about women’s rights (and children’s rights). Because this is listed under community participation in implementing protection for women and children victims of violence, it is situated within the broader prevention/protection framework for violence against women and children."
SUMATERA BARAT SOLOK KOTA,SUMATERA_BARAT_SOLOK_KOTA.txt,5.4,Education institutions engagement,stakeholder_engagement,0.0,-0.6930427551269531,0.5,Yes,No,False,false_positive,"The policy includes educators as a target group for training on prevention and handling of violence against women and children, indicating engagement of the education sector in capacity building related to violence prevention/response."
NUSA TENGGARA TIMUR SIKKA,NUSA_TENGGARA_TIMUR_SIKKA.txt,6.1,Women in conflict/disaster areas,intersectional_approach,0.0,-0.693267822265625,0.5,No,No,True,match,"The text defines a victim as a woman/child experiencing violence including in conflict and post-conflict situations, but it does not set out any special protection measures specifically targeted at women in conflict/disaster/emergency/displacement contexts. The only explicit 'special protection' provision listed is for children in various situations (including emergency and conflict), which is insufficient for this criterion."
SUMATERA SELATAN OGAN KOMERING ULU,SUMATERA_SELATAN_OGAN_KOMERING_ULU_v2.txt,6.6,Women heads of household,intersectional_approach,0.0,-0.6931571960449219,0.5,No,No,True,match,"The cited text mentions possible capital assistance to women as heads of households as part of economic empowerment, but it does not establish special protection measures (protection/services) targeted at women heads of household as such."
JAWA BARAT MAJALENGKA,JAWA_BARAT_MAJALENGKA.txt,3.9,Resocialisation services,specialised_support_services,0.12435300177159614,-0.5759353637695312,0.5621765008857981,Yes,Yes,True,match,"The policy describes assistance as including continuous handling up to the rehabilitation stage, indicating rehabilitation support is provided within the victim support mechanism (assistance framework)."
NUSA TENGGARA BARAT DOMPU,NUSA_TENGGARA_BARAT_DOMPU.txt,3.9,Resocialisation services,specialised_support_services,0.12435300177159614,-0.5760536193847656,0.43782349911420193,No,Yes,False,false_negative,"While the text describes social rehabilitation and social reintegration/resocialization activities, the provided sentences do not clearly link these services to a specific service unit or responsible institution (e.g., UPTD PPA) as the provider; they are described generally or as carried out by the Regional Government in coordination with others."
NUSA TENGGARA BARAT LOMBOK TENGAH,NUSA_TENGGARA_BARAT_LOMBOK_TENGAH_v2.txt,2.5,Training and capacity building,institutional_mechanism,0.12435300177159614,-0.5759010314941406,0.5621765008857981,Yes,Yes,True,match,"The policy provides for strengthening institutional capacity through interventions aimed at increasing the knowledge and skills of law enforcement officers and other relevant officials, which is a form of capacity building/training for personnel involved in implementation."
DI YOGYAKARTA GUNUNGKIDUL,DI_YOGYAKARTA_GUNUNGKIDUL.txt,3.8,Religious/spiritual counselling,specialised_support_services,0.12435300177159614,-0.5759353637695312,0.5621765008857981,Yes,Yes,True,match,"The policy explicitly includes clergy among those who may provide assistance to victims, which qualifies as faith-based/spiritual support being available as part of victim assistance."
KEPULAUAN BANGKA BELITUNG BELITUNG,KEPULAUAN_BANGKA_BELITUNG_BELITUNG.txt,3.2,Police specialised service unit,specialised_support_services,0.12435300177159614,-0.5759353637695312,0.5621765008857981,Yes,No,False,false_positive,"The policy requires victim services to be supported by facilities including “special service rooms in police lines,” which is an explicit reference to a police-based specialised victim service facility/unit (e.g., RPK-equivalent)."
SUMATERA BARAT PESISIR SELATAN,SUMATERA_BARAT_PESISIR_SELATAN.txt,6.3,Women workers,intersectional_approach,0.12435300177159614,-0.5758743286132812,0.43782349911420193,No,No,True,match,"The retrieved text mentions protection efforts for “women and Child workers,” but it does not explicitly identify women workers/employees as a specific target group nor specify workplace-focused protection measures for women workers (e.g., protection from workplace violence/exploitation)."
NUSA TENGGARA BARAT LOMBOK TENGAH,NUSA_TENGGARA_BARAT_LOMBOK_TENGAH.txt,6.10,Refugee/forced displacement,intersectional_approach,0.1243530017715962,-0.5759773254394531,0.5621765008857981,Yes,No,False,false_positive,"The policy explicitly includes refugees within 'Children in emergency situations' by listing 'Children who become refugees' as a category under special protection, which constitutes targeted protection for refugees/forced displacement (at least for children)."
MALUKU SERAM BAGIAN BARAT,MALUKU_SERAM_BAGIAN_BARAT.txt,6.5,People with disability,intersectional_approach,0.1243530017715962,-0.5760269165039062,0.4378234991142019,No,Yes,False,false_negative,"Although the definition of “Victim” includes vulnerable groups such as persons with disabilities, the provided text does not specify any disability-targeted protection measures, services, accommodations, or identify disability status as requiring special protection beyond this general inclusion."
SUMATERA BARAT PAYAKUMBUH KOTA,SUMATERA_BARAT_PAYAKUMBUH_KOTA.txt,5.4,Education institutions engagement,stakeholder_engagement,0.1243530017715962,-0.5759086608886719,0.5621765008857981,Yes,No,False,false_positive,"The policy includes educators as a target group for training aimed at preventing violence against women and children, indicating engagement of the education sector in capacity building for prevention."
SUMATERA SELATAN OGAN KOMERING ULU,SUMATERA_SELATAN_OGAN_KOMERING_ULU_v2.txt,4.4,Prevention through education,primary_prevention,0.1243530017715962,-0.5758476257324219,0.5621765008857981,Yes,Yes,True,match,"The policy explicitly links prevention of violence against women to increasing women’s insight/knowledge and specifies that this prevention is carried out by increasing informal education, thereby identifying education as an explicit prevention mechanism for violence against women (not only for children)."
LAMPUNG PRINGSEWU,LAMPUNG_PRINGSEWU.txt,4.4,Prevention through education,primary_prevention,0.1243530017715962,-0.5760269165039062,0.4378234991142019,No,Yes,False,false_negative,"Although the policy lists “increasing the quantity and quality of education” within a prevention chapter and notes prevention is carried out by agencies including the education sector, the candidate sentences do not specify formal education instruments (e.g., curricula, school-based programs, teaching/learning materials) or explicit involvement of education institutions as the prevention mechanism; the references remain broad improvements/access to education rather than explicit education-based prevention programming as defined by the coding rules."
MALUKU UTARA TERNATE KOTA,MALUKU_UTARA_TERNATE_KOTA.txt,3.9,Resocialisation services,specialised_support_services,0.1243530017715962,-0.575897216796875,0.5621765008857981,Yes,Yes,True,match,"The policy states that victims have the right to continuous handling up to the rehabilitation stage as part of integrated services, linking rehabilitation to the victim service mechanism rather than mentioning it only as an abstract concept."
BALI BANGLI,BALI_BANGLI.txt,1.5,Economic violence,scope_of_violence,0.1243530017715962,-0.5760040283203125,0.4378234991142019,No,Yes,False,false_negative,"While the policy’s general definition of violence mentions neglect, it does not explicitly identify economic violence/abuse/exploitation or define violence against women as including economic suffering, nor does it describe economic-control behaviors or economic deprivation as violence against women in the provided sentences."
JAWA TIMUR SAMPANG,JAWA_TIMUR_SAMPANG.txt,2.5,Training and capacity building,institutional_mechanism,0.1243530017715962,-0.5758476257324219,0.5621765008857981,Yes,Yes,True,match,"The policy includes measures to improve the quality of human resources of managers and to establish/develop/strengthen the capacity of women and child protection institutions and complaint service units, which qualifies as capacity building aimed at implementing institutions/service units under the policy."
KALIMANTAN SELATAN HULU SUNGAI UTARA,KALIMANTAN_SELATAN_HULU_SUNGAI_UTARA.txt,3.8,Religious/spiritual counselling,specialised_support_services,0.1243530017715962,-0.5760345458984375,0.5621765008857981,Yes,Yes,True,match,"The policy assigns implementation of victim services to agencies whose duties include the “mental and spiritual” field, which under the coding rules is interpreted as provision of spiritual/faith-based support as part of services."
JAWA TIMUR BLITAR KOTA,JAWA_TIMUR_BLITAR_KOTA.txt,3.9,Resocialisation services,specialised_support_services,0.1243530017715962,-0.5759620666503906,0.4378234991142019,No,Yes,False,false_negative,"Although rehabilitation and social reintegration are defined and victims have a right to continuous handling up to rehabilitation/reintegration, the candidate sentences do not clearly assign rehabilitation/reintegration/resocialisation services to a specific service unit (e.g., UPT/P2TP2A) as a provided service."
MALUKU SERAM BAGIAN BARAT,MALUKU_SERAM_BAGIAN_BARAT.txt,4.4,Prevention through education,primary_prevention,0.12435300177159625,-0.5758934020996094,0.43782349911420193,No,Yes,False,false_negative,"Although the policy mentions increasing the quantity and quality of formal/non-formal/informal education in the context of broader prevention efforts, it does not explicitly identify specific education instruments (e.g., school-based programs, curricula, teaching materials) or involvement of education institutions as a prevention mechanism for violence, as required by the coding rules."
JAWA TENGAH WONOGIRI,JAWA_TENGAH_WONOGIRI.txt,2.5,Training and capacity building,institutional_mechanism,0.12435300177159625,-0.575958251953125,0.5621765008857982,Yes,No,False,false_positive,"The policy states that participating social community organizations shall be provided guidance by the local government, and specifies that such guidance may include paralegal training and operational technical guidance, which are explicit training/technical guidance measures supporting implementation."
JAWA TENGAH SEMARANG KOTA,JAWA_TENGAH_SEMARANG_KOTA.txt,3.3,Reporting/hotline service,specialised_support_services,0.12435300177159625,-0.8260078430175781,0.5621765008857982,No,Yes,False,false_negative,"The text notes that community members may report violence to law enforcement/authorized parties and that victims have a right to complaint handling, but it does not explicitly establish or describe a mechanism/service/channel for receiving complaints or reports (e.g., a reporting service, hotline, or designated receiving unit/procedure)."
SULAWESI TENGAH TOLI TOLI,SULAWESI_TENGAH_TOLI_TOLI.txt,4.2,Gender equality education,primary_prevention,0.12435300177159625,-0.575927734375,0.43782349911420193,No,No,True,match,"While the policy mentions socializing the rights of women and children, it does not explicitly situate education/awareness about gender equality, equal rights of women and men, non-discrimination against women, or gender-sensitive norms as a prevention strategy. The cited awareness activities focus on violence prevention generally or on laws/rights without specifying gender equality content as required by the coding rules."
SUMATERA SELATAN OGAN KOMERING ULU SELATAN,SUMATERA_SELATAN_OGAN_KOMERING_ULU_SELATAN.txt,5.8,Private sector engagement,stakeholder_engagement,0.12435300177159625,-0.8259124755859375,0.5621765008857981,No,No,True,match,"The only relevant mention is the definition of a Child-Friendly Regency involving integration of resources of government, community, and the business world, but the provided sentences do not assign businesses/private sector any explicit role in prevention, protection, or service delivery for violence against women/children."
JAWA BARAT BANDUNG,JAWA_BARAT_BANDUNG.txt,2.5,Training and capacity building,institutional_mechanism,0.1243530017715963,-0.5758705139160156,0.5621765008857982,Yes,Yes,True,match,"The policy includes “training” as a form of implementing women’s protection policies/programs and also mandates strengthening the capacity of gender institutions as part of implementation efforts, which constitutes capacity building for implementation mechanisms."
JAWA TIMUR BANYUWANGI,JAWA_TIMUR_BANYUWANGI.txt,1.5,Economic violence,scope_of_violence,0.1243530017715963,-0.5759506225585938,0.4378234991142019,No,Yes,False,false_negative,"While the policy mentions “neglect” and “exploitation” as criminal acts and refers to restoring victims’ economic conditions, the candidate sentences do not explicitly identify economic violence/financial abuse/economic neglect as a form of violence against women, nor do they define or classify economic violence as such."
JAWA BARAT GARUT,JAWA_BARAT_GARUT.txt,4.4,Prevention through education,primary_prevention,0.1243530017715963,-0.5759506225585938,0.4378234991142019,No,No,True,match,"The prevention section mentions providing knowledge and identifies the education sector among implementing agencies, but it does not explicitly describe formal education instruments (e.g., schools, curricula, teaching materials, education programs) as a prevention mechanism. The only explicit “education and training” mentioned is for victims within partnerships, and it is not framed as a prevention strategy."
MALUKU UTARA TERNATE KOTA,MALUKU_UTARA_TERNATE_KOTA.txt,2.2,Collaboration with NGOs,institutional_mechanism,0.24491866240370908,-0.47414398193359375,0.3775406687981454,No,No,True,match,"The text mentions protection from non-government institutions and community elements, and notes that assistance providers cooperate with P2TP2A, but it does not explicitly identify NGOs/civil society organisations/non-government service providers as partners or establish a collaboration mechanism with them (beyond generic non-government/community references)."
PAPUA BARAT DAYA SORONG,PAPUA_BARAT_DAYA_SORONG.txt,4.4,Prevention through education,primary_prevention,0.24491866240370908,-0.47406005859375,0.3775406687981454,No,Yes,False,false_negative,"Although the policy lists “increasing the number and quality of education” within a prevention article and notes prevention is carried out by work units in the education field, it does not explicitly identify a formal education instrument (e.g., school-based programs, curricula, teaching materials, education institutions delivering specific prevention education) as the prevention mechanism; the references remain broad and non-specific under the coding exclusions."
JAWA BARAT BANJAR KOTA,JAWA_BARAT_BANJAR_KOTA.txt,4.2,Gender equality education,primary_prevention,0.24491866240370908,-0.47409820556640625,0.3775406687981454,No,No,True,match,"While the text includes education on non-discrimination values and defines protection as aimed at achieving gender equality, the retrieved sentences do not explicitly situate education/awareness about gender equality or women’s rights as a prevention strategy for violence against women; the clearest prevention-linked education is about anti-violence values rather than gender equality/women’s rights."
JAWA BARAT SUMEDANG,JAWA_BARAT_SUMEDANG.txt,6.4,Elderly women,intersectional_approach,0.24491866240370908,-0.47409820556640625,0.6224593312018545,Yes,Yes,True,match,"The policy explicitly references ensuring fulfillment of specific needs of women including the elderly within disaster-related protection coordination, indicating targeted consideration for elderly women."
SULAWESI TENGAH DONGGALA,SULAWESI_TENGAH_DONGGALA.txt,2.3,Data collection systems,institutional_mechanism,0.24491866240370913,-0.4740715026855469,0.37754066879814546,No,Yes,False,false_negative,"While the text mentions preparing an “effective information system” and describes it as providing data/telephone/website facilities for oral reports/complaints, the candidate sentences do not explicitly establish or assign responsibility for collecting/recording/managing data on violence against women, victims, or cases as required by the coding rules."
SULAWESI TENGAH PARIGI MOUTONG,SULAWESI_TENGAH_PARIGI_MOUTONG.txt,4.2,Gender equality education,primary_prevention,0.24491866240370913,-0.4741668701171875,0.6224593312018546,Yes,No,False,false_positive,"Within the section on preventing violence against women, the policy includes an activity to raise public awareness that respects women (and protects children). This is an awareness-raising prevention measure tied to norms/attitudes toward women, which fits the criterion’s allowance for gender-sensitive attitudes/norms as a prevention education activity, even though it does not explicitly use the term 'gender equality'."
SUMATERA SELATAN OGAN KOMERING ULU,SUMATERA_SELATAN_OGAN_KOMERING_ULU_v2.txt,6.7,Women from minority groups,intersectional_approach,0.24491866240370913,-0.4741668701171875,0.37754066879814546,No,Yes,False,false_negative,"The passages address minority/isolated groups only in relation to children, while the only women-related reference is to women in “vulnerable and/or minority groups” without specifying women from minority or isolated groups as a protected target group with protection measures."
LAMPUNG PESISIR BARAT,LAMPUNG_PESISIR_BARAT.txt,2.6,Monitoring and evaluation,institutional_mechanism,0.24491866240370913,-0.4740104675292969,0.6224593312018546,Yes,Yes,True,match,"The policy includes government responsibilities to foster and supervise implementation and assigns assistants a duty to monitor victims’ interests and rights during examination processes, indicating monitoring elements tied to implementation/service delivery."
ACEH BIREUEN,ACEH_BIREUEN.txt,2.5,Training and capacity building,institutional_mechanism,0.24491866240370913,-0.4741630554199219,0.6224593312018546,Yes,Yes,True,match,"The policy includes a measure under guidance/supervision to facilitate capacity building of institutions organizing women’s protection, which is a capacity-building provision aimed at implementing institutions/service organizers rather than beneficiaries."
KALIMANTAN BARAT SAMBAS,KALIMANTAN_BARAT_SAMBAS.txt,4.2,Gender equality education,primary_prevention,0.24491866240370913,-0.4740562438964844,0.6224593312018546,Yes,No,False,false_positive,"Within the prevention chapter, the policy includes “critical education” as part of prevention efforts, and the elaboration specifies that this critical education includes training on gender equality and justice, satisfying the requirement for prevention-situated educational activities about gender equality."
MALUKU SERAM BAGIAN BARAT,MALUKU_SERAM_BAGIAN_BARAT.txt,1.1,Domestic violence,scope_of_violence,0.24491866240370913,-0.4740753173828125,0.37754066879814546,No,Yes,False,false_negative,"The retrieved sentences define and address violence against women and children generally, including violence occurring in the public sphere or private life, but they do not explicitly mention domestic violence, family/household violence, or intimate partner violence as required by the coding rules."
KEPULAUAN BANGKA BELITUNG BANGKA BARAT,KEPULAUAN_BANGKA_BELITUNG_BANGKA_BARAT_v2.txt,5.2,Religious engagement,stakeholder_engagement,0.24491866240370913,-0.474029541015625,0.37754066879814546,No,Yes,False,false_negative,"The text references “education and religion” as an element within PPT and requires attention to “religious norms,” but it does not explicitly identify religious organisations/leaders/clergy as actors or partners, nor does it include religious/spiritual counselling as a service or assign faith-based actors a role in implementation."
ACEH BIREUEN,ACEH_BIREUEN.txt,3.7,Psychosocial counselling,specialised_support_services,0.24491866240370913,-0.4741630554199219,0.37754066879814546,No,Yes,False,false_negative,"The text refers to psychological recovery and assistance “psychologically,” but it does not explicitly describe counselling/therapy/psychosocial support services or identify psychological professionals as service providers; the references are framed as recovery/assistance without specifying counselling services."
JAWA TENGAH KEBUMEN,JAWA_TENGAH_KEBUMEN.txt,6.7,Women from minority groups,intersectional_approach,0.24491866240370913,-0.474029541015625,0.37754066879814546,No,No,True,match,"The candidate sentences list several vulnerable women groups but do not explicitly mention minority/isolated/indigenous/ethnic or religious minority women as a target group. “Women in situations of intolerance” is not clearly defined as minority/isolated women in the provided text, so the criterion is not met based on the excerpts."
KALIMANTAN SELATAN TAPIN,KALIMANTAN_SELATAN_TAPIN.txt,3.9,Resocialisation services,specialised_support_services,0.2449186624037092,-0.4741477966308594,0.3775406687981454,No,Yes,False,false_negative,"While “social reintegration” and various forms of rehabilitation are listed as forms of protection services, the excerpts do not identify any service unit/institution/mechanism responsible for providing these resocialisation services, which is required by the coding rules."
KALIMANTAN TENGAH GUNUNG MAS,KALIMANTAN_TENGAH_GUNUNG_MAS.txt,6.10,Refugee/forced displacement,intersectional_approach,0.2449186624037092,-0.4741172790527344,0.6224593312018546,Yes,No,False,false_positive,"The policy’s definition/explanation of “special protection” explicitly includes “children who become refugees” as a category of children needing special protection, which constitutes a targeted special-protection reference for refugees/forced displacement (albeit child-focused)."
KALIMANTAN BARAT MELAWI,KALIMANTAN_BARAT_MELAWI.txt,4.4,Prevention through education,primary_prevention,0.2449186624037092,-0.4741096496582031,0.6224593312018546,Yes,No,False,false_positive,"Within the enumerated prevention efforts, the policy includes “providing education for women victims of violence,” explicitly presenting education as part of the prevention strategy."
JAWA TIMUR JOMBANG,JAWA_TIMUR_JOMBANG.txt,3.9,Resocialisation services,specialised_support_services,0.35835739835078584,-0.3868370056152344,0.320821300824607,No,Yes,False,false_negative,"While the text mentions “continuous handling up to the rehabilitation stage,” it does not identify any specific service unit or institution responsible for providing rehabilitation/resocialisation/reintegration services as required by the coding rules."
JAWA BARAT BANDUNG BARAT,JAWA_BARAT_BANDUNG_BARAT.txt,1.2,Sexual violence,scope_of_violence,0.3583573983507859,-0.3868141174316406,0.3208213008246071,No,Yes,False,false_negative,"Within the provided sentences, the policy does not explicitly mention sexual violence/rape/sexual harassment/sexual abuse, nor does it clearly classify sexual violence as a covered form of violence. References to women suffering “sexually” in a general definition of violence against women and to “sexual exploitation” do not explicitly establish sexual violence as a category under the criterion’s required terms."
KEPULAUAN BANGKA BELITUNG BANGKA SELATAN,KEPULAUAN_BANGKA_BELITUNG_BANGKA_SELATAN_v2.txt,5.1,NGO collaboration,stakeholder_engagement,0.3583573983507859,-0.3868141174316406,0.3208213008246071,No,Yes,False,false_negative,"The cited provisions discuss general community participation and mention “women's organizations” and “other institutions,” but they do not explicitly identify NGOs/civil society organisations as partners/collaborators in VAW prevention or service delivery, nor do they establish a coordination mechanism explicitly involving NGOs. Under the coding rules, general community involvement without identifying non-government organisations/groups is insufficient."
JAWA TIMUR BLITAR KOTA,JAWA_TIMUR_BLITAR_KOTA.txt,2.3,Data collection systems,institutional_mechanism,0.35835739835078595,-0.38687896728515625,0.679178699175393,Yes,Yes,True,match,"The coordination mechanism explicitly includes submission of data and information in the context of P2TP2A implementation and case handling, which links data/information exchange to violence-related service/case processes."
DI YOGYAKARTA KULON PROGO,DI_YOGYAKARTA_KULON_PROGO.txt,4.1,Information and education about VAW,primary_prevention,0.35835739835078595,-0.3868980407714844,0.679178699175393,Yes,Yes,True,match,"The policy describes prevention-related socialization and community awareness efforts connected to violence (including violence against women and children). It specifies that socialization can be conducted via media and counseling, and it includes fostering community awareness of acts of violence as part of prevention efforts, which constitutes awareness/education activities about violence as a preventive measure."
BALI TABANAN,BALI_TABANAN.txt,2.3,Data collection systems,institutional_mechanism,0.35835739835078595,-0.38687896728515625,0.679178699175393,Yes,No,False,false_positive,The policy assigns the Regent responsibility for preparing and submitting reports on implementation of minimum service standards for integrated services for women and children victims of violence. This is an explicit reporting responsibility directly linked to violence-related service implementation (though it does not detail a dedicated data system).
DI YOGYAKARTA SLEMAN,DI_YOGYAKARTA_SLEMAN.txt,5.6,Media engagement,stakeholder_engagement,0.35835739835078595,-0.38687896728515625,0.679178699175393,Yes,No,False,false_positive,"The policy assigns mass media/electronic media a role in implementing “socialization” (dissemination of information on laws and regulations), which constitutes engaging media in awareness/prevention-related activities under the coding rules."
JAWA TENGAH PEKALONGAN KOTA,JAWA_TENGAH_PEKALONGAN_KOTA.txt,4.4,Prevention through education,primary_prevention,0.35835739835078595,-0.3868255615234375,0.320821300824607,No,Yes,False,false_negative,"While the policy mentions education on anti-violence values and generally increasing the number/quality of education, the retrieved sentences do not explicitly identify formal education instruments or education institutions (e.g., schools/curricula/teaching materials) as the prevention mechanism, nor do they clearly link improvements in formal education quality/content to preventing violence in the specific way required by the coding rules."
JAWA BARAT TASIKMALAYA,JAWA_BARAT_TASIKMALAYA.txt,2.3,Data collection systems,institutional_mechanism,0.35835739835078595,-0.3869476318359375,0.320821300824607,No,Yes,False,false_negative,"While the text mentions a disaggregated gender and child data system and some monitoring/reporting provisions, the candidate sentences do not explicitly link a data collection/management system to violence against women, victims of violence, or VAW case data as required by the coding rules."
DI YOGYAKARTA KULON PROGO,DI_YOGYAKARTA_KULON_PROGO.txt,4.2,Gender equality education,primary_prevention,0.35835739835078595,-0.38690185546875,0.320821300824607,No,Yes,False,false_negative,"While the text mentions critical education about rights and includes training on gender equality and justice, the retrieved sentences frame this as critical education for women victims (a response/empowerment measure) rather than explicitly as a primary prevention activity to prevent violence against women. Other mentions (e.g., defining gender equality; education on non-discrimination values) are not clearly situated as prevention measures for VAW in the provided sentences under the coding rules."
BENGKULU REJANG LEBONG,BENGKULU_REJANG_LEBONG.txt,2.4,Gender mainstreaming institutionalisation,institutional_mechanism,0.35835739835078595,-0.3868980407714844,0.320821300824607,No,No,True,match,"The only mention is that BKKBD’s scope includes “gender mainstreaming,” but the candidate sentences do not establish or require gender mainstreaming as an institutional mechanism for implementing women’s protection/VAW policies (e.g., no mandate to mainstream gender in planning/budgeting/services, and no gender mainstreaming mechanism or working group is set out)."
NUSA TENGGARA BARAT DOMPU,NUSA_TENGGARA_BARAT_DOMPU.txt,4.2,Gender equality education,primary_prevention,0.35835739835078595,-0.38690185546875,0.320821300824607,No,Yes,False,false_negative,"While the policy mentions critical education on the rights of women and children as victims of violence, the cited prevention activities focus on violence prevention and victim rights rather than education specifically about gender equality/non-discrimination or women’s rights as a primary prevention strategy for VAW as required by the coding rules."
KALIMANTAN BARAT SAMBAS,KALIMANTAN_BARAT_SAMBAS.txt,3.8,Religious/spiritual counselling,specialised_support_services,0.35835739835078595,-0.3867950439453125,0.679178699175393,Yes,Yes,True,match,"The policy’s explanation of the right to assistance explicitly includes “religious leaders” among those who may provide assistance to victims, indicating availability of faith-based/religious support as part of victim assistance."
KALIMANTAN TIMUR KUTAI BARAT,KALIMANTAN_TIMUR_KUTAI_BARAT.txt,6.2,Women victims of trafficking,intersectional_approach,0.35835739835078595,-0.38687896728515625,0.320821300824607,No,No,True,match,"The only explicit mention of trafficking in the provided sentences is for children (“Child Victims of kidnapping, sale, and/or trafficking”). There is no explicit mention of trafficking in persons or women victims of trafficking within the scope, definitions, services, or legal foundations shown for this criterion."
SULAWESI TENGGARA KONAWE UTARA,SULAWESI_TENGGARA_KONAWE_UTARA.txt,1.1,Domestic violence,scope_of_violence,0.35835739835078595,-0.3867950439453125,0.320821300824607,No,Yes,False,false_negative,"Across the provided candidate sentences, the policy discusses violence against women and children generally and mentions violence occurring in the domestic and/or public sphere, but it does not explicitly mention domestic violence, family/household violence, intimate partner violence, or equivalent terms. The reference to ""domestic neglect"" is framed as neglect of obligations within a household and is not an explicit inclusion of domestic violence as such under the criterion’s required terminology."
JAWA TENGAH WONOSOBO,JAWA_TENGAH_WONOSOBO.txt,5.5,International organisations engagement,stakeholder_engagement,0.35835739835078595,-0.38687896728515625,0.320821300824607,No,Yes,False,false_negative,"The only relevant reference is to “Foreign social welfare institutions,” but the candidate sentences do not explicitly describe engagement/collaboration with international organizations or international support for service delivery or prevention; it is listed as a possible community role-holder without clarifying international organizational collaboration."
NUSA TENGGARA TIMUR MANGGARAI,NUSA_TENGGARA_TIMUR_MANGGARAI.txt,2.2,Collaboration with NGOs,institutional_mechanism,0.358357398350786,-0.3868827819824219,0.32082130082460697,No,Yes,False,false_negative,"The candidate sentences mention coordination among agencies/bodies and allow community participation by individuals, groups, or social community organizations, and involvement of “community institutions and elements,” but they do not explicitly identify NGOs/civil society/non-government service providers as partners nor describe a collaboration mechanism specifically with such non-government service providers as required by the coding rules."
SULAWESI TENGGARA KONAWE UTARA,SULAWESI_TENGGARA_KONAWE_UTARA.txt,1.4,Psychological violence,scope_of_violence,0.358357398350786,-0.38692474365234375,0.32082130082460697,No,Yes,False,false_negative,"The candidate sentences do not explicitly mention psychological/emotional/mental violence or equivalent terms. While they reference ""non-physical violence"" and include psychosocial/psychological rehabilitation services, they do not define or classify psychological violence itself as a form of violence covered by the policy under the criterion’s required terms."
JAMBI SAROLANGUN,JAMBI_SAROLANGUN.txt,2.5,Training and capacity building,institutional_mechanism,0.358357398350786,-0.3869514465332031,0.679178699175393,Yes,Yes,True,match,"The policy provides for guidance activities that include facilitating capacity building of women’s empowerment and child protection institutions, which constitutes an explicit capacity-building measure aimed at institutions responsible for implementing the policy (not merely general references to guidance or beneficiary training)."
JAWA TIMUR SAMPANG,JAWA_TIMUR_SAMPANG.txt,1.1,Domestic violence,scope_of_violence,0.358357398350786,-0.38692474365234375,0.679178699175393,Yes,Yes,True,match,"The policy’s definition of violence against women explicitly covers violence occurring in “private life,” which meets the coding rule threshold for including violence in the private/personal sphere (i.e., domestic-context violence), even though the term “domestic violence” is not used."
JAWA TENGAH SURAKARTA KOTA,JAWA_TENGAH_SURAKARTA_KOTA.txt,6.7,Women from minority groups,intersectional_approach,0.358357398350786,-0.38692474365234375,0.679178699175393,Yes,No,False,false_positive,"The policy explicitly includes “women in situations of intolerance” as a vulnerable women group, which functions as an explicit identification of women facing minority/exclusion-related risks requiring protection."
JAWA TENGAH BOYOLALI,JAWA_TENGAH_BOYOLALI.txt,2.3,Data collection systems,institutional_mechanism,0.358357398350786,-0.3868598937988281,0.32082130082460697,No,Yes,False,false_negative,"While the policy establishes a Data and Information System for women’s protection and empowerment, the provided sentences do not explicitly link this system’s data functions to violence against women cases/victims specifically (as required by the coding rules), instead referring generally to protection and empowerment of women."
KALIMANTAN BARAT BENGKAYANG,KALIMANTAN_BARAT_BENGKAYANG.txt,4.4,Prevention through education,primary_prevention,0.358357398350786,-0.3868827819824219,0.679178699175393,Yes,No,False,false_positive,"The policy explicitly states that prevention efforts must also be carried out by educational institutions, identifying the education sector/institutions as part of the prevention strategy (even without detailing curricula or school programs)."
JAMBI BUNGO,JAMBI_BUNGO.txt,4.4,Prevention through education,primary_prevention,0.358357398350786,-0.3869514465332031,0.679178699175393,Yes,Yes,True,match,"The policy explicitly places improving the quantity and quality of formal and non-formal education within a list of prevention actions, thereby identifying education improvement as a prevention strategy for violence against women."
SULAWESI SELATAN TANA TORAJA,SULAWESI_SELATAN_TANA_TORAJA.txt,3.5,Legal assistance,specialised_support_services,0.358357398350786,-0.3869438171386719,0.32082130082460697,No,Yes,False,false_negative,"While the text mentions legal consultation services and a right to obtain legal assistance (for detained children), it does not identify a specific service unit that provides legal assistance; the cited provisions describe empowerment activities/rights rather than a designated legal aid service unit."
SULAWESI TENGGARA MUNA BARAT,SULAWESI_TENGGARA_MUNA_BARAT.txt,6.8,Women in legal process,intersectional_approach,0.358357398350786,-0.3867988586425781,0.6791786991753931,Yes,Yes,True,match,"The policy includes “Women former inmates of correctional institutions” as a group receiving women’s protection, which constitutes explicit inclusion of women connected to the criminal justice/correctional system as a vulnerable group for protection (beyond only victims’ legal aid)."
SULAWESI SELATAN TANA TORAJA,SULAWESI_SELATAN_TANA_TORAJA.txt,3.6,Health/medical services,specialised_support_services,0.358357398350786,-0.3868827819824219,0.32082130082460697,No,Yes,False,false_negative,The candidate sentences describe provision of health facilities and comprehensive health services (primarily for children) but do not identify a specific service unit that would provide health/medical services; they describe government action generally rather than a designated service unit.
SUMATERA SELATAN PRABUMULIH KOTA,SUMATERA_SELATAN_PRABUMULIH_KOTA.txt,2.3,Data collection systems,institutional_mechanism,0.358357398350786,-0.3869438171386719,0.32082130082460697,No,Yes,False,false_negative,"The candidate sentences mention the scope including a gender and child data system and disaggregated data, but they do not explicitly link data collection/management to violence against women, victims, or violence cases, nor do they assign responsibility for collecting/recording/reporting VAW case data in the provided excerpts."
SUMATERA BARAT PAYAKUMBUH KOTA,SUMATERA_BARAT_PAYAKUMBUH_KOTA.txt,5.8,Private sector engagement,stakeholder_engagement,0.358357398350786,-0.3868598937988281,0.679178699175393,Yes,No,False,false_positive,"The policy’s definition of a Child-Friendly City explicitly integrates commitment and resources of government, community, and the business world, recognizing the private sector as a stakeholder in implementation."
SUMATERA UTARA PADANGSIDIMPUAN KOTA,SUMATERA_UTARA_PADANGSIDIMPUAN_KOTA.txt,4.1,Information and education about VAW,primary_prevention,0.4621171572600097,-0.3132057189941406,0.7310585786300048,Yes,Yes,True,match,"The policy lists prevention efforts that include building community and family participation and awareness specifically for the prevention and protection of women and children from acts of violence, which constitutes awareness-raising about violence as a preventive measure."
JAWA BARAT BANDUNG BARAT,JAWA_BARAT_BANDUNG_BARAT.txt,3.10,Economic support,specialised_support_services,0.4621171572600097,-0.3133277893066406,0.7310585786300048,Yes,Yes,True,match,"The policy states that P2TP2A provides emergency services that include skills training for women and children victims of violence, which constitutes economic empowerment/support for victims through skills development."
JAWA TIMUR BANYUWANGI,JAWA_TIMUR_BANYUWANGI.txt,2.5,Training and capacity building,institutional_mechanism,0.4621171572600097,-0.3132057189941406,0.2689414213699951,No,Yes,False,false_negative,"Although “training” is listed among possible forms of implementation, the provided sentences do not explicitly mandate training/capacity building for government officials, implementing agencies, or service providers as a required responsibility; it appears as a general activity type without a clear duty targeted at implementers as required by the coding rules."
SULAWESI TENGAH MOROWALI,SULAWESI_TENGAH_MOROWALI.txt,4.1,Information and education about VAW,primary_prevention,0.46211715726000974,-0.3131446838378906,0.26894142136999516,No,Yes,False,false_negative,"The retrieved sentences describe prevention measures such as establishing an information system, opening complaint posts, and conducting socialization about laws/regulations and critical education about victims’ rights. However, the coding rules require information/education activities specifically about violence against women or anti-violence values/norms. The only explicit education/socialization activities shown are about laws/regulations and about victims’ rights (and gender equality training as part of critical education), which are explicitly excluded for this indicator."
JAWA TIMUR SITUBONDO,JAWA_TIMUR_SITUBONDO.txt,6.3,Women workers,intersectional_approach,0.4621171572600098,-0.3133392333984375,0.2689414213699951,No,No,True,match,"The text mentions domestic workers as a phenomenon needing attention, but does not explicitly provide protection measures for women workers/domestic workers as a specific target group; the operative provisions shown focus on victims of violence generally rather than workplace/worker-targeted protections."
KEPULAUAN BANGKA BELITUNG BANGKA TENGAH,KEPULAUAN_BANGKA_BELITUNG_BANGKA_TENGAH.txt,3.1,Integrated service unit,specialised_support_services,0.4621171572600098,-0.3131370544433594,0.2689414213699951,No,Yes,False,false_negative,"The text states that women victims of violence have a right to receive “integrated services” and lists types of protection services (e.g., legal assistance, medical and psychosocial rehabilitation), and it mentions forming/using task forces or institutions for women’s protection. However, none of the provided sentences explicitly establishes, names, or assigns responsibility to a specific integrated service unit/one-stop centre (or equivalent) dedicated to VAW victims; it remains a general entitlement and general institutional/coordination language rather than a defined integrated service centre mechanism."
MALUKU UTARA HALMAHERA TIMUR,MALUKU_UTARA_HALMAHERA_TIMUR.txt,3.4,Safety/protection shelter,specialised_support_services,0.4621171572600098,-0.3131828308105469,0.2689414213699951,No,No,True,match,"The text references cooperation with “social shelters or trauma centers” and mentions safety/comfort generally, but it does not explicitly provide or assign responsibility for shelter/safe accommodation for women victims, nor identify a shelter service unit as part of victim services."
JAWA BARAT BEKASI,JAWA_BARAT_BEKASI.txt,6.3,Women workers,intersectional_approach,0.4621171572600098,-0.3132781982421875,0.7310585786300049,Yes,Yes,True,match,"The policy explicitly addresses female workers as a specific group by requiring employers to provide protection (including welfare, safety, and health) and by requiring business entities/NGOs to provide protection against violence in the work environment, which constitutes workplace-focused protection measures for women workers."
JAWA TENGAH BOYOLALI,JAWA_TENGAH_BOYOLALI.txt,4.4,Prevention through education,primary_prevention,0.4621171572600098,-0.3133392333984375,0.2689414213699951,No,No,True,match,"Although the policy references communication, information, and education media regarding prevention of violence against women and mentions educational institutions as settings, it does not explicitly identify formal education instruments (e.g., curricula, school-based programs, teaching/learning materials) or improvements in education as a prevention mechanism; the references remain at the level of broad CIE media rather than education as defined in the coding rules."
KALIMANTAN SELATAN BALANGAN,KALIMANTAN_SELATAN_BALANGAN.txt,2.6,Monitoring and evaluation,institutional_mechanism,0.4621171572600098,-0.31329345703125,0.7310585786300049,Yes,Yes,True,match,"The policy provides for guidance and supervision by the Regent and authorizes the community to actively supervise implementation, which constitutes an implementation monitoring/supervision mechanism for the organization of protection and empowerment services."
SUMATERA SELATAN PENUKAL ABAB LEMATANG ILIR,SUMATERA_SELATAN_PENUKAL_ABAB_LEMATANG_ILIR.txt,4.4,Prevention through education,primary_prevention,0.4621171572600098,-0.31329345703125,0.2689414213699951,No,No,True,match,"Although the policy includes “critical education regarding the rights of Women and Children” as part of prevention and notes that educational institutions may implement prevention efforts, the retrieved sentences do not explicitly identify formal education instruments (e.g., school-based programs, curricula, teaching/learning materials, or education-sector programs) as a prevention mechanism. The references are to broad education/socialization rather than explicit school/curriculum-based prevention, which the coding rules exclude."
KALIMANTAN BARAT MELAWI,KALIMANTAN_BARAT_MELAWI.txt,4.2,Gender equality education,primary_prevention,0.4621171572600098,-0.3131370544433594,0.2689414213699951,No,No,True,match,"While the policy mentions community participation via socialization of women’s rights, it does not explicitly situate education/awareness about gender equality or women’s rights as a strategy to prevent violence against women, as required by the coding rules."
KALIMANTAN TIMUR BONTANG KOTA,KALIMANTAN_TIMUR_BONTANG_KOTA.txt,6.3,Women workers,intersectional_approach,0.5545997223493823,-0.2518348693847656,0.22270013882530884,No,Yes,False,false_negative,"While the policy includes “discrimination and violence in the workplace” as a type of violence, it does not explicitly identify women workers/employees as a specific target group for protection measures; other references relate to employment opportunities/economic independence for women victims rather than protections for women workers as such."
SULAWESI TENGGARA BUTON,SULAWESI_TENGGARA_BUTON.txt,4.4,Prevention through education,primary_prevention,0.5545997223493823,-0.2518577575683594,0.7772998611746911,Yes,No,False,false_positive,"The policy explicitly states that prevention of violence against women and children is implemented by regional apparatus/UPTD whose duties and functions include the education field, thereby identifying involvement of the education sector as part of the prevention strategy."
JAWA TIMUR PROBOLINGGO KOTA,JAWA_TIMUR_PROBOLINGGO_KOTA.txt,6.11,Domestic workers,intersectional_approach,0.5545997223493823,-0.2518348693847656,0.7772998611746911,Yes,No,False,false_positive,"The policy explicitly includes domestic workers within the category of child workers in the informal sector for whom the regional government must protect rights, constituting a targeted protection measure for domestic workers (in the child-worker context)."
KALIMANTAN BARAT SAMBAS,KALIMANTAN_BARAT_SAMBAS.txt,4.1,Information and education about VAW,primary_prevention,0.5545997223493823,-0.2518577575683594,0.7772998611746911,Yes,Yes,True,match,"The policy frames prevention of violence against women and children as including educational measures, specifically “critical education” linked to avoiding repeated victimization, which constitutes education/information activities about protection from violence as a preventive measure."
SULAWESI TENGGARA KONAWE KEPULAUAN,SULAWESI_TENGGARA_KONAWE_KEPULAUAN.txt,4.1,Information and education about VAW,primary_prevention,0.5545997223493824,-0.25194549560546875,0.22270013882530884,No,No,True,match,"The only explicit education/socialisation activity described is socialisation of laws and regulations related to protection of women’s and children’s rights, plus training of service-center members on carrying out their duties. Under the coding rules, education about laws/regulations and general women’s rights education (without explicit anti-VAW content) does not count as information/education specifically about violence against women or anti-violence values."
SULAWESI SELATAN TANA TORAJA,SULAWESI_SELATAN_TANA_TORAJA.txt,3.9,Resocialisation services,specialised_support_services,0.5545997223493824,-0.25203704833984375,0.7772998611746912,Yes,Yes,True,match,"The policy assigns the Regional Government responsibility to provide recovery services and social reintegration, linking reintegration services to an identified responsible institution (the Regional Government), which satisfies the criterion’s requirement for an identified provider of reintegration services."
MALUKU UTARA HALMAHERA TIMUR,MALUKU_UTARA_HALMAHERA_TIMUR.txt,6.11,Domestic workers,intersectional_approach,0.5545997223493824,-0.25194549560546875,0.7772998611746912,Yes,No,False,false_positive,"The policy explicitly includes domestic workers within the category of child workers in the informal sector and obliges the regional government to protect fulfillment of their rights, which constitutes targeted protection measures for domestic workers (as defined in the provided text)."
KALIMANTAN UTARA NUNUKAN,KALIMANTAN_UTARA_NUNUKAN.txt,3.4,Safety/protection shelter,specialised_support_services,0.5545997223493824,-0.2520561218261719,0.22270013882530884,No,No,True,match,"While the policy mentions protection and cooperation with “social protection houses or trauma centers” for health recovery, it does not explicitly describe shelters/safe houses/temporary accommodation for victims or assign responsibility for providing refuge accommodation; the references are framed around health recovery rather than shelter provision."
JAWA TIMUR SITUBONDO,JAWA_TIMUR_SITUBONDO.txt,2.3,Data collection systems,institutional_mechanism,0.5545997223493824,-0.2520561218261719,0.7772998611746912,Yes,Yes,True,match,"The policy mandates collecting data and information about women and children as part of prevention efforts under the government’s responsibility, which establishes a required data-collection function linked to the policy’s violence-prevention/protection framework."
KALIMANTAN BARAT KUBU RAYA,KALIMANTAN_BARAT_KUBU_RAYA.txt,4.2,Gender equality education,primary_prevention,0.5545997223493824,-0.2518768310546875,0.7772998611746912,Yes,No,False,false_positive,"The policy includes an explicit community participation activity of independently conducting socialization of women's rights. This is an educational/awareness activity about women's rights, and it appears within the broader framework of women's protection from violence that includes prevention measures, satisfying the requirement that it be situated as part of preventing violence against women."
KALIMANTAN SELATAN TABALONG,KALIMANTAN_SELATAN_TABALONG.txt,2.3,Data collection systems,institutional_mechanism,0.5545997223493824,-0.2518768310546875,0.7772998611746912,Yes,No,False,false_positive,"The policy explicitly includes “case recording” as part of the handling flow at P2TP2A, which is a direct requirement to document violence cases handled by the service center. It also assigns the Regent responsibility for preparing reports on implementation of P2TP2A, supporting an information/reporting function linked to protection services for victims of violence."
JAWA TIMUR PASURUAN,JAWA_TIMUR_PASURUAN.txt,1.5,Economic violence,scope_of_violence,0.5545997223493824,-0.2520103454589844,0.7772998611746912,Yes,Yes,True,match,"The policy’s legal foundation cites the national law on the Elimination of Domestic Violence, which (per the coding rules) is sufficient to count as including economic violence/economic neglect-related concepts via relevant legal frameworks, even if economic violence is not otherwise spelled out in the shown provisions."
KALIMANTAN SELATAN TANAH BUMBU,KALIMANTAN_SELATAN_TANAH_BUMBU.txt,6.10,Refugee/forced displacement,intersectional_approach,0.5545997223493824,-0.25205230712890625,0.7772998611746912,Yes,No,False,false_positive,The policy explicitly references refugees within the definition of “child in emergency situations” (children who become refugees). This indicates the policy covers refugee/forced displacement situations as a specific emergency category (albeit for children).
JAWA BARAT BEKASI KOTA,JAWA_BARAT_BEKASI_KOTA.txt,6.3,Women workers,intersectional_approach,0.5545997223493824,-0.251861572265625,0.7772998611746912,Yes,Yes,True,match,"The policy explicitly provides a section on “Protection of women workers” and lists specific protections for women workers, indicating women workers are a specific target group for measures."
KALIMANTAN TIMUR BONTANG KOTA,KALIMANTAN_TIMUR_BONTANG_KOTA.txt,6.1,Women in conflict/disaster areas,intersectional_approach,0.5545997223493824,-0.25185394287109375,0.7772998611746912,Yes,Yes,True,match,"The policy explicitly includes “violence in conflict areas” within the scope of violence against women and children, implying that women affected by conflict situations are covered beneficiaries of the protection framework."
KALIMANTAN TENGAH LAMANDAU,KALIMANTAN_TENGAH_LAMANDAU.txt,5.1,NGO collaboration,stakeholder_engagement,0.5545997223493824,-0.25194549560546875,0.22270013882530884,No,Yes,False,false_negative,"The candidate sentences refer to non-government institutions in general definitions and to broad ""community elements"" and ""social institutions,"" but they do not explicitly mention NGOs/civil society organisations or establish collaboration/partnership mechanisms with such organisations for VAW prevention or service delivery. References to community-managed services and community participation are too general under the coding rules, and cooperation is described with government/business sector rather than NGOs."
KEPULAUAN BANGKA BELITUNG BANGKA SELATAN,KEPULAUAN_BANGKA_BELITUNG_BANGKA_SELATAN.txt,5.2,Religious engagement,stakeholder_engagement,0.5545997223493824,-0.25203704833984375,0.22270013882530887,No,Yes,False,false_negative,"The text references “education and religion” as an element within P2TP2A and states implementation must take into account religious norms, but it does not identify religious organisations/leaders or include spiritual counselling or faith-based actors as partners/providers. Under the coding rules, religious norms alone are insufficient."
KALIMANTAN TIMUR PASER,KALIMANTAN_TIMUR_PASER.txt,6.3,Women workers,intersectional_approach,0.5545997223493824,-0.25199127197265625,0.22270013882530887,No,Yes,False,false_negative,"While the policy states protection includes women ""in the workplace,"" it does not explicitly identify women workers/employees as a specific target group or provide workplace-specific protection measures for women workers as such (beyond general protection of women)."
ACEH SUBULUSSALAM KOTA,ACEH_SUBULUSSALAM_KOTA.txt,4.1,Information and education about VAW,primary_prevention,0.5545997223493824,-0.2520103454589844,0.7772998611746912,Yes,Yes,True,match,"The policy includes an obligation to provide information and access to protection against actions that harm women, including opening information and access to all forms of protection. These are information/communication measures explicitly tied to protection from harmful actions/violence against women, which fits the criterion’s allowance for information activities about protection from violence/anti-violence norms as prevention-related measures."
JAWA TIMUR PASURUAN,JAWA_TIMUR_PASURUAN.txt,2.5,Training and capacity building,institutional_mechanism,0.6351489523872872,-0.20136260986328125,0.8175744761936435,Yes,Yes,True,match,"The policy specifies efforts to establish/develop/strengthen the capacity of women and child protection institutions (including complaint service units and legal aid services) and to improve the quality of human resources of managers, which constitutes capacity building/professional development for implementing institutions/personnel."
JAWA TENGAH SEMARANG KOTA,JAWA_TENGAH_SEMARANG_KOTA_v2.txt,1.3,Physical violence,scope_of_violence,0.6351489523872873,-0.20148468017578125,0.8175744761936437,Yes,Yes,True,match,"The definition of Violence Against Women explicitly includes acts resulting in physical suffering/hardship, which brings physical violence within the policy’s defined scope of violence against women."
JAWA BARAT BANJAR KOTA,JAWA_BARAT_BANJAR_KOTA.txt,5.6,Media engagement,stakeholder_engagement,0.6351489523872873,-0.201507568359375,0.8175744761936437,Yes,No,False,false_positive,"The policy assigns mass media/electronic media a role in disseminating information on laws and regulations (“socialization”), which is a prevention/awareness function involving media as a stakeholder channel."
JAMBI SAROLANGUN,JAMBI_SAROLANGUN.txt,3.5,Legal assistance,specialised_support_services,0.6351489523872873,-0.20137405395507812,0.8175744761936437,Yes,Yes,True,match,"The policy includes facilitation of access and legal consultation services, which constitutes provision of legal assistance services (even if not described as a standalone unit)."
KALIMANTAN BARAT BENGKAYANG,KALIMANTAN_BARAT_BENGKAYANG.txt,6.2,Women victims of trafficking,intersectional_approach,0.6351489523872873,-0.20138168334960938,0.18242552380635635,No,No,True,match,"The only explicit references to trafficking in the provided sentences are within the definition of “special protection” for children (including “children who are trafficked”). The policy text shown does not explicitly include women victims of trafficking or trafficking in persons within its scope, definitions, services, or legal foundations in the provided excerpts."
KEPULAUAN BANGKA BELITUNG PANGKALPINANG KOTA,KEPULAUAN_BANGKA_BELITUNG_PANGKALPINANG_KOTA.txt,6.8,Women in legal process,intersectional_approach,0.6351489523872873,-0.20144271850585938,0.18242552380635635,No,No,True,match,"The excerpts focus on protection for women victims of violence and general victim/witness handling, and list “women inmates of correctional institutions” as a protection target group, but do not explicitly address women in conflict with the law as suspects/defendants/perpetrators/witnesses (as required by the coding rules)."
NUSA TENGGARA TIMUR MANGGARAI BARAT,NUSA_TENGGARA_TIMUR_MANGGARAI_BARAT.txt,3.9,Resocialisation services,specialised_support_services,0.6351489523872873,-0.20144271850585938,0.8175744761936437,Yes,Yes,True,match,"The policy states that every victim has the right to receive integrated services and continuous handling up to the rehabilitation stage, linking rehabilitation to the victim service framework (integrated services/handling)."
SULAWESI TENGAH TOLI TOLI,SULAWESI_TENGAH_TOLI_TOLI.txt,3.2,Police specialised service unit,specialised_support_services,0.6351489523872873,-0.20148468017578125,0.18242552380635635,No,No,True,match,"The text mentions facilities such as “special service rooms in police lines,” but it does not explicitly identify or establish a specialised police unit (e.g., UPPA/RPK or equivalent) responsible for VAW victim services; it only references a room/facility rather than a dedicated police unit."
SULAWESI TENGAH MOROWALI,SULAWESI_TENGAH_MOROWALI.txt,3.9,Resocialisation services,specialised_support_services,0.6351489523872873,-0.201446533203125,0.8175744761936437,Yes,Yes,True,match,"The policy includes repatriation and social reintegration as victim services and explicitly includes resocialization guidance within rehabilitation services, satisfying the requirement that reintegration/resocialisation services are part of victim support services."
SULAWESI TENGAH TOLI TOLI,SULAWESI_TENGAH_TOLI_TOLI.txt,6.2,Women victims of trafficking,intersectional_approach,0.6351489523872873,-0.20146560668945312,0.18242552380635635,No,No,True,match,"The only explicit mention of trafficking in the provided sentences is limited to children (“Child Victims of Kidnapping, Sale and/or Trafficking”), and there is no explicit inclusion of women trafficking victims or trafficking in persons generally within the women-focused scope in the excerpts shown."
SUMATERA UTARA PADANGSIDIMPUAN KOTA,SUMATERA_UTARA_PADANGSIDIMPUAN_KOTA.txt,7.3,International donors,budget_funding_sources,0.6351489523872873,-0.20140838623046875,0.8175744761936437,Yes,No,False,false_positive,"The policy explicitly contemplates cooperation 'with institutions or regional governments abroad,' which indicates an international component to support/partnership arrangements relevant to implementation (even if not framed as a specific donor budget line)."
JAWA TENGAH BLORA,JAWA_TENGAH_BLORA.txt,4.4,Prevention through education,primary_prevention,0.6351489523872873,-0.20148468017578125,0.8175744761936437,Yes,Yes,True,match,"The policy explicitly identifies educational institutions as actors responsible for carrying out prevention efforts for violence against women and children, thereby incorporating the education sector/institutions into the prevention strategy."
KEPULAUAN BANGKA BELITUNG BANGKA,KEPULAUAN_BANGKA_BELITUNG_BANGKA.txt,3.7,Psychosocial counselling,specialised_support_services,0.6351489523872873,-0.20143890380859375,0.8175744761936437,Yes,Yes,True,match,"The policy includes “trauma and health services” for women victims of violence, which implicitly covers trauma-related psychosocial/psychological support services within victim recovery services."
DI YOGYAKARTA SLEMAN,DI_YOGYAKARTA_SLEMAN.txt,4.4,Prevention through education,primary_prevention,0.6351489523872873,-0.2015380859375,0.18242552380635632,No,No,True,match,"Although the policy mentions conducting education on anti-violence values and involving educational institutions in prevention, the cited sentences do not explicitly identify formal education instruments (e.g., school-based programs, curricula, teaching/learning materials, or education centers) as the prevention mechanism, which is required by the coding rules for this indicator."
JAWA BARAT BANDUNG KOTA,JAWA_BARAT_BANDUNG_KOTA.txt,2.4,Gender mainstreaming institutionalisation,institutional_mechanism,0.6351489523872873,-0.20148468017578125,0.18242552380635635,No,Yes,False,false_negative,"The text mentions strengthening gender mainstreaming institutions and strategies in a general explanatory section, but the provided sentences do not establish or require gender mainstreaming as an institutional mechanism for implementing women’s protection/VAW policies (e.g., no mandated mainstreaming process, focal points, working group, or integration into planning/budgeting responsibilities is specified in the operative provisions shown)."
JAWA BARAT INDRAMAYU,JAWA_BARAT_INDRAMAYU.txt,3.3,Reporting/hotline service,specialised_support_services,0.6351489523872874,-0.20136642456054688,0.18242552380635635,No,Yes,False,false_negative,"The retrieved sentences include administrative reporting by P2TP2A to the Regent and a general statement that the community may report violence to authorities, but they do not explicitly establish or describe a victim-facing mechanism/service/channel for receiving complaints or reports of violence cases."
JAWA BARAT INDRAMAYU,JAWA_BARAT_INDRAMAYU.txt,4.4,Prevention through education,primary_prevention,0.6351489523872874,-0.20134353637695312,0.8175744761936438,Yes,No,False,false_positive,"The policy explicitly includes communication, information, and education activities delivered through schools and universities as part of efforts to prevent violence against women and children, indicating involvement of education institutions in prevention."
JAWA TENGAH PEKALONGAN KOTA,JAWA_TENGAH_PEKALONGAN_KOTA.txt,3.9,Resocialisation services,specialised_support_services,0.6351489523872874,-0.20151138305664062,0.18242552380635635,No,Yes,False,false_negative,"While the policy mentions repatriation and social reintegration services, the provided sentences do not identify a specific service unit or responsible institution as providing these resocialisation/reintegration services (they are described as services but not assigned to a unit in the candidate text)."
SUMATERA SELATAN OGAN KOMERING ULU,SUMATERA_SELATAN_OGAN_KOMERING_ULU_v2.txt,3.9,Resocialisation services,specialised_support_services,0.6351489523872874,-0.20138931274414062,0.18242552380635638,No,No,True,match,"While resocialization and social rehabilitation are mentioned, the retrieved sentences do not identify a specific service unit or responsible institution/mechanism providing resocialisation/reintegration services (they describe activities/forms of rehabilitation rather than assigning them to a unit)."
KALIMANTAN UTARA NUNUKAN,KALIMANTAN_UTARA_NUNUKAN.txt,3.10,Economic support,specialised_support_services,0.6351489523872874,-0.20151138305664062,0.18242552380635635,No,Yes,False,false_negative,"The cited economic empowerment measures are framed as general women’s empowerment in the economic field (skills/job training, business groups, capital assistance, marketing) without explicitly specifying that these supports are available to women victims of violence; the criterion requires an explicit link to women victims of violence."
KALIMANTAN TENGAH PULANG PISAU,KALIMANTAN_TENGAH_PULANG_PISAU.txt,3.9,Resocialisation services,specialised_support_services,0.6351489523872874,-0.20136642456054688,0.8175744761936438,Yes,Yes,True,match,"The policy specifies cooperation that includes rehabilitation of victims of violence and repatriation and social reintegration, linking reintegration/rehabilitation services to the victim-support cooperation mechanism (a defined institutional arrangement), which meets the criterion."
SULAWESI TENGGARA BUTON SELATAN,SULAWESI_TENGGARA_BUTON_SELATAN.txt,3.3,Reporting/hotline service,specialised_support_services,0.6351489523872874,-0.20138931274414062,0.8175744761936438,Yes,Yes,True,match,"The policy states that victims have a right to complaint handling that is fast and appropriate, which implies an established mechanism/service for receiving and handling complaints related to violence cases (beyond merely allowing the public to report)."
JAWA TENGAH BOYOLALI,JAWA_TENGAH_BOYOLALI.txt,3.9,Resocialisation services,specialised_support_services,0.6351489523872874,-0.20151138305664062,0.18242552380635635,No,Yes,False,false_negative,"While rehabilitation and reintegration are mentioned, the candidate sentences do not clearly assign these services to a specific service unit or victim support mechanism; they are presented as components of protection or as general facilitation without identifying a responsible service unit."
KALIMANTAN TENGAH LAMANDAU,KALIMANTAN_TENGAH_LAMANDAU.txt,3.9,Resocialisation services,specialised_support_services,0.7039056039366209,-0.16011428833007812,0.8519528019683105,Yes,Yes,True,match,"The policy links victim recovery to identifiable service providers (health workers, social workers, support volunteers, spiritual counselors), indicating an organized service mechanism for recovery/rehabilitation rather than a purely abstract concept."
JAWA BARAT CIREBON,JAWA_BARAT_CIREBON.txt,5.6,Media engagement,stakeholder_engagement,0.7039056039366209,-0.16022491455078125,0.8519528019683105,Yes,Yes,True,match,"The policy explicitly includes “Mass Media” within the definition of the “Private Sector,” and also includes “media” as part of the integrated commitments/resources for a Child-Friendly Regency, thereby recognizing media as a stakeholder group within implementation structures."
DI YOGYAKARTA BANTUL,DI_YOGYAKARTA_BANTUL.txt,2.4,Gender mainstreaming institutionalisation,institutional_mechanism,0.7039056039366209,-0.16017913818359375,0.8519528019683105,Yes,No,False,false_positive,"The text explicitly states that government institutions must carry out gender mainstreaming in planning, implementation, monitoring, and evaluation of development policies and programs, which constitutes an institutional requirement for gender mainstreaming as a mechanism (even if not restated elsewhere in operational provisions)."
KALIMANTAN SELATAN BALANGAN,KALIMANTAN_SELATAN_BALANGAN.txt,4.1,Information and education about VAW,primary_prevention,0.7039056039366209,-0.16022491455078125,0.14804719803168948,No,No,True,match,"The retrieved sentences describe prevention responsibilities and some early prevention actions (e.g., increasing legal awareness, mass media dissemination on protection, and counseling/socialization of laws and regulations). However, the only explicit education/socialization activity specified is about laws and regulations related to protection, not education/awareness specifically about violence against women itself or anti-violence values/norms. Under the coding rules, legal socialization about laws/regulations and general protection information do not qualify as VAW-specific preventive education."
ACEH BIREUEN,ACEH_BIREUEN.txt,3.9,Resocialisation services,specialised_support_services,0.7039056039366209,-0.16022872924804688,0.8519528019683105,Yes,Yes,True,match,"The policy assigns responsibility to facilitate rehabilitation and reintegration services for women victims of violence, linking resocialisation-type services to an institutional function within the protection framework."
KEPULAUAN BANGKA BELITUNG BANGKA BARAT,KEPULAUAN_BANGKA_BELITUNG_BANGKA_BARAT_v2.txt,2.5,Training and capacity building,institutional_mechanism,0.7039056039366209,-0.16024398803710938,0.14804719803168948,No,No,True,match,"The text mentions that participating social community organizations are given “guidance” that may include social guidance, skills guidance, and operational technical guidance, but it does not explicitly require or provide training/capacity building/professional development for government officials, implementing agencies, or service providers responsible for implementing the policy. Given the coding rule exclusion that guidance alone is not sufficient without explicit training/capacity-building language aimed at implementers, the criterion is not met."
LAMPUNG PESAWARAN,LAMPUNG_PESAWARAN.txt,3.10,Economic support,specialised_support_services,0.703905603936621,-0.1601409912109375,0.8519528019683106,Yes,No,False,false_positive,"The policy explicitly targets empowerment of women victims of violence and states that P2TP2A functions as an empowerment center for women and children, which implies provision of empowerment support to victims (including economic empowerment as part of empowerment measures)."
MALUKU UTARA TERNATE KOTA,MALUKU_UTARA_TERNATE_KOTA.txt,5.1,NGO collaboration,stakeholder_engagement,0.703905603936621,-0.16022109985351562,0.14804719803168945,No,Yes,False,false_negative,"The candidate sentences refer to involving “community elements,” “stakeholders,” and non-government protection in general terms, and define community to include social/community organizations. However, they do not explicitly mention NGOs/civil society organisations or clearly establish collaboration/partnership mechanisms with such organisations for VAW prevention or service delivery, as required by the coding rules."
JAWA TENGAH SEMARANG KOTA,JAWA_TENGAH_SEMARANG_KOTA_v2.txt,1.2,Sexual violence,scope_of_violence,0.703905603936621,-0.16022109985351562,0.14804719803168945,No,Yes,False,false_negative,"The candidate sentences define violence against women as potentially causing physical, sexual, and psychological suffering, but they do not explicitly mention sexual violence/assault/rape/harassment or otherwise identify sexual violence as a covered form/type/category; the word “sexual” appears only as an adjective describing possible suffering, not as an explicit form of violence."
JAWA BARAT PANGANDARAN,JAWA_BARAT_PANGANDARAN.txt,2.5,Training and capacity building,institutional_mechanism,0.703905603936621,-0.16016387939453125,0.8519528019683106,Yes,Yes,True,match,"The policy includes training as a form of implementing protection policies/programs and also specifies strengthening the capacity of gender institutions as part of implementation efforts, which meets the criterion for training/capacity building aimed at implementing the policy."
DI YOGYAKARTA BANTUL,DI_YOGYAKARTA_BANTUL_v2.txt,4.4,Prevention through education,primary_prevention,0.703905603936621,-0.160247802734375,0.14804719803168945,No,Yes,False,false_negative,"While the policy mentions “critical education,” “training,” and that prevention efforts can be carried out by educational institutions, the retrieved sentences do not explicitly identify formal education instruments (e.g., school-based programs, curricula, teaching/learning materials) as a prevention mechanism for violence against women/children. The references to educational institutions are not clearly tied to delivering education content as a prevention strategy in the way required by the coding rules."
BANTEN TANGERANG SELATAN KOTA,BANTEN_TANGERANG_SELATAN_KOTA.txt,3.3,Reporting/hotline service,specialised_support_services,0.703905603936621,-0.1602020263671875,0.8519528019683105,Yes,Yes,True,match,"The policy explicitly links victim rights to obtaining information related to complaints, indicating an established complaints-related channel/mechanism within the service framework (even if not described as a hotline)."
SUMATERA BARAT SOLOK KOTA,SUMATERA_BARAT_SOLOK_KOTA.txt,4.3,VAW laws awareness,primary_prevention,0.7039056039366212,-0.16015625,0.8519528019683106,Yes,Yes,True,match,"The policy includes socialization and education on laws and regulations related to the protection of women and children, presented under community participation measures; this constitutes an explicit education activity about relevant laws/regulations in the protection/VAW domain."
GORONTALO POHUWATO,GORONTALO_POHUWATO.txt,3.3,Reporting/hotline service,specialised_support_services,0.7039056039366212,-0.16033172607421875,0.8519528019683106,Yes,Yes,True,match,"The policy explicitly recognises victims’ right to complaint handling, which implies an established mechanism/service for receiving and handling complaints related to violence cases (beyond merely stating that the public may report)."
SULAWESI BARAT PASANGKAYU,SULAWESI_BARAT_PASANGKAYU.txt,2.3,Data collection systems,institutional_mechanism,0.7039056039366212,-0.16027069091796875,0.8519528019683106,Yes,Yes,True,match,"The policy mandates preparation of an effective information system for prevention of violence against women, and clarifies that this includes provision of data on the condition of women and reporting/complaints channels for victims/community—explicitly linking an information/data system to violence prevention and victim reporting."
KEPULAUAN BANGKA BELITUNG BANGKA SELATAN,KEPULAUAN_BANGKA_BELITUNG_BANGKA_SELATAN_v2.txt,3.9,Resocialisation services,specialised_support_services,0.7039056039366212,-0.16027069091796875,0.14804719803168948,No,Yes,False,false_negative,"Although rehabilitation and reintegration are mentioned as services, the provided sentences do not identify a specific service unit or responsible institution/mechanism assigned to deliver resocialisation services (the references are framed as types of protection/services rather than being linked to a designated unit)."
BALI TABANAN,BALI_TABANAN.txt,2.5,Training and capacity building,institutional_mechanism,0.7039056039366212,-0.16015625,0.14804719803168948,No,No,True,match,"While the policy references “capacity building of apparatus and other stakeholders,” it is framed as an authority and does not explicitly mandate training/capacity-building activities for implementing personnel. References to “trained officers/health workers” describe staff characteristics/indicators rather than a training requirement, and guidance provisions focus on instructions/counseling/supervision rather than training mandates."
JAWA TIMUR JEMBER,JAWA_TIMUR_JEMBER.txt,7.3,International donors,budget_funding_sources,0.7039056039366212,-0.16019821166992188,0.14804719803168948,No,No,True,match,"The only international references concern victims’ rights to protection at international levels and mention of international courts/UDHR/CEDAW, but there is no explicit mention of international assistance, donor funding, international organizations, or international support as a resource for implementing women’s protection/VAW measures."
JAWA TENGAH WONOSOBO,JAWA_TENGAH_WONOSOBO.txt,6.1,Women in conflict/disaster areas,intersectional_approach,0.7615941559557647,-0.12686920166015625,0.8807970779778823,Yes,Yes,True,match,"The policy explicitly includes women (as part of the women-and-children target group) who are ""victims of social conflict"" among those prioritized for social protection, which constitutes a special protection focus for women affected by conflict situations."
SULAWESI SELATAN BULUKUMBA,SULAWESI_SELATAN_BULUKUMBA.txt,1.1,Domestic violence,scope_of_violence,0.7615941559557647,-0.12682723999023438,0.8807970779778823,Yes,Yes,True,match,"The policy’s definition of violence against women explicitly states it can occur in the private sphere, which is an explicit inclusion of violence occurring in the private/personal sphere (a core element of domestic violence scope under the coding rules)."
LAMPUNG BANDAR LAMPUNG KOTA,LAMPUNG_BANDAR_LAMPUNG_KOTA.txt,3.10,Economic support,specialised_support_services,0.7615941559557649,-0.12693405151367188,0.11920292202211756,No,Yes,False,false_negative,The cited provisions on economic empowerment and job training are framed as women’s empowerment generally and do not explicitly specify that these economic supports are provided to women victims of violence; the mention of “economic and social empowerment” appears within social reintegration services but does not clearly establish economic support measures specifically for VAW victims under the coding rules.
SULAWESI TENGGARA KONAWE UTARA,SULAWESI_TENGGARA_KONAWE_UTARA.txt,4.4,Prevention through education,primary_prevention,0.7615941559557649,-0.12696075439453125,0.8807970779778824,Yes,Yes,True,match,"Within a section explicitly framed as preventing violence against women and children, the policy lists increasing the quantity and quality of education (formal, non-formal, or informal) as one of the prevention efforts, thereby explicitly linking education improvement to violence prevention."
SULAWESI TENGAH MOROWALI,SULAWESI_TENGAH_MOROWALI.txt,6.5,People with disability,intersectional_approach,0.7615941559557649,-0.12680816650390625,0.11920292202211756,No,Yes,False,false_negative,"Disability appears only as part of an equal-protection/non-discrimination explanation, and while rehabilitation includes an 'accessibility services' item, the cited text does not explicitly identify people with disabilities (or women with disabilities) as a target group receiving special protection or disability-specific accommodations/support under the coding rules."
KEPULAUAN RIAU KARIMUN,KEPULAUAN_RIAU_KARIMUN.txt,1.5,Economic violence,scope_of_violence,0.7615941559557649,-0.12700653076171875,0.11920292202211756,No,Yes,False,false_negative,"The candidate sentences do not mention economic violence/abuse, economic exploitation, deprivation of resources, or neglect as a form of violence, nor do they define violence to include economic suffering; they only contain general statements about violence and a list of laws."
JAWA BARAT INDRAMAYU,JAWA_BARAT_INDRAMAYU.txt,3.8,Religious/spiritual counselling,specialised_support_services,0.7615941559557649,-0.12700271606445312,0.8807970779778824,Yes,Yes,True,match,"The policy states the integrated service center is equipped with companions including clerics/religious leaders, which indicates availability of faith-based guidance/support as part of victim services."
JAWA TENGAH PEKALONGAN,JAWA_TENGAH_PEKALONGAN.txt,2.5,Training and capacity building,institutional_mechanism,0.7615941559557649,-0.12703323364257812,0.8807970779778824,Yes,Yes,True,match,"The policy places an obligation on the Regional Government to increase the capacity of service provider institutions as part of organizing services for victims. This is an explicit capacity-building duty aimed at institutions responsible for delivering services under the policy, which meets the criterion even though it does not detail specific training modalities."
JAWA BARAT KARAWANG,JAWA_BARAT_KARAWANG.txt,6.3,Women workers,intersectional_approach,0.7615941559557649,-0.12680816650390625,0.8807970779778824,Yes,Yes,True,match,"Beyond general employment rights, the policy identifies ""workers"" as a specific category of women who shall receive empowerment and protection services, which constitutes a special measure targeting women workers as a group."
JAWA TIMUR SITUBONDO,JAWA_TIMUR_SITUBONDO.txt,3.9,Resocialisation services,specialised_support_services,0.7615941559557649,-0.12696075439453125,0.8807970779778824,Yes,Yes,True,match,"The policy states that protection includes continuous handling up to the rehabilitation and social reintegration stage, linking rehabilitation/reintegration to the victim protection framework (a responsibility of the regional government within the service system)."
JAWA TENGAH PURWOREJO,JAWA_TENGAH_PURWOREJO.txt,1.5,Economic violence,scope_of_violence,0.7615941559557649,-0.1268310546875,0.8807970779778824,Yes,Yes,True,match,"The definition of a female victim includes women who experience economic suffering/losses resulting from gender-based violence, exploitation and/or discrimination, which brings economic harm linked to violence/exploitation within scope (even if not labeled as “economic violence”)."
JAWA TIMUR MADIUN,JAWA_TIMUR_MADIUN.txt,3.9,Resocialisation services,specialised_support_services,0.7615941559557649,-0.12693405151367188,0.8807970779778824,Yes,Yes,True,match,"The policy states victims have a right to integrated services and continuous handling up to the rehabilitation stage, linking rehabilitation to the victim support service framework (integrated services), which satisfies the criterion for rehabilitation/reintegration services within victim services."
JAWA TENGAH SALATIGA KOTA,JAWA_TENGAH_SALATIGA_KOTA.txt,3.9,Resocialisation services,specialised_support_services,0.7615941559557649,-0.12685394287109375,0.8807970779778824,Yes,Yes,True,match,"The policy assigns responsibility to the Regional Government to provide recovery and social reintegration services for victims, which constitutes rehabilitation/reintegration services within the victim support framework."
JAWA TENGAH SALATIGA KOTA,JAWA_TENGAH_SALATIGA_KOTA.txt,5.1,NGO collaboration,stakeholder_engagement,0.7615941559557649,-0.12703323364257812,0.8807970779778824,Yes,Yes,True,match,"The policy describes cooperation with service provider institutions for prevention, protection, and recovery, and establishes an implementation institution that includes elements of society and related stakeholders, which implies involvement of non-government actors in service delivery/coordination."
JAWA BARAT BEKASI,JAWA_BARAT_BEKASI.txt,4.4,Prevention through education,primary_prevention,0.7615941559557649,-0.1268310546875,0.11920292202211755,No,Yes,False,false_negative,"Although the policy assigns prevention implementation responsibilities to the regional apparatus responsible for education, it does not explicitly describe any education-instrument-based prevention measure (e.g., school-based programs, curricula, teaching/learning materials, or education institutions delivering prevention content). The other education references are general access/empowerment or community education about women’s rights, which the coding rules exclude unless tied to formal education instruments or institutions as a prevention mechanism."
JAWA BARAT KARAWANG,JAWA_BARAT_KARAWANG.txt,3.1,Integrated service unit,specialised_support_services,0.7615941559557649,-0.126800537109375,0.11920292202211755,No,Yes,False,false_negative,"The text states that women victims have a right to “integrated services” and lists types of services (legal aid, medical and psychosocial rehabilitation, reintegration, etc.), but it does not explicitly establish, name, or assign responsibility to a specific integrated service unit/one-stop centre or equivalent mechanism for VAW victims. References to general institutions, regional apparatus, and task forces/forums are not clearly identified as an integrated victim service unit."
SULAWESI TENGGARA MUNA BARAT,SULAWESI_TENGGARA_MUNA_BARAT.txt,4.1,Information and education about VAW,primary_prevention,0.7615941559557649,-0.126800537109375,0.11920292202211755,No,No,True,match,"The retrieved sentences mention prevention generally and include community “socialization” and dissemination of books/leaflets/brochures about women’s protection policies and women’s protection in general, but they do not explicitly describe awareness/education activities specifically about violence against women or anti-violence values/norms as a preventive measure. The text also includes prohibitions/definitions of violence, but not as an information/education activity."
SUMATERA SELATAN MUSI RAWAS,SUMATERA_SELATAN_MUSI_RAWAS.txt,4.3,VAW laws awareness,primary_prevention,0.7615941559557649,-0.12703323364257812,0.8807970779778824,Yes,Yes,True,match,"The policy explicitly mentions socialisation of laws and regulations related to protection for women and children victims of violence, which constitutes an information/education activity about relevant laws/policies and is presented within the implementation framework that includes prevention responsibilities."
SUMATERA SELATAN OGAN KOMERING ULU SELATAN,SUMATERA_SELATAN_OGAN_KOMERING_ULU_SELATAN.txt,6.1,Women in conflict/disaster areas,intersectional_approach,0.7615941559557649,-0.12701797485351562,0.11920292202211756,No,No,True,match,"The text mentions protecting women from “conflict” in a general sense, but does not identify women in disaster/emergency/displacement/refugee situations as a specific target group nor set out protection measures for women in such situations. The only explicit emergency-situation special protection is for children, which is insufficient under the coding rules."
KALIMANTAN TIMUR BONTANG KOTA,KALIMANTAN_TIMUR_BONTANG_KOTA.txt,5.2,Religious engagement,stakeholder_engagement,0.7615941559557649,-0.12702178955078125,0.8807970779778824,Yes,Yes,True,match,"The policy includes spiritual guidance/spiritual services as part of assistance and medical services for victims, which meets the coding rule that religious/spiritual counselling is included as a support service, even though specific faith-based organisations/leaders are not named."
KEPULAUAN BANGKA BELITUNG BANGKA BARAT,KEPULAUAN_BANGKA_BELITUNG_BANGKA_BARAT_v2.txt,5.4,Education institutions engagement,stakeholder_engagement,0.7615941559557649,-0.12685012817382812,0.8807970779778824,Yes,Yes,True,match,"The policy includes “education” as one of the elements that make up the PPT implementation structure, which implies the education sector is part of the integrated mechanism implementing prevention/protection for victims."
SULAWESI SELATAN ENREKANG,SULAWESI_SELATAN_ENREKANG.txt,6.8,Women in legal process,intersectional_approach,0.7615941559557649,-0.12702178955078125,0.8807970779778824,Yes,Yes,True,match,"The definition of “Special Protection” explicitly applies to “Women and Children in conflict with the law,” which directly includes women in conflict with the law as a group covered by special protection."
KALIMANTAN SELATAN TANAH BUMBU,KALIMANTAN_SELATAN_TANAH_BUMBU.txt,4.1,Information and education about VAW,primary_prevention,0.7615941559557649,-0.12701797485351562,0.11920292202211756,No,No,True,match,"The retrieved sentences mention responsibilities to conduct prevention efforts against violence against women, but they do not describe any information/education/awareness-raising activities specifically about VAW or anti-violence norms. The only explicit socialization/education/information activities described are for child protection topics (e.g., children’s rights, child protection, impacts of violence on children), which does not meet the criterion’s requirement of being specifically about violence against women."
KALIMANTAN TENGAH PALANGKA RAYA KOTA,KALIMANTAN_TENGAH_PALANGKA_RAYA_KOTA.txt,3.10,Economic support,specialised_support_services,0.809301070201781,-0.10023117065429688,0.9046505351008904,Yes,Yes,True,match,"The policy explicitly includes “economic independence services” among the services to victims organized by P2TP2A, indicating economic support/empowerment is available within the victim service mechanism."
LAMPUNG PESAWARAN,LAMPUNG_PESAWARAN.txt,3.5,Legal assistance,specialised_support_services,0.809301070201781,-0.10009765625,0.09534946489910949,No,Yes,False,false_negative,"While the text states that children have a right to receive legal assistance and mentions legal consultation access in the context of women’s empowerment, it does not identify any specific service unit that provides legal assistance (the criterion asks for a service unit)."
KEPULAUAN BANGKA BELITUNG PANGKALPINANG KOTA,KEPULAUAN_BANGKA_BELITUNG_PANGKALPINANG_KOTA.txt,3.3,Reporting/hotline service,specialised_support_services,0.809301070201781,-0.10016250610351562,0.09534946489910949,No,Yes,False,false_negative,"The cited text mentions that community participation may include complaints/reports and that people may report violence to law enforcement, but it does not explicitly establish or mandate a service/mechanism/channel for receiving and handling complaints/reports from victims or the public (e.g., hotline, complaint desk, designated receiving unit)."
SULAWESI SELATAN BULUKUMBA,SULAWESI_SELATAN_BULUKUMBA.txt,3.9,Resocialisation services,specialised_support_services,0.809301070201781,-0.10025405883789062,0.09534946489910949,No,Yes,False,false_negative,"While the text mentions assistance in repatriation, social rehabilitation, and social reintegration as forms of community participation/obligations, it does not identify a specific service unit or institutional mechanism responsible for providing rehabilitation/reintegration services (beyond general mentions)."
SUMATERA SELATAN OGAN KOMERING ULU,SUMATERA_SELATAN_OGAN_KOMERING_ULU.txt,6.5,People with disability,intersectional_approach,0.809301070201781,-0.10010147094726562,0.9046505351008904,Yes,No,False,false_positive,"The policy explicitly states protection is provided to all victims without distinction based on physical or mental condition, which the coding rules treat as sufficient inclusion for disability (even without disability-specific services)."
SULAWESI TENGAH POSO,SULAWESI_TENGAH_POSO.txt,5.4,Education institutions engagement,stakeholder_engagement,0.809301070201781,-0.10016250610351562,0.09534946489910949,No,No,True,match,"While the text mentions education workers as part of an integrated forum and education as part of recovery, it does not explicitly identify schools, universities, or other education institutions as stakeholders/partners, nor does it clearly assign education institutions a role in prevention, protection, services, or coordination as required by the coding rules."
LAMPUNG TANGGAMUS,LAMPUNG_TANGGAMUS.txt,6.3,Women workers,intersectional_approach,0.809301070201781,-0.10023117065429688,0.09534946489910949,No,No,True,match,"The cited provisions refer to creating a safe work environment atmosphere for women and to business-sector policies with a women’s perspective, but they do not explicitly identify women workers/employees as a specific target group for protection measures against violence/exploitation in the workplace."
MALUKU UTARA HALMAHERA TIMUR,MALUKU_UTARA_HALMAHERA_TIMUR.txt,3.10,Economic support,specialised_support_services,0.809301070201781,-0.10016632080078125,0.09534946489910949,No,No,True,match,"The cited provisions on skills/job training, capital assistance, and marketing networks are framed as general women’s empowerment measures and do not explicitly specify that these economic supports are provided to women victims of violence (as required by the coding rules)."
LAMPUNG PESISIR BARAT,LAMPUNG_PESISIR_BARAT.txt,3.9,Resocialisation services,specialised_support_services,0.809301070201781,-0.1002960205078125,0.9046505351008904,Yes,Yes,True,match,"The policy specifies that assistance provides continuous handling up to the rehabilitation stage, linking rehabilitation to a defined victim support mechanism (assistance/assistants), which meets the criterion for rehabilitation/resocialisation services within victim support."
KALIMANTAN BARAT SANGGAU,KALIMANTAN_BARAT_SANGGAU.txt,4.2,Gender equality education,primary_prevention,0.809301070201781,-0.10009765625,0.09534946489910949,No,No,True,match,"While the policy mentions community participation through “socialization of women's rights,” it does not explicitly situate this as a prevention strategy to prevent violence against women in the cited sentences, and other cited education/socialization items focus on VAW laws or protection from violence rather than gender equality/women’s rights education as VAW prevention."
DI YOGYAKARTA GUNUNGKIDUL,DI_YOGYAKARTA_GUNUNGKIDUL_v2.txt,4.4,Prevention through education,primary_prevention,0.809301070201781,-0.10010528564453125,0.09534946489910949,No,Yes,False,false_negative,"Although the policy includes “education about the dangers of domestic violence” as a prevention effort, it does not explicitly identify formal education instruments or institutions (e.g., schools, curricula, teaching/learning materials, education centers, or education-sector bodies) as the prevention mechanism, which is required by the coding rules for this indicator."
JAWA TIMUR BLITAR,JAWA_TIMUR_BLITAR.txt,4.2,Gender equality education,primary_prevention,0.809301070201781,-0.10009765625,0.09534946489910949,No,No,True,match,"While the policy mentions gender equality and women’s rights as principles and refers to “fulfillment of the rights of children and women” alongside violence-prevention socialization, it does not explicitly include prevention activities that educate or raise awareness specifically about gender equality and/or women’s rights as a strategy to prevent violence against women (the socialization is framed as violence-prevention, not gender equality education)."
KALIMANTAN SELATAN HULU SUNGAI SELATAN,KALIMANTAN_SELATAN_HULU_SUNGAI_SELATAN.txt,3.3,Reporting/hotline service,specialised_support_services,0.809301070201781,-0.10013961791992188,0.09534946489910949,No,Yes,False,false_negative,"The text notes that community members may report violence and that victims have a right to complaint handling, but it does not explicitly establish or describe a specific service/mechanism/channel for receiving complaints/reports (e.g., hotline, complaint desk, designated reporting unit) beyond general reporting to law enforcers/authorized parties."
KALIMANTAN SELATAN TAPIN,KALIMANTAN_SELATAN_TAPIN.txt,2.5,Training and capacity building,institutional_mechanism,0.809301070201781,-0.10014724731445312,0.09534946489910949,No,No,True,match,"Although the text mentions “training” as one possible form of implementation activity, the candidate sentences do not explicitly mandate training/capacity building for government officials, implementing agencies, or service providers responsible for implementing the policy, as required by the coding rules."
SULAWESI TENGAH BUOL,SULAWESI_TENGAH_BUOL.txt,6.6,Women heads of household,intersectional_approach,0.809301070201781,-0.10016632080078125,0.9046505351008904,Yes,No,False,false_positive,"The policy explicitly includes measures directed at female heads of household through counseling/empowerment efforts specifically for “female heads of household,” which constitutes targeted support for this group."
KALIMANTAN TENGAH GUNUNG MAS,KALIMANTAN_TENGAH_GUNUNG_MAS.txt,1.9,Sexual slavery/exploitation,scope_of_violence,0.8093010702017811,-0.1001434326171875,0.9046505351008906,Yes,No,False,false_positive,"The policy explicitly includes children who are exploited sexually (and/or economically) as a special protection category, which constitutes explicit coverage of sexual exploitation."
JAWA TIMUR SAMPANG,JAWA_TIMUR_SAMPANG.txt,3.10,Economic support,specialised_support_services,0.8093010702017811,-0.1002044677734375,0.0953494648991095,No,No,True,match,"While the policy discusses women’s empowerment and increasing women’s economic independence generally and describes P2TP2A as including an empowerment function, the candidate sentences do not explicitly link economic support/empowerment measures (skills, livelihoods, financial resources) to women victims of violence as required by the coding rules."
JAWA TIMUR TRENGGALEK,JAWA_TIMUR_TRENGGALEK.txt,2.3,Data collection systems,institutional_mechanism,0.8093010702017811,-0.10029983520507812,0.09534946489910949,No,No,True,match,"The candidate sentences mention monitoring/reporting in relation to child victim protection and general development monitoring/evaluation concepts, but they do not explicitly establish or assign responsibility for collecting/recording/managing data specifically on violence against women, victims, or violence cases as required by the coding rules."
JAWA TENGAH WONOSOBO,JAWA_TENGAH_WONOSOBO.txt,4.1,Information and education about VAW,primary_prevention,0.8093010702017811,-0.10032272338867188,0.09534946489910949,No,Yes,False,false_negative,"The retrieved sentences mention goals to eliminate violence against women and children and list generic “prevention efforts” that may include “social counseling and guidance,” but they do not explicitly describe information/education/awareness activities that are specifically about violence against women, protection from VAW, or anti-violence norms/values. The cited “education and training services” appear as service components for women in vulnerable situations rather than VAW-focused preventive education."
JAWA BARAT CIREBON KOTA,JAWA_BARAT_CIREBON_KOTA.txt,1.3,Physical violence,scope_of_violence,0.8093010702017811,-0.100250244140625,0.9046505351008906,Yes,Yes,True,match,"The definition of violence against women explicitly includes suffering of women physically, which brings physical violence within the policy’s scope under the coding rules."
JAWA BARAT BEKASI KOTA,JAWA_BARAT_BEKASI_KOTA_v2.txt,6.3,Women workers,intersectional_approach,0.8093010702017811,-0.1002044677734375,0.0953494648991095,No,Yes,False,false_negative,"The cited provisions address women’s equal employment opportunities and require employers to provide general protection related to welfare, safety, and health, but they do not explicitly frame women workers as a group needing protection from violence/exploitation in the workplace as required by the coding rules."
KALIMANTAN SELATAN KOTABARU,KALIMANTAN_SELATAN_KOTABARU.txt,5.3,Traditional/cultural engagement,stakeholder_engagement,0.8093010702017811,-0.1001434326171875,0.09534946489910949,No,No,True,match,"The candidate sentences do not identify traditional/customary/cultural leaders or institutions as stakeholders or implementers. The only mention of customary rules (adat) is descriptive about compensation/restitution being institutionalized in adat, without assigning an active role to customary mechanisms or leaders in implementation, prevention, services, coordination, or dispute resolution."
KALIMANTAN TENGAH KOTAWARINGIN TIMUR,KALIMANTAN_TENGAH_KOTAWARINGIN_TIMUR.txt,4.4,Prevention through education,primary_prevention,0.8093010702017811,-0.1001434326171875,0.09534946489910949,No,No,True,match,"Although the policy mentions “critical education” and notes that educational institutions can participate in prevention, the retrieved sentences do not explicitly identify formal education instruments (e.g., school-based programs, curricula, teaching/learning materials) as a prevention mechanism for violence against women/children. The references to education are broad (critical education/socialization) and do not clearly meet the criterion’s requirement for explicit education-institution-based or curriculum/materials-linked prevention strategy."
JAWA TENGAH SURAKARTA KOTA,JAWA_TENGAH_SURAKARTA_KOTA.txt,3.10,Economic support,specialised_support_services,0.8482836399575128,-0.07886886596679688,0.9241418199787563,Yes,Yes,True,match,"The policy includes identifying economic empowerment needs as part of services for women victims of violence and assigns this function to UPTD PPA, indicating economic support/economic empowerment measures targeted to victims."
SULAWESI TENGGARA KONAWE,SULAWESI_TENGGARA_KONAWE.txt,4.2,Gender equality education,primary_prevention,0.8482836399575129,-0.07900238037109375,0.07585818002124355,No,No,True,match,"The text mentions community socialisation of children’s rights and women’s rights and socialisation of laws/regulations related to protecting those rights, framed under prevention. However, the coding rules exclude education/awareness about laws/regulations and require educational activities about gender equality/women’s rights to be explicitly situated as a strategy to prevent violence against women; the cited prevention measure is specifically legal/regulatory socialisation rather than gender equality education, and the women’s-rights socialisation is not explicitly linked to preventing violence against women in the provided sentences."
SUMATERA UTARA PADANGSIDIMPUAN KOTA,SUMATERA_UTARA_PADANGSIDIMPUAN_KOTA.txt,2.3,Data collection systems,institutional_mechanism,0.8482836399575129,-0.07886505126953125,0.07585818002124356,No,Yes,False,false_negative,"While the text defines an information system and a gender/child data system (including that disaggregated data can include violence) and mentions exchange of data and information, the candidate sentences do not explicitly link the data system’s collection/recording/monitoring functions to violence against women, victims of violence, or violence cases as required by the coding rules."
LAMPUNG TANGGAMUS,LAMPUNG_TANGGAMUS.txt,2.5,Training and capacity building,institutional_mechanism,0.8482836399575129,-0.07891082763671875,0.07585818002124356,No,Yes,False,false_negative,"While the text mentions ""Education and Training"" and capacity building, the cited provisions describe training/education provided to women and children victims (and empowerment service provider institutions) rather than mandating training or professional development for government officials, implementing agencies, or service providers responsible for implementing the policy. Under the coding rules, victim-focused training and general references are insufficient."
JAWA TENGAH MAGELANG,JAWA_TENGAH_MAGELANG.txt,4.3,VAW laws awareness,primary_prevention,0.8482836399575129,-0.07888412475585938,0.9241418199787564,Yes,Yes,True,match,"The policy explicitly mentions conducting socialization of laws and regulations related to implementing protection for women and children victims of violence, which constitutes an information/education activity about relevant laws/regulations situated within the policy’s prevention/protection framework."
JAWA TENGAH SALATIGA KOTA,JAWA_TENGAH_SALATIGA_KOTA.txt,2.5,Training and capacity building,institutional_mechanism,0.8482836399575129,-0.07895278930664062,0.9241418199787564,Yes,Yes,True,match,"The policy assigns the Regional Government responsibility to increase the capacity of service provider institutions, which constitutes an explicit capacity-building requirement aimed at institutions delivering services under the policy (not merely general guidance or victim skills training)."
JAWA TENGAH SURAKARTA KOTA,JAWA_TENGAH_SURAKARTA_KOTA.txt,2.5,Training and capacity building,institutional_mechanism,0.8482836399575129,-0.07895660400390625,0.07585818002124356,No,Yes,False,false_negative,"The retrieved sentences discuss training/capacity building largely as women’s empowerment activities (e.g., training for women) and general capacity increases in prevention efforts, but do not explicitly mandate training/technical guidance/capacity building for government officials, implementing agencies, or service providers responsible for implementing women’s protection/VAW services as required by the coding rules."
JAMBI SAROLANGUN,JAMBI_SAROLANGUN.txt,2.2,Collaboration with NGOs,institutional_mechanism,0.8482836399575129,-0.07897567749023438,0.9241418199787564,Yes,Yes,True,match,"The policy explicitly references implementation involving “non-governmental institutions” and establishes a task force that incorporates “Community Institutions” alongside government and the private sector, indicating a collaboration mechanism that includes non-government actors rather than only government agencies or generic public participation."
JAWA TENGAH KLATEN,JAWA_TENGAH_KLATEN.txt,6.5,People with disability,intersectional_approach,0.8482836399575129,-0.07879638671875,0.9241418199787564,Yes,Yes,True,match,"The policy explicitly includes “Disability” among the criteria defining women with social welfare problems, indicating that women with disabilities are a specifically identified vulnerable subgroup within the policy’s scope for guidance/social security support."
SUMATERA UTARA LABUHANBATU SELATAN,SUMATERA_UTARA_LABUHANBATU_SELATAN.txt,4.2,Gender equality education,primary_prevention,0.8482836399575129,-0.07897567749023438,0.07585818002124356,No,No,True,match,"While the policy mentions socialization of women and children’s rights and includes gender mainstreaming activities, the retrieved sentences do not explicitly situate education/awareness about gender equality or women’s rights as a strategy to prevent violence against women; some education is about laws/regulations or gender mainstreaming, which are excluded by the coding rules."
SULAWESI UTARA MINAHASA TENGGARA,SULAWESI_UTARA_MINAHASA_TENGGARA.txt,4.2,Gender equality education,primary_prevention,0.8482836399575129,-0.07886505126953125,0.07585818002124356,No,No,True,match,"While the policy mentions socialization of women’s and children’s rights and includes gender equality as a principle/definition, the cited passages do not explicitly situate education/awareness about gender equality or women’s rights as a strategy to prevent violence against women, as required by the coding rules."
SULAWESI TENGGARA KONAWE KEPULAUAN,SULAWESI_TENGGARA_KONAWE_KEPULAUAN.txt,4.2,Gender equality education,primary_prevention,0.8482836399575129,-0.07891082763671875,0.9241418199787564,Yes,Yes,True,match,"The policy includes a community participation activity of conducting socialisation of women’s rights and children’s rights. This is situated within a section on community participation responsibilities to prevent violence against victims, satisfying the requirement that the educational activity be part of prevention efforts."
SUMATERA SELATAN PENUKAL ABAB LEMATANG ILIR,SUMATERA_SELATAN_PENUKAL_ABAB_LEMATANG_ILIR.txt,6.11,Domestic workers,intersectional_approach,0.8482836399575129,-0.07895278930664062,0.9241418199787564,Yes,No,False,false_positive,"The policy includes domestic workers within the category of child workers in the informal sector and states the government is obligated to protect fulfillment of the rights of these child workers, which constitutes a special protection measure targeted at (child) domestic workers."
SULAWESI TENGAH TOLI TOLI,SULAWESI_TENGAH_TOLI_TOLI.txt,1.8,Human trafficking,scope_of_violence,0.8482836399575129,-0.07897186279296875,0.9241418199787564,Yes,No,False,false_positive,"The policy explicitly includes “trafficking” as part of the category of children receiving special protection (kidnapping, sale and/or trafficking), which constitutes explicit inclusion of trafficking in persons within the policy’s scope for protection measures."
SUMATERA SELATAN OGAN KOMERING ULU,SUMATERA_SELATAN_OGAN_KOMERING_ULU_v2.txt,7.3,International donors,budget_funding_sources,0.8482836399575129,-0.07899856567382812,0.07585818002124355,No,No,True,match,"The only international-related reference is to establishing bilateral and multilateral cooperation “both national and international,” but the criterion requires international support/funding/assistance for women’s protection/VAW measures; the cited cooperation statement is about preventing child abduction/sale/trafficking and does not indicate international donor/support for women’s protection or VAW services. No donors, UN agencies, international assistance, or international funding sources are mentioned in the provided sentences."
KALIMANTAN UTARA NUNUKAN,KALIMANTAN_UTARA_NUNUKAN.txt,4.2,Gender equality education,primary_prevention,0.8482836399575129,-0.07897567749023438,0.9241418199787564,Yes,Yes,True,match,"The policy situates prevention of violence against women and children as including “critical education” to the community regarding the rights of women and children. This is an educational/awareness activity about women’s/children’s rights, and it is explicitly listed within the prevention measures for violence, satisfying the requirement that the activity be a prevention strategy."
KALIMANTAN TIMUR KUTAI TIMUR,KALIMANTAN_TIMUR_KUTAI_TIMUR.txt,1.4,Psychological violence,scope_of_violence,0.8482836399575129,-0.07899856567382812,0.07585818002124355,No,No,True,match,"The candidate sentences include a right to “psychological…health recovery,” but they do not explicitly mention psychological/emotional violence or define it as a form/type/category of violence covered in the provided text."
SULAWESI SELATAN ENREKANG,SULAWESI_SELATAN_ENREKANG.txt,4.4,Prevention through education,primary_prevention,0.8482836399575129,-0.07880401611328125,0.9241418199787564,Yes,Yes,True,match,"Within the chapter on prevention, the policy lists developing child-friendly schools as part of prevention actions, explicitly linking a school-related/education-institution measure to prevention of violations/violence against women and children."
NUSA TENGGARA BARAT LOMBOK TENGAH,NUSA_TENGGARA_BARAT_LOMBOK_TENGAH.txt,2.5,Training and capacity building,institutional_mechanism,0.8482836399575129,-0.07900238037109375,0.07585818002124355,No,Yes,False,false_negative,"The candidate sentences reference increasing knowledge and skills of various actors in the context of strengthening child protection institutions, and mention “education and training” only as part of background/general discussion of higher-level obligations, not as an explicit local duty for implementing agencies/personnel for women’s protection/VAW under this policy as required by the coding rules."
SUMATERA SELATAN MUARA ENIM,SUMATERA_SELATAN_MUARA_ENIM.txt,6.5,People with disability,intersectional_approach,0.848283639957513,-0.07880020141601562,0.9241418199787566,Yes,No,False,false_positive,"The policy explicitly identifies “disability” as a prioritized social-problem criterion for social welfare, indicating people with disabilities as a target beneficiary group for support measures. This satisfies the criterion for people with disabilities (even though other disability references are child-specific)."
LAMPUNG LAMPUNG TIMUR,LAMPUNG_LAMPUNG_TIMUR.txt,4.1,Information and education about VAW,primary_prevention,0.848283639957513,-0.0788421630859375,0.9241418199787566,Yes,No,False,false_positive,"The policy frames eliminating violence against women and children as an obligation and lists implementation forms that include socialization, communication, information, and education (KIE) as part of protection efforts, which implicitly includes preventive information/education activities related to violence against women."
SUMATERA UTARA PAKPAK BHARAT,SUMATERA_UTARA_PAKPAK_BHARAT.txt,2.3,Data collection systems,institutional_mechanism,0.8798266996519847,-0.06185150146484375,0.06008665017400762,No,Yes,False,false_negative,"The candidate sentences mention monitoring, reporting, and building an information system, but they do not explicitly link any data/information system or reporting requirement to collecting/recording/managing data on violence cases or victims; the reporting cited is about implementation of SPM rather than VAW case data management."
KALIMANTAN TENGAH SUKAMARA,KALIMANTAN_TENGAH_SUKAMARA.txt,5.4,Education institutions engagement,stakeholder_engagement,0.8798266996519847,-0.06185150146484375,0.06008665017400762,No,No,True,match,"The cited provisions involving education focus on obligations of educational unit organizers regarding non-discrimination and coordinating when a child victim drops out, and on developing child-friendly school models; these relate to child protection/education continuity rather than engaging education institutions as stakeholders in prevention or services for violence against women or women victims of violence as required by the coding rules."
SULAWESI SELATAN BULUKUMBA,SULAWESI_SELATAN_BULUKUMBA.txt,2.5,Training and capacity building,institutional_mechanism,0.8798266996519847,-0.06204986572265625,0.06008665017400762,No,Yes,False,false_negative,"The candidate sentences mention capacity building as a funding item and refer to increasing the number and capacity of service officers, but they do not explicitly mandate or provide training/technical guidance/capacity-building activities for implementing agencies or service providers as a required implementation measure (and references to victims’ training are excluded by the coding rules)."
KALIMANTAN SELATAN HULU SUNGAI SELATAN,KALIMANTAN_SELATAN_HULU_SUNGAI_SELATAN.txt,5.6,Media engagement,stakeholder_engagement,0.8798266996519848,-0.0619354248046875,0.9399133498259924,Yes,Yes,True,match,"The policy explicitly includes 'Media' as a party with which the Regional Government conducts cooperation patterns for protection from violence, which recognizes media as a stakeholder within implementation-related cooperation."
KALIMANTAN BARAT KUBU RAYA,KALIMANTAN_BARAT_KUBU_RAYA.txt,6.8,Women in legal process,intersectional_approach,0.8798266996519848,-0.062007904052734375,0.06008665017400762,No,No,True,match,"The cited provisions concern services/rights for women victims (including facilitation in judicial process) and list “former inmates” as a vulnerable group, but do not explicitly include women in conflict with the law as suspects/defendants/perpetrators/witnesses as a protected group, which is required by the coding rules."
JAWA TENGAH WONOSOBO,JAWA_TENGAH_WONOSOBO.txt,3.3,Reporting/hotline service,specialised_support_services,0.8798266996519848,-0.06207275390625,0.060086650174007626,No,No,True,match,"The only relevant reference is to investigators being authorized to receive reports concerning criminal acts, which is an investigative/administrative authority rather than an explicit victim/public complaint-reporting service or mechanism for violence cases as required by the coding rules."
JAWA TIMUR BLITAR KOTA,JAWA_TIMUR_BLITAR_KOTA.txt,4.2,Gender equality education,primary_prevention,0.8798266996519848,-0.061985015869140625,0.060086650174007626,No,Yes,False,false_negative,"While the policy mentions gender equality as a principle and includes community socialization of women’s and children’s rights, the retrieved sentences do not explicitly situate education/awareness activities about gender equality or women’s rights as a strategy to prevent violence against women (and the awareness-raising cited for prevention is not specified as being about gender equality/women’s rights)."
JAWA TENGAH SALATIGA KOTA,JAWA_TENGAH_SALATIGA_KOTA.txt,2.2,Collaboration with NGOs,institutional_mechanism,0.8798266996519848,-0.061985015869140625,0.060086650174007626,No,Yes,False,false_negative,"The candidate sentences mention cooperation with “institutions that handle Gender and Children issues” and include “elements of society” and “stakeholders,” but they do not explicitly identify NGOs, civil society organisations, community organisations, or other non-government service providers as collaboration partners or as part of a coordination mechanism, as required by the coding rules."
JAWA BARAT BANDUNG,JAWA_BARAT_BANDUNG.txt,4.3,VAW laws awareness,primary_prevention,0.8798266996519848,-0.06186676025390625,0.060086650174007626,No,Yes,False,false_negative,"Although the policy mentions socialization and education activities and separately mentions “socialization of laws and regulations related to the Protection of Women Victims of Violence and Discrimination Against Women,” the retrieved sentences do not explicitly situate that laws/regulations socialization as a prevention strategy for VAW (the prevention article lists other socialization items but not laws/regulations). Under the coding rules, the legal-awareness activity must be explicitly presented as a prevention measure."
JAWA TENGAH KARANGANYAR,JAWA_TENGAH_KARANGANYAR.txt,2.4,Gender mainstreaming institutionalisation,institutional_mechanism,0.8798266996519848,-0.06207275390625,0.9399133498259924,Yes,Yes,True,match,"The policy explicitly links KP2A’s function to formulating protection policy programs using Gender Mainstreaming (PUG) strategies, indicating gender mainstreaming is embedded as part of the institutional mechanism for implementing women/child protection programming."
JAWA TENGAH MAGELANG KOTA,JAWA_TENGAH_MAGELANG_KOTA.txt,4.4,Prevention through education,primary_prevention,0.8798266996519848,-0.061985015869140625,0.9399133498259924,Yes,Yes,True,match,"The policy explicitly states that prevention efforts must also be carried out by educational institutions, which identifies involvement of education institutions as part of the prevention strategy for violence against women and children."
DI YOGYAKARTA BANTUL,DI_YOGYAKARTA_BANTUL_v2.txt,3.9,Resocialisation services,specialised_support_services,0.8798266996519848,-0.061985015869140625,0.9399133498259924,Yes,Yes,True,match,"The policy defines SOPs for protecting victims that include rehabilitation, social rehabilitation, and social reintegration, linking these reintegration/rehabilitation services to the victim support mechanism (the SOP for victim protection)."
JAWA BARAT BANDUNG BARAT,JAWA_BARAT_BANDUNG_BARAT.txt,4.4,Prevention through education,primary_prevention,0.8798266996519848,-0.061985015869140625,0.9399133498259924,Yes,Yes,True,match,"Within a section explicitly about preventing violence against women and children, the policy includes improving the number and quality of education (formal, non-formal, and informal) as part of the prevention efforts, thereby identifying education improvement as a prevention mechanism."
JAMBI BUNGO,JAMBI_BUNGO.txt,3.9,Resocialisation services,specialised_support_services,0.8798266996519848,-0.0620269775390625,0.9399133498259924,Yes,Yes,True,match,"The policy explicitly includes social rehabilitation and repatriation/social reintegration within the defined victim services, linking rehabilitation/reintegration to the service framework rather than only mentioning it as a general concept."
BENGKULU REJANG LEBONG,BENGKULU_REJANG_LEBONG.txt,3.9,Resocialisation services,specialised_support_services,0.8798266996519848,-0.061985015869140625,0.9399133498259924,Yes,Yes,True,match,"The policy links rehabilitation-stage handling to victim services and establishes P2TP2A as the integrated service center for women and children victims of violence, implying the integrated unit is responsible for providing services that include rehabilitation/reintegration stages."
LAMPUNG TANGGAMUS,LAMPUNG_TANGGAMUS.txt,6.1,Women in conflict/disaster areas,intersectional_approach,0.8798266996519848,-0.06191253662109375,0.9399133498259924,Yes,Yes,True,match,"The policy explicitly includes “victims of disaster and conflict” within the listed forms/contexts of violence against women and children, indicating that women affected by disaster/conflict are within the protected victim categories."
KEPULAUAN BANGKA BELITUNG BANGKA,KEPULAUAN_BANGKA_BELITUNG_BANGKA.txt,3.9,Resocialisation services,specialised_support_services,0.8798266996519848,-0.062030792236328125,0.9399133498259924,Yes,Yes,True,match,"The policy explicitly includes “social rehabilitation and reintegration” within protection services for women victims of violence, satisfying the requirement that rehabilitation/reintegration services are part of victim support services."
LAMPUNG TANGGAMUS,LAMPUNG_TANGGAMUS.txt,6.5,People with disability,intersectional_approach,0.8798266996519848,-0.06200408935546875,0.9399133498259924,Yes,Yes,True,match,"The policy explicitly lists “Persons with disabilities” among the categories covered under “other violence,” indicating inclusion of people with disabilities as a beneficiary group within the regulation’s protection framework."
MALUKU SERAM BAGIAN BARAT,MALUKU_SERAM_BAGIAN_BARAT.txt,5.5,International organisations engagement,stakeholder_engagement,0.8798266996519848,-0.06200408935546875,0.9399133498259924,Yes,Yes,True,match,"The policy explicitly references assistance/financial assistance from domestic or foreign NGOs as a legitimate source of support, which constitutes international (foreign) organizational support relevant to implementation/service delivery."
SULAWESI SELATAN ENREKANG,SULAWESI_SELATAN_ENREKANG.txt,5.6,Media engagement,stakeholder_engagement,0.8798266996519848,-0.061981201171875,0.9399133498259924,Yes,Yes,True,match,"The policy explicitly includes 'media' among actors whose role is to be increased in the region as part of implementing protection of women and children, which recognizes media as a stakeholder (even if the specific tasks are not detailed in the retrieved sentences)."
SULAWESI SELATAN BULUKUMBA,SULAWESI_SELATAN_BULUKUMBA.txt,4.1,Information and education about VAW,primary_prevention,0.8798266996519848,-0.061977386474609375,0.9399133498259924,Yes,Yes,True,match,"The policy frames “provision of education” as one of the modalities through which “prevention of violence” is implemented, and specifies that this education includes providing information, guidance and/or counseling. Because the prevention chapter is about violence against women and children, these education/information activities are situated as prevention measures addressing violence against women (as part of the broader women-and-children violence scope)."
SUMATERA BARAT PESISIR SELATAN,SUMATERA_BARAT_PESISIR_SELATAN.txt,5.4,Education institutions engagement,stakeholder_engagement,0.8798266996519848,-0.062091827392578125,0.9399133498259924,Yes,No,False,false_positive,"The policy assigns an active role to education unit organizers in responding to child victims of violence (providing education and coordinating with UPTD PPA), and it includes educators as a target group for training to prevent violence against women and children—both indicating engagement of the education sector in implementation/capacity building related to violence prevention/response."
SULAWESI UTARA MINAHASA TENGGARA,SULAWESI_UTARA_MINAHASA_TENGGARA.txt,4.1,Information and education about VAW,primary_prevention,0.8798266996519848,-0.061916351318359375,0.9399133498259924,Yes,No,False,false_positive,"The policy assigns the family a responsibility to provide understanding specifically about preventing domestic violence, which constitutes an information/education activity explicitly linked to prevention of violence against women/children."
SUMATERA SELATAN PENUKAL ABAB LEMATANG ILIR,SUMATERA_SELATAN_PENUKAL_ABAB_LEMATANG_ILIR.txt,6.5,People with disability,intersectional_approach,0.8798266996519848,-0.0619354248046875,0.06008665017400762,No,No,True,match,"The cited text includes disability-related provisions primarily in the context of children (e.g., children with disabilities) and mentions special infrastructure for persons with disabilities in public places, but does not clearly establish disability-specific protection/services for women with disabilities or people with disabilities in the context of protection from violence. Under the coding rules, child-disability-only measures and general references are insufficient."
SUMATERA SELATAN PALEMBANG KOTA,SUMATERA_SELATAN_PALEMBANG_KOTA.txt,2.6,Monitoring and evaluation,institutional_mechanism,0.8798266996519848,-0.06200408935546875,0.06008665017400762,No,Yes,False,false_negative,"The candidate sentences include community participation in monitoring law enforcement processes and general monitoring of conditions, but they do not establish monitoring and evaluation of policy implementation and service delivery as an M&E mechanism for the policy itself."
SUMATERA UTARA PAKPAK BHARAT,SUMATERA_UTARA_PAKPAK_BHARAT.txt,4.2,Gender equality education,primary_prevention,0.8798266996519848,-0.061985015869140625,0.060086650174007626,No,No,True,match,"While the policy mentions gender equality/justice as a principle and allows community socialization of women’s and children’s rights, the retrieved sentences do not explicitly situate education/awareness about gender equality or women’s rights as a strategy to prevent violence against women, as required by the coding rules."
