fullname,filename,indicator_id,indicator_value,dimension,golden_label,pred_label,value,pred_value,error_type,evidence,rationale,discrepancy_root_cause
ACEH BIREUEN,ACEH_BIREUEN.txt,5.4,Education institutions engagement,stakeholder_engagement,No,Yes,0.0,1.0,false_positive,"c. improve coordination, integration, synchronization, and synergy between SKPK with all stakeholders including religious organizations, professional organizations, academics, the private sector and the wider community in efforts to improve the quality of women's protection;","The policy explicitly includes academics among stakeholders with whom coordination, integration, and synergy should be improved to enhance women’s protection, which constitutes engagement of the education sector in implementation/coordination.",Reference only
ACEH BIREUEN,ACEH_BIREUEN.txt,6.8,Women in legal process,intersectional_approach,No,Yes,0.0,1.0,false_positive,"14. Special Protection is protection given to women and children in emergency situations, women and children in conflict with the law, women and children from minority and isolated groups, women and children who are exploited economically and/or sexually, women and children who are trafficked, women and children who become victims of kidnapping, sale, trafficking, women and children victims of violence both physical and/or mental.","The policy’s definition of “Special Protection” explicitly includes women and children in conflict with the law, which covers women involved in legal processes (e.g., suspects/defendants/perpetrators/witnesses) as a protected category.",Reference only
ACEH BIREUEN,ACEH_BIREUEN.txt,7.3,International donors,budget_funding_sources,No,Yes,0.0,1.0,false_positive,"f. coordinating the participation of the business sector and other institutions, including international assistance for women's protection; and","The policy explicitly references coordination that includes international assistance for women's protection, indicating international support is contemplated.",Reference only
ACEH SUBULUSSALAM KOTA,ACEH_SUBULUSSALAM_KOTA.txt,1.2,Sexual violence,scope_of_violence,No,Yes,0.0,1.0,false_positive,"13. Violence is any act against a person, especially women, which results in misery or suffering physically, psychologically, sexually and/or domestic neglect including threats to commit acts, coercion, or unlawful deprivation of liberty, whether within or outside the scope of the household.","The definition of violence explicitly includes sexual suffering (“sexually”), which constitutes inclusion of sexual violence.",Reference only
ACEH SUBULUSSALAM KOTA,ACEH_SUBULUSSALAM_KOTA.txt,1.9,Sexual slavery/exploitation,scope_of_violence,No,Yes,0.0,1.0,false_positive,"12. Victims are women who experience threats of violence and or violence inside and or outside the household and or become objects of trafficking/exploitation, and or discrimination in all forms and aspects.","The definition of victims includes women who become objects of “trafficking/exploitation,” which encompasses exploitation (including sexual exploitation) within the policy’s scope.",Reference only
ACEH SUBULUSSALAM KOTA,ACEH_SUBULUSSALAM_KOTA.txt,1.10,Technology facilitated violence,scope_of_violence,No,Yes,0.0,1.0,false_positive,"h. Opening information and access to all forms of protection against actions that harm women, including the use of information technology, social media;","The policy explicitly references protection against harmful actions including the use of “information technology” and “social media,” indicating coverage of technology-facilitated forms of harm/violence.",Reference only
ACEH SUBULUSSALAM KOTA,ACEH_SUBULUSSALAM_KOTA.txt,4.1,Information and education about VAW,primary_prevention,Yes,No,1.0,0.0,false_negative,,"The cited provisions focus on protection and service delivery for women victims of violence (e.g., complaint handling, health services, legal assistance) and on providing information/access to protection mechanisms. However, none of the candidate sentences describe preventive awareness-raising, communication, socialisation, or education activities specifically aimed at preventing violence against women or promoting anti-violence values.",Reference only
ACEH SUBULUSSALAM KOTA,ACEH_SUBULUSSALAM_KOTA.txt,4.2,Gender equality education,primary_prevention,No,Yes,0.0,1.0,false_positive,"The City Government organizes and facilitates human resource capacity-building activities concerning the guidance and supervision of the implementation of programs for the fulfillment of women's rights and the empowerment of women for all SKPK, Community Institutions, the Business Sector, Women's Forums, and the Media periodically and in stages, as required.","The policy includes an explicit capacity-building/training-type activity related to implementing programs for the fulfillment of women’s rights and women’s empowerment, which constitutes an educational/awareness-raising primary prevention activity about women’s rights.",Reference only
ACEH SUBULUSSALAM KOTA,ACEH_SUBULUSSALAM_KOTA.txt,5.2,Religious engagement,stakeholder_engagement,Yes,No,1.0,0.0,false_negative,,"While the policy references Islamic Sharia and allows funding from religious funds (Baitul Mal), none of the provided sentences explicitly include religious organizations/leaders/clergy/faith-based actors in delivering services, prevention, coordination, or implementation.",Reference only
ACEH SUBULUSSALAM KOTA,ACEH_SUBULUSSALAM_KOTA.txt,6.3,Women workers,intersectional_approach,No,Yes,0.0,1.0,false_positive,d. Women obtain the right to special protection in the implementation of their work or profession both in the public and domestic spheres against matters that threaten their safety and/or health in relation to reproductive functions.,"The policy explicitly recognizes a right to special protection for women in the implementation of their work or profession, which constitutes protection measures for women workers/employees as a target group.",Reference only
BALI BADUNG,BALI_BADUNG.txt,1.5,Economic violence,scope_of_violence,Yes,No,1.0,0.0,false_negative,,"While the text mentions economic loss as a possible impact on victims, it does not define or identify economic violence, economic exploitation, or domestic neglect as a form of violence against women.",Reference only
BALI BADUNG,BALI_BADUNG.txt,2.3,Data collection systems,institutional_mechanism,No,Yes,0.0,1.0,false_positive,(1) The Regent is responsible for making a report on the implementation of SPM in the Field of Integrated Services for Women and Children Victims of Violence in the Region to the Governor with a copy submitted to the State Minister for Women's Empowerment and Child Protection and the Minister of Home Affairs.,"The policy assigns the Regent responsibility to make an annual report on implementation of minimum service standards for integrated services, which constitutes an assigned reporting responsibility related to implementation information (a form of data/information management on service delivery for victims).",Reference only
BALI BADUNG,BALI_BADUNG.txt,2.5,Training and capacity building,institutional_mechanism,No,Yes,0.0,1.0,false_positive,"a. coverage of Women and Child Victims of Violence who receive complaint handling by trained officers in integrated service units;
b. coverage of Women and Child Victims of Violence who receive health services by trained health workers at Puskesmas and Hospitals;","The policy’s minimum service standards include performance indicators specifying that complaint handling and health services are provided by trained officers/health workers, implying a requirement for trained personnel as part of service delivery capacity.",Reference only
BALI BADUNG,BALI_BADUNG.txt,4.2,Gender equality education,primary_prevention,No,Yes,0.0,1.0,false_positive,b. independently conduct dissemination/outreach regarding the rights of Women and Children;,"The policy explicitly mentions dissemination/outreach regarding the rights of women and children, which is an educational/awareness activity specifically about women’s/children’s rights (a core component of gender equality and women’s rights education).",Reference only
BALI BANGLI,BALI_BANGLI.txt,1.8,Human trafficking,scope_of_violence,No,Yes,0.0,1.0,false_positive,"Law Number 21 of 2007 concerning the Eradication of the Criminal Act of Trafficking in Persons (State Gazette of the Republic of Indonesia of 2007 Number 58, Supplement to the State Gazette of the Republic of Indonesia Number 4720);","The policy’s legal basis explicitly cites the law on eradication of trafficking in persons, indicating trafficking is included within the policy’s referenced framework.",Reference only
BALI BANGLI,BALI_BANGLI.txt,2.3,Data collection systems,institutional_mechanism,No,Yes,0.0,1.0,false_positive,"The Regent is responsible for preparing a report on the implementation of SPM in the Field of Integrated Services for Women and Children Victims of Violence and submitting it to the Governor with a copy submitted to the State Minister for Women's Empowerment and Child Protection and the Minister of Home Affairs.
Reporting of implementation as referred to in paragraph (1) shall be conducted annually.","The policy assigns the Regent responsibility to prepare and submit an annual report on implementation of minimum service standards for integrated services, which constitutes an assigned reporting function related to implementation information (and implicitly requires compilation/management of such information for reporting).",Reference only
BALI BANGLI,BALI_BANGLI.txt,2.5,Training and capacity building,institutional_mechanism,No,Yes,0.0,1.0,false_positive,"The Regent provides guidance for the development of PPT.
The guidance as referred to in paragraph (1) includes: provision of implementation instructions;","The policy mandates that the Regent provides guidance for the development of PPT, including provision of implementation instructions and guidance, which constitutes technical guidance/capacity-building support for implementing the integrated service mechanism.",Reference only
BALI BULELENG,BALI_BULELENG.txt,2.5,Training and capacity building,institutional_mechanism,No,Yes,0.0,1.0,false_positive,"(1) The Regional Government provides guidance and supervises P2TP2A and other social institutions.
a. coverage of Women and Children Victims of Violence who receive complaint handling by trained officers in integrated service units;","The policy provides for guidance (a form of capacity building) and supervision of P2TP2A and other social institutions, and it also references service delivery by trained officers/health workers as part of performance indicators, indicating an expectation of trained personnel in implementation.",Reference only
BALI BULELENG,BALI_BULELENG.txt,3.2,Police specialised service unit,specialised_support_services,Yes,No,1.0,0.0,false_negative,,"The text mentions the need for “special service rooms within the police force,” but it does not establish or describe a specialised police service unit for VAW within police offices (i.e., a dedicated unit/structure), only facilities supporting integrated services.",Reference only
BALI BULELENG,BALI_BULELENG.txt,6.5,People with disability,intersectional_approach,No,Yes,0.0,1.0,false_positive,l. Children with disabilities;,"The policy explicitly includes a special protection category for children with disabilities, indicating disability-targeted special protection measures (though framed for children rather than women with disabilities).",Reference only
BALI TABANAN,BALI_TABANAN.txt,2.5,Training and capacity building,institutional_mechanism,No,Yes,0.0,1.0,false_positive,"c. capacity building of officials and other stakeholders.
a. coverage of women and children victims of violence who receive complaint handling by trained officers in integrated service units;
b. coverage of women and children victims of violence who receive health services by trained health workers at Puskesmas and Hospitals;
c. coverage of social rehabilitation services provided by trained social rehabilitation officers for women and children victims of violence in integrated service units;
d. coverage of spiritual guidance services provided by trained spiritual guidance officers for women and children victims of violence in integrated service units;","The policy includes capacity building within the regional government’s authority/responsibility and references service delivery by trained officers/health workers/social rehabilitation officers/spiritual guidance officers, indicating a requirement/expectation for trained personnel as part of implementation.",Reference only
BALI TABANAN,BALI_TABANAN.txt,3.7,Psychosocial counselling,specialised_support_services,Yes,No,1.0,0.0,false_negative,,"The provided sentences mention social rehabilitation and list psychologists/psychiatrists as implementing officers, but they do not explicitly state that psychosocial or psychological counselling services are provided to victims as a defined service.",Reference only
BALI TABANAN,BALI_TABANAN.txt,4.1,Information and education about VAW,primary_prevention,No,Yes,0.0,1.0,false_positive,c. conduct independent socialization of women's and children's rights;,"The policy includes a community participation provision allowing the community to conduct independent socialization of women’s and children’s rights, which constitutes an awareness/socialisation activity linked to preventing violence against women and children.",Reference only
BANTEN TANGERANG SELATAN KOTA,BANTEN_TANGERANG_SELATAN_KOTA.txt,3.3,Reporting/hotline service,specialised_support_services,Yes,No,1.0,0.0,false_negative,,"While the text references victims obtaining information related to complaints and mentions failure to report as sanctionable, it does not specify any mechanism/service (e.g., hotline, complaint desk, reporting channel) for receiving reports or complaints.",Reference only
BENGKULU KEPAHIANG,BENGKULU_KEPAHIANG.txt,1.8,Human trafficking,scope_of_violence,No,Yes,0.0,1.0,false_positive,"11. Law Number 21 of 2007 concerning the Eradication of the Criminal Act of Trafficking in Persons (State Gazette of the Republic of Indonesia of 2007 Number 58, Supplement to the State Gazette of the Republic of Indonesia Number 4720);","The policy explicitly references the law concerning the eradication of trafficking in persons, indicating trafficking is included in the policy’s legal framework and scope.",Reference only
BENGKULU KEPAHIANG,BENGKULU_KEPAHIANG.txt,4.2,Gender equality education,primary_prevention,Yes,No,1.0,0.0,false_negative,,"While the policy mentions education and socialization about the rights of women and children and defines gender equality in an explanatory section, the provided sentences do not show primary prevention activities explicitly focused on gender equality and/or women’s rights (as distinct from rights/protection in the context of violence).",Reference only
BENGKULU KEPAHIANG,BENGKULU_KEPAHIANG.txt,6.8,Women in legal process,intersectional_approach,No,Yes,0.0,1.0,false_positive,"d. to provide services to women and children both as victims of acts of violence, as well as reporters and witnesses;
b. accompanying victims at the investigation, prosecution, and examination levels in court hearings and helping victims to completely describe the violence they have experienced;
c. accompanying victims during the examination process at the Police, Prosecutor's Office and courts;","The policy includes services for women (and children) as victims as well as reporters and witnesses, and it provides legal and accompaniment services during police/prosecutor/court processes, indicating explicit support for women involved in legal proceedings at least as witnesses/reporters/victims.",Reference only
BENGKULU REJANG LEBONG,BENGKULU_REJANG_LEBONG.txt,2.4,Gender mainstreaming institutionalisation,institutional_mechanism,No,Yes,0.0,1.0,false_positive,"P2TP2A as an independent institution in the region must be in one coordination together with BKKBD whose scope of duties and responsibilities includes, among others, the field of protection of women, children and gender mainstreaming.","The policy links P2TP2A’s coordination with BKKBD, whose duties include gender mainstreaming, thereby embedding gender mainstreaming within the institutional coordination arrangement for women/child protection.",Reference only
BENGKULU REJANG LEBONG,BENGKULU_REJANG_LEBONG.txt,4.4,Prevention through education,primary_prevention,No,Yes,0.0,1.0,false_positive,"a. socialization activities of laws and regulations related to the protection of women and children to the wider community in the region;
g. counseling/socialization in the form of raising awareness of the wider community down to the smallest community groups (families), especially parents, to protect women and children.","The policy explicitly lists prevention forms that include socialization and counseling/awareness-raising activities aimed at protecting women and children and reducing/ending violence, indicating education/socialization as a prevention strategy.",Reference only
BENGKULU SELUMA,BENGKULU_SELUMA.txt,1.6,Harmful practices,scope_of_violence,No,Yes,0.0,1.0,false_positive,c. preventing marriage at a child age;,"The policy explicitly includes prevention of child/early marriage as a community responsibility, which is a harmful practice affecting girls.",Reference only
BENGKULU SELUMA,BENGKULU_SELUMA.txt,4.3,VAW laws awareness,primary_prevention,No,Yes,0.0,1.0,false_positive,c. Conducting dissemination of laws and regulations related to the implementation of protection for women and children victims of violence,"The policy explicitly includes dissemination of laws and regulations related to protection for women and children victims of violence, which constitutes an information/education activity about relevant VAW-related laws/policies.",Reference only
BENGKULU SELUMA,BENGKULU_SELUMA.txt,6.1,Women in conflict/disaster areas,intersectional_approach,No,Yes,0.0,1.0,false_positive,"8. Victim is a woman and child who experiences acts of violence and/or threats of violence that include physical, sexual, psychological, economic and/or social violence, in the family, community and/or society, in conflict situations, post-conflict, and the state.","The policy’s definition of “Victim” explicitly includes women (and children) experiencing violence in “conflict situations” and “post-conflict,” indicating the policy scope covers such contexts.",Reference only
DI YOGYAKARTA BANTUL,DI_YOGYAKARTA_BANTUL.txt,1.9,Sexual slavery/exploitation,scope_of_violence,Yes,No,1.0,0.0,false_negative,,"While the text references exploitation in general terms, none of the provided sentences explicitly include sexual exploitation or sexual slavery as such.",Reference only
DI YOGYAKARTA BANTUL,DI_YOGYAKARTA_BANTUL.txt,4.4,Prevention through education,primary_prevention,No,Yes,0.0,1.0,false_positive,"a. Primary prevention, all people, families, communities and the state in efforts to increase the ability of knowledge, understanding and ensuring that violence against women and children does not occur, including policy socialization, adequate services, supportive workplace policies, and life skills training for women and children.
c. organizing communication, information, and critical education about the rights of children and women for the community;","The policy frames prevention as increasing knowledge and understanding (including life skills training) to ensure violence against women and children does not occur, and it explicitly includes critical education for the community as part of prevention efforts.",Reference only
DI YOGYAKARTA BANTUL,DI_YOGYAKARTA_BANTUL_v2.txt,1.9,Sexual slavery/exploitation,scope_of_violence,Yes,No,1.0,0.0,false_negative,,"While the policy mentions 'exploitation' and 'sexual' violence generally, none of the candidate sentences explicitly address sexual exploitation or sexual slavery as such.",Reference only
DI YOGYAKARTA BANTUL,DI_YOGYAKARTA_BANTUL_v2.txt,2.2,Collaboration with NGOs,institutional_mechanism,Yes,No,1.0,0.0,false_negative,,"Although the policy defines an “Institution” as including NGOs, the provided sentences do not specify any explicit collaboration/cooperation mechanism with NGOs or other non-government service providers (e.g., roles, agreements, partnership procedures).",Reference only
DI YOGYAKARTA BANTUL,DI_YOGYAKARTA_BANTUL_v2.txt,2.3,Data collection systems,institutional_mechanism,No,Yes,0.0,1.0,false_positive,"d. collect, compile, and present reports on cases of violence.
(1) PPT and FPKK prepare reports on the protection of Children and Women victims of acts of violence to the Regent.","The policy assigns the FPKK responsibility to collect, compile, and present reports on cases of violence, and requires PPT and FPKK to prepare periodic reports to the Regent, establishing/reporting functions for case data management.",Reference only
DI YOGYAKARTA BANTUL,DI_YOGYAKARTA_BANTUL_v2.txt,2.4,Gender mainstreaming institutionalisation,institutional_mechanism,Yes,No,1.0,0.0,false_negative,,"The candidate sentences reference gender equality principles and gender-responsive budgeting, but they do not establish or require gender mainstreaming as an institutional mechanism (e.g., a formal mainstreaming process, unit, or mandatory integration procedure across programs).",Reference only
DI YOGYAKARTA BANTUL,DI_YOGYAKARTA_BANTUL_v2.txt,3.3,Reporting/hotline service,specialised_support_services,Yes,No,1.0,0.0,false_negative,,"The cited provisions focus on institutional reporting (PPT/FPKK reporting to the Regent) and compiling reports on cases, but they do not specify a mechanism/service for the public to submit complaints or reports (e.g., hotline/complaint intake).",Reference only
DI YOGYAKARTA BANTUL,DI_YOGYAKARTA_BANTUL_v2.txt,5.3,Traditional/cultural engagement,stakeholder_engagement,No,Yes,0.0,1.0,false_positive,"Letter a What is meant by “work network” includes Family Partners (Mitra Keluarga), dasawisma, and family groups existing in the community.","The policy references community-based mechanisms/groups (e.g., dasawisma and family groups) as part of a work network for prevention-related coordination, which constitutes engagement of customary/community mechanisms in implementation.",Reference only
DI YOGYAKARTA BANTUL,DI_YOGYAKARTA_BANTUL_v2.txt,5.8,Private sector engagement,stakeholder_engagement,No,Yes,0.0,1.0,false_positive,"a. Primary prevention, all people, families, communities and the state in efforts to increase the ability of knowledge, understanding and ensuring that violence against women and children does not occur, including policy socialization, adequate services, supportive workplace policies, and life skills training for women and children.","The policy includes ""supportive workplace policies"" within primary prevention efforts, which implicitly engages employers/workplaces (private sector) as part of prevention.",Reference only
DI YOGYAKARTA BANTUL,DI_YOGYAKARTA_BANTUL_v2.txt,6.8,Women in legal process,intersectional_approach,No,Yes,0.0,1.0,false_positive,"c. to provide services to children and women victims of acts of violence, reporters, and witnesses;","The policy explicitly includes provision of services to victims, reporters, and witnesses, which covers women as witnesses in legal processes; however, it does not explicitly address women as suspects/defendants/perpetrators.",Reference only
DI YOGYAKARTA GUNUNGKIDUL,DI_YOGYAKARTA_GUNUNGKIDUL.txt,3.1,Integrated service unit,specialised_support_services,No,Yes,0.0,1.0,false_positive,"15. Integrated Service Center hereinafter abbreviated as PPT is a functional work unit that organizes integrated services for victims of violence.
(2) The Regional Government establishes the Networked P2TP2A as an integrated service center by Regent's Decree.
(2) Services carried out by the Regional Government as referred to in paragraph (1) are carried out by the Networked P2TP2A, in accordance with the type of service required.",The text defines an Integrated Service Center (PPT) as a functional unit organizing integrated services and states the Regional Government establishes a networked integrated service center (P2TP2A Berjejaring) that delivers services to women victims of violence.,Reference only
DI YOGYAKARTA GUNUNGKIDUL,DI_YOGYAKARTA_GUNUNGKIDUL.txt,3.8,Religious/spiritual counselling,specialised_support_services,Yes,No,1.0,0.0,false_negative,,"Although religious leaders are mentioned as possible companions/assistants, the text does not specify religious or spiritual counseling/guidance as a service provided to victims.",Reference only
DI YOGYAKARTA GUNUNGKIDUL,DI_YOGYAKARTA_GUNUNGKIDUL.txt,4.1,Information and education about VAW,primary_prevention,No,Yes,0.0,1.0,false_positive,b. conducting socialization of the rights of women and children;,"The policy includes a community participation measure that explicitly calls for conducting socialization of the rights of women and children, which constitutes awareness/education activity relevant to preventing violence against women.",Reference only
DI YOGYAKARTA GUNUNGKIDUL,DI_YOGYAKARTA_GUNUNGKIDUL.txt,4.2,Gender equality education,primary_prevention,No,Yes,0.0,1.0,false_positive,b. conducting socialization of the rights of women and children;,"The policy explicitly includes socialization of the rights of women and children as a form of community participation, which is an educational/awareness activity about rights (including women’s rights) consistent with primary prevention.",Reference only
DI YOGYAKARTA GUNUNGKIDUL,DI_YOGYAKARTA_GUNUNGKIDUL.txt,5.3,Traditional/cultural engagement,stakeholder_engagement,Yes,No,1.0,0.0,false_negative,,"While the policy refers broadly to community participation and local community leaders, the provided sentences do not explicitly mention traditional/customary/cultural leaders, customary institutions, or customary dispute-resolution mechanisms.",Reference only
DI YOGYAKARTA GUNUNGKIDUL,DI_YOGYAKARTA_GUNUNGKIDUL_v2.txt,4.2,Gender equality education,primary_prevention,No,Yes,0.0,1.0,false_positive,"c. conducting independent socialization of the rights of women and children;
a. socialization to employees in the business environment regarding the rights of women and children;","The policy includes socialization activities specifically about the rights of women and children (including to communities and employees in the business environment), which constitutes educational/awareness-raising on women’s rights.",Reference only
DI YOGYAKARTA GUNUNGKIDUL,DI_YOGYAKARTA_GUNUNGKIDUL_v2.txt,5.3,Traditional/cultural engagement,stakeholder_engagement,Yes,No,1.0,0.0,false_negative,,"While the policy references community participation and includes 'community leaders,' the provided sentences do not explicitly mention traditional/customary/cultural leaders, customary institutions, or customary dispute-resolution mechanisms.",Reference only
DI YOGYAKARTA KULON PROGO,DI_YOGYAKARTA_KULON_PROGO.txt,2.5,Training and capacity building,institutional_mechanism,No,Yes,0.0,1.0,false_positive,"The forms of critical education for women victims consist of trainings on: violence, equality and gender justice; education on reproductive health; understanding of the provision and empowerment of women; and in the field of legislation and regulations on the protection of women and children.","The policy references trainings as part of critical education for women victims, indicating provision of training activities (capacity-building) within the policy framework.",Reference only
DI YOGYAKARTA KULON PROGO,DI_YOGYAKARTA_KULON_PROGO.txt,5.3,Traditional/cultural engagement,stakeholder_engagement,Yes,No,1.0,0.0,false_negative,,"The provided sentences reference community participation, NGOs, and religious actors, but do not explicitly mention traditional/customary/cultural leaders, customary institutions, or customary dispute-resolution mechanisms.",Reference only
DI YOGYAKARTA KULON PROGO,DI_YOGYAKARTA_KULON_PROGO.txt,5.8,Private sector engagement,stakeholder_engagement,Yes,No,1.0,0.0,false_negative,,"The provided sentences do not reference businesses, employers, companies, or the private sector as stakeholders in prevention, protection, or services.",Reference only
DI YOGYAKARTA SLEMAN,DI_YOGYAKARTA_SLEMAN.txt,4.4,Prevention through education,primary_prevention,No,Yes,0.0,1.0,false_positive,b. conducting education on anti-violence values against women and children; and,"Education is explicitly listed as a form of effort to prevent the occurrence of violence against women and children, indicating education as a prevention strategy.",Reference only
DI YOGYAKARTA SLEMAN,DI_YOGYAKARTA_SLEMAN.txt,5.6,Media engagement,stakeholder_engagement,No,Yes,0.0,1.0,false_positive,"Letter c What is meant by ""outreach (sosialisasi)"" is the dissemination of information on laws and regulations carried out through mass media, electronic media, and/or direct education/outreach to the community.",The policy explicitly recognizes mass media and electronic media as channels for outreach/socialization of laws and regulations related to protection.,Reference only
DI YOGYAKARTA SLEMAN,DI_YOGYAKARTA_SLEMAN.txt,7.1,Local government budget,budget_funding_sources,No,Yes,0.0,1.0,false_positive,"Paragraph (2) What is meant by ""facilitated by the Village Government"" is assistance in the formation of forums at the Village level, including providing financing in the implementation of activities, monitoring, and evaluation of women's empowerment and protection of child victims of violence.","The policy text explains that facilitation by the Village Government includes providing financing for implementation, monitoring, and evaluation activities, which constitutes a local (village-level) government budget source.",Reference only
GORONTALO GORONTALO,GORONTALO_GORONTALO.txt,1.8,Human trafficking,scope_of_violence,No,Yes,0.0,1.0,false_positive,"7. Law Number 21 of 2007 concerning the Eradication of the Criminal Act of Trafficking in Persons (State Gazette of the Republic of Indonesia of 2007 Number 58, Supplement to the State Gazette of the Republic of Indonesia Number 4720),","The policy explicitly references the law on the eradication of trafficking in persons, indicating trafficking is included within the policy’s legal framework/scope.",Reference only
GORONTALO GORONTALO,GORONTALO_GORONTALO.txt,6.2,Women victims of trafficking,intersectional_approach,No,Yes,0.0,1.0,false_positive,"7. Law Number 21 of 2007 concerning the Eradication of the Criminal Act of Trafficking in Persons (State Gazette of the Republic of Indonesia of 2007 Number 58, Supplement to the State Gazette of the Republic of Indonesia Number 4720),","The policy’s legal basis explicitly references the national law on trafficking in persons, indicating trafficking is within the regulatory scope/concern of the framework.",Reference only
GORONTALO GORONTALO KOTA,GORONTALO_GORONTALO_KOTA.txt,1.8,Human trafficking,scope_of_violence,No,Yes,0.0,1.0,false_positive,"7. Law Number 21 of 2007 concerning the Eradication of the Criminal Act of Trafficking in Persons (State Gazette of the Republic of Indonesia of 2007 Number 58, Supplement to the State Gazette of the Republic of Indonesia Number 4720);","The policy explicitly references the law on eradication of trafficking in persons, indicating trafficking is included within the policy’s legal and policy context.",Reference only
GORONTALO GORONTALO KOTA,GORONTALO_GORONTALO_KOTA.txt,4.1,Information and education about VAW,primary_prevention,No,Yes,0.0,1.0,false_positive,"d. conducting socialization regarding laws and regulations related to the protection of women and children victims of violence; and
e. providing critical education on the rights of women and children for the community.","The policy includes prevention measures that explicitly involve socialization of laws/regulations related to protection of women and children victims of violence and providing critical education on the rights of women and children to the community, which are information/education activities aimed at preventing violence against women and children.",Reference only
GORONTALO GORONTALO KOTA,GORONTALO_GORONTALO_KOTA.txt,6.8,Women in legal process,intersectional_approach,No,Yes,0.0,1.0,false_positive,"b. accompanying victims at the level of investigation, prosecution, and examination in court hearings and assisting victims to completely describe the violence they have experienced;","The policy provides legal services that include accompanying victims during investigation, prosecution, and court examination, which explicitly covers women (as victims) involved in legal processes as witnesses/participants in proceedings.",Reference only
GORONTALO POHUWATO,GORONTALO_POHUWATO.txt,2.3,Data collection systems,institutional_mechanism,Yes,No,1.0,0.0,false_negative,,"While the text mentions cooperation that can include “exchange of data and information” and includes general references to monitoring/reporting under guidance and supervision, none of the provided sentences establish or assign responsibility for a dedicated system/entity to collect, document, record, manage, compile, or maintain data on violence cases or victims.",Reference only
GORONTALO POHUWATO,GORONTALO_POHUWATO.txt,5.3,Traditional/cultural engagement,stakeholder_engagement,No,Yes,0.0,1.0,false_positive,c. Fostering local wisdom in handling cases of violence;,"The policy references fostering “local wisdom” in handling cases of violence as part of community participation, which implies use of customary/community cultural mechanisms in implementation.",Reference only
JAMBI BUNGO,JAMBI_BUNGO.txt,6.2,Women victims of trafficking,intersectional_approach,No,Yes,0.0,1.0,false_positive,"11. Trafficking in Persons is the act of recruitment, transportation, harboring, sending, transfer, or receipt of a person by threat of violence, use of violence, kidnapping, confinement, forgery, fraud and abuse of power or vulnerable position, debt bondage or giving payment or benefits, so as to obtain consent from the person holding control over that other person, whether carried out within the country or between countries, for the purpose of exploitation or resulting in a person being exploited.","The policy explicitly defines “Trafficking in Persons,” indicating that trafficking is within the regulation’s conceptual scope and thus can be addressed under its protection framework.",Reference only
JAMBI SAROLANGUN,JAMBI_SAROLANGUN.txt,3.7,Psychosocial counselling,specialised_support_services,Yes,No,1.0,0.0,false_negative,,"While the policy includes shelters and rehabilitation/reintegration references, none of the provided sentences explicitly mention psychosocial or psychological counselling services for victims.",Reference only
JAMBI SAROLANGUN,JAMBI_SAROLANGUN.txt,4.1,Information and education about VAW,primary_prevention,No,Yes,0.0,1.0,false_positive,"e. facilitation of rehabilitation and reintegration services for women and children victims of discrimination, violence and disasters;","The policy includes guidance activities that cover rehabilitation and reintegration services for women and children who are victims of violence, indicating explicit attention to violence and related community-facing measures within the empowerment/protection framework.",Reference only
JAMBI SAROLANGUN,JAMBI_SAROLANGUN.txt,4.2,Gender equality education,primary_prevention,No,Yes,0.0,1.0,false_positive,a. providing socialization to the community and business sector regarding policies on women's empowerment and child protection;,"The policy explicitly provides for socialization to the community and business sector regarding policies on women's empowerment and child protection, which constitutes awareness-raising/communication activities related to women’s rights and gender equality-oriented policy goals.",Reference only
JAMBI SAROLANGUN,JAMBI_SAROLANGUN.txt,4.3,VAW laws awareness,primary_prevention,Yes,No,1.0,0.0,false_negative,,"While the text mentions increasing legal awareness through communication, information and education services and references laws in the preamble, none of the provided sentences explicitly indicate primary prevention activities that educate the public specifically about violence-against-women laws or policies.",Reference only
JAMBI SAROLANGUN,JAMBI_SAROLANGUN.txt,6.2,Women victims of trafficking,intersectional_approach,Yes,No,1.0,0.0,false_negative,,"The provided sentences discuss protection for women generally and list several target groups (e.g., victims of violence, female workers, elderly women, women with disabilities, victims of conflict/disasters), but none explicitly mention women victims of trafficking or trafficking in persons.",Reference only
JAMBI SAROLANGUN,JAMBI_SAROLANGUN.txt,6.8,Women in legal process,intersectional_approach,No,Yes,0.0,1.0,false_positive,(4) Legal protection as referred to in paragraph (1) letter c is implemented in terms of providing protection to women who become witnesses and victims of acts of violence and discrimination.,"The policy explicitly provides legal protection for women who become witnesses and victims of acts of violence and discrimination, which constitutes protection/services for women involved in legal processes as witnesses (and as victims).",Reference only
JAMBI SAROLANGUN,JAMBI_SAROLANGUN.txt,7.3,International donors,budget_funding_sources,No,Yes,0.0,1.0,false_positive,"f. coordinating the participation of the business sector and other institutions, including international assistance for women's empowerment and child protection; and","The policy explicitly references coordinating participation of institutions including international assistance for women's empowerment and child protection, indicating international support is contemplated.",Reference only
JAWA BARAT BANDUNG,JAWA_BARAT_BANDUNG.txt,2.4,Gender mainstreaming institutionalisation,institutional_mechanism,Yes,No,1.0,0.0,false_negative,,"While the policy mentions strengthening institutional capacity on gender, it does not explicitly establish or require gender mainstreaming as an institutional mechanism for implementing women’s protection or VAW policies/programs in the provided sentences.",Reference only
JAWA BARAT BANDUNG BARAT,JAWA_BARAT_BANDUNG_BARAT.txt,4.2,Gender equality education,primary_prevention,No,Yes,0.0,1.0,false_positive,"c. implementing training, socialization, advocacy of Gender Mainstreaming to all officials and staff within the SKPD;","The policy includes educational activities (training, socialization, advocacy) specifically on Gender Mainstreaming (PUG), which is a gender equality-focused strategy, indicating primary prevention education/awareness activities related to gender equality.",Reference only
JAWA BARAT BANDUNG BARAT,JAWA_BARAT_BANDUNG_BARAT.txt,5.3,Traditional/cultural engagement,stakeholder_engagement,No,Yes,0.0,1.0,false_positive,"(3) The KLA Task Force shall consist of representatives from the Regional Government, Child Representatives, and may involve related Agencies, the business sector, religious/community/customary leaders, and the community.","The policy provides that the KLA Task Force may involve customary leaders, indicating engagement of traditional/cultural leadership structures in implementation/coordination.",Reference only
JAWA BARAT BANDUNG BARAT,JAWA_BARAT_BANDUNG_BARAT.txt,5.6,Media engagement,stakeholder_engagement,Yes,No,1.0,0.0,false_negative,,"While the definition of community institutions lists mass media as a type of organization, the provided sentences do not show the policy engaging or assigning any role to media in prevention, protection, or services.",Reference only
JAWA BARAT BANDUNG KOTA,JAWA_BARAT_BANDUNG_KOTA.txt,1.10,Technology facilitated violence,scope_of_violence,No,Yes,0.0,1.0,false_positive,b. the right to protection from violence in digital space including cyber harassment;,"The policy explicitly recognizes violence in digital space, including cyber harassment, as part of women’s right to security.",Reference only
JAWA BARAT BANDUNG KOTA,JAWA_BARAT_BANDUNG_KOTA.txt,2.5,Training and capacity building,institutional_mechanism,No,Yes,0.0,1.0,false_positive,"e. facilitation of discussion activities, FGDs, training that raises issues/problems regarding law in local, national and international perspectives; and","The policy includes training-related measures (e.g., facilitation of training activities) as part of empowerment implementation, which constitutes provision for training/capacity-building activities.",Reference only
JAWA BARAT BANDUNG KOTA,JAWA_BARAT_BANDUNG_KOTA.txt,6.3,Women workers,intersectional_approach,No,Yes,0.0,1.0,false_positive,"b. the right to maternity leave, granted to working Mothers for at least the first 3 (three) months, and the following 3 (three) months if there are special conditions proven by a doctor’s certificate;
d. the right to obtain appropriate opportunities and facilitation for health and nutrition services and to perform lactation during working hours;","The policy includes specific rights/measures for working mothers (maternity leave and lactation facilitation during working hours), which are explicit protections targeted at women workers/employees.",Reference only
JAWA BARAT BANDUNG KOTA,JAWA_BARAT_BANDUNG_KOTA.txt,6.8,Women in legal process,intersectional_approach,No,Yes,0.0,1.0,false_positive,"Protection as referred to in Article 19 is carried out through efforts to provide services and rapid handling to witnesses and/or victims, as follows:
a. providing services and rapid handling to witnesses and/or victims;
c. maintaining confidentiality of witnesses and/or victims;","The policy explicitly provides protection through rapid handling and confidentiality for witnesses and/or victims, indicating services/protection for women involved in legal/judicial processes at least as witnesses/victims.",Reference only
JAWA BARAT BANJAR KOTA,JAWA_BARAT_BANJAR_KOTA.txt,5.6,Media engagement,stakeholder_engagement,No,Yes,0.0,1.0,false_positive,"Letter c What is meant by ""socialization"" is the dissemination of information on laws and regulations carried out through mass media, electronic media, and/or direct outreach/education to the public.","The policy explicitly references dissemination of information through mass media and electronic media as part of socialization activities, indicating recognition of media channels in prevention-related outreach.",Reference only
JAWA BARAT BANJAR KOTA,JAWA_BARAT_BANJAR_KOTA.txt,6.7,Women from minority groups,intersectional_approach,Yes,No,1.0,0.0,false_negative,,"While the policy states non-discrimination across ethnicity, religion, race, culture, and language, it does not establish special protection measures specifically targeted at women from minority or isolated groups.",Reference only
JAWA BARAT BEKASI,JAWA_BARAT_BEKASI.txt,3.10,Economic support,specialised_support_services,No,Yes,0.0,1.0,false_positive,a. provision of skills and job training;,"The policy provides for women’s empowerment in the economic field, including provision of skills and job training, which supports economic security and independence.",Reference only
JAWA BARAT BEKASI,JAWA_BARAT_BEKASI.txt,4.1,Information and education about VAW,primary_prevention,No,Yes,0.0,1.0,false_positive,"b. conducting socialization regarding laws and regulations related to the protection of the rights of women victims of violence;
e. providing education regarding women's rights for the community;","The policy includes preventive measures that explicitly involve socialisation and education activities related to violence against women, including socialisation of relevant laws/regulations and community education on women’s rights as part of integrated VAW prevention efforts.",Reference only
JAWA BARAT BEKASI KOTA,JAWA_BARAT_BEKASI_KOTA.txt,3.8,Religious/spiritual counselling,specialised_support_services,No,Yes,0.0,1.0,false_positive,"d. mental and spiritual.
a. social, mental and spiritual guidance;","The policy includes implementation by institutions in the field of ""mental and spiritual"" and also lists ""social, mental and spiritual guidance"" as a form of service, indicating availability of spiritual/religious guidance support.",Reference only
JAWA BARAT BEKASI KOTA,JAWA_BARAT_BEKASI_KOTA.txt,6.10,Refugee/forced displacement,intersectional_approach,No,Yes,0.0,1.0,false_positive,"(1) Children in emergency situations referred to are children who become refugees, children who are victims of riots and unrest, children who are victims of disasters, and children in conflict situations.
(2) The Government is obligated to provide protection and fulfill needs, which consist of security protection and the fulfillment of children's basic needs during an emergency situation.","The policy explicitly recognizes refugees within “children in emergency situations” and obligates the government to provide protection and fulfill needs during an emergency situation, which constitutes special protection measures for refugee/displacement contexts (at least for children).",Reference only
JAWA BARAT BEKASI KOTA,JAWA_BARAT_BEKASI_KOTA_v2.txt,3.10,Economic support,specialised_support_services,Yes,No,1.0,0.0,false_negative,,"The provided sentences describe women’s economic empowerment measures generally (e.g., job training, capital assistance), but they do not explicitly link these economic supports to victims of violence against women; therefore, victim-specific economic support is not established from the candidate text.",Reference only
JAWA BARAT BEKASI KOTA,JAWA_BARAT_BEKASI_KOTA_v2.txt,5.6,Media engagement,stakeholder_engagement,No,Yes,0.0,1.0,false_positive,"e. maintaining the privacy and confidentiality of victims from all interested parties, including coverage by mass media;","The policy explicitly references mass media in the context of maintaining victims’ privacy and confidentiality, indicating recognition of media as a relevant stakeholder in service handling/assistance processes.",Reference only
JAWA BARAT CIMAHI KOTA,JAWA_BARAT_CIMAHI_KOTA.txt,4.2,Gender equality education,primary_prevention,No,Yes,0.0,1.0,false_positive,c. conducting independent socialization of women's and children's rights;,"The policy includes an educational/socialisation activity explicitly focused on women’s (and children’s) rights, which constitutes primary prevention information/education about women’s rights (a core element of gender equality education).",Reference only
JAWA BARAT CIMAHI KOTA,JAWA_BARAT_CIMAHI_KOTA.txt,5.8,Private sector engagement,stakeholder_engagement,No,Yes,0.0,1.0,false_positive,"d. Trade, Cooperatives, Small and Medium Enterprises, and Industry Service;","The policy includes a government unit responsible for trade/cooperatives/SMEs/industry as an element of P2TP2A, which constitutes explicit engagement of the business/economic sector in the integrated service mechanism.",Reference only
JAWA BARAT CIREBON KOTA,JAWA_BARAT_CIREBON_KOTA.txt,1.10,Technology facilitated violence,scope_of_violence,No,Yes,0.0,1.0,false_positive,"Various forms of such violence include rape, sexual harassment, human trafficking, domestic violence, sexual exploitation, violence against domestic workers, pornography, bullying, cyber bullying, and cyber porn.","The policy explicitly mentions cyber bullying and cyber porn as forms of violence against women, which are technology-facilitated forms of violence.",Reference only
JAWA BARAT GARUT,JAWA_BARAT_GARUT.txt,2.3,Data collection systems,institutional_mechanism,No,Yes,0.0,1.0,false_positive,a. exchange of data and information;,"The policy includes cooperation activities that explicitly cover the exchange of data and information, which implies an organized approach to managing and sharing information relevant to protection/violence cases.",Reference only
JAWA BARAT GARUT,JAWA_BARAT_GARUT.txt,2.5,Training and capacity building,institutional_mechanism,No,Yes,0.0,1.0,false_positive,"a. in training as peacebuilders, mediators and peace negotiators; and","The policy explicitly includes training (e.g., involving women in training as peacebuilders/mediators/negotiators), which constitutes a capacity-building/training requirement/provision within the policy text provided.",Reference only
JAWA BARAT GARUT,JAWA_BARAT_GARUT.txt,4.4,Prevention through education,primary_prevention,No,Yes,0.0,1.0,false_positive,e. providing knowledge about prevention and mechanisms for handling violence against women and children.,"The policy includes providing knowledge about prevention and mechanisms for handling violence against women and children as part of prevention, which is an explicit educational strategy aimed at preventing such violence.",Reference only
JAWA BARAT GARUT,JAWA_BARAT_GARUT.txt,5.6,Media engagement,stakeholder_engagement,No,Yes,0.0,1.0,false_positive,"f. protecting the privacy and confidentiality of the victim from all parties who have no interest, including coverage by mass media;","The policy explicitly references mass media in the context of protecting victims’ privacy and confidentiality from coverage, indicating recognition of media as a relevant stakeholder to be managed within service provision.",Reference only
JAWA BARAT INDRAMAYU,JAWA_BARAT_INDRAMAYU.txt,1.5,Economic violence,scope_of_violence,Yes,No,1.0,0.0,false_negative,,"The candidate sentences mention economic wellbeing and economic independence services, but they do not define or identify economic violence/economic exploitation/domestic neglect as a form of violence against women.",Reference only
JAWA BARAT INDRAMAYU,JAWA_BARAT_INDRAMAYU.txt,3.2,Police specialised service unit,specialised_support_services,Yes,No,1.0,0.0,false_negative,,"While the text mentions coordination/networking with the police (RPK Unit) in an explanatory section, it does not establish or describe a specialised service unit for VAW victims within police offices.",Reference only
JAWA BARAT INDRAMAYU,JAWA_BARAT_INDRAMAYU.txt,3.8,Religious/spiritual counselling,specialised_support_services,Yes,No,1.0,0.0,false_negative,,The candidate sentences do not describe religious or spiritual counselling/guidance as a service for victims; references to religious leaders appear only in an explanatory networking context and not as a defined counselling service.,Reference only
JAWA BARAT INDRAMAYU,JAWA_BARAT_INDRAMAYU.txt,4.4,Prevention through education,primary_prevention,No,Yes,0.0,1.0,false_positive,"c. conducting socialization about understanding and values of anti-violence against Women and Children through IEC (information, education and communication) both through community, schools and universities;
a. Primary prevention, all people, families, communities and the state in efforts to improve knowledge capacity/ability, understanding, and to ensure that violence against women and children does not occur, including policy socialization, adequate services, supportive workplace policies, and life skills training for women and children.","The policy explicitly frames prevention as improving knowledge/understanding (including policy socialisation and life skills training) and also mandates IEC-based socialisation on anti-violence values through community and educational settings, indicating education as a prevention strategy.",Reference only
JAWA BARAT INDRAMAYU,JAWA_BARAT_INDRAMAYU.txt,6.2,Women victims of trafficking,intersectional_approach,No,Yes,0.0,1.0,false_positive,"23. P2TP2A is one form of service facility for women and children in efforts to fulfill information and needs in the fields of education, health, economy, law, protection and handling of acts of violence and trafficking against women and children.","The policy’s definition of P2TP2A explicitly includes handling of trafficking against women and children, indicating that trafficking victims are within scope.",Reference only
JAWA BARAT KARAWANG,JAWA_BARAT_KARAWANG.txt,1.2,Sexual violence,scope_of_violence,Yes,No,1.0,0.0,false_negative,,"The candidate sentences refer generally to ""acts of violence"" and to ""sexual exploitation,"" but they do not explicitly mention sexual violence (e.g., rape/sexual assault) as a category of violence addressed by the policy.",Reference only
JAWA BARAT KARAWANG,JAWA_BARAT_KARAWANG.txt,1.3,Physical violence,scope_of_violence,Yes,No,1.0,0.0,false_negative,,"The candidate sentences discuss violence in general and services for victims, but they do not specify physical violence as a distinct form.",Reference only
JAWA BARAT KARAWANG,JAWA_BARAT_KARAWANG.txt,1.4,Psychological violence,scope_of_violence,Yes,No,1.0,0.0,false_negative,,"While psychosocial rehabilitation is mentioned as a service, the text does not explicitly identify psychological violence as a form of violence covered.",Reference only
JAWA BARAT KARAWANG,JAWA_BARAT_KARAWANG.txt,4.1,Information and education about VAW,primary_prevention,No,Yes,0.0,1.0,false_positive,"(1) The Regent establishes policies, programs and activities for the empowerment and protection of women to eliminate all forms of discrimination and acts of violence against Women.
d. socialization;
f. information dissemination;
g. education;","The policy establishes programs to eliminate acts of violence against women and explicitly includes socialization, information dissemination, and education as forms of cooperation/activities under women’s empowerment and protection, which constitutes awareness/education activities related to VAW prevention.",Reference only
JAWA BARAT KARAWANG,JAWA_BARAT_KARAWANG.txt,4.2,Gender equality education,primary_prevention,No,Yes,0.0,1.0,false_positive,"(1) The Regent establishes policies, programs and activities for the empowerment and protection of women to eliminate all forms of discrimination and acts of violence against Women.
c. advocacy;
d. socialization;
e. public communication;
f. information dissemination;
g. education;
h. training;","The policy aims to eliminate discrimination and provides for advocacy, socialization, public communication, information dissemination, education, and training within women’s empowerment and protection activities, which are educational/awareness-raising measures connected to women’s rights and gender equality objectives.",Reference only
JAWA BARAT KARAWANG,JAWA_BARAT_KARAWANG.txt,4.4,Prevention through education,primary_prevention,No,Yes,0.0,1.0,false_positive,"(1) The Regent establishes policies, programs and activities for the empowerment and protection of women to eliminate all forms of discrimination and acts of violence against Women.
g. education;","The policy explicitly targets eliminating acts of violence against women and lists education as one of the forms of cooperation/activities for implementing women’s empowerment and protection, indicating education is used as a strategy within efforts aimed at eliminating violence against women.",Reference only
JAWA BARAT MAJALENGKA,JAWA_BARAT_MAJALENGKA.txt,2.5,Training and capacity building,institutional_mechanism,No,Yes,0.0,1.0,false_positive,"b. provision of accessibility to obtain education, training, funding, income enhancement and social services;","The policy includes provision of accessibility to obtain education and training as part of prevention/empowerment efforts, which constitutes a training/capacity-building element within the implementation approach.",Reference only
JAWA BARAT PANGANDARAN,JAWA_BARAT_PANGANDARAN.txt,3.10,Economic support,specialised_support_services,Yes,No,1.0,0.0,false_negative,,"The cited sentences discuss economic empowerment for women generally (e.g., skills courses, access to economic institutions) but do not explicitly link economic empowerment/support to women victims of violence against women as beneficiaries.",Reference only
JAWA BARAT PANGANDARAN,JAWA_BARAT_PANGANDARAN.txt,6.8,Women in legal process,intersectional_approach,No,Yes,0.0,1.0,false_positive,e. providing testimony during court hearings without facing the suspect;,"The policy includes a protection service related to court proceedings (testimony during hearings without facing the suspect), indicating services for women involved in the legal process as victims/witnesses.",Reference only
JAWA BARAT PURWAKARTA,JAWA_BARAT_PURWAKARTA.txt,4.2,Gender equality education,primary_prevention,No,Yes,0.0,1.0,false_positive,"c. conducting independent socialization of women's rights;
a. socialization to employees within the company environment regarding the rights of women and children;","The policy includes primary-prevention socialization/awareness activities focused on women's rights, including community-led socialization of women's rights and business-sector socialization to employees regarding the rights of women and children.",Reference only
JAWA BARAT PURWAKARTA,JAWA_BARAT_PURWAKARTA.txt,6.8,Women in legal process,intersectional_approach,No,Yes,0.0,1.0,false_positive,"(1) Every woman and child who becomes a witness or perpetrator of violence has the right to obtain information, protection, rehabilitation, confidential handling, psychological and legal assistance, as well as the fulfillment of their rights related to their status as a wife, mother, child, family member or as a member of society.","The policy explicitly provides rights (including protection and legal assistance) for every woman who becomes a witness or perpetrator of violence, covering women involved in legal processes as witnesses or perpetrators.",Reference only
JAWA BARAT TASIKMALAYA,JAWA_BARAT_TASIKMALAYA.txt,2.5,Training and capacity building,institutional_mechanism,No,Yes,0.0,1.0,false_positive,"3) Organizing training to increase capacity for family welfare consultation institutions.
5) Organizing training to increase the capacity of society in conducting advocacy to law enforcement institutions to make distinctions in handling issues related to ABH;
d. availability of Human Resources (HR) trained in the Children's Rights Conference (KHA) and capable of applying children's rights into policies, programs, and activities;","The policy includes provisions to organize training to increase capacity (e.g., for family welfare consultation institutions and for community advocacy related to children in conflict with the law) and references the availability of trained human resources capable of applying children’s rights into policies/programs, indicating training/capacity-building requirements.",Reference only
JAWA BARAT TASIKMALAYA,JAWA_BARAT_TASIKMALAYA.txt,3.8,Religious/spiritual counselling,specialised_support_services,Yes,No,1.0,0.0,false_negative,,"Although the policy mentions that social rehabilitation is implemented by agencies responsible for 'mental and spiritual' affairs, it does not explicitly state that religious/spiritual counselling or faith-based mentoring is provided as a service to victims.",Reference only
JAWA BARAT TASIKMALAYA,JAWA_BARAT_TASIKMALAYA.txt,5.3,Traditional/cultural engagement,stakeholder_engagement,Yes,No,1.0,0.0,false_negative,,"While the text mentions 'community leaders' and 'community' generally, it does not explicitly reference traditional/customary/cultural leaders, customary institutions, or customary dispute-resolution mechanisms.",Reference only
JAWA BARAT TASIKMALAYA,JAWA_BARAT_TASIKMALAYA.txt,5.6,Media engagement,stakeholder_engagement,No,Yes,0.0,1.0,false_positive,"5) Providing socialization and raising awareness of parents and/or society, the press, educators, by the government and law enforcement officials regarding the adverse impacts of violence and economic and/or sexual exploitation;","The policy explicitly references the press in prevention-related socialization/awareness-raising activities, recognizing media as a stakeholder in prevention.",Reference only
JAWA BARAT TASIKMALAYA,JAWA_BARAT_TASIKMALAYA.txt,6.10,Refugee/forced displacement,intersectional_approach,No,Yes,0.0,1.0,false_positive,"a. children who become refugees;
(2) The implementation of child protection in emergency situations as referred to in paragraph (1) is carried out in the form of:","The policy explicitly includes children who become refugees as a category of children in emergency situations and specifies implementation of child protection in emergency situations, which constitutes special protection measures for refugees/forced displacement (at least for children).",Reference only
JAWA TENGAH BANYUMAS,JAWA_TENGAH_BANYUMAS.txt,2.3,Data collection systems,institutional_mechanism,No,Yes,0.0,1.0,false_positive,"Monitoring and reporting as referred to in Article 16 letter i includes monitoring, documentation, and reporting of cases of gender-based violence and violence against children.
b. document and report every case of gender-based and child violence that it handles to PPT PKBGA.","The policy explicitly includes monitoring, documentation, and reporting of cases, and assigns LPPTK an obligation to document and report every case it handles to PPT PKBGA, establishing responsibilities for case recording/reporting (a data/information management function).",Reference only
JAWA TENGAH BANYUMAS,JAWA_TENGAH_BANYUMAS.txt,4.4,Prevention through education,primary_prevention,No,Yes,0.0,1.0,false_positive,"a. conducting communication, information, and education on gender-based violence and violence against children;","Education is explicitly listed as part of prevention efforts through communication, information, and education on gender-based violence and violence against children.",Reference only
JAWA TENGAH BANYUMAS,JAWA_TENGAH_BANYUMAS.txt,5.3,Traditional/cultural engagement,stakeholder_engagement,No,Yes,0.0,1.0,false_positive,"d. community leaders;
c. fostering local wisdom in handling gender-based violence and violence against children;","The policy includes community leaders in the sub-district complaint service institution membership and explicitly refers to fostering local wisdom in handling gender-based and child violence, indicating engagement with customary/community mechanisms and cultural approaches.",Reference only
JAWA TENGAH BANYUMAS,JAWA_TENGAH_BANYUMAS.txt,6.5,People with disability,intersectional_approach,Yes,No,1.0,0.0,false_negative,,"While the principles include non-discrimination without distinguishing physical or mental condition, the excerpts do not establish special protection measures targeted at women with disabilities or persons with disabilities; they only state general non-discrimination and general victim rights/services.",Reference only
JAWA TENGAH BANYUMAS,JAWA_TENGAH_BANYUMAS.txt,6.7,Women from minority groups,intersectional_approach,Yes,No,1.0,0.0,false_negative,,"The text includes a general non-discrimination principle referencing ethnicity, religion, race, group, culture, and language, but it does not provide special protection measures specifically targeted at minority or isolated women.",Reference only
JAWA TENGAH BLORA,JAWA_TENGAH_BLORA.txt,2.3,Data collection systems,institutional_mechanism,No,Yes,0.0,1.0,false_positive,"d. conducting monitoring and reporting.
d. conducting monitoring and reporting.
a. identification or initial recording of Victims;","The policy assigns monitoring and reporting duties to both PPT and UPPA, and it includes complaint services that involve identification/initial recording of victims, which together imply a system for documenting and reporting cases.",Reference only
JAWA TENGAH BLORA,JAWA_TENGAH_BLORA.txt,5.3,Traditional/cultural engagement,stakeholder_engagement,No,Yes,0.0,1.0,false_positive,"(2) UPPA at the sub-district level as referred to in paragraph (1) is established by the Sub-district Head by involving community institutions, the Family Welfare Development Driving Team at the sub-district level, community leaders and Child representatives.
(3) UPPA at the Village/Urban Village level as referred to in paragraph (1) is established by the Village Head/Urban Village Head by involving Village/Urban Village apparatus, community institutions in the Village/Urban Village, the Family Welfare Development Driving Team, community leaders and Child representatives.","The policy requires involving “community leaders” and “community institutions” in establishing local protection units (UPPA), which constitutes inclusion of customary/community leadership and mechanisms in implementation at sub-district and village levels.",Reference only
JAWA TENGAH BLORA,JAWA_TENGAH_BLORA.txt,5.6,Media engagement,stakeholder_engagement,No,Yes,0.0,1.0,false_positive,"Letter d Socialization can be carried out through mass media, electronic media, and direct outreach to the community.","The policy explicitly references mass media and electronic media as channels for socialization/outreach in prevention efforts, indicating recognition/engagement of media in prevention activities.",Reference only
JAWA TENGAH BOYOLALI,JAWA_TENGAH_BOYOLALI.txt,4.2,Gender equality education,primary_prevention,No,Yes,0.0,1.0,false_positive,"a. providing socialization to the Community and business sector regarding policies on protection and Empowerment of Women;
b. providing books, leaflets, brochures regarding protection and Empowerment of Women, and other related issues as well as disseminating them to the Community;","The policy includes primary prevention-oriented socialization and dissemination of informational materials (books/leaflets/brochures) regarding policies on protection and empowerment of women, which constitutes awareness-raising/education about women’s rights and related gender-equality objectives.",Reference only
JAWA TENGAH BOYOLALI,JAWA_TENGAH_BOYOLALI.txt,4.3,VAW laws awareness,primary_prevention,Yes,No,1.0,0.0,false_negative,,"While the policy mentions providing information and education regarding prevention of violence against women and socialization about protection/empowerment policies, none of the provided sentences explicitly indicate education or awareness activities specifically about laws and policies on violence against women.",Reference only
JAWA TENGAH BOYOLALI,JAWA_TENGAH_BOYOLALI.txt,4.4,Prevention through education,primary_prevention,No,Yes,0.0,1.0,false_positive,"b. provision of communication, information, and education media regarding empowerment and prevention of Violence Against Women within the Family, Community, educational institutions, and public spaces.","The policy explicitly links education/communication media to the prevention of violence against women, indicating education as a strategy for prevention in family, community, educational institutions, and public spaces.",Reference only
JAWA TENGAH BOYOLALI,JAWA_TENGAH_BOYOLALI.txt,5.3,Traditional/cultural engagement,stakeholder_engagement,No,Yes,0.0,1.0,false_positive,"d. providing complaint, handling, and referral services needed by women victims of violence that accommodate local wisdom; and
d. facilitation and efforts to preserve customs and the development of science, knowledge, technology, arts and culture for the advancement of women.","The policy references services that accommodate local wisdom and includes facilitation and efforts to preserve customs, indicating incorporation of customary/community mechanisms and cultural elements in implementation.",Reference only
JAWA TENGAH DEMAK,JAWA_TENGAH_DEMAK.txt,2.3,Data collection systems,institutional_mechanism,No,Yes,0.0,1.0,false_positive,"Monitoring and evaluation as referred to in Article 8 letter f includes monitoring, documentation, and evaluation of cases of gender-based violence and violence against children.","The policy includes documentation of cases as part of monitoring and evaluation, which constitutes a requirement to record/maintain information on cases of gender-based violence and violence against children.",Reference only
JAWA TENGAH DEMAK,JAWA_TENGAH_DEMAK.txt,2.5,Training and capacity building,institutional_mechanism,No,Yes,0.0,1.0,false_positive,d. increase the capacity of service provider institutions;,"The policy authorizes the regional government to increase the capacity of service provider institutions, which constitutes an institutional capacity-building provision relevant to implementation personnel and agencies.",Reference only
JAWA TENGAH DEMAK,JAWA_TENGAH_DEMAK.txt,3.3,Reporting/hotline service,specialised_support_services,No,Yes,0.0,1.0,false_positive,e. conveying information to the competent authorities related to cases of gender-based violence and violence against children;,"The policy includes a mechanism for conveying information about cases to competent authorities, which functions as a reporting pathway for violence cases.",Reference only
JAWA TENGAH DEMAK,JAWA_TENGAH_DEMAK.txt,4.4,Prevention through education,primary_prevention,No,Yes,0.0,1.0,false_positive,"a. conducting communication, information, and education regarding gender-based and child violence; and","Education is explicitly named as part of prevention efforts through conducting communication, information, and education regarding gender-based and child violence.",Reference only
JAWA TENGAH DEMAK,JAWA_TENGAH_DEMAK.txt,5.3,Traditional/cultural engagement,stakeholder_engagement,No,Yes,0.0,1.0,false_positive,f. fostering local wisdom in handling gender-based violence and violence against children;,"The policy explicitly references fostering local wisdom in handling cases, which constitutes engagement with customary/community cultural mechanisms in implementation.",Reference only
JAWA TENGAH DEMAK,JAWA_TENGAH_DEMAK.txt,6.5,People with disability,intersectional_approach,Yes,No,1.0,0.0,false_negative,,"The text includes a non-discrimination principle referencing “physical or mental condition,” but it does not establish special protection measures targeted at women with disabilities or people with disabilities.",Reference only
JAWA TENGAH KARANGANYAR,JAWA_TENGAH_KARANGANYAR.txt,1.9,Sexual slavery/exploitation,scope_of_violence,Yes,No,1.0,0.0,false_negative,,"While sexual violence is included, the provided sentences do not explicitly address sexual exploitation or sexual slavery as such.",Reference only
JAWA TENGAH KARANGANYAR,JAWA_TENGAH_KARANGANYAR.txt,2.5,Training and capacity building,institutional_mechanism,No,Yes,0.0,1.0,false_positive,"(1) Community social institutions that participate in the implementation of protection for victims of violence as referred to in Article 13 paragraph (2) shall be given guidance by the Regional Government through Regional Apparatus in accordance with their main duties and functions.
(2) The guidance as referred to in paragraph (1), may be in the form of social guidance, skills guidance and operational technical guidance.","The policy requires the Regional Government to provide guidance to participating community social institutions, including skills guidance and operational technical guidance, which constitutes capacity building/technical guidance for implementing actors.",Reference only
JAWA TENGAH KARANGANYAR,JAWA_TENGAH_KARANGANYAR.txt,3.3,Reporting/hotline service,specialised_support_services,Yes,No,1.0,0.0,false_negative,,"While the text references victims obtaining information about complaint locations, it does not explicitly establish or describe a reporting/complaints mechanism or hotline/service for receiving reports of violence in the provided sentences.",Reference only
JAWA TENGAH KARANGANYAR,JAWA_TENGAH_KARANGANYAR.txt,4.2,Gender equality education,primary_prevention,Yes,No,1.0,0.0,false_negative,,"While the policy references gender equality as a principle and defines it, the retrieved sentences do not show any primary prevention activity (education/awareness/campaigns/training) specifically about gender equality and/or women’s rights.",Reference only
JAWA TENGAH KARANGANYAR,JAWA_TENGAH_KARANGANYAR.txt,5.3,Traditional/cultural engagement,stakeholder_engagement,Yes,No,1.0,0.0,false_negative,,"While the policy mentions community participation and includes 'community leaders' as part of KP2A membership elements, it does not explicitly refer to traditional/customary/cultural leaders or customary mechanisms for prevention, services, coordination, or dispute resolution.",Reference only
JAWA TENGAH KARANGANYAR,JAWA_TENGAH_KARANGANYAR_v2.txt,1.9,Sexual slavery/exploitation,scope_of_violence,Yes,No,1.0,0.0,false_negative,,The provided sentences discuss sexual violence (including forced intercourse for commercial purposes) but do not explicitly include or define sexual exploitation or sexual slavery as such.,Reference only
JAWA TENGAH KARANGANYAR,JAWA_TENGAH_KARANGANYAR_v2.txt,5.8,Private sector engagement,stakeholder_engagement,Yes,No,1.0,0.0,false_negative,,"Although the policy references funding sources including environmental social responsibility and mentions entities in the context of prohibitions/sanctions, it does not explicitly engage or recognize the business/private sector as a stakeholder in prevention, protection, or service delivery.",Reference only
JAWA TENGAH KARANGANYAR,JAWA_TENGAH_KARANGANYAR_v2.txt,6.1,Women in conflict/disaster areas,intersectional_approach,Yes,No,1.0,0.0,false_negative,,"The text defines discrimination as including regional dimensions such as disaster and conflict areas, but it does not set out any specific protection measures targeted at women in conflict/disaster/emergency/displacement situations.",Reference only
JAWA TENGAH KARANGANYAR,JAWA_TENGAH_KARANGANYAR_v2.txt,6.8,Women in legal process,intersectional_approach,Yes,No,1.0,0.0,false_negative,,"The text provides legal-process assistance for victims/witnesses of violence, but it does not explicitly cover women as suspects, defendants, or perpetrators (women in conflict with the law) as a target group for protection/services.",Reference only
JAWA TENGAH KEBUMEN,JAWA_TENGAH_KEBUMEN.txt,1.1,Domestic violence,scope_of_violence,Yes,No,1.0,0.0,false_negative,,"The provided sentences define various forms of violence against women and outline prevention and service mechanisms, but none explicitly mention domestic violence or intimate partner violence as a distinct category.",Reference only
JAWA TENGAH KEBUMEN,JAWA_TENGAH_KEBUMEN.txt,1.10,Technology facilitated violence,scope_of_violence,No,Yes,0.0,1.0,false_positive,"g. the right to deletion/removal of sexually charged content for cases of sexual violence using electronic media.
17. Sexual Violence is any act in the form of rape, indecent acts, forced contraception, forced sterilization, sexual torture, sexual exploitation, sexual slavery, electronic-based sexual violence, acts violating decency that are contrary to the victim's will, forced prostitution, criminal acts of trafficking in persons intended for sexual exploitation and other forms of sexual violence that are expressly stated as criminal acts of sexual violence as regulated in the provisions of laws and regulations.",The policy explicitly addresses technology-facilitated sexual violence by referencing sexual violence using electronic media and electronic-based sexual violence.,Reference only
JAWA TENGAH KEBUMEN,JAWA_TENGAH_KEBUMEN.txt,5.3,Traditional/cultural engagement,stakeholder_engagement,Yes,No,1.0,0.0,false_negative,,"While the text mentions community leaders and local cultural organizations in an arts/culture context, it does not explicitly reference traditional/customary leaders or customary mechanisms for prevention, protection, services, coordination, or dispute resolution.",Reference only
JAWA TENGAH KEBUMEN,JAWA_TENGAH_KEBUMEN.txt,6.7,Women from minority groups,intersectional_approach,No,Yes,0.0,1.0,false_positive,"k. women in situations of intolerance; and
n. developing protection systems and special support for vulnerable groups of women;
Letter n What is meant by special support includes, among others, the provision of clothing needs, food, sanitation facilities, mobility support, communication support, special service assistance, and other infrastructure facilities to prevent violence, exploitation, and discrimination against women in vulnerable situations.","The policy explicitly includes “women in situations of intolerance” as a vulnerable group and provides for protection systems and special support for vulnerable groups of women, with clarification of the content of special support.",Reference only
JAWA TENGAH KLATEN,JAWA_TENGAH_KLATEN.txt,1.8,Human trafficking,scope_of_violence,No,Yes,0.0,1.0,false_positive,"7. Law Number 21 of 2007 concerning the Eradication of the Criminal Act of Trafficking in Persons (State Gazette of the Republic of Indonesia of 2007 Number 58, Supplement to the State Gazette of the Republic of Indonesia Number 4720);","The policy text explicitly references a law concerning the eradication of trafficking in persons, indicating inclusion of human trafficking/trafficking in persons.",Reference only
JAWA TENGAH KLATEN,JAWA_TENGAH_KLATEN.txt,3.9,Resocialisation services,specialised_support_services,Yes,No,1.0,0.0,false_negative,,"Although the text defines rehabilitative approaches in the health context, it does not establish or describe a specific service unit providing resocialisation/rehabilitation/reintegration services for victims.",Reference only
JAWA TENGAH KLATEN,JAWA_TENGAH_KLATEN.txt,4.4,Prevention through education,primary_prevention,No,Yes,0.0,1.0,false_positive,"The Regional Government is responsible for preventing acts of violence against women by means of:
c. Providing education on the dangers of domestic violence;","Education is explicitly included as a means by which the Regional Government prevents acts of violence against women, specifically through providing education on the dangers of domestic violence.",Reference only
JAWA TENGAH KUDUS,JAWA_TENGAH_KUDUS.txt,2.3,Data collection systems,institutional_mechanism,No,Yes,0.0,1.0,false_positive,"Monitoring and reporting as referred to in Article 7 paragraph (3) letter f shall be conducted on all aspects of integrated service activities in the form of supervision, documentation and evaluation of cases of gender-based violence and violence against children.","The policy requires monitoring and reporting that includes documentation and evaluation of cases of gender-based violence and violence against children, which constitutes a requirement to document/record and report case information.",Reference only
JAWA TENGAH KUDUS,JAWA_TENGAH_KUDUS.txt,3.3,Reporting/hotline service,specialised_support_services,No,Yes,0.0,1.0,false_positive,f. conveying information to authorized officials regarding cases of gender-based violence and violence against children.,"The policy provides a mechanism for reporting by enabling community participation through “conveying information to authorized officials” regarding cases of gender-based violence and violence against children, which functions as a reporting/complaint channel.",Reference only
JAWA TENGAH KUDUS,JAWA_TENGAH_KUDUS.txt,4.4,Prevention through education,primary_prevention,No,Yes,0.0,1.0,false_positive,"a. conducting communication, information, and education about gender-based and child violence; and","Education is explicitly listed as part of prevention efforts through communication, information, and education about gender-based and child violence.",Reference only
JAWA TENGAH KUDUS,JAWA_TENGAH_KUDUS.txt,5.4,Education institutions engagement,stakeholder_engagement,No,Yes,0.0,1.0,false_positive,"g. conducting family and community preparation, economic empowerment, and return to school and/or other educational institutions.","The policy includes return to school and/or other educational institutions as part of recovery and social reintegration efforts, indicating engagement of the education sector in implementation.",Reference only
JAWA TENGAH KUDUS,JAWA_TENGAH_KUDUS.txt,6.5,People with disability,intersectional_approach,Yes,No,1.0,0.0,false_negative,,"The text includes a non-discrimination principle referencing physical or mental condition, but it does not establish special protection measures specifically targeted at women with disabilities or persons with disabilities.",Reference only
JAWA TENGAH KUDUS,JAWA_TENGAH_KUDUS.txt,6.7,Women from minority groups,intersectional_approach,Yes,No,1.0,0.0,false_negative,,"While the non-discrimination principle states protection without distinguishing ethnicity, religion, race, group, etc., the excerpts do not provide special protection measures specifically targeted at minority or isolated women.",Reference only
JAWA TENGAH MAGELANG KOTA,JAWA_TENGAH_MAGELANG_KOTA.txt,2.3,Data collection systems,institutional_mechanism,No,Yes,0.0,1.0,false_positive,"Monitoring and reporting as referred to in Article 12 letter f, includes monitoring, documentation, and reporting of cases of violence against women and children.","The policy explicitly includes monitoring, documentation, and reporting of cases of violence against women and children as part of monitoring and reporting, which constitutes a requirement for collecting/recording and reporting case information.",Reference only
JAWA TENGAH MAGELANG KOTA,JAWA_TENGAH_MAGELANG_KOTA.txt,5.3,Traditional/cultural engagement,stakeholder_engagement,No,Yes,0.0,1.0,false_positive,c. fostering local wisdom in handling women and children victims of violence;,"The policy explicitly references fostering local wisdom in handling victims, indicating incorporation of customary/cultural mechanisms within implementation/handling approaches.",Reference only
JAWA TENGAH MAGELANG KOTA,JAWA_TENGAH_MAGELANG_KOTA.txt,6.8,Women in legal process,intersectional_approach,No,Yes,0.0,1.0,false_positive,"d. provide services to women and children victims of violence, reporters and witnesses;
a. obtain protection for personal, family, and property security, and be free from threats related to testimony that will be, is being, or has been given;
g. obtain assistance at every level of examination and during the judicial process and out-of-court processes as they are carried out;","The policy includes services for reporters and witnesses and provides victim rights related to security from threats connected to testimony and assistance during judicial and out-of-court processes, which explicitly covers women involved in legal processes as witnesses (and related participants).",Reference only
JAWA TENGAH PATI,JAWA_TENGAH_PATI.txt,2.5,Training and capacity building,institutional_mechanism,No,Yes,0.0,1.0,false_positive,"d. increase the capacity of service provider institutions;
a. conducting communication, information, education and enhancing capacity building regarding gender-based and child violence; and","The policy provides for capacity building by authorizing the Regional Government to increase the capacity of service provider institutions and includes prevention efforts that involve communication, information, education, and enhancing capacity building regarding gender-based and child violence.",Reference only
JAWA TENGAH PATI,JAWA_TENGAH_PATI.txt,4.4,Prevention through education,primary_prevention,No,Yes,0.0,1.0,false_positive,"a. conducting communication, information, education and enhancing capacity building regarding gender-based and child violence; and","Education is explicitly listed as part of prevention efforts, through communication, information, and education regarding gender-based and child violence.",Reference only
JAWA TENGAH PATI,JAWA_TENGAH_PATI.txt,5.4,Education institutions engagement,stakeholder_engagement,No,Yes,0.0,1.0,false_positive,"g. preparing families and communities, economic empowerment, and return to schools and/or other educational institutions.","Recovery and social reintegration efforts include returning victims to schools and/or other educational institutions, indicating the education sector is part of implementation for reintegration.",Reference only
JAWA TENGAH PATI,JAWA_TENGAH_PATI.txt,6.5,People with disability,intersectional_approach,Yes,No,1.0,0.0,false_negative,,"The text includes non-discrimination language referencing physical or mental condition and mentions children with disabilities in a cited child-protection context, but it does not specify special protection measures targeted at women with disabilities or people with disabilities.",Reference only
JAWA TENGAH PEKALONGAN,JAWA_TENGAH_PEKALONGAN.txt,5.4,Education institutions engagement,stakeholder_engagement,No,Yes,0.0,1.0,false_positive,"b. facilitating the reintegration process of victims of violence to their families, guardians, substitute families, communities, educational institutions or social institutions;","The policy explicitly mentions facilitating reintegration of victims to, among other places, educational institutions, indicating engagement of the education sector in service-related reintegration processes.",Reference only
JAWA TENGAH PEKALONGAN,JAWA_TENGAH_PEKALONGAN.txt,6.5,People with disability,intersectional_approach,Yes,No,1.0,0.0,false_negative,,"While the non-discrimination principle mentions not distinguishing based on physical or mental condition, the excerpts do not set out special protection measures targeted at women with disabilities or people with disabilities.",Reference only
JAWA TENGAH PEKALONGAN,JAWA_TENGAH_PEKALONGAN.txt,6.7,Women from minority groups,intersectional_approach,Yes,No,1.0,0.0,false_negative,,"The non-discrimination principle references tribe, religion, race, ethnicity, culture, and language, but the excerpts do not provide special protection measures specifically targeted at women from minority or isolated groups.",Reference only
JAWA TENGAH PEKALONGAN KOTA,JAWA_TENGAH_PEKALONGAN_KOTA.txt,3.2,Police specialised service unit,specialised_support_services,Yes,No,1.0,0.0,false_negative,,"The text mentions coordination/networking with an RPK Unit at the Police, but it does not explicitly establish or require a specialised service unit for VAW within police offices.",Reference only
JAWA TENGAH PEKALONGAN KOTA,JAWA_TENGAH_PEKALONGAN_KOTA.txt,5.3,Traditional/cultural engagement,stakeholder_engagement,No,Yes,0.0,1.0,false_positive,f. fostering local wisdom with the principles of non-discrimination and best interests of victims in handling gender-based violence and violence against children;,"The policy includes community participation through fostering local wisdom in handling cases, which reflects engagement with customary/cultural mechanisms in implementation.",Reference only
JAWA TENGAH PEKALONGAN KOTA,JAWA_TENGAH_PEKALONGAN_KOTA.txt,6.8,Women in legal process,intersectional_approach,No,Yes,0.0,1.0,false_positive,"The forms of services and assistance organized by LP-PAR are also provided to women in conflict with the law.
Furthermore, in the context of empowerment and protection of women, there needs to be legal, psychological, social and economic assistance when women are faced with legal processes.","The cited sentences explicitly state that LP-PAR services/assistance are provided to women in conflict with the law and that women facing legal processes need legal, psychological, social, and economic assistance, indicating protection/services for women involved in legal processes.",Reference only
JAWA TENGAH PURBALINGGA,JAWA_TENGAH_PURBALINGGA.txt,2.3,Data collection systems,institutional_mechanism,No,Yes,0.0,1.0,false_positive,"Monitoring and Reporting as referred to in Article 9 letter i constitutes activities that include monitoring, documenting and reporting cases of gender-based and child violence.
2. to document and report every case of gender-based violence and violence against children that it handles to PPT PKBGA.","The policy defines monitoring and reporting activities to include monitoring, documenting, and reporting cases, and assigns UPPTK an obligation to document and report every case it handles to PPT PKBGA, which constitutes an assigned responsibility for case data documentation/reporting.",Reference only
JAWA TENGAH PURBALINGGA,JAWA_TENGAH_PURBALINGGA.txt,4.4,Prevention through education,primary_prevention,No,Yes,0.0,1.0,false_positive,"1. conducting communication, information, and education about gender-based and child violence;","Education is explicitly listed as part of prevention efforts through communication, information, and education about gender-based and child violence, indicating education as a prevention strategy.",Reference only
JAWA TENGAH PURBALINGGA,JAWA_TENGAH_PURBALINGGA.txt,6.5,People with disability,intersectional_approach,Yes,No,1.0,0.0,false_negative,,"The non-discrimination principle references physical or mental condition, but the candidate sentences do not set out special/targeted protection measures for people with disabilities or women with disabilities.",Reference only
JAWA TENGAH PURBALINGGA,JAWA_TENGAH_PURBALINGGA.txt,6.7,Women from minority groups,intersectional_approach,Yes,No,1.0,0.0,false_negative,,"The text includes a general non-discrimination principle (including ethnicity, religion, race, etc.), but it does not provide special protection measures specifically targeted at women from minority or isolated groups.",Reference only
JAWA TENGAH PURWOREJO,JAWA_TENGAH_PURWOREJO.txt,1.1,Domestic violence,scope_of_violence,No,Yes,0.0,1.0,false_positive,"9. Female Victim is a woman who experiences suffering physically, psychologically, sexually, economically, socially, and other losses caused by violence, exploitation and/or gender-based discrimination whether occurring in the public sphere or in the sphere of personal life.","The policy defines a female victim as suffering losses caused by violence occurring in the public sphere or in the sphere of personal life, which implicitly covers domestic violence occurring within personal/family life.",Reference only
JAWA TENGAH PURWOREJO,JAWA_TENGAH_PURWOREJO.txt,1.5,Economic violence,scope_of_violence,Yes,No,1.0,0.0,false_negative,,"While the policy mentions women may suffer economically and defines exploitation broadly, the provided sentences do not explicitly identify economic violence/economic exploitation/domestic neglect as a specific form of violence against women (the violence clause lists physical, psychological, and sexual violence only).",Reference only
JAWA TENGAH PURWOREJO,JAWA_TENGAH_PURWOREJO.txt,5.2,Religious engagement,stakeholder_engagement,No,Yes,0.0,1.0,false_positive,"d. provision of assistants in the field of mental, spiritual, and religious matters; and","The policy explicitly includes provision of assistants in mental, spiritual, and religious matters as part of supporting facilities and infrastructure for child victims, indicating engagement of faith-related actors in service delivery.",Reference only
JAWA TENGAH SALATIGA KOTA,JAWA_TENGAH_SALATIGA_KOTA.txt,2.3,Data collection systems,institutional_mechanism,No,Yes,0.0,1.0,false_positive,"Monitoring and reporting as referred to in Article 10 letter f includes monitoring, documentation, and reporting on the handling and resolution of cases of Gender-Based Violence and Violence Against Children.","The policy establishes monitoring, documentation, and reporting on the handling and resolution of cases, which is a defined data/documentation and reporting function related to violence cases.",Reference only
JAWA TENGAH SALATIGA KOTA,JAWA_TENGAH_SALATIGA_KOTA.txt,5.3,Traditional/cultural engagement,stakeholder_engagement,No,Yes,0.0,1.0,false_positive,c. fostering local wisdom in handling Victims of Gender-Based and Child Violence;,"The policy includes fostering local wisdom in handling victims as part of increasing community participation, which reflects engagement with customary/cultural mechanisms in implementation.",Reference only
JAWA TENGAH SALATIGA KOTA,JAWA_TENGAH_SALATIGA_KOTA.txt,5.4,Education institutions engagement,stakeholder_engagement,No,Yes,0.0,1.0,false_positive,"Human resources as referred to in Article 18 letter a may originate from civil servants, academics, practitioners, and professional circles.","The policy states that human resources for implementation may come from academics, indicating inclusion of the education/academic sector in implementation/capacity.",Reference only
JAWA TENGAH SALATIGA KOTA,JAWA_TENGAH_SALATIGA_KOTA.txt,6.5,People with disability,intersectional_approach,Yes,No,1.0,0.0,false_negative,,"Although non-discrimination is defined to include distinctions based on physical and mental condition, the text does not establish special protection measures targeted at people with disabilities or women with disabilities; it only states a general non-discrimination principle.",Reference only
JAWA TENGAH SALATIGA KOTA,JAWA_TENGAH_SALATIGA_KOTA.txt,6.7,Women from minority groups,intersectional_approach,Yes,No,1.0,0.0,false_negative,,"The text includes a general non-discrimination principle covering ethnicity, religion, race, culture, and language, but it does not provide special protection measures specifically targeted at women from minority or isolated groups.",Reference only
JAWA TENGAH SEMARANG,JAWA_TENGAH_SEMARANG.txt,1.2,Sexual violence,scope_of_violence,Yes,No,1.0,0.0,false_negative,,"The provided sentences discuss violence against women in general and related services, but do not explicitly mention sexual violence or clearly define it as a covered form of violence.",Reference only
JAWA TENGAH SEMARANG,JAWA_TENGAH_SEMARANG.txt,1.3,Physical violence,scope_of_violence,Yes,No,1.0,0.0,false_negative,,"The candidate sentences refer to ""acts of violence"" and services for women victims of violence, but do not explicitly identify physical violence as a specific type of violence included.",Reference only
JAWA TENGAH SEMARANG,JAWA_TENGAH_SEMARANG.txt,1.4,Psychological violence,scope_of_violence,Yes,No,1.0,0.0,false_negative,,"While psychological services are mentioned in the context of post-disaster recovery, the text does not explicitly include psychological violence (as a form of violence against women) or define it as covered.",Reference only
JAWA TENGAH SEMARANG,JAWA_TENGAH_SEMARANG.txt,1.9,Sexual slavery/exploitation,scope_of_violence,Yes,No,1.0,0.0,false_negative,,"Although the policy addresses commercial sex workers and mentions trafficking prevention, it does not explicitly include sexual exploitation or sexual slavery as such.",Reference only
JAWA TENGAH SEMARANG,JAWA_TENGAH_SEMARANG.txt,3.3,Reporting/hotline service,specialised_support_services,Yes,No,1.0,0.0,false_negative,,"The candidate sentences describe protection measures and integrated service facilities, but do not specify any mechanism such as a hotline, complaint desk, or formal reporting/complaints intake service for violence reports.",Reference only
JAWA TENGAH SEMARANG,JAWA_TENGAH_SEMARANG.txt,3.10,Economic support,specialised_support_services,Yes,No,1.0,0.0,false_negative,,"Although the policy contains general provisions on women’s economic empowerment and economic protection for other groups (e.g., female heads of household), the provided sentences do not explicitly link economic empowerment/support measures to women victims of violence specifically.",Reference only
JAWA TENGAH SEMARANG,JAWA_TENGAH_SEMARANG.txt,4.2,Gender equality education,primary_prevention,No,Yes,0.0,1.0,false_positive,"a. providing socialization to the community and business sector regarding policies on empowerment and protection of women;
b. providing books, leaflets, brochures regarding empowerment and protection of women, and other related issues and disseminating them to the community;","The policy provides for socialization to the community and dissemination of educational materials regarding policies on women’s empowerment and protection, which are grounded in gender equality and women’s rights and thus constitute awareness/education activities aligned with primary prevention on gender equality/women’s rights.",Reference only
JAWA TENGAH SEMARANG,JAWA_TENGAH_SEMARANG.txt,4.3,VAW laws awareness,primary_prevention,Yes,No,1.0,0.0,false_negative,,"While the text mentions legal assistance for women victims of violence and general legal awareness/education services, none of the provided sentences explicitly indicate primary prevention activities that educate the public specifically about violence-against-women laws or policies.",Reference only
JAWA TENGAH SEMARANG,JAWA_TENGAH_SEMARANG.txt,5.1,NGO collaboration,stakeholder_engagement,Yes,No,1.0,0.0,false_negative,,"The provided sentences describe government obligations, integrated services, and facilitation of women’s participation and women’s organizations, but they do not explicitly mention collaboration with civil society organisations/NGOs in service delivery or prevention.",Reference only
JAWA TENGAH SEMARANG,JAWA_TENGAH_SEMARANG.txt,6.2,Women victims of trafficking,intersectional_approach,Yes,No,1.0,0.0,false_negative,,"The provided passages mention preventing human trafficking in the context of protecting female commercial sex workers, but they do not include women victims of trafficking as a protected target group within the policy’s scope.",Reference only
JAWA TENGAH SEMARANG,JAWA_TENGAH_SEMARANG.txt,7.3,International donors,budget_funding_sources,No,Yes,0.0,1.0,false_positive,"f. coordinating the participation of the business sector and other institutions, including international assistance for the empowerment and protection of women; and","The policy explicitly mentions coordinating participation of institutions including international assistance for women's empowerment and protection, indicating international support is contemplated.",Reference only
JAWA TENGAH SEMARANG KOTA,JAWA_TENGAH_SEMARANG_KOTA.txt,4.3,VAW laws awareness,primary_prevention,No,Yes,0.0,1.0,false_positive,"e. Disseminating information about laws and regulations related to acts of violence against women and children.
3) conducting socialization of laws and regulations related to the administration of protection of women and children victims of violence;","The policy includes primary prevention-oriented dissemination/socialization of laws and regulations related to acts of violence against women and children, which constitutes awareness-raising about relevant VAW laws and policies.",Reference only
JAWA TENGAH SEMARANG KOTA,JAWA_TENGAH_SEMARANG_KOTA.txt,5.3,Traditional/cultural engagement,stakeholder_engagement,No,Yes,0.0,1.0,false_positive,c. Fostering local wisdom in handling cases of violence;,"The policy explicitly references fostering local wisdom in handling cases of violence, which indicates engagement with customary/community cultural mechanisms in implementation/handling.",Reference only
JAWA TENGAH SEMARANG KOTA,JAWA_TENGAH_SEMARANG_KOTA.txt,5.5,International organisations engagement,stakeholder_engagement,Yes,No,1.0,0.0,false_negative,,"The candidate sentences mention NGOs, government levels, media, and even non-binding foreign aid as a funding source, but do not explicitly identify collaboration with international organizations or international actors for service delivery or prevention.",Reference only
JAWA TENGAH SEMARANG KOTA,JAWA_TENGAH_SEMARANG_KOTA_v2.txt,1.1,Domestic violence,scope_of_violence,Yes,No,1.0,0.0,false_negative,,"The provided sentences define and address violence against women generally (including in private/public spheres) and outline prevention and services, but they do not explicitly mention domestic violence or violence within the household/family as a specific category.",Reference only
JAWA TENGAH SEMARANG KOTA,JAWA_TENGAH_SEMARANG_KOTA_v2.txt,1.10,Technology facilitated violence,scope_of_violence,No,Yes,0.0,1.0,false_positive,"h. conducting education and advocacy to owners, managers and/or users of social media;","The prevention measures explicitly include education and advocacy directed at social media owners/managers/users, indicating attention to violence risks facilitated through digital/social media platforms.",Reference only
JAWA TENGAH SEMARANG KOTA,JAWA_TENGAH_SEMARANG_KOTA_v2.txt,4.2,Gender equality education,primary_prevention,No,Yes,0.0,1.0,false_positive,"c. development of communication, information, and education strategies regarding the protection of women's rights at the Regional level;
i. conducting socialization in order to increase awareness of women's rights and women's participation in the field of politics; and","The policy includes educational/communication strategies and socialization activities specifically tied to women’s rights (and thus gender equality/women’s rights), including developing communication, information and education strategies regarding protection of women’s rights and socialization to increase awareness of women’s rights.",Reference only
JAWA TENGAH SEMARANG KOTA,JAWA_TENGAH_SEMARANG_KOTA_v2.txt,5.5,International organisations engagement,stakeholder_engagement,No,Yes,0.0,1.0,false_positive,"e. coordinating the participation of the business sector and other institutions, and international assistance for Women's Empowerment and Protection; and","The policy explicitly mentions coordinating international assistance for Women's Empowerment and Protection, which constitutes engagement with international support for implementation/service delivery.",Reference only
JAWA TENGAH SEMARANG KOTA,JAWA_TENGAH_SEMARANG_KOTA_v2.txt,6.7,Women from minority groups,intersectional_approach,No,Yes,0.0,1.0,false_positive,"f. indigenous women;
j. women in situations of intolerance;","The policy explicitly includes indigenous women and women in situations of intolerance as vulnerable women groups eligible for women’s protection, which constitutes targeting women from minority/isolated or marginalized groups.",Reference only
JAWA TENGAH SEMARANG KOTA,JAWA_TENGAH_SEMARANG_KOTA_v2.txt,7.3,International donors,budget_funding_sources,No,Yes,0.0,1.0,false_positive,"e. coordinating the participation of the business sector and other institutions, and international assistance for Women's Empowerment and Protection; and","The policy explicitly references coordinating “international assistance” for Women's Empowerment and Protection, indicating international support as part of implementation.",Reference only
JAWA TENGAH SUKOHARJO,JAWA_TENGAH_SUKOHARJO.txt,1.8,Human trafficking,scope_of_violence,No,Yes,0.0,1.0,false_positive,"14. Law Number 21 Year 2007 concerning the Eradication of the Criminal Act of Trafficking in Persons (State Gazette of the Republic of Indonesia Year 2007 Number 58, Supplement to the State Gazette of the Republic of Indonesia Number 4720);","The policy text references a law on the eradication of trafficking in persons, indicating trafficking is included/recognized within the policy’s legal basis.",Reference only
JAWA TENGAH SUKOHARJO,JAWA_TENGAH_SUKOHARJO.txt,1.9,Sexual slavery/exploitation,scope_of_violence,Yes,No,1.0,0.0,false_negative,,"While sexual violence is defined, the provided sentences do not explicitly mention sexual exploitation or sexual slavery as such; references to forced intercourse for commercial purposes are framed under sexual violence rather than explicitly as exploitation/slavery.",Reference only
JAWA TENGAH SUKOHARJO,JAWA_TENGAH_SUKOHARJO.txt,2.3,Data collection systems,institutional_mechanism,No,Yes,0.0,1.0,false_positive,"Monitoring and reporting as referred to in Article 8 letter f includes monitoring, documentation and evaluation of cases of gender-based and child violence.","The policy specifies that monitoring and reporting includes monitoring, documentation, and evaluation of cases of gender-based and child violence, which establishes a requirement to document and manage case information as part of a monitoring/reporting system.",Reference only
JAWA TENGAH SUKOHARJO,JAWA_TENGAH_SUKOHARJO.txt,2.5,Training and capacity building,institutional_mechanism,No,Yes,0.0,1.0,false_positive,d. increase the capacity of service provider institutions;,"The policy gives the Regional Government authority to increase the capacity of service provider institutions, which constitutes an institutional capacity-building provision for entities responsible for implementation.",Reference only
JAWA TENGAH SUKOHARJO,JAWA_TENGAH_SUKOHARJO.txt,4.4,Prevention through education,primary_prevention,No,Yes,0.0,1.0,false_positive,"a. conducting communication, information, and education regarding gender-based and child violence; and","Education is explicitly listed as part of prevention efforts, through communication, information, and education regarding gender-based and child violence.",Reference only
JAWA TENGAH SUKOHARJO,JAWA_TENGAH_SUKOHARJO.txt,5.3,Traditional/cultural engagement,stakeholder_engagement,No,Yes,0.0,1.0,false_positive,f. fostering local wisdom in handling gender-based and child violence;,"The policy explicitly references fostering local wisdom in handling cases, indicating incorporation of customary/cultural community mechanisms within community participation for addressing violence.",Reference only
JAWA TENGAH SURAKARTA KOTA,JAWA_TENGAH_SURAKARTA_KOTA.txt,1.1,Domestic violence,scope_of_violence,Yes,No,1.0,0.0,false_negative,,"The provided sentences define various forms of violence against women (physical, psychological, sexual, economic, exploitation, and online gender-based violence) and include definitions of family/household, but they do not explicitly mention domestic violence or violence within the household/domestic sphere as a distinct category.",Reference only
JAWA TENGAH SURAKARTA KOTA,JAWA_TENGAH_SURAKARTA_KOTA.txt,3.8,Religious/spiritual counselling,specialised_support_services,Yes,No,1.0,0.0,false_negative,,The candidate sentences reference cooperation with religious institutions but do not specify religious or spiritual counselling/guidance as a service available to victims.,Reference only
JAWA TENGAH SURAKARTA KOTA,JAWA_TENGAH_SURAKARTA_KOTA.txt,4.2,Gender equality education,primary_prevention,No,Yes,0.0,1.0,false_positive,b. conducting socialization regarding laws and regulations related to the protection of women's rights;,"The policy includes primary prevention through socialisation about laws and regulations related to the protection of women's rights, which constitutes education/awareness activities specifically about women's rights.",Reference only
JAWA TENGAH SURAKARTA KOTA,JAWA_TENGAH_SURAKARTA_KOTA.txt,4.3,VAW laws awareness,primary_prevention,Yes,No,1.0,0.0,false_negative,,"While the policy mentions socialisation regarding laws and regulations related to the protection of women's rights, the provided sentences do not explicitly state that the information/education is about violence against women laws or policies specifically.",Reference only
JAWA TENGAH SURAKARTA KOTA,JAWA_TENGAH_SURAKARTA_KOTA.txt,5.3,Traditional/cultural engagement,stakeholder_engagement,Yes,No,1.0,0.0,false_negative,,"The provided sentences mention community leaders, religious leaders, and the culture sector generally, but do not explicitly reference traditional/customary/cultural leaders or customary institutions/mechanisms (e.g., adat structures) in prevention, services, coordination, or dispute resolution.",Reference only
JAWA TENGAH SURAKARTA KOTA,JAWA_TENGAH_SURAKARTA_KOTA.txt,6.7,Women from minority groups,intersectional_approach,No,Yes,0.0,1.0,false_positive,j. women in situations of intolerance; and,"The policy explicitly includes women in situations of intolerance as a vulnerable group, which constitutes a targeted group aligned with minority-related vulnerability.",Reference only
JAWA TENGAH TEMANGGUNG,JAWA_TENGAH_TEMANGGUNG.txt,1.9,Sexual slavery/exploitation,scope_of_violence,Yes,No,1.0,0.0,false_negative,,"While sexual violence is defined (including forced intercourse for commercial purposes), the provided sentences do not explicitly include sexual exploitation or sexual slavery as such.",Reference only
JAWA TENGAH TEMANGGUNG,JAWA_TENGAH_TEMANGGUNG.txt,3.2,Police specialised service unit,specialised_support_services,Yes,No,1.0,0.0,false_negative,,"While the policy mentions providing special service rooms at police offices, it does not explicitly establish or describe a specialised police service unit for VAW victims within police offices.",Reference only
JAWA TENGAH TEMANGGUNG,JAWA_TENGAH_TEMANGGUNG.txt,4.2,Gender equality education,primary_prevention,No,Yes,0.0,1.0,false_positive,b. conducting socialization of women's rights;,"The policy includes primary prevention through socialisation specifically about women’s rights, which is an educational/awareness-raising activity aligned with gender equality and women’s rights.",Reference only
JAWA TENGAH TEMANGGUNG,JAWA_TENGAH_TEMANGGUNG.txt,7.1,Local government budget,budget_funding_sources,Yes,No,1.0,0.0,false_negative,,"The provided sentences mention that the regulation’s scope includes “funding” and refer generally to integrating gender-responsive budgeting, but they do not explicitly identify the local/regional government budget (e.g., APBD) as a funding source.",Reference only
JAWA TENGAH TEMANGGUNG,JAWA_TENGAH_TEMANGGUNG.txt,7.2,National government budget,budget_funding_sources,Yes,No,1.0,0.0,false_negative,,"None of the candidate sentences explicitly mention the national government budget (e.g., APBN) or identify it as a funding source; most entries are definitions or “sufficiently clear” placeholders without budget-source detail.",Reference only
JAWA TENGAH TEMANGGUNG,JAWA_TENGAH_TEMANGGUNG.txt,7.4,Other legal sources,budget_funding_sources,Yes,No,1.0,0.0,false_negative,,"The excerpts list various laws and conventions and mention cooperation with community institutions, but they do not specify any concrete funding/budget sources categorized as “other legal sources” (e.g., grants, CSR, earmarked funds) as financing mechanisms.",Reference only
JAWA TENGAH WONOGIRI,JAWA_TENGAH_WONOGIRI.txt,1.8,Human trafficking,scope_of_violence,No,Yes,0.0,1.0,false_positive,"14. Law Number 21 Year 2007 concerning the Eradication of the Criminal Act of Trafficking in Persons (State Gazette of the Republic of Indonesia Year 2007 Number 58, Supplement to the State Gazette of the Republic of Indonesia Number 4720);",The policy includes trafficking in persons by referencing the law on eradication of the criminal act of trafficking in persons in its legal basis section.,Reference only
JAWA TENGAH WONOGIRI,JAWA_TENGAH_WONOGIRI.txt,2.3,Data collection systems,institutional_mechanism,No,Yes,0.0,1.0,false_positive,"Monitoring and Reporting as referred to in Article 10 includes monitoring, documentation, and reporting of cases of gender-based violence and violence against children.","The policy explicitly includes monitoring, documentation, and reporting of cases of gender-based violence and violence against children, which constitutes a requirement for collecting and recording case information.",Reference only
JAWA TENGAH WONOGIRI,JAWA_TENGAH_WONOGIRI.txt,2.5,Training and capacity building,institutional_mechanism,No,Yes,0.0,1.0,false_positive,"(5) Guidance as referred to in paragraph (4) may be in the form of counseling guidance, skills guidance, paralegal training and operational technical guidance.
d. increase the capacity of service provider institutions;","The policy provides for guidance that may include paralegal training and operational technical guidance, and it also authorizes increasing the capacity of service provider institutions, indicating training/capacity-building provisions.",Reference only
JAWA TENGAH WONOGIRI,JAWA_TENGAH_WONOGIRI.txt,4.4,Prevention through education,primary_prevention,No,Yes,0.0,1.0,false_positive,"a. conducting communication, information, and education about gender-based and child violence;","Education is explicitly listed as part of prevention efforts, through communication, information, and education about gender-based and child violence.",Reference only
JAWA TENGAH WONOGIRI,JAWA_TENGAH_WONOGIRI.txt,5.4,Education institutions engagement,stakeholder_engagement,No,Yes,0.0,1.0,false_positive,"f. conducting family and community preparation, economic empowerment, and return to school and/or other educational institutions.","The policy references returning victims to school and/or other educational institutions as part of recovery and social reintegration, indicating engagement of the education sector in service/reintegration processes.",Reference only
JAWA TENGAH WONOGIRI,JAWA_TENGAH_WONOGIRI.txt,6.2,Women victims of trafficking,intersectional_approach,Yes,No,1.0,0.0,false_negative,,"The candidate sentences reference trafficking only in a background/legal-basis list and general context, but do not explicitly include women victims of trafficking within the regulation’s scope or define trafficking victims as a covered target group in the operative provisions shown.",Reference only
JAWA TENGAH WONOSOBO,JAWA_TENGAH_WONOSOBO.txt,2.5,Training and capacity building,institutional_mechanism,No,Yes,0.0,1.0,false_positive,"e. development of institutional capacity and social resources in accordance with the development of science and technology;
Regional Governments conduct guidance on social protection and implementation of social welfare for women and children, comprising:","The policy includes development of institutional capacity and social resources as part of regional government responsibilities and provides for government guidance activities (including counseling/guidance and related support functions), which together indicate capacity-building provisions for implementation.",Reference only
JAWA TENGAH WONOSOBO,JAWA_TENGAH_WONOSOBO.txt,3.3,Reporting/hotline service,specialised_support_services,No,Yes,0.0,1.0,false_positive,"a. receive, search for, collect and examine information or reports concerning criminal offenses;","The policy includes authority to receive and examine information or reports concerning criminal offenses, which constitutes a mechanism for receiving reports/complaints.",Reference only
JAWA TENGAH WONOSOBO,JAWA_TENGAH_WONOSOBO.txt,4.4,Prevention through education,primary_prevention,Yes,No,1.0,0.0,false_negative,,"The policy mentions education and training services as part of social protection implementation for women and mentions improving education standards within prevention efforts, but the candidate sentences do not explicitly connect education as a strategy to prevent violence against women or children. The education references are framed as services/standards rather than an explicit violence-prevention education strategy.",Reference only
JAWA TENGAH WONOSOBO,JAWA_TENGAH_WONOSOBO.txt,5.4,Education institutions engagement,stakeholder_engagement,No,Yes,0.0,1.0,false_positive,b. social work education institutions; and,The policy explicitly includes education institutions (social work education institutions) among the relevant organizations involved (via the definition of professional organizations).,Reference only
JAWA TENGAH WONOSOBO,JAWA_TENGAH_WONOSOBO.txt,6.1,Women in conflict/disaster areas,intersectional_approach,Yes,No,1.0,0.0,false_negative,,"The cited provisions prioritize social protection for women and children facing various social problems (including victims of social conflict) and mention children in emergency situations, but they do not specify special protection measures targeted at women in disaster, emergency, or displacement/refugee contexts.",Reference only
JAWA TENGAH WONOSOBO,JAWA_TENGAH_WONOSOBO.txt,6.3,Women workers,intersectional_approach,No,Yes,0.0,1.0,false_positive,"Every Woman has the right to obtain social protection in the form of equal treatment and opportunity in education and training, employment, protection of safety and/or health in relation to women's reproductive function in accordance with the norms of a decent life and livelihood.
Every institution, both government and private, that provides public services or employs women is obligated to provide adequate facilities for the interests of women.","The policy explicitly addresses women in relation to employment, including protection related to work and an obligation for institutions employing women to provide adequate facilities.",Reference only
JAWA TENGAH WONOSOBO,JAWA_TENGAH_WONOSOBO.txt,7.1,Local government budget,budget_funding_sources,No,Yes,0.0,1.0,false_positive,What is meant by facilities and infrastructure in this regulation is all facilities that are funded and obtained from the APBD and/or APBN to support social welfare functions.,"The policy explicitly references facilities and infrastructure being funded/obtained from APBD (regional/local government budget), indicating a local government budget source.",Reference only
JAWA TENGAH WONOSOBO,JAWA_TENGAH_WONOSOBO.txt,7.2,National government budget,budget_funding_sources,No,Yes,0.0,1.0,false_positive,What is meant by facilities and infrastructure in this regulation is all facilities that are funded and obtained from the APBD and/or APBN to support social welfare functions.,"The policy explicitly references facilities and infrastructure being funded/obtained from APBN (national government budget), indicating a national budget source.",Reference only
JAWA TIMUR BANGKALAN,JAWA_TIMUR_BANGKALAN.txt,1.9,Sexual slavery/exploitation,scope_of_violence,Yes,No,1.0,0.0,false_negative,,"While sexual violence is defined, the provided sentences do not explicitly include sexual exploitation or sexual slavery as distinct concepts or forms of violence.",Reference only
JAWA TIMUR BANGKALAN,JAWA_TIMUR_BANGKALAN.txt,4.4,Prevention through education,primary_prevention,No,Yes,0.0,1.0,false_positive,"Article 6 (1) The Regional Government has the obligation and responsibility to implement efforts to prevent the occurrence of violence, in the form of:
b. conducting education about anti-violence values towards women and children;","The policy explicitly frames prevention efforts as including education, stating that the Regional Government must implement efforts to prevent violence and listing education about anti-violence values toward women and children as one of those efforts.",Reference only
JAWA TIMUR BANYUWANGI,JAWA_TIMUR_BANYUWANGI.txt,1.5,Economic violence,scope_of_violence,Yes,No,1.0,0.0,false_negative,,"While the text mentions neglect and exploitation generally, none of the provided sentences explicitly identify economic violence/economic exploitation/domestic neglect as a specific form of violence against women (as distinct from general neglect/exploitation).",Reference only
JAWA TIMUR BANYUWANGI,JAWA_TIMUR_BANYUWANGI.txt,4.1,Information and education about VAW,primary_prevention,No,Yes,0.0,1.0,false_positive,"(1) The Regent implements policies, programs, and activities to eliminate all forms of discrimination and acts of violence against women and child victims of violence and human trafficking.
(4) The implementation as referred to in paragraph (3) shall be in the form of: policy analysis, coordination, advocacy, socialization, communication, information and education (KIE), training, service facilitation, service provision, development of women and child protection models and other forms.","The policy commits to eliminating acts of violence against women and specifies implementation modalities that include socialization, communication, and information and education (KIE), which are awareness/education activities relevant to preventing violence against women.",Reference only
JAWA TIMUR BANYUWANGI,JAWA_TIMUR_BANYUWANGI.txt,4.3,VAW laws awareness,primary_prevention,Yes,No,1.0,0.0,false_negative,,"The candidate sentences mention information and education activities and reference enforcement of laws, and victims’ right to obtain information about legislation, but they do not describe any primary prevention activity aimed at educating the public about VAW laws or policies.",Reference only
JAWA TIMUR BANYUWANGI,JAWA_TIMUR_BANYUWANGI.txt,4.4,Prevention through education,primary_prevention,No,Yes,0.0,1.0,false_positive,"(2) The preventive method or prevention is carried out through various forms of protection, both by the community and the government, which are intended to prevent the emergence of the criminal act of human trafficking and violence or victims of violence against women and children.
(4) The implementation as referred to in paragraph (3) shall be in the form of: policy analysis, coordination, advocacy, socialization, communication, information and education (KIE), training, service facilitation, service provision, development of women and child protection models and other forms.","The policy describes a preventive method intended to prevent violence against women and children and lists information and education (KIE) among implementation forms, indicating education is an explicit strategy within prevention efforts.",Reference only
JAWA TIMUR BANYUWANGI,JAWA_TIMUR_BANYUWANGI.txt,7.3,International donors,budget_funding_sources,No,Yes,0.0,1.0,false_positive,"(1) In implementing policies, programs, and activities for the protection of women and children victims of violence and human trafficking, the district government may cooperate with international institutions.","The policy allows the district government to cooperate with international institutions in implementing protection policies and activities, which constitutes explicit international support/engagement (even if not framed as a specific donor budget line).",Reference only
JAWA TIMUR BLITAR,JAWA_TIMUR_BLITAR.txt,4.2,Gender equality education,primary_prevention,No,Yes,0.0,1.0,false_positive,"d. conducting dissemination/outreach regarding prevention of violence against women, as well as fulfillment of the rights of children and women.
b. justice and gender equality;","The policy references gender equality as a guiding principle and includes dissemination/outreach related to fulfilling the rights of women (and children), which implies awareness-raising/education on women’s rights and gender equality as part of prevention efforts.",Reference only
JAWA TIMUR BLITAR,JAWA_TIMUR_BLITAR.txt,4.4,Prevention through education,primary_prevention,No,Yes,0.0,1.0,false_positive,"(1) Prevention services are all forms of services provided to the general public, especially women and children, both legally, socially, culturally and economically, which have an impact on increasing knowledge, skills and awareness so that they do not become victims and perpetrators of violence.","The policy defines prevention services as services to the public that increase knowledge, skills, and awareness so people do not become victims or perpetrators of violence, which frames education/knowledge-building as a prevention strategy.",Reference only
JAWA TIMUR BLITAR,JAWA_TIMUR_BLITAR.txt,6.1,Women in conflict/disaster areas,intersectional_approach,No,Yes,0.0,1.0,false_positive,"(1) The implementation of protection for women, children and families of victims of violence constitutes a comprehensive prevention system, covering protection against all forms of violence, trafficking of women and children, economic exploitation, sexual exploitation, maltreatment, neglect and or abandonment in all situations including women and children with disabilities, children of migrant worker families, children in conflict with the law, children in emergency situations and those vulnerable to becoming victims of violence.","The policy explicitly includes protection coverage for women and children in emergency situations, indicating special consideration for emergency/disaster contexts.",Reference only
JAWA TIMUR BLITAR KOTA,JAWA_TIMUR_BLITAR_KOTA.txt,4.2,Gender equality education,primary_prevention,Yes,No,1.0,0.0,false_negative,,"While the policy mentions awareness raising and includes a principle of ""justice and gender equality,"" the retrieved sentences do not specify primary prevention education/communication activities explicitly about gender equality and/or women’s rights (as distinct topics).",Reference only
JAWA TIMUR BOJONEGORO,JAWA_TIMUR_BOJONEGORO.txt,1.9,Sexual slavery/exploitation,scope_of_violence,Yes,No,1.0,0.0,false_negative,,"While sexual violence is defined, the provided sentences do not explicitly include sexual exploitation or sexual slavery as distinct issues addressed by the policy.",Reference only
JAWA TIMUR BOJONEGORO,JAWA_TIMUR_BOJONEGORO.txt,4.4,Prevention through education,primary_prevention,No,Yes,0.0,1.0,false_positive,"(1) The Bojonegoro Regency Government has the obligation and responsibility to implement efforts to prevent the occurrence of violence in the form of:
b. conducting education on anti-violence values towards women and children;","Education is explicitly listed as part of the government’s efforts to prevent the occurrence of violence, specifically through conducting education on anti-violence values toward women and children.",Reference only
JAWA TIMUR JEMBER,JAWA_TIMUR_JEMBER.txt,1.8,Human trafficking,scope_of_violence,No,Yes,0.0,1.0,false_positive,"14. Special protection is protection given to children in emergency situations, children in conflict with the law, children from minority and isolated groups, children who are exploited economically and or sexually, children who are trafficked, children who are victims of narcotics, alcohol, psychotropic and other addictive substances (NAPZA) abuse, children victims of kidnapping, sale, trafficking, children victims of violence both physical and or mental, children with disabilities, and children victims of abuse and neglect.","The policy explicitly references children who are trafficked within its special protection definition, indicating trafficking is included.",Reference only
JAWA TIMUR JEMBER,JAWA_TIMUR_JEMBER.txt,2.1,Institutional network,institutional_mechanism,No,Yes,0.0,1.0,false_positive,"a. establishing and ensuring the operation of integrated service institutions for victims by involving community elements;
(1) The implementation of protection for victims is carried out in an integrated manner within the framework of PPT.","The policy assigns the Regency Government responsibility to establish and ensure operation of integrated service institutions involving community elements, and states that protection implementation is carried out in an integrated manner within the framework of the Integrated Service Center (PPT), indicating an institutional coordination mechanism for implementation and service delivery.",Reference only
JAWA TIMUR JEMBER,JAWA_TIMUR_JEMBER.txt,2.5,Training and capacity building,institutional_mechanism,No,Yes,0.0,1.0,false_positive,"(1) Guidance on the implementation of protection of Women and Children shall be carried out by the relevant Agency in accordance with their respective main duties and functions.
(2) Guidance as referred to in paragraph (1) shall be in the form of providing guidelines that include technical implementation of protection of Women and Children.","The policy provides for guidance on implementation by relevant agencies and specifies that such guidance includes providing guidelines covering technical implementation, which constitutes technical guidance/capacity support for implementers.",Reference only
JAWA TIMUR JEMBER,JAWA_TIMUR_JEMBER.txt,4.4,Prevention through education,primary_prevention,No,Yes,0.0,1.0,false_positive,"(1) The Regency Government is obligated and responsible to implement efforts to prevent the occurrence of violence, in the form of:
b. conducting education about anti-violence values towards women and children;","Education is explicitly listed as part of the government’s efforts to prevent the occurrence of violence, specifically through education about anti-violence values toward women and children.",Reference only
JAWA TIMUR JEMBER,JAWA_TIMUR_JEMBER.txt,5.5,International organisations engagement,stakeholder_engagement,No,Yes,0.0,1.0,false_positive,"1. Obtain protection from the community and government as well as non-governmental institutions at the local, national and international levels.","The policy states that victims have the right to obtain protection from non-governmental institutions at local, national, and international levels, which implies engagement/availability of international non-governmental/international actors in protection.",Reference only
JAWA TIMUR JEMBER,JAWA_TIMUR_JEMBER.txt,5.6,Media engagement,stakeholder_engagement,No,Yes,0.0,1.0,false_positive,"g. to maintain the privacy and confidentiality of victims from all parties who have no interest, including coverage by the mass media;
11. Obtain protection from the disclosure of identity through mass media.","The policy explicitly references mass media in the context of protecting victim privacy and preventing disclosure of identity through mass media, indicating recognition of media as a relevant stakeholder/actor affecting protection.",Reference only
JAWA TIMUR JEMBER,JAWA_TIMUR_JEMBER.txt,7.5,Provincial government budget,budget_funding_sources,No,Yes,0.0,1.0,false_positive,"(3) Sources of funds in the implementation of protection for women and children are sourced from the State Budget (APBN), Provincial Budget (APBD), Regency Budget (APBD) as well as other legitimate and non-binding sources.",The policy explicitly lists the Provincial Budget (APBD) as a source of funds for implementing protection for women and children victims of violence.,Reference only
JAWA TIMUR JOMBANG,JAWA_TIMUR_JOMBANG.txt,1.5,Economic violence,scope_of_violence,Yes,No,1.0,0.0,false_negative,,"While the text mentions protecting citizens’ economic security in a general sense, it does not define or identify economic violence, economic exploitation, or domestic neglect as a specific form of violence against women.",Reference only
JAWA TIMUR JOMBANG,JAWA_TIMUR_JOMBANG.txt,1.8,Human trafficking,scope_of_violence,No,Yes,0.0,1.0,false_positive,13. Presidential Decree of the Republic of Indonesia Number 88 of 2002 concerning National Action Plan (RAN) for the Elimination of Trafficking in Women and Children;,"The policy text explicitly references a national action plan for the elimination of trafficking in women and children, indicating inclusion of trafficking as a relevant issue in the policy context.",Reference only
JAWA TIMUR JOMBANG,JAWA_TIMUR_JOMBANG.txt,1.9,Sexual slavery/exploitation,scope_of_violence,Yes,No,1.0,0.0,false_negative,,"Although sexual violence is defined (including harassment and coercion, possibly for commercial purposes), the provided sentences do not explicitly mention sexual exploitation or sexual slavery as distinct categories.",Reference only
JAWA TIMUR JOMBANG,JAWA_TIMUR_JOMBANG.txt,2.1,Institutional network,institutional_mechanism,No,Yes,0.0,1.0,false_positive,"The implementation of protection for victims is carried out in an integrated manner within the Integrated Service Center for the Protection of Women and Children (P2T-P2A).
(3) The implementation of obligations as referred to in paragraph (1) and paragraph (2), shall be technically implemented in an integrated manner by the relevant Regional Work Units.
16. Integrated Service Center for the Protection of Women and Children hereinafter referred to as P2T-P2A is a service provider institution based in a Hospital for victims of violence, especially women and children, which is managed jointly by the regional government and the community incorporated in a Team carried out in a cross-functional and cross-sectoral manner in the form of medical services (including medico-legal), psycho-social and legal services;","The policy establishes an integrated institutional mechanism for protection through the Integrated Service Center for the Protection of Women and Children (P2T-P2A) and specifies that implementation is carried out in an integrated manner by relevant regional work units, indicating a coordination network across sectors.",Reference only
JAWA TIMUR JOMBANG,JAWA_TIMUR_JOMBANG.txt,3.2,Police specialised service unit,specialised_support_services,No,Yes,0.0,1.0,false_positive,"Paragraph (1) What is meant by fast, safe, empathetic, non-discriminatory, easily accessible and with guaranteed confidentiality in the handling/examination of women and children victims of violence is that victims are examined at the P2T-P2A Secretariat or the Women and Children Protection Unit (UPPA) Room, namely a special closed and comfortable room within the Police (Indonesian National Police), where women and children victims of Domestic Violence and violence or sexual harassment can report their cases safely to Policewomen who are empathetic, understanding and professional.","The policy describes the Women and Children Protection Unit (UPPA) Room as a special room within the police where women and child victims can report cases, indicating a specialised unit/service within police offices.",Reference only
JAWA TIMUR JOMBANG,JAWA_TIMUR_JOMBANG.txt,4.4,Prevention through education,primary_prevention,No,Yes,0.0,1.0,false_positive,a. conducting socialization regarding laws and regulations related to the implementation of protection for women and children victims of violence as well as anti-violence values toward women and children;,The policy explicitly frames prevention efforts as including socialization (an educational/awareness strategy) about relevant laws/regulations and anti-violence values to prevent violence against women and children.,Reference only
JAWA TIMUR LUMAJANG,JAWA_TIMUR_LUMAJANG.txt,2.1,Institutional network,institutional_mechanism,No,Yes,0.0,1.0,false_positive,(1) The implementation of protection for victims is carried out in an integrated manner within the framework of PPT.,"The policy establishes an integrated institutional framework for protection services through the PPT, indicating an institutional coordination mechanism for implementation.",Reference only
JAWA TIMUR LUMAJANG,JAWA_TIMUR_LUMAJANG.txt,4.4,Prevention through education,primary_prevention,No,Yes,0.0,1.0,false_positive,b. conducting education about anti-violence values toward women and children;,"Education is explicitly listed as a form of prevention effort, namely conducting education about anti-violence values toward women and children to prevent the occurrence of violence.",Reference only
JAWA TIMUR MADIUN,JAWA_TIMUR_MADIUN.txt,1.8,Human trafficking,scope_of_violence,No,Yes,0.0,1.0,false_positive,17. Presidential Decree Number 88 of 2002 concerning National Action Plan (RAN) for the Elimination of Trafficking in Women and Children;,"The policy references a national action plan specifically for the elimination of trafficking in women and children, indicating inclusion of trafficking in persons within the policy context.",Reference only
JAWA TIMUR MADIUN,JAWA_TIMUR_MADIUN.txt,4.4,Prevention through education,primary_prevention,No,Yes,0.0,1.0,false_positive,"(1) The Regional Government has the obligation and responsibility to implement efforts to prevent the occurrence of violence, in the form of:
b. conducting education about anti-violence values towards women and children;","The policy frames prevention efforts as including education, explicitly listing education about anti-violence values as part of the Regional Government’s obligations to prevent the occurrence of violence against women and children.",Reference only
JAWA TIMUR MADIUN KOTA,JAWA_TIMUR_MADIUN_KOTA.txt,1.9,Sexual slavery/exploitation,scope_of_violence,Yes,No,1.0,0.0,false_negative,,"While sexual violence is defined and includes forced intercourse for commercial purposes, the provided sentences do not explicitly address sexual exploitation or sexual slavery as such.",Reference only
JAWA TIMUR MADIUN KOTA,JAWA_TIMUR_MADIUN_KOTA.txt,2.5,Training and capacity building,institutional_mechanism,No,Yes,0.0,1.0,false_positive,"a. provision of implementation instructions;
b. mentoring;","The policy provides for guidance that includes implementation instructions and mentoring, which are forms of technical guidance/capacity building for implementation.",Reference only
JAWA TIMUR MADIUN KOTA,JAWA_TIMUR_MADIUN_KOTA.txt,3.2,Police specialised service unit,specialised_support_services,No,Yes,0.0,1.0,false_positive,b. coverage of availability of women and children service units (UPPA) at Polda and Polres/ta;,"The policy includes an indicator on the availability of women and children service units (UPPA) at police offices (Polda and Polres/ta), which constitutes a specialized police service unit relevant to VAW cases.",Reference only
JAWA TIMUR MADIUN KOTA,JAWA_TIMUR_MADIUN_KOTA.txt,4.4,Prevention through education,primary_prevention,No,Yes,0.0,1.0,false_positive,"(1) The Regional Government implements efforts to prevent the occurrence of violence against women and children, by means of:
b. conducting education about anti-violence values toward women and children;","Education is explicitly listed as part of the Regional Government’s efforts to prevent the occurrence of violence against women and children, including conducting education about anti-violence values.",Reference only
JAWA TIMUR MAGETAN,JAWA_TIMUR_MAGETAN.txt,1.8,Human trafficking,scope_of_violence,No,Yes,0.0,1.0,false_positive,10. Law Number 21 Year 2007 concerning Eradication of the Criminal Act of Trafficking in Persons (State Gazette of the Republic of Indonesia Year 2007 Number 58 Supplement to the State Gazette of the Republic of Indonesia Number 4720);,"The policy text explicitly references the law concerning eradication of trafficking in persons, indicating trafficking is included in the policy context.",Reference only
JAWA TIMUR MAGETAN,JAWA_TIMUR_MAGETAN.txt,4.2,Gender equality education,primary_prevention,No,Yes,0.0,1.0,false_positive,"Forms of critical education for women victims of violence consist of: training on gender equality and justice, education on reproductive health for women, and provision of understanding of laws and regulations in the field of protection of women and children.","The policy includes educational activities specifically on gender equality and justice (as part of critical education for women victims of violence), which directly addresses gender equality education and women’s rights awareness.",Reference only
JAWA TIMUR MAGETAN,JAWA_TIMUR_MAGETAN.txt,4.4,Prevention through education,primary_prevention,No,Yes,0.0,1.0,false_positive,"b. conducting education on anti-violence values; and
f. providing critical education regarding the rights of women and children for the community.","The policy explicitly frames education as part of violence prevention, including education on anti-violence values and critical education regarding the rights of women and children for the community as prevention efforts.",Reference only
JAWA TIMUR MAGETAN,JAWA_TIMUR_MAGETAN.txt,5.2,Religious engagement,stakeholder_engagement,Yes,No,1.0,0.0,false_negative,,"The candidate sentences reference religious values and spiritual guidance as content/services, but they do not explicitly include or assign roles to religious organisations, religious leaders, clergy, or other faith-based actors in implementation, coordination, prevention, or service delivery.",Reference only
JAWA TIMUR MAGETAN,JAWA_TIMUR_MAGETAN.txt,5.6,Media engagement,stakeholder_engagement,No,Yes,0.0,1.0,false_positive,"Point e Socialization can be carried out through mass media, electronic media, and direct outreach to the community.
e. maintaining the privacy and confidentiality of victims from all parties who have no interest, including coverage by mass media;","The policy explicitly references mass media and electronic media as channels for socialization (prevention-related outreach) and mentions mass media in the context of protecting victim privacy, indicating recognition of media as a relevant stakeholder/context in prevention and protection.",Reference only
JAWA TIMUR MAGETAN,JAWA_TIMUR_MAGETAN.txt,6.8,Women in legal process,intersectional_approach,No,Yes,0.0,1.0,false_positive,"d. provide protection to reporters and witnesses; and
h. the right to obtain facilitation in the judicial process; and/or","The policy explicitly includes protection for reporters and witnesses and provides victims the right to facilitation in the judicial process, indicating services/protection connected to legal proceedings.",Reference only
JAWA TIMUR MAGETAN,JAWA_TIMUR_MAGETAN.txt,7.3,International donors,budget_funding_sources,No,Yes,0.0,1.0,false_positive,"The implementation of women's empowerment and protection of child victims of violence is realized solely through the establishment of an integrated, one-roof, and networked UPT formed by the Government, Regional Government, the community, non-governmental organizations, donor institutions, or other institutions.","The policy explicitly references “donor institutions” among the entities involved in establishing the integrated service unit, indicating the possibility of donor/international support being part of implementation arrangements.",Reference only
JAWA TIMUR PASURUAN,JAWA_TIMUR_PASURUAN.txt,1.5,Economic violence,scope_of_violence,Yes,No,1.0,0.0,false_negative,,"The provided sentences define violence as physical/sexual/psychological and discuss empowerment and services, but do not explicitly or implicitly identify economic violence, economic exploitation of women, or domestic neglect as a form of violence against women.",Reference only
JAWA TIMUR PASURUAN,JAWA_TIMUR_PASURUAN.txt,1.6,Harmful practices,scope_of_violence,No,Yes,0.0,1.0,false_positive,"Furthermore, for the fate of children at that time it seemed as if there was no protection at all for the rights given, children born with female gender would be killed by being buried alive because they were considered a disgrace to parents.","The explanatory section explicitly mentions female infanticide (girls being killed by being buried alive), which is a harmful practice affecting girls.",Reference only
JAWA TIMUR PASURUAN,JAWA_TIMUR_PASURUAN.txt,1.8,Human trafficking,scope_of_violence,No,Yes,0.0,1.0,false_positive,"5606); 5. Law Number 13 of 2003 concerning Manpower (State Gazette of the Republic of Indonesia of 2003 Number 39, Supplement to the State Gazette of the Republic of Indonesia Number 4279); 6. Law Number 23 of 2004 concerning the Elimination of Domestic Violence (State Gazette of the Republic of Indonesia of 2004 Number 95, Supplement to the State Gazette of the Republic of Indonesia Number 4844); 7. Law Number 13 of 2006 concerning Protection of Witnesses and Victims (State Gazette of the Republic of Indonesia of 2006 Number 64, Supplement to the State Gazette of the Republic of Indonesia Number 4635) as amended by Law Number 35 of 2014 (State Gazette of the Republic of Indonesia of 2014 Number 293, Supplement to the State Gazette of the Republic of Indonesia Number 5602); 8. Law Number 21 of 2007 concerning the Eradication of the Criminal Act of Trafficking in Persons (State Gazette of the Republic of Indonesia of 2007 Number 58, Supplement to the State Gazette of the Republic of Indonesia Number 4720); 9. Law Number 12 of 2011 concerning the Formation of Laws and Regulations (State Gazette of 2011 Number 82, Supplement to the State Gazette of the Republic of Indonesia Number 5234); 10. Law Number 23 of 2014 concerning Regional Government (State Gazette of the Republic of Indonesia of 2014 Number 244, Supplement to the State Gazette of the Republic of Indonesia Number 5587) as amended several times most recently by Law Number 9 of 2015 concerning the Second Amendment to Law Number 23 of 2014 concerning Regional Government (State Gazette of the Republic of Indonesia of 2015 Number 58, Supplement to the State Gazette of the Republic of Indonesia Number 5679); 11. Government Regulation Number 4 of 2006 concerning the Implementation and Cooperation for the Recovery of Victims of Domestic Violence (State Gazette of the Republic of Indonesia of 2006 Number 15, Supplement to the State Gazette of the Republic of Indonesia Number 64); 12. Government Regulation Number 12 of 2017 concerning Guidance and Supervision of the Implementation of Regional Government (State Gazette of the Republic of Indonesia of 2017 Number 73, Supplement to the State Gazette of the Republic of Indonesia Number 6041); 13. Presidential Regulation of the Republic of Indonesia Number 87 of 2014 concerning Implementing Regulations of Law Number 12 of 2011 concerning the Formation of Laws and Regulations (State Gazette of the Republic of Indonesia of 2014 Number 199); 14. Presidential Regulation Number 61 of 2016 concerning the Indonesian Child Protection Commission (State Gazette of the Republic of Indonesia of 2016 Number 135); 15. Regulation of the State Minister for Women's Empowerment of the Republic of Indonesia Number 2 of 2008 concerning Guidelines for the Implementation of Women's Protection; 16. Regulation of the State Minister for Women's Empowerment of the Republic of Indonesia Number 3 of 2008 Concerning Guidelines for the Implementation of Child Protection; 17. Regulation of the Minister of Home Affairs Number 15 of 2008 concerning General Guidelines for the Implementation of Gender Mainstreaming in the Regions as amended by Regulation of the Minister of Home Affairs Number 67 of 2011 (State Gazette of the Republic of Indonesia of 2011 Number 927); 18. Regulation of the State Minister for Women's Empowerment of the Republic of Indonesia Number 1 of 2010 concerning Minimum Service Standards for Integrated Services for Women and Child Victims of Violence; 19. Regulation of the State Minister for Women's Empowerment and Child Protection Number 5 of 2010 concerning Guidelines for the Establishment and Development of Integrated Service Centers (State Gazette of the Republic of Indonesia of 2010 Number 446); 20. Regulation of the State Minister for Women's Empowerment and Child Protection of the Republic of Indonesia Number 2 of 2011 concerning Guidelines for Handling Child Victims of Violence (State Gazette of the Republic of Indonesia of 2011 Number 42); 21.","The policy explicitly references the national law on the Eradication of the Criminal Act of Trafficking in Persons in its legal basis, indicating trafficking is within scope.",Reference only
JAWA TIMUR PASURUAN,JAWA_TIMUR_PASURUAN.txt,3.10,Economic support,specialised_support_services,No,Yes,0.0,1.0,false_positive,"c. an empowerment center for women and children.
d. encouraging programs that can increase the independence of women in the economic, political, legal, social, cultural and other strategic fields.","The policy establishes an empowerment center for women and children (including victims served by PPTPPA) and promotes programs to increase women’s independence in economic and other strategic fields, which aligns with economic empowerment/support.",Reference only
JAWA TIMUR PASURUAN,JAWA_TIMUR_PASURUAN.txt,4.4,Prevention through education,primary_prevention,No,Yes,0.0,1.0,false_positive,"a. conducting legal awareness education for the community, especially for women and children;
b. providing Communication, Information and Education (IEC) materials related to prevention and handling of violence; and","The policy explicitly includes education as part of preventive and promotive strategies to address violence, including legal awareness education and provision of IEC materials related to prevention and handling of violence.",Reference only
JAWA TIMUR PASURUAN,JAWA_TIMUR_PASURUAN.txt,5.3,Traditional/cultural engagement,stakeholder_engagement,Yes,No,1.0,0.0,false_negative,,"While the policy mentions ""community leaders"" as possible elements in management structures, it does not explicitly reference traditional/customary/cultural leaders or customary mechanisms, nor does it describe their role in prevention, protection, services, coordination, or dispute resolution.",Reference only
JAWA TIMUR PASURUAN,JAWA_TIMUR_PASURUAN.txt,5.4,Education institutions engagement,stakeholder_engagement,No,Yes,0.0,1.0,false_positive,"(2) The management of PPTPPA may consist of elements from the Regional Government, professional organizations, academics, community leaders and other elements as needed.","The policy includes academics as potential elements in the management of the integrated service center (PPTPPA), indicating engagement of the education sector in implementation/coordination structures.",Reference only
JAWA TIMUR PROBOLINGGO,JAWA_TIMUR_PROBOLINGGO.txt,4.2,Gender equality education,primary_prevention,No,Yes,0.0,1.0,false_positive,c. conducting socialization of women's rights independently;,"The policy includes awareness/socialisation activities specifically about women's rights, indicating primary prevention through education/communication on women’s rights.",Reference only
JAWA TIMUR PROBOLINGGO,JAWA_TIMUR_PROBOLINGGO.txt,4.4,Prevention through education,primary_prevention,No,Yes,0.0,1.0,false_positive,c. providing education about the dangers of domestic violence;,"Education is explicitly listed as a prevention strategy, with the policy calling for education about the dangers of domestic violence as part of violence prevention efforts.",Reference only
JAWA TIMUR PROBOLINGGO,JAWA_TIMUR_PROBOLINGGO.txt,6.5,People with disability,intersectional_approach,No,Yes,0.0,1.0,false_positive,b. treating women and children with disabilities in a discriminatory manner;,"The policy includes a specific prohibition against discriminatory treatment of women and children with disabilities, indicating targeted protection for persons with disabilities within its scope.",Reference only
JAWA TIMUR PROBOLINGGO,JAWA_TIMUR_PROBOLINGGO.txt,6.8,Women in legal process,intersectional_approach,No,Yes,0.0,1.0,false_positive,"(1) Every woman and child who becomes a witness or perpetrator of violence has the right to obtain information, protection, rehabilitation, confidential handling, psychological and legal assistance, as well as the fulfillment of their rights related to their status as a wife, mother, child, family member or as a member of society.","The policy explicitly provides rights and services (information, protection, rehabilitation, confidential handling, psychological and legal assistance) for women who are witnesses or perpetrators of violence, covering women involved in legal processes.",Reference only
JAWA TIMUR PROBOLINGGO KOTA,JAWA_TIMUR_PROBOLINGGO_KOTA.txt,1.6,Harmful practices,scope_of_violence,No,Yes,0.0,1.0,false_positive,"In the framework of efforts to prevent family psychosocial problems, recovery and creating harmonious families as well as preventing child marriage, the Regional Government needs to establish a Learning Center for Families that functions as:",The policy explicitly mentions preventing child marriage as part of efforts to prevent family psychosocial problems and establish a family learning center.,Reference only
JAWA TIMUR PROBOLINGGO KOTA,JAWA_TIMUR_PROBOLINGGO_KOTA.txt,1.10,Technology facilitated violence,scope_of_violence,No,Yes,0.0,1.0,false_positive,"(1) Every Person in Charge of business and/or activity that operates internet service business, play station and types of children's games based on other information and communication technology is obligated to manage and design a child-friendly place.
c. locally blocking sites containing elements of pornography and pornographic acts; and","The policy addresses ICT-based venues and requires measures such as locally blocking pornographic sites, indicating explicit attention to technology-related risks (e.g., exposure to online pornography) as part of protection measures.",Reference only
JAWA TIMUR PROBOLINGGO KOTA,JAWA_TIMUR_PROBOLINGGO_KOTA.txt,3.10,Economic support,specialised_support_services,No,Yes,0.0,1.0,false_positive,11. Empowerment is the strengthening of women victims of violence to be able to work and do business independently after they have been restored and provided with health and social rehabilitation services.,"The policy defines empowerment specifically as strengthening women victims of violence to be able to work and do business independently after recovery and rehabilitation, indicating an economic empowerment objective for victims.",Reference only
JAWA TIMUR PROBOLINGGO KOTA,JAWA_TIMUR_PROBOLINGGO_KOTA.txt,4.2,Gender equality education,primary_prevention,No,Yes,0.0,1.0,false_positive,b. conduct independent socialization of women's and children's rights;,"The policy includes an educational/socialisation activity specifically about rights (women's and children's rights), which is a form of primary prevention information/awareness raising related to women’s rights.",Reference only
JAWA TIMUR PROBOLINGGO KOTA,JAWA_TIMUR_PROBOLINGGO_KOTA.txt,4.4,Prevention through education,primary_prevention,No,Yes,0.0,1.0,false_positive,b. conducting education on anti-violence values; and,"Education is explicitly listed as a form of prevention of violence (education on anti-violence values), making education an explicit strategy to prevent violence against women and children.",Reference only
JAWA TIMUR PROBOLINGGO KOTA,JAWA_TIMUR_PROBOLINGGO_KOTA.txt,5.3,Traditional/cultural engagement,stakeholder_engagement,Yes,No,1.0,0.0,false_negative,,"While the policy references community participation and local community leaders, it does not explicitly mention traditional/customary/cultural leaders, customary institutions, or customary dispute-resolution mechanisms in the provided sentences.",Reference only
JAWA TIMUR SAMPANG,JAWA_TIMUR_SAMPANG.txt,1.1,Domestic violence,scope_of_violence,Yes,No,1.0,0.0,false_negative,,"The provided sentences define and discuss violence against women and children generally (including physical, psychological, sexual violence and neglect) and related services, but they do not explicitly mention domestic violence or violence within the household/intimate partner context as a distinct category.",Reference only
JAWA TIMUR SAMPANG,JAWA_TIMUR_SAMPANG.txt,1.5,Economic violence,scope_of_violence,Yes,No,1.0,0.0,false_negative,,"While the text mentions 'neglect' as part of violence against a child and discusses women's economic independence programs, it does not explicitly identify economic violence, economic exploitation, or domestic neglect as a form of violence against women.",Reference only
JAWA TIMUR SAMPANG,JAWA_TIMUR_SAMPANG.txt,1.9,Sexual slavery/exploitation,scope_of_violence,Yes,No,1.0,0.0,false_negative,,"Although sexual violence is defined and includes forced intercourse for commercial purposes, the candidate sentences do not explicitly mention sexual exploitation or sexual slavery as such.",Reference only
JAWA TIMUR SAMPANG,JAWA_TIMUR_SAMPANG.txt,4.3,VAW laws awareness,primary_prevention,Yes,No,1.0,0.0,false_negative,,"The policy mentions “legal awareness education” and IEC/socialization related to prevention and handling of violence, but the retrieved sentences do not explicitly state that these activities provide information or education specifically about laws and policies on violence against women.",Reference only
JAWA TIMUR SAMPANG,JAWA_TIMUR_SAMPANG.txt,4.4,Prevention through education,primary_prevention,No,Yes,0.0,1.0,false_positive,"a. conducting legal awareness education for the community, especially for women and children;","The policy explicitly includes “conducting legal awareness education” as part of its preventive measures for prevention and handling of violence, making education an explicit prevention strategy.",Reference only
JAWA TIMUR SAMPANG,JAWA_TIMUR_SAMPANG.txt,5.3,Traditional/cultural engagement,stakeholder_engagement,Yes,No,1.0,0.0,false_negative,,"While the policy mentions participation of 'community leaders' and the broader community, the provided sentences do not explicitly reference traditional/customary/cultural leaders, customary institutions, or customary dispute-resolution mechanisms.",Reference only
JAWA TIMUR SITUBONDO,JAWA_TIMUR_SITUBONDO.txt,4.4,Prevention through education,primary_prevention,No,Yes,0.0,1.0,false_positive,b. conducting education on anti-violence values; and,"Education is explicitly listed as a form of prevention, through conducting education on anti-violence values as part of efforts to prevent the occurrence of violence.",Reference only
JAWA TIMUR SITUBONDO,JAWA_TIMUR_SITUBONDO.txt,6.2,Women victims of trafficking,intersectional_approach,Yes,No,1.0,0.0,false_negative,,"The excerpts reference general violence against women/children and list a national anti-trafficking law in the legal basis, but they do not explicitly include trafficking victims within the regulation’s scope or specify trafficking-related protection/services.",Reference only
JAWA TIMUR SITUBONDO,JAWA_TIMUR_SITUBONDO.txt,6.11,Domestic workers,intersectional_approach,Yes,No,1.0,0.0,false_negative,,"Domestic workers are mentioned in the background as a phenomenon requiring attention, but the provided sentences do not set out specific protection measures targeted at domestic workers as such.",Reference only
JAWA TIMUR SUMENEP,JAWA_TIMUR_SUMENEP.txt,1.8,Human trafficking,scope_of_violence,No,Yes,0.0,1.0,false_positive,"9. Law Number 21 of 2007 concerning Eradication of the Criminal Act of Trafficking in Persons (State Gazette of the Republic of Indonesia Year 2007 Number 58, Supplement to the State Gazette Number 4720);","The policy text explicitly references a law concerning eradication of trafficking in persons, indicating inclusion of human trafficking within the policy’s legal framework.",Reference only
JAWA TIMUR SUMENEP,JAWA_TIMUR_SUMENEP.txt,3.3,Reporting/hotline service,specialised_support_services,Yes,No,1.0,0.0,false_negative,,"The provided sentences describe protection forms, institutional arrangements (P2TP2A), and that handling mechanisms will be set by a Regent Regulation, but they do not explicitly mention a reporting/complaints intake mechanism or hotline/service for receiving reports.",Reference only
JAWA TIMUR SUMENEP,JAWA_TIMUR_SUMENEP.txt,6.8,Women in legal process,intersectional_approach,No,Yes,0.0,1.0,false_positive,(3) The form of legal protection for Women and Child Victims of Violence as referred to in paragraph (1) consists of services and assistance to help victims undergo legal and judicial processes.,"The policy includes legal protection consisting of services and assistance to help victims undergo legal and judicial processes, which constitutes provision of services related to legal proceedings for women victims.",Reference only
JAWA TIMUR TRENGGALEK,JAWA_TIMUR_TRENGGALEK.txt,1.6,Harmful practices,scope_of_violence,No,Yes,0.0,1.0,false_positive,c. prevent marriage at a child age.,The policy explicitly addresses a harmful practice by requiring parents to prevent marriage at a child age (child/early marriage).,Reference only
JAWA TIMUR TRENGGALEK,JAWA_TIMUR_TRENGGALEK.txt,1.9,Sexual slavery/exploitation,scope_of_violence,No,Yes,0.0,1.0,false_positive,(1) Special protection for children who are exploited economically and/or sexually as referred to in Article 44 constitutes the obligation and responsibility of the Regional Government and the community.,The policy explicitly includes sexual exploitation by providing special protection for children exploited economically and/or sexually.,Reference only
JAWA TIMUR TRENGGALEK,JAWA_TIMUR_TRENGGALEK.txt,2.3,Data collection systems,institutional_mechanism,No,Yes,0.0,1.0,false_positive,l. developing a gender-based information system; and,"The policy includes development of a gender-based information system as part of gender mainstreaming, which constitutes an institutionalized system for managing/maintaining relevant information (including for women’s protection/VAW-related implementation).",Reference only
JAWA TIMUR TRENGGALEK,JAWA_TIMUR_TRENGGALEK.txt,2.5,Training and capacity building,institutional_mechanism,No,Yes,0.0,1.0,false_positive,"c. facilitating institutional strengthening and development of gender mainstreaming mechanisms in government institutions, women's study centers, research and development institutions, non-governmental institutions;
c. facilitating institutional strengthening and development of child mainstreaming mechanisms in government institutions, research and development institutions, non-governmental institutions;","The policy provides for institutional strengthening and development of gender mainstreaming mechanisms and child-rights mainstreaming mechanisms across institutions, which constitutes capacity building for implementing entities.",Reference only
JAWA TIMUR TRENGGALEK,JAWA_TIMUR_TRENGGALEK.txt,4.4,Prevention through education,primary_prevention,No,Yes,0.0,1.0,false_positive,"c. conducts communication, information, education, socialization, and advocacy regarding violence against women and children as well as criminal acts of trafficking in persons against women and children;","The policy explicitly includes education (as part of communication, information, education, socialization, and advocacy) regarding violence against women and children, indicating education is used as a strategy to prevent such violence.",Reference only
JAWA TIMUR TRENGGALEK,JAWA_TIMUR_TRENGGALEK.txt,5.4,Education institutions engagement,stakeholder_engagement,No,Yes,0.0,1.0,false_positive,"(2) The role of the community as referred to in paragraph (1) is carried out by individuals, child protection institutions, social community institutions, educational institutions, religious institutions, business entities, and mass media.
Children in and around the school must be protected from acts of violence committed by teachers, school administrators, or their friends within the school concerned, or other educational institutions.","The policy explicitly lists educational institutions as part of the community’s role in child protection and specifically addresses protection of children in and around schools/other educational institutions from violence, indicating engagement of the education sector in protection implementation.",Reference only
JAWA TIMUR TRENGGALEK,JAWA_TIMUR_TRENGGALEK.txt,5.6,Media engagement,stakeholder_engagement,No,Yes,0.0,1.0,false_positive,"(2) The role of the community as referred to in paragraph (1) is carried out by individuals, child protection institutions, social community institutions, educational institutions, religious institutions, business entities, and mass media.","The policy explicitly recognizes mass media as part of the community role in child protection, indicating media is engaged/recognized as a stakeholder.",Reference only
JAWA TIMUR TRENGGALEK,JAWA_TIMUR_TRENGGALEK.txt,6.10,Refugee/forced displacement,intersectional_approach,No,Yes,0.0,1.0,false_positive,Special protection for children who become refugees as referred to in Article 45 letter a shall be implemented in accordance with the provisions of Laws and Regulations.,"The policy explicitly provides for special protection for children who become refugees, indicating inclusion of refugee/forced displacement as a special protection context.",Reference only
KALIMANTAN BARAT BENGKAYANG,KALIMANTAN_BARAT_BENGKAYANG.txt,1.8,Human trafficking,scope_of_violence,No,Yes,0.0,1.0,false_positive,"10. Special protection is protection given to children in emergency situations, children in conflict with the law, children from minority and isolated groups, children who are exploited economically and/or sexually, children who are trafficked, children who are victims of narcotics, alcohol, psychotropic and other addictive substances (drugs) abuse, children victims of kidnapping, sale, trafficking, children victims of violence both physical and/or mental, children with disabilities, and children victims of maltreatment and neglect.","The policy explicitly references children who are trafficked within the definition of special protection, indicating inclusion of trafficking.",Reference only
KALIMANTAN BARAT BENGKAYANG,KALIMANTAN_BARAT_BENGKAYANG.txt,1.9,Sexual slavery/exploitation,scope_of_violence,No,Yes,0.0,1.0,false_positive,"10. Special protection is protection given to children in emergency situations, children in conflict with the law, children from minority and isolated groups, children who are exploited economically and/or sexually, children who are trafficked, children who are victims of narcotics, alcohol, psychotropic and other addictive substances (drugs) abuse, children victims of kidnapping, sale, trafficking, children victims of violence both physical and/or mental, children with disabilities, and children victims of maltreatment and neglect.","The policy explicitly references children who are exploited sexually, indicating inclusion of sexual exploitation.",Reference only
KALIMANTAN BARAT BENGKAYANG,KALIMANTAN_BARAT_BENGKAYANG.txt,2.5,Training and capacity building,institutional_mechanism,No,Yes,0.0,1.0,false_positive,e. increase the capacity of service provider institutions;,"The policy gives the Regional Government authority to increase the capacity of service provider institutions, which constitutes an institutional capacity-building requirement/measure for implementers and service providers.",Reference only
KALIMANTAN BARAT BENGKAYANG,KALIMANTAN_BARAT_BENGKAYANG.txt,4.4,Prevention through education,primary_prevention,No,Yes,0.0,1.0,false_positive,"c. organizing communication, information, and education about violence against women and children; and","Education is explicitly listed as part of prevention efforts through organizing communication, information, and education about violence against women and children.",Reference only
KALIMANTAN BARAT BENGKAYANG,KALIMANTAN_BARAT_BENGKAYANG.txt,5.3,Traditional/cultural engagement,stakeholder_engagement,No,Yes,0.0,1.0,false_positive,c. fostering local wisdom in handling women and children victims of violence;,"The policy references fostering local wisdom in handling women and children victims of violence, which implies engagement with customary/community cultural mechanisms in implementation.",Reference only
KALIMANTAN BARAT KUBU RAYA,KALIMANTAN_BARAT_KUBU_RAYA.txt,1.10,Technology facilitated violence,scope_of_violence,No,Yes,0.0,1.0,false_positive,"Letter a Threats of violence are any unlawful acts, either directly or indirectly, including through social media networks and communication devices.","The policy explicitly recognizes threats of violence committed through social media networks and communication devices, which constitutes technology-facilitated violence.",Reference only
KALIMANTAN BARAT KUBU RAYA,KALIMANTAN_BARAT_KUBU_RAYA.txt,2.3,Data collection systems,institutional_mechanism,No,Yes,0.0,1.0,false_positive,"(1) The SKPD responsible for Women's Empowerment implements the information system and submits reports on the implementation of women's protection to the Regent.
c. collect, compile and present reports on violence.","The policy assigns responsibility to the SKPD responsible for Women's Empowerment to implement an information system and submit reports, and it also states that the service network aims to collect, compile, and present reports on violence—together establishing/assigning responsibility for data/information and reporting systems.",Reference only
KALIMANTAN BARAT KUBU RAYA,KALIMANTAN_BARAT_KUBU_RAYA.txt,4.2,Gender equality education,primary_prevention,No,Yes,0.0,1.0,false_positive,c. conducting independent socialization of women's rights;,"The policy explicitly mentions community participation through independent socialization of women's rights, which is a primary prevention education/awareness activity focused on women's rights.",Reference only
KALIMANTAN BARAT KUBU RAYA,KALIMANTAN_BARAT_KUBU_RAYA.txt,4.4,Prevention through education,primary_prevention,No,Yes,0.0,1.0,false_positive,"e. providing education for women victims of violence including access to employment opportunities; and
f. through complete and easily accessible communication, information and education media.","Within the prevention section, the policy lists providing education for women victims of violence and using communication, information, and education media as part of prevention efforts, indicating education is an explicit prevention strategy.",Reference only
KALIMANTAN BARAT KUBU RAYA,KALIMANTAN_BARAT_KUBU_RAYA.txt,6.2,Women victims of trafficking,intersectional_approach,No,Yes,0.0,1.0,false_positive,"b. actions with or without the consent of the victim which include but are not limited to prostitution, forced labor or services, slavery or similar practices, oppression, violence, physical exploitation, sexual exploitation, exploitation of reproductive organs, or unlawfully removing or transplanting organs and/or body tissues, or exploiting the labor or capabilities of a person by other parties to obtain benefits both material and immaterial.","The policy’s definition of exploitation includes forced labor/services, slavery or similar practices, and sexual exploitation, which are core elements associated with trafficking in persons; thus women victims of such exploitation are covered within scope.",Reference only
KALIMANTAN BARAT KUBU RAYA,KALIMANTAN_BARAT_KUBU_RAYA.txt,6.4,Elderly women,intersectional_approach,Yes,No,1.0,0.0,false_negative,,"Although the policy defines “Elderly Women” and mentions the elderly as part of vulnerable groups, the provided sentences do not specify any special protection measures targeted specifically at elderly women beyond general protections.",Reference only
KALIMANTAN BARAT KUBU RAYA,KALIMANTAN_BARAT_KUBU_RAYA.txt,6.5,People with disability,intersectional_approach,Yes,No,1.0,0.0,false_negative,,"The text defines women with disabilities and mentions persons with disabilities among vulnerable groups, but it does not describe any disability-specific protection measures or accommodations; it only provides general principles and services.",Reference only
KALIMANTAN BARAT KUBU RAYA,KALIMANTAN_BARAT_KUBU_RAYA.txt,6.6,Women heads of household,intersectional_approach,Yes,No,1.0,0.0,false_negative,,"Women heads of households are mentioned as part of vulnerable groups, but the excerpts do not set out any special measures specifically targeted to women heads of household/families.",Reference only
KALIMANTAN BARAT KUBU RAYA,KALIMANTAN_BARAT_KUBU_RAYA.txt,6.11,Domestic workers,intersectional_approach,Yes,No,1.0,0.0,false_negative,,"Domestic workers are mentioned as part of vulnerable groups, but the excerpts do not describe any special protection measures specifically targeted at domestic workers.",Reference only
KALIMANTAN BARAT KUBU RAYA,KALIMANTAN_BARAT_KUBU_RAYA.txt,6.12,Women experiencing homelessness,intersectional_approach,Yes,No,1.0,0.0,false_negative,,"Homeless women are referenced as part of vulnerable groups, but the provided sentences do not specify any special protection measures targeted specifically at women experiencing homelessness.",Reference only
KALIMANTAN BARAT KUBU RAYA,KALIMANTAN_BARAT_KUBU_RAYA.txt,6.13,Formerly incarcerated women,intersectional_approach,Yes,No,1.0,0.0,false_negative,,"Former inmates of correctional institutions are listed among vulnerable groups, but the excerpts do not provide any special protection measures specifically targeted at formerly incarcerated women.",Reference only
KALIMANTAN BARAT MELAWI,KALIMANTAN_BARAT_MELAWI.txt,1.10,Technology facilitated violence,scope_of_violence,No,Yes,0.0,1.0,false_positive,Sufficiently clear Sufficiently clear Sufficiently clear Sufficiently clear Sufficiently clear Sufficiently clear Sufficiently clear Sufficiently clear Sufficiently clear Sufficiently clear Sufficiently clear Sufficiently clear Sufficiently clear Sufficiently clear Sufficiently clear Sufficiently clear Letter a Threat of violence is any act unlawfully either directly or indirectly including through social media networks and communication devices.,"The policy explicitly recognizes threats of violence carried out directly or indirectly through social media networks and communication devices, which constitutes technology-facilitated violence.",Reference only
KALIMANTAN BARAT MELAWI,KALIMANTAN_BARAT_MELAWI.txt,4.2,Gender equality education,primary_prevention,No,Yes,0.0,1.0,false_positive,c. conducting independent socialization of women's rights;,"The policy includes an awareness/socialisation activity specifically focused on women’s rights, which constitutes primary prevention education/communication about women’s rights.",Reference only
KALIMANTAN BARAT MELAWI,KALIMANTAN_BARAT_MELAWI.txt,4.4,Prevention through education,primary_prevention,No,Yes,0.0,1.0,false_positive,"e. providing education for women victims of violence;
f. through Communication, Information and Education (KIE) media.","Within the listed prevention efforts, the policy explicitly includes providing education and using communication/information/education media as strategies connected to preventing violence against women.",Reference only
KALIMANTAN BARAT MELAWI,KALIMANTAN_BARAT_MELAWI.txt,6.4,Elderly women,intersectional_approach,Yes,No,1.0,0.0,false_negative,,"Although the policy defines “Elderly Women,” the provided sentences do not specify any special protection measures targeted specifically at elderly women beyond general protections for women victims of violence.",Reference only
KALIMANTAN BARAT MELAWI,KALIMANTAN_BARAT_MELAWI.txt,6.5,People with disability,intersectional_approach,Yes,No,1.0,0.0,false_negative,,"The policy defines “Women with Disabilities,” but the provided sentences do not set out any specific or special protection measures targeted at women with disabilities beyond general victim protections.",Reference only
KALIMANTAN BARAT SAMBAS,KALIMANTAN_BARAT_SAMBAS.txt,1.8,Human trafficking,scope_of_violence,No,Yes,0.0,1.0,false_positive,"14. Government Regulation Number 9 Year 2008 Concerning Procedures and Mechanisms for Integrated Services for Witnesses and/or Victims of the Criminal Act of Trafficking in Persons (State Gazette of the Republic of Indonesia Year 2008 Number 22, Supplement to the State Gazette of the Republic of Indonesia Number 4818);","The policy text explicitly references regulations concerning integrated services for victims of the criminal act of trafficking in persons, indicating trafficking in persons is included within the policy’s scope/context.",Reference only
KALIMANTAN BARAT SAMBAS,KALIMANTAN_BARAT_SAMBAS.txt,4.2,Gender equality education,primary_prevention,No,Yes,0.0,1.0,false_positive,"Forms of critical education for women victims of violence consist of: training on gender equality and justice, education on reproductive health for women, and providing understanding of laws and regulations on the Elimination of Domestic Violence.","The policy explicitly includes educational activities on gender equality and justice as part of critical education for women victims of violence, which is an education/awareness activity specifically about gender equality and women’s rights.",Reference only
KALIMANTAN BARAT SAMBAS,KALIMANTAN_BARAT_SAMBAS.txt,4.4,Prevention through education,primary_prevention,No,Yes,0.0,1.0,false_positive,"e. providing critical education about the rights of Women and Children and acts of violence; and
b. education;","The policy explicitly frames education as part of prevention of violence against women and children, including providing critical education within prevention efforts and identifying the education sector as a field involved in implementing prevention.",Reference only
KALIMANTAN BARAT SAMBAS,KALIMANTAN_BARAT_SAMBAS.txt,5.6,Media engagement,stakeholder_engagement,No,Yes,0.0,1.0,false_positive,"Point d Socialization can be carried out through mass media, electronic media, and direct counseling to the community.","The policy explicitly notes that socialization can be carried out through mass media and electronic media, indicating engagement/recognition of media in prevention-related outreach.",Reference only
KALIMANTAN BARAT SAMBAS,KALIMANTAN_BARAT_SAMBAS.txt,6.2,Women victims of trafficking,intersectional_approach,No,Yes,0.0,1.0,false_positive,"a. actions that exploit women and children economically or sexually with the intention of benefiting oneself or others;
b. actions with or without the consent of the victim which include but are not limited to prostitution, forced labor or services, slavery or similar practices, oppression, extortion, exploitation of physical, sexual, reproductive organs, or unlawfully transferring or transplanting organs and/or body tissues or exploiting the labor or capabilities of a person by other parties to obtain benefits both material and immaterial;","The policy defines exploitation to include forms commonly associated with trafficking (e.g., forced labor/services, slavery-like practices) and explicitly references exploitation of women and children, bringing women affected by trafficking-related exploitation within scope.",Reference only
KALIMANTAN BARAT SANGGAU,KALIMANTAN_BARAT_SANGGAU.txt,1.10,Technology facilitated violence,scope_of_violence,No,Yes,0.0,1.0,false_positive,"Letter a Threat of violence, namely any act unlawfully either directly or indirectly including through social media networks and communication devices.","The policy explicitly recognizes threats of violence carried out directly or indirectly, including through social media networks and communication devices, which constitutes technology-facilitated violence.",Reference only
KALIMANTAN BARAT SANGGAU,KALIMANTAN_BARAT_SANGGAU.txt,4.2,Gender equality education,primary_prevention,No,Yes,0.0,1.0,false_positive,c. conducting independent socialization of women's rights;,"The policy includes a primary-prevention-oriented educational activity focused on women’s rights through community-led socialisation, which constitutes awareness raising/education about women’s rights.",Reference only
KALIMANTAN BARAT SANGGAU,KALIMANTAN_BARAT_SANGGAU.txt,4.4,Prevention through education,primary_prevention,No,Yes,0.0,1.0,false_positive,"e. providing information regarding the Protection of Women from acts of Violence through communication, information and education (KIE) media.","The policy explicitly includes providing information through communication, information and education (KIE) media as part of prevention efforts for violence against women, indicating education is used as a prevention strategy.",Reference only
KALIMANTAN BARAT SANGGAU,KALIMANTAN_BARAT_SANGGAU.txt,6.2,Women victims of trafficking,intersectional_approach,No,Yes,0.0,1.0,false_positive,"b. actions with or without the consent of the Victim which include but are not limited to prostitution, forced labor or services, slavery or similar practices, oppression, extortion, exploitation of physical, sexual, reproductive organs, or unlawfully removing or transplanting organs and/or body tissues or exploiting the labor or capabilities of a person by other parties to obtain benefits both material and immaterial; and/or","The policy’s definition of exploitation explicitly includes forced labor/services, slavery or similar practices, and related exploitative acts, which fall within trafficking-in-persons situations, thereby bringing women victims of trafficking within scope.",Reference only
KALIMANTAN BARAT SINGKAWANG KOTA,KALIMANTAN_BARAT_SINGKAWANG_KOTA.txt,1.10,Technology facilitated violence,scope_of_violence,No,Yes,0.0,1.0,false_positive,"e. receiving child visitors during school hours or allowing child visitors after nine o'clock at night to access the internet at internet cafes.
(3) Every person is obliged to protect children from the influence of pornography and prevent access to information containing elements of pornography.","The policy explicitly addresses technology-related risks by prohibiting children’s access to the internet at internet cafes at certain times and requiring prevention of access to information containing pornography, which implicates digital/online access.",Reference only
KALIMANTAN BARAT SINGKAWANG KOTA,KALIMANTAN_BARAT_SINGKAWANG_KOTA.txt,4.4,Prevention through education,primary_prevention,No,Yes,0.0,1.0,false_positive,"(1) For the prevention of acts of violence against women, the Regional Government shall carry out empowerment and awareness-raising to families and communities by providing information, guidance and/or counseling.","The policy explicitly links prevention of violence against women with awareness-raising that provides information, guidance, and/or counseling to families and communities, indicating education/information as a prevention strategy.",Reference only
KALIMANTAN BARAT SINGKAWANG KOTA,KALIMANTAN_BARAT_SINGKAWANG_KOTA.txt,5.3,Traditional/cultural engagement,stakeholder_engagement,Yes,No,1.0,0.0,false_negative,,"While the text mentions community leaders and community institutions, it does not explicitly reference traditional/customary/cultural leaders, customary institutions, or customary/community mechanisms for implementation or dispute resolution.",Reference only
KALIMANTAN BARAT SINGKAWANG KOTA,KALIMANTAN_BARAT_SINGKAWANG_KOTA.txt,6.10,Refugee/forced displacement,intersectional_approach,No,Yes,0.0,1.0,false_positive,Special protection for children who become refugees as referred to in Article 43 letter a shall be implemented in accordance with the provisions of Laws and Regulations.,"The policy explicitly provides special protection for children who become refugees, indicating coverage of refugee/forced displacement situations (at least for children).",Reference only
KALIMANTAN BARAT SINTANG,KALIMANTAN_BARAT_SINTANG.txt,1.8,Human trafficking,scope_of_violence,No,Yes,0.0,1.0,false_positive,"13. Law Number 21 of 2007 concerning Eradication of the Criminal Act of Trafficking in Persons (State Gazette of the Republic of Indonesia of 2007 Number 58, Supplement to the State Gazette of the Republic of Indonesia Number 4720);","The policy text references the law on eradication of trafficking in persons, indicating trafficking is included/recognized within the policy’s legal framework.",Reference only
KALIMANTAN BARAT SINTANG,KALIMANTAN_BARAT_SINTANG.txt,1.9,Sexual slavery/exploitation,scope_of_violence,Yes,No,1.0,0.0,false_negative,,"The candidate sentences define sexual violence and include forced intercourse for commercial purposes, but they do not explicitly address sexual exploitation or sexual slavery as distinct concepts.",Reference only
KALIMANTAN BARAT SINTANG,KALIMANTAN_BARAT_SINTANG.txt,4.4,Prevention through education,primary_prevention,No,Yes,0.0,1.0,false_positive,"(1) The Regional Government has the obligation and responsibility to implement efforts to prevent the occurrence of violence in the form of:
b. implementing education on anti-violence values towards women and children;","Education is explicitly listed as part of the Regional Government’s efforts to prevent the occurrence of violence, specifically through implementing education on anti-violence values toward women and children.",Reference only
KALIMANTAN BARAT SINTANG,KALIMANTAN_BARAT_SINTANG.txt,5.6,Media engagement,stakeholder_engagement,No,Yes,0.0,1.0,false_positive,"k. obtain protection from the publication of identity through mass media.
g. maintaining the privacy and confidentiality of victims from all parties who have no interest, including reporting by mass media;","The policy explicitly references mass media in relation to protecting victims’ identity and requiring confidentiality from parties without an interest, including media reporting, which recognises media as a relevant stakeholder context for protection/services.",Reference only
KALIMANTAN SELATAN BALANGAN,KALIMANTAN_SELATAN_BALANGAN.txt,3.7,Psychosocial counselling,specialised_support_services,Yes,No,1.0,0.0,false_negative,,"The candidate sentences mention social rehabilitation and define 'service' broadly (including counseling/therapy), but they do not explicitly state that psychosocial or psychological counseling services are provided as a specific service for victims.",Reference only
KALIMANTAN SELATAN BALANGAN,KALIMANTAN_SELATAN_BALANGAN.txt,3.8,Religious/spiritual counselling,specialised_support_services,No,Yes,0.0,1.0,false_positive,(2) Improving life resilience as referred to in paragraph (1) by providing guidance and assistance for mental spiritual strengthening in the form of religious knowledge.,The policy explicitly provides guidance and assistance for mental-spiritual strengthening in the form of religious knowledge for victims as part of empowerment efforts.,Reference only
KALIMANTAN SELATAN BALANGAN,KALIMANTAN_SELATAN_BALANGAN.txt,4.1,Information and education about VAW,primary_prevention,No,Yes,0.0,1.0,false_positive,"d. increasing the role of mass media in providing dissemination and information on protection of women and children;
e. counseling or socialization of laws and regulations related to protection of women and children on a regular basis;","The policy includes prevention measures that involve dissemination of information and regular counseling/socialization related to protection of women and children, which explicitly targets violence against women and children as part of prevention.",Reference only
KALIMANTAN SELATAN BALANGAN,KALIMANTAN_SELATAN_BALANGAN.txt,4.4,Prevention through education,primary_prevention,No,Yes,0.0,1.0,false_positive,e. counseling or socialization of laws and regulations related to protection of women and children on a regular basis;,"The policy explicitly lists counseling/socialization of relevant laws and regulations as part of early prevention efforts, indicating education-oriented activities are used as a prevention strategy against violence affecting women and children.",Reference only
KALIMANTAN SELATAN BALANGAN,KALIMANTAN_SELATAN_BALANGAN.txt,5.4,Education institutions engagement,stakeholder_engagement,No,Yes,0.0,1.0,false_positive,"The membership of the Integrated Service Center for the Empowerment of Women and Children (P2TP2A) consists of elements from related agencies, vertical institutions, law enforcement, community organizations, non-governmental organizations, researchers, academics and religious figures, customary figures, community figures and activists for the protection of women and children in the region.","The policy includes “academics” among the membership elements of the integrated service center, indicating engagement of the education sector in implementation/coordination.",Reference only
KALIMANTAN SELATAN BARITO KUALA,KALIMANTAN_SELATAN_BARITO_KUALA.txt,3.8,Religious/spiritual counselling,specialised_support_services,Yes,No,1.0,0.0,false_negative,,"The text references an implementing sector related to 'mental and spiritual' affairs, but it does not explicitly state that victims receive religious/spiritual counselling or faith-based mentoring as a service.",Reference only
KALIMANTAN SELATAN HULU SUNGAI SELATAN,KALIMANTAN_SELATAN_HULU_SUNGAI_SELATAN.txt,4.3,VAW laws awareness,primary_prevention,No,Yes,0.0,1.0,false_positive,"e. disseminating information about laws and regulations related to acts of violence against women and children.
3) conducting socialization of laws and regulations related to the implementation of protection of women and children victims of violence; and",The policy includes dissemination/socialization of laws and regulations related to acts of violence against women and children as part of prevention and community participation measures.,Reference only
KALIMANTAN SELATAN HULU SUNGAI SELATAN,KALIMANTAN_SELATAN_HULU_SUNGAI_SELATAN.txt,5.3,Traditional/cultural engagement,stakeholder_engagement,No,Yes,0.0,1.0,false_positive,c. fostering local wisdom in handling cases of violence;,"The policy references fostering local wisdom in handling cases of violence, which indicates inclusion of customary/community mechanisms or culturally grounded approaches in implementation.",Reference only
KALIMANTAN SELATAN HULU SUNGAI UTARA,KALIMANTAN_SELATAN_HULU_SUNGAI_UTARA.txt,1.8,Human trafficking,scope_of_violence,No,Yes,0.0,1.0,false_positive,"13. Law Number 21 of 2007 concerning Eradication of the Criminal Act of Trafficking in Persons (PTPPO) (State Gazette of the Republic of Indonesia of 2007 Number 58, Supplement to the State Gazette of the Republic of Indonesia Number 4720);","The policy explicitly references the law on eradication of trafficking in persons, indicating trafficking is included in the policy context.",Reference only
KALIMANTAN SELATAN HULU SUNGAI UTARA,KALIMANTAN_SELATAN_HULU_SUNGAI_UTARA.txt,3.8,Religious/spiritual counselling,specialised_support_services,Yes,No,1.0,0.0,false_negative,,"While the policy references an SKPD field of 'mental and spiritual' for implementing services, the candidate sentences do not explicitly describe religious/spiritual counselling, guidance, mentoring, or faith-based psychosocial support as a service provided to victims.",Reference only
KALIMANTAN SELATAN HULU SUNGAI UTARA,KALIMANTAN_SELATAN_HULU_SUNGAI_UTARA.txt,6.2,Women victims of trafficking,intersectional_approach,No,Yes,0.0,1.0,false_positive,"13. Law Number 21 of 2007 concerning Eradication of the Criminal Act of Trafficking in Persons (PTPPO) (State Gazette of the Republic of Indonesia of 2007 Number 58, Supplement to the State Gazette of the Republic of Indonesia Number 4720);
Government Regulation Number 9 of 2008 concerning Procedures and Mechanisms for Integrated Services for Witnesses and/or Victims of Criminal Acts of Trafficking in Persons (State Gazette of the Republic of Indonesia of 2008 Number 22, Supplement to the State Gazette of the Republic of Indonesia Number 4818);","The policy’s legal basis explicitly references trafficking in persons and integrated services for witnesses/victims of trafficking, indicating that trafficking victims (including women) are within the policy’s scope.",Reference only
KALIMANTAN SELATAN HULU SUNGAI UTARA,KALIMANTAN_SELATAN_HULU_SUNGAI_UTARA.txt,6.8,Women in legal process,intersectional_approach,No,Yes,0.0,1.0,false_positive,"(1) The Regional Government is obligated to provide complaint services and the provision of special service rooms at police offices, in the context of providing protection for women and children from acts of violence.
25. Special Service Room, hereinafter abbreviated as RPK is a safe and comfortable room specifically designated for witnesses and/or victims of criminal acts including suspects of criminal acts consisting of women and children who deserve to be treated or require special treatment, and whose cases are being handled at the Police office.
d. provide services to women and children, reporters, and witnesses;","The policy provides services for reporters and witnesses and requires special service rooms at police offices; it also defines special service rooms for witnesses/victims and suspects consisting of women and children, indicating coverage of women involved in legal processes (at least as witnesses/victims and potentially suspects).",Reference only
KALIMANTAN SELATAN KOTABARU,KALIMANTAN_SELATAN_KOTABARU.txt,4.4,Prevention through education,primary_prevention,No,Yes,0.0,1.0,false_positive,"a. socialization activities of laws and regulations related to the protection of Children and Women to the wider community in the region;
g. counseling/socialization in the form of raising awareness of the wider community down to the smallest community groups (families), especially parents, to protect women and children.","The policy frames prevention as including socialization activities and counseling/socialization to raise community awareness to protect women and children, indicating education/awareness activities are an explicit prevention strategy.",Reference only
KALIMANTAN SELATAN KOTABARU,KALIMANTAN_SELATAN_KOTABARU.txt,7.3,International donors,budget_funding_sources,No,Yes,0.0,1.0,false_positive,e. international institutions whose existence is recognized.,"The policy explicitly allows cooperation with international institutions whose existence is recognized, which constitutes explicit international support involvement (even if not specified as funding).",Reference only
KALIMANTAN SELATAN TABALONG,KALIMANTAN_SELATAN_TABALONG.txt,1.5,Economic violence,scope_of_violence,Yes,No,1.0,0.0,false_negative,,"The candidate sentences define gender-based violence in physical, sexual, and psychological terms and discuss general prevention/response, but do not mention economic violence, economic exploitation, or domestic neglect.",Reference only
KALIMANTAN SELATAN TABALONG,KALIMANTAN_SELATAN_TABALONG.txt,1.8,Human trafficking,scope_of_violence,No,Yes,0.0,1.0,false_positive,"9. Law Number 21 of 2007 concerning the Eradication of the Criminal Act of Trafficking in Persons (State Gazette of the Republic of Indonesia Year 2007 Number 58, Supplement to the State Gazette of the Republic of Indonesia Number 4720); 10. Law Number 10 of 2012 concerning the Optional Protocol to the Convention on the Rights of the Child on the Sale of Children, Child Prostitution, and Child Pornography (State Gazette of the Republic of Indonesia Year 2012 Number 149, Supplement to the State Gazette of the Republic of Indonesia Number 5330); 11. Law Number 11 of 2012 concerning the Juvenile Criminal Justice System (State Gazette of the Republic of Indonesia Year 2012 Number 153, Supplement to the State Gazette of the Republic of Indonesia Number 5332);","The policy explicitly references a law concerning the eradication of trafficking in persons, indicating inclusion of human trafficking within the policy’s legal basis.",Reference only
KALIMANTAN SELATAN TABALONG,KALIMANTAN_SELATAN_TABALONG.txt,2.3,Data collection systems,institutional_mechanism,No,Yes,0.0,1.0,false_positive,"g. case recording; and
(1) The Regent is responsible for preparing reports on the implementation of P2TP2A for the Protection of Women and Children in the Region.","The policy includes case recording as part of P2TP2A handling procedures and assigns responsibility to the Regent for preparing reports on P2TP2A implementation, which together indicate documentation/recording and reporting functions related to cases and implementation.",Reference only
KALIMANTAN SELATAN TABALONG,KALIMANTAN_SELATAN_TABALONG.txt,4.1,Information and education about VAW,primary_prevention,No,Yes,0.0,1.0,false_positive,"b. conduct socialization of the rights of Women and Children independently;
a. preventing the occurrence of acts of violence against Women and Children;","The policy includes preventive community actions related to violence against women and children, including preventing acts of violence and conducting socialization of women’s and children’s rights, which functions as awareness/education activity connected to anti-violence prevention.",Reference only
KALIMANTAN SELATAN TANAH BUMBU,KALIMANTAN_SELATAN_TANAH_BUMBU.txt,1.1,Domestic violence,scope_of_violence,No,Yes,0.0,1.0,false_positive,b. to undertake prevention efforts against the occurrence of Violence against Women;,"The policy includes violence against women and establishes prevention efforts against such violence, which encompasses domestic violence as a form of violence against women.",Reference only
KALIMANTAN SELATAN TANAH BUMBU,KALIMANTAN_SELATAN_TANAH_BUMBU.txt,1.6,Harmful practices,scope_of_violence,No,Yes,0.0,1.0,false_positive,"1. Child Rights, Child Protection, prevention of child marriage, and Child rearing; and","The policy explicitly references prevention of child marriage within community awareness and education measures, which is a harmful practice affecting girls.",Reference only
KALIMANTAN SELATAN TANAH BUMBU,KALIMANTAN_SELATAN_TANAH_BUMBU.txt,2.3,Data collection systems,institutional_mechanism,No,Yes,0.0,1.0,false_positive,"1. prevention, supervision, complaints/reporting, and development of Child data information systems;
c. increase the institutional capacity of Women's Empowerment and Child Protection in the Region, including the development of gender and Child data systems; and","The policy references the development of child data information systems within child protection mechanisms and also states an aim to develop gender and child data systems as part of strengthening institutional capacity, which together indicate establishment/requirement of data systems relevant to protection and violence-related issues.",Reference only
KALIMANTAN SELATAN TANAH BUMBU,KALIMANTAN_SELATAN_TANAH_BUMBU.txt,2.5,Training and capacity building,institutional_mechanism,No,Yes,0.0,1.0,false_positive,"c. increasing the capacity of Child Protection services, which includes institutional capacity development and service provider personnel.","The policy includes increasing the capacity of child protection services, explicitly including institutional capacity development and service provider personnel, which constitutes capacity building for those implementing/providing services.",Reference only
KALIMANTAN SELATAN TANAH BUMBU,KALIMANTAN_SELATAN_TANAH_BUMBU.txt,4.3,VAW laws awareness,primary_prevention,Yes,No,1.0,0.0,false_negative,,"While the text includes prevention of violence against women and mentions dissemination/socialization of laws, the only explicit legal dissemination/socialization activity shown concerns laws related to protection of children exploited economically/sexually, not laws/policies on violence against women. No candidate sentence explicitly provides information/education about VAW laws/policies.",Reference only
KALIMANTAN SELATAN TANAH BUMBU,KALIMANTAN_SELATAN_TANAH_BUMBU.txt,5.4,Education institutions engagement,stakeholder_engagement,No,Yes,0.0,1.0,false_positive,2. education;,"The policy states that, in implementing women's empowerment, the regional apparatus shall involve governmental affairs in the field of education, indicating engagement of the education sector in implementation.",Reference only
KALIMANTAN SELATAN TANAH BUMBU,KALIMANTAN_SELATAN_TANAH_BUMBU.txt,5.6,Media engagement,stakeholder_engagement,No,Yes,0.0,1.0,false_positive,"The implementation of governmental affairs in the field of Women's Empowerment and Child Protection aims to increase efforts for the Protection of Women's rights, fulfillment of Children's Rights and Special Protection for Children and to increase the role of Regional Government and the business sector, media and the Community in efforts for Women's Empowerment and Child Protection.","The policy explicitly mentions increasing the role of the media (alongside government, business sector, and community) in efforts for women's empowerment and child protection, recognizing media as a stakeholder.",Reference only
KALIMANTAN SELATAN TANAH BUMBU,KALIMANTAN_SELATAN_TANAH_BUMBU.txt,6.9,Indigenous people/groups,intersectional_approach,No,Yes,0.0,1.0,false_positive,"(1) Special Protection for Children from isolated indigenous communities as referred to in Article 36 letter c shall be carried out through the provision of facilities and infrastructure so that they can enjoy their own culture, acknowledge and practice their own religious teachings, and use their own language.
c. Children from remote indigenous communities;","The policy includes special protection measures for children from isolated/remote indigenous communities, indicating that indigenous groups are explicitly covered within special protection provisions.",Reference only
KALIMANTAN SELATAN TANAH BUMBU,KALIMANTAN_SELATAN_TANAH_BUMBU.txt,6.10,Refugee/forced displacement,intersectional_approach,No,Yes,0.0,1.0,false_positive,"21. Child in emergency situations is a Child in situations and conditions that endanger themselves such as Children victims of riots, Children who are refugees, Children victims of natural disasters and Children in armed conflict.","The policy explicitly includes refugees within the definition of “Child in emergency situations,” indicating special protection coverage for refugee/displacement situations (at least for children).",Reference only
KALIMANTAN SELATAN TAPIN,KALIMANTAN_SELATAN_TAPIN.txt,1.5,Economic violence,scope_of_violence,Yes,No,1.0,0.0,false_negative,,"The provided sentences define gender-based violence in physical/sexual/psychological terms and discuss protection/empowerment generally, but they do not explicitly mention economic violence, economic exploitation, or domestic neglect as a form of violence.",Reference only
KALIMANTAN SELATAN TAPIN,KALIMANTAN_SELATAN_TAPIN.txt,2.5,Training and capacity building,institutional_mechanism,No,Yes,0.0,1.0,false_positive,"(4) The implementation as referred to in paragraph (3) shall be in the form of: policy analysis, coordination, advocacy, socialization, communication, information, and education (KIE), training, service facilitation, service provision, model development, and other forms.
c. strengthening institutional capacity for gender mainstreaming for the implementation of policies, programs, and activities for the protection of women;","The policy includes training as a form of implementation activity and also calls for strengthening institutional capacity for gender mainstreaming, which together constitute training/capacity-building provisions for implementation.",Reference only
KALIMANTAN SELATAN TAPIN,KALIMANTAN_SELATAN_TAPIN.txt,4.1,Information and education about VAW,primary_prevention,No,Yes,0.0,1.0,false_positive,"(1) The Regent implements policies, programs and activities for the protection of women, to eliminate all forms of discrimination and acts of violence against women in their region.
(4) The implementation as referred to in paragraph (3) shall be in the form of: policy analysis, coordination, advocacy, socialization, communication, information, and education (KIE), training, service facilitation, service provision, model development, and other forms.","The policy mandates implementation of policies/programs to eliminate violence against women and specifies that implementation can include socialization, communication, information, and education (KIE), which are awareness/education activities relevant to preventing VAW.",Reference only
KALIMANTAN SELATAN TAPIN,KALIMANTAN_SELATAN_TAPIN.txt,4.4,Prevention through education,primary_prevention,No,Yes,0.0,1.0,false_positive,"(1) The Regent implements policies, programs and activities for the protection of women, to eliminate all forms of discrimination and acts of violence against women in their region.
(4) The implementation as referred to in paragraph (3) shall be in the form of: policy analysis, coordination, advocacy, socialization, communication, information, and education (KIE), training, service facilitation, service provision, model development, and other forms.","The policy’s stated aim includes eliminating violence against women, and it explicitly lists education (KIE) among the forms of implementation, indicating education is used as a strategy within efforts to address/eliminate VAW.",Reference only
KALIMANTAN SELATAN TAPIN,KALIMANTAN_SELATAN_TAPIN.txt,5.8,Private sector engagement,stakeholder_engagement,Yes,No,1.0,0.0,false_negative,,"The candidate sentences do not identify businesses, employers, private companies, or the private sector as stakeholders or partners in prevention, protection, or service delivery.",Reference only
KALIMANTAN SELATAN TAPIN,KALIMANTAN_SELATAN_TAPIN.txt,7.2,National government budget,budget_funding_sources,No,Yes,0.0,1.0,false_positive,"(2) In the event that the region receives funding assistance for the implementation of policies, programs and activities for the protection of women from the Government, it shall be implemented in accordance with the provisions of laws and regulations.","The policy explicitly contemplates funding assistance coming from “the Government,” indicating national-level government budget support may be received for implementation.",Reference only
KALIMANTAN SELATAN TAPIN,KALIMANTAN_SELATAN_TAPIN.txt,7.3,International donors,budget_funding_sources,No,Yes,0.0,1.0,false_positive,"(1) In implementing policies, programs, and activities for the protection of women, Regional Governments may cooperate with International Institutions.","The policy explicitly allows regional governments to cooperate with international institutions in implementing women’s protection policies, which constitutes explicit international support/engagement (even if not framed as a specific donor budget line).",Reference only
KALIMANTAN TENGAH BARITO TIMUR,KALIMANTAN_TENGAH_BARITO_TIMUR.txt,4.4,Prevention through education,primary_prevention,No,Yes,0.0,1.0,false_positive,"a. socialization activities of laws and regulations related to the protection of Children and Women to the wider community in the region;
g. counseling/socialization in the form of raising awareness of the wider community down to the smallest community groups (families), especially parents to protect women and children.","The policy frames prevention as including socialization activities (including counseling/socialization to raise community awareness, especially parents) aimed at protecting women and children, indicating education/awareness-raising as an explicit prevention strategy.",Reference only
KALIMANTAN TENGAH BARITO TIMUR,KALIMANTAN_TENGAH_BARITO_TIMUR.txt,7.3,International donors,budget_funding_sources,No,Yes,0.0,1.0,false_positive,e. international institutions whose existence is recognized.,"The policy explicitly allows cooperation with “international institutions whose existence is recognized,” which constitutes an explicit form of international support/engagement relevant to women and children protection measures.",Reference only
KALIMANTAN TENGAH GUNUNG MAS,KALIMANTAN_TENGAH_GUNUNG_MAS.txt,1.5,Economic violence,scope_of_violence,Yes,No,1.0,0.0,false_negative,,"While the policy discusses economic responsibilities and empowerment and mentions children exploited economically, the provided sentences do not explicitly frame economic violence, economic exploitation, or domestic neglect as a form of violence against women.",Reference only
KALIMANTAN TENGAH GUNUNG MAS,KALIMANTAN_TENGAH_GUNUNG_MAS.txt,1.9,Sexual slavery/exploitation,scope_of_violence,No,Yes,0.0,1.0,false_positive,d. children who are exploited economically and/or sexually;,"The policy explicitly includes children who are exploited sexually under special protection, which covers sexual exploitation.",Reference only
KALIMANTAN TENGAH GUNUNG MAS,KALIMANTAN_TENGAH_GUNUNG_MAS.txt,4.2,Gender equality education,primary_prevention,No,Yes,0.0,1.0,false_positive,"a. providing communication and information through socialization and education regarding the rights of Women and Children;
Point c What is meant by the responsibility for the protection of the rights of Women in the field of Politics is that the Regional Government is responsible for facilitating the enhancement of Women's knowledge in the field of politics through socialization to increase awareness of Women's rights and Women's participation in the field of politics, encouraging increased involvement of Women in community organizations and decision-making activities within the Regional Government, encouraging the establishment of Women's organizations/forums.","The policy includes socialization and education regarding the rights of women and children, and it also specifies socialization to increase awareness of women’s rights and participation, which are primary prevention educational activities related to women’s rights.",Reference only
KALIMANTAN TENGAH GUNUNG MAS,KALIMANTAN_TENGAH_GUNUNG_MAS.txt,4.4,Prevention through education,primary_prevention,No,Yes,0.0,1.0,false_positive,b. conducting education on anti-Violence values against Women and Children; and,"The policy explicitly lists education on anti-violence values against women and children as a form of prevention, making education an explicit strategy to prevent violence.",Reference only
KALIMANTAN TENGAH GUNUNG MAS,KALIMANTAN_TENGAH_GUNUNG_MAS.txt,5.6,Media engagement,stakeholder_engagement,No,Yes,0.0,1.0,false_positive,"Letter c What is meant by ""socialization"" is the dissemination of information on laws and regulations carried out through mass media, electronic media, and/or direct outreach to the Community.","The policy explicitly references dissemination of information through mass media and electronic media as part of socialization, indicating recognition/engagement of media channels in prevention-related outreach.",Reference only
KALIMANTAN TENGAH GUNUNG MAS,KALIMANTAN_TENGAH_GUNUNG_MAS.txt,6.10,Refugee/forced displacement,intersectional_approach,No,Yes,0.0,1.0,false_positive,"Letter e What is meant by ""special protection"" is: children who need special protection are children in emergency situations such as children who become refugees, victims of riots, victims of natural disasters and children in situations of armed conflict; children in conflict with the law; children from minority and isolated groups; children who are exploited economically and/or sexually; children who are trafficked; children who become victims of narcotics, alcohol, psychotropic, and other addictive substance abuse; children who become victims of pornography; children with HIV/AIDS; children victims of kidnapping, and trafficking; children victims of Violence both physical and/or mental and sexual; children victims of terrorist networks; children with disabilities; children victims of maltreatment and neglect; children with deviant social behavior; children who become victims of stigmatization from labeling related to their parents' condition.","The policy’s explanation of “special protection” explicitly includes children in emergency situations such as children who become refugees, indicating special protection measures for refugees/forced displacement (at least for children).",Reference only
KALIMANTAN TENGAH KATINGAN,KALIMANTAN_TENGAH_KATINGAN.txt,2.1,Institutional network,institutional_mechanism,No,Yes,0.0,1.0,false_positive,"(1) The established UPTD PPA can accommodate institutions/work units that provide services for victims of violence such as safe houses, social protection houses for Children, trauma center protection houses, women's social protection houses, shelters and other service activities in accordance with applicable Laws and Regulations.
(3) The responsibility of the Regional Government in efforts to protect women and children as referred to in Article 7 paragraph (1) shall be implemented by Regional Apparatus in accordance with their duties and functions.","The policy establishes UPTD PPA as an institutional unit for integrated services that can accommodate other service institutions/work units, indicating a coordination mechanism/network. It also assigns implementation responsibility to Regional Apparatus according to their duties and functions, supporting coordinated implementation.",Reference only
KALIMANTAN TENGAH KATINGAN,KALIMANTAN_TENGAH_KATINGAN.txt,2.2,Collaboration with NGOs,institutional_mechanism,No,Yes,0.0,1.0,false_positive,"h. cooperating with the community and/or community organizations in the implementation of protection of women in accordance with laws and regulations;
(2) Community participation as referred to in paragraph (1) shall be carried out by individuals, family partners, social community institutions, non-governmental organizations, educational institutions, religious institutions, private sector, and mass media.
(3) For the implementation of services as referred to in paragraph (2), the Regional Government may utilize social protection houses and/or Safe Houses owned by the community or other social service institutions.","The policy explicitly requires/permits cooperation with the community and/or community organizations, and explicitly includes non-governmental organizations among participating actors. It also allows the government to utilize safe houses/social protection houses owned by the community or other social service institutions, reflecting collaboration with non-government providers.",Reference only
KALIMANTAN TENGAH KATINGAN,KALIMANTAN_TENGAH_KATINGAN.txt,2.3,Data collection systems,institutional_mechanism,No,Yes,0.0,1.0,false_positive,"(1) The Regent is responsible for preparing reports on the implementation of SPM through UPTD PPA, submitted to the Governor with copies submitted to the State Minister for Women's Empowerment and Child Protection and the Minister of Home Affairs.
(2) Reporting on implementation as referred to in paragraph (1) shall be conducted annually.","The policy assigns responsibility to the Regent to prepare reports on implementation of SPM through UPTD PPA and specifies that reporting is conducted annually, implying an institutionalized reporting/data compilation function related to service implementation.",Reference only
KALIMANTAN TENGAH KATINGAN,KALIMANTAN_TENGAH_KATINGAN.txt,4.1,Information and education about VAW,primary_prevention,No,Yes,0.0,1.0,false_positive,c. conduct socialization of Women's and Children's rights independently;,"The policy includes a community participation measure to conduct socialization of women’s and children’s rights, which functions as an information/awareness activity connected to preventing violence against women and children.",Reference only
KALIMANTAN TENGAH KATINGAN,KALIMANTAN_TENGAH_KATINGAN.txt,4.2,Gender equality education,primary_prevention,No,Yes,0.0,1.0,false_positive,c. conduct socialization of Women's and Children's rights independently;,"The policy explicitly mentions community-led socialization of women’s and children’s rights, which constitutes an educational/awareness-raising activity about women’s rights (a core component of gender equality prevention work).",Reference only
KALIMANTAN TENGAH KATINGAN,KALIMANTAN_TENGAH_KATINGAN.txt,6.9,Indigenous people/groups,intersectional_approach,No,Yes,0.0,1.0,false_positive,a. establish family partners at the kelurahan and village levels coordinating with Damang or Mantir Adat and Community Leaders;,"The community participation provision explicitly references coordination with customary leaders (Damang or Mantir Adat), indicating the policy’s implementation includes engagement with customary/Indigenous structures.",Reference only
KALIMANTAN TENGAH KOTAWARINGIN TIMUR,KALIMANTAN_TENGAH_KOTAWARINGIN_TIMUR.txt,3.2,Police specialised service unit,specialised_support_services,No,Yes,0.0,1.0,false_positive,"This service unit can be located at the Integrated Service Center (PPT) and Integrated Crisis Center (PKT) based in Hospitals, Community Health Centers, Integrated Service Center for Women and Child Empowerment (P2TP2A), Women and Children Service Unit (UPPA), Trauma Center Shelter (RPTC), Children's Social Shelter (RPSA), BP4, and other religious institutions, the public prosecutor's office, courts, Women Crisis Center (WCC), and other similar institutions.","The policy identifies a Women and Children Service Unit (UPPA) as a possible location for the integrated service unit, implying a specialised unit within police-related structures for handling women victims of violence.",Reference only
KALIMANTAN TENGAH KOTAWARINGIN TIMUR,KALIMANTAN_TENGAH_KOTAWARINGIN_TIMUR.txt,4.1,Information and education about VAW,primary_prevention,No,Yes,0.0,1.0,false_positive,"(1) Efforts to prevent violence against women and children shall be carried out in an integrated manner by the Regional Government coordinated by the agency having the principal tasks and functions of coordination in the field of women's empowerment and child protection.
d. Conducting socialization regarding laws and regulations related to the protection of women and children victims of violence; and
e. Providing critical education on the rights of women and children for the community.","The policy describes integrated prevention of violence against women and children and explicitly includes preventive communication/education measures, including socialization about relevant laws/regulations and critical education on the rights of women and children for the community.",Reference only
KALIMANTAN TENGAH KOTAWARINGIN TIMUR,KALIMANTAN_TENGAH_KOTAWARINGIN_TIMUR.txt,4.4,Prevention through education,primary_prevention,No,Yes,0.0,1.0,false_positive,"(1) Efforts to prevent violence against women and children shall be carried out in an integrated manner by the Regional Government coordinated by the agency having the principal tasks and functions of coordination in the field of women's empowerment and child protection.
e. Providing critical education on the rights of women and children for the community.","The policy explicitly frames prevention of violence against women and children as including educational measures, specifically providing critical education on rights as part of the prevention strategy.",Reference only
KALIMANTAN TENGAH LAMANDAU,KALIMANTAN_TENGAH_LAMANDAU.txt,2.4,Gender mainstreaming institutionalisation,institutional_mechanism,Yes,No,1.0,0.0,false_negative,,"While the policy references principles such as justice and gender equality, none of the provided sentences establish or require gender mainstreaming as an institutional mechanism for implementing women’s protection/VAW policies and programs.",Reference only
KALIMANTAN TENGAH LAMANDAU,KALIMANTAN_TENGAH_LAMANDAU.txt,4.1,Information and education about VAW,primary_prevention,No,Yes,0.0,1.0,false_positive,"c. Communication, information and education.
(2) The Integrated Service Center for Women and Children Empowerment (P2TP2A) can also serve as a place to conduct training for cadres who have great commitment and concern for women's and children's issues in all fields (health, education, economy, politics, law as well as protection of women and children from acts of violence and human trafficking) so that they can then work together and participate in providing services to the community in a forum for improving the quality of life and protection for women and children.","The policy includes communication, information and education as an implementable program under P2TP2A, and links training/activities to protection of women and children from acts of violence and human trafficking, indicating preventive information/education related to violence against women/children.",Reference only
KALIMANTAN TENGAH LAMANDAU,KALIMANTAN_TENGAH_LAMANDAU.txt,4.3,VAW laws awareness,primary_prevention,No,Yes,0.0,1.0,false_positive,"a. Provide legal consultation that includes information regarding the rights of victims and the judicial process;
b. Provide information regarding the rights of victims to obtain protection from the police and the issuance of protection orders from the court;","The policy includes activities that provide information about victims’ rights and legal processes (including protection orders), which constitutes providing information/education about relevant legal protections and procedures related to domestic violence against women/children.",Reference only
KALIMANTAN TENGAH LAMANDAU,KALIMANTAN_TENGAH_LAMANDAU.txt,4.4,Prevention through education,primary_prevention,Yes,No,1.0,0.0,false_negative,,"Although education and training are mentioned as services and general child education obligations are described, the candidate sentences do not explicitly frame education as a strategy to prevent violence against women or children (i.e., education is not directly tied to prevention of violence in the provided text).",Reference only
KALIMANTAN TENGAH LAMANDAU,KALIMANTAN_TENGAH_LAMANDAU.txt,5.4,Education institutions engagement,stakeholder_engagement,No,Yes,0.0,1.0,false_positive,"(2) The membership of P2TP2A as referred to in (1), consists of:
c. academic elements.","The policy specifies that P2TP2A membership includes ""academic elements,"" indicating engagement of the education sector (academics/universities) in institutional arrangements for protection services.",Reference only
KALIMANTAN TENGAH LAMANDAU,KALIMANTAN_TENGAH_LAMANDAU.txt,6.5,People with disability,intersectional_approach,No,Yes,0.0,1.0,false_positive,"The Government and other state institutions are obligated and responsible to provide special protection to children in emergency situations, children in conflict with the law, children from minority and isolated groups, children exploited economically and/or sexually, children who are trafficked, children who are victims of narcotics abuse, alcohol, psychotropic substances, and other addictive substances (napza), children who are victims of kidnapping, sale and trafficking, children who are victims of violence both physical and/or mental, children with disabilities, and children who are victims of maltreatment and neglect.","The policy includes special protection for children with disabilities, which constitutes a disability-targeted special protection measure (though it is child-focused rather than specifically women with disabilities).",Reference only
KALIMANTAN TENGAH PALANGKA RAYA KOTA,KALIMANTAN_TENGAH_PALANGKA_RAYA_KOTA.txt,1.5,Economic violence,scope_of_violence,Yes,No,1.0,0.0,false_negative,,"While the policy defines violence to include neglect and mentions economic empowerment and economic/sexual exploitation of children, the provided sentences do not explicitly or implicitly frame economic violence/economic exploitation/domestic neglect as a form of violence against women.",Reference only
KALIMANTAN TENGAH PALANGKA RAYA KOTA,KALIMANTAN_TENGAH_PALANGKA_RAYA_KOTA.txt,1.9,Sexual slavery/exploitation,scope_of_violence,No,Yes,0.0,1.0,false_positive,d. children who are exploited economically and/or sexually;,"The policy explicitly includes children who are exploited sexually as a category for special protection, which covers sexual exploitation.",Reference only
KALIMANTAN TENGAH PALANGKA RAYA KOTA,KALIMANTAN_TENGAH_PALANGKA_RAYA_KOTA.txt,4.2,Gender equality education,primary_prevention,No,Yes,0.0,1.0,false_positive,a. providing communication and information through socialization and education regarding the rights of Women and Children;,"The policy includes community-led socialization and education regarding the rights of women (and children), which is an educational/awareness-raising primary prevention activity about women’s rights.",Reference only
KALIMANTAN TENGAH PALANGKA RAYA KOTA,KALIMANTAN_TENGAH_PALANGKA_RAYA_KOTA.txt,4.4,Prevention through education,primary_prevention,No,Yes,0.0,1.0,false_positive,"(1) The Regional Government has the obligation and responsibility to implement efforts to prevent the occurrence of violence against Women and Children as referred to in Article 17 paragraph (3) letter e and paragraph (4) letter i conducted in the form of:
b. conducting education on anti-violence values against Women and Children; and","The policy explicitly frames education on anti-violence values as a form of effort to prevent the occurrence of violence against women and children, making education an explicit prevention strategy.",Reference only
KALIMANTAN TENGAH PALANGKA RAYA KOTA,KALIMANTAN_TENGAH_PALANGKA_RAYA_KOTA.txt,6.5,People with disability,intersectional_approach,No,Yes,0.0,1.0,false_positive,l. children with disabilities;,"The policy explicitly provides for ""special protection"" for ""children with disabilities,"" which constitutes a disability-targeted special protection measure within the policy text provided.",Reference only
KALIMANTAN TENGAH PULANG PISAU,KALIMANTAN_TENGAH_PULANG_PISAU.txt,4.2,Gender equality education,primary_prevention,No,Yes,0.0,1.0,false_positive,"c. ensuring gender equality and children's rights are respected, without discrimination based on gender or age;
d. being responsible for raising awareness among customary communities regarding the rights of women and children, including awareness of the importance of protection and respect for their rights;
e. organizing outreach programs and training for members of customary communities, especially customary leaders, concerning the rights of women and children as well as effective protection methods;","The policy includes awareness-raising and training/outreach activities focused on women’s rights and gender equality, including ensuring gender equality is respected and raising awareness and training customary communities on the rights of women and children.",Reference only
KALIMANTAN TENGAH PULANG PISAU,KALIMANTAN_TENGAH_PULANG_PISAU.txt,6.3,Women workers,intersectional_approach,No,Yes,0.0,1.0,false_positive,c. providing a safe house for female workers at the workplace;,"The policy includes a specific measure related to women workers by requiring business entities to provide a safe house for female workers at the workplace, which is a targeted protection measure for women employees.",Reference only
KALIMANTAN TENGAH PULANG PISAU,KALIMANTAN_TENGAH_PULANG_PISAU.txt,6.9,Indigenous people/groups,intersectional_approach,No,Yes,0.0,1.0,false_positive,"(1) The obligations and responsibilities of Customary Institutions in implementing protection for women and children as referred to in Article 6 letter e, include:
d. being responsible for raising awareness among customary communities regarding the rights of women and children, including awareness of the importance of protection and respect for their rights;","The policy assigns specific obligations and responsibilities to Customary Institutions and refers to customary communities, indicating that customary/Indigenous community structures are explicitly included in implementation and protection efforts.",Reference only
KALIMANTAN TENGAH SUKAMARA,KALIMANTAN_TENGAH_SUKAMARA.txt,1.9,Sexual slavery/exploitation,scope_of_violence,No,Yes,0.0,1.0,false_positive,"b. all work that exploits, provides or offers children for prostitution, pornography production, pornographic performances, or gambling;","The policy explicitly prohibits worst forms of child labor including exploitation of children for prostitution and pornography, which constitutes sexual exploitation.",Reference only
KALIMANTAN TENGAH SUKAMARA,KALIMANTAN_TENGAH_SUKAMARA.txt,4.2,Gender equality education,primary_prevention,No,Yes,0.0,1.0,false_positive,"c. conducting counseling on improving gender equality in family and community life;
c. implementing training, socialization, advocacy of gender mainstreaming to all officials and staff within the PD environment;","The policy includes counseling on improving gender equality and mandates training/socialization/advocacy on gender mainstreaming for officials and staff, which are educational/awareness-raising activities related to gender equality.",Reference only
KALIMANTAN TENGAH SUKAMARA,KALIMANTAN_TENGAH_SUKAMARA.txt,4.4,Prevention through education,primary_prevention,No,Yes,0.0,1.0,false_positive,"b. conduct socialization seminars and counseling regarding child protection and rights;
b. providing training for religious leaders, community leaders, customary leaders, educators, journalists and media managers in order to prevent violence against women and children;",The policy explicitly links educational activities (socialization seminars/counseling and training for key community actors) to preventing violence against children and preventing violence against women and children.,Reference only
KALIMANTAN TENGAH SUKAMARA,KALIMANTAN_TENGAH_SUKAMARA.txt,5.4,Education institutions engagement,stakeholder_engagement,No,Yes,0.0,1.0,false_positive,"(3) In the event that a child victim of violence experiences dropping out of school, the organizer of the educational unit is obligated to coordinate with related agencies.
c. develop child-friendly school models;","The policy assigns obligations to educational unit organizers to coordinate with relevant agencies when a child victim drops out and includes development of child-friendly school models, demonstrating engagement of the education sector in protection/prevention implementation.",Reference only
KALIMANTAN TENGAH SUKAMARA,KALIMANTAN_TENGAH_SUKAMARA.txt,6.4,Elderly women,intersectional_approach,Yes,No,1.0,0.0,false_negative,,"None of the cited sentences mention elderly women or provide measures specifically targeted to older/elderly women; the provisions are general to women or to other groups (e.g., workers, victims of violence).",Reference only
KALIMANTAN TIMUR BONTANG KOTA,KALIMANTAN_TIMUR_BONTANG_KOTA.txt,1.9,Sexual slavery/exploitation,scope_of_violence,Yes,No,1.0,0.0,false_negative,,"While the policy includes sexual violence and mentions coercion of sexual relations for commercial purposes, the provided sentences do not explicitly address sexual exploitation or sexual slavery as such.",Reference only
KALIMANTAN TIMUR BONTANG KOTA,KALIMANTAN_TIMUR_BONTANG_KOTA.txt,5.2,Religious engagement,stakeholder_engagement,Yes,No,1.0,0.0,false_negative,,"While the policy mentions 'spiritual guidance' and 'spiritual services' as part of assistance/medical services, none of the candidate sentences explicitly include or assign roles to religious organizations, religious leaders, clergy, or other faith-based actors in delivery, coordination, or implementation.",Reference only
KALIMANTAN TIMUR BONTANG KOTA,KALIMANTAN_TIMUR_BONTANG_KOTA.txt,5.3,Traditional/cultural engagement,stakeholder_engagement,Yes,No,1.0,0.0,false_negative,,"The candidate sentences do not explicitly reference traditional/customary/cultural leaders or customary institutions/mechanisms as stakeholders in prevention, services, coordination, or dispute resolution. References to 'customary relations' describe scope of household violence, not engagement of customary actors.",Reference only
KALIMANTAN TIMUR BONTANG KOTA,KALIMANTAN_TIMUR_BONTANG_KOTA.txt,6.1,Women in conflict/disaster areas,intersectional_approach,Yes,No,1.0,0.0,false_negative,,"The text mentions that violence can occur in “conflict areas,” but it does not specify any special protection measures for women in conflict, disaster, emergency, or displacement situations beyond the general victim protection framework.",Reference only
KALIMANTAN TIMUR BONTANG KOTA,KALIMANTAN_TIMUR_BONTANG_KOTA.txt,6.3,Women workers,intersectional_approach,Yes,No,1.0,0.0,false_negative,,"The policy references workplace-related violence/discrimination and includes economic empowerment/employment opportunities for women victims, but it does not explicitly identify women workers/employees as a specific target group for protection or special measures as workers.",Reference only
KALIMANTAN TIMUR KUTAI BARAT,KALIMANTAN_TIMUR_KUTAI_BARAT.txt,1.8,Human trafficking,scope_of_violence,No,Yes,0.0,1.0,false_positive,"h. Children who are victims of kidnapping, sale, and/or trafficking;","The policy explicitly includes trafficking by listing children who are victims of kidnapping, sale, and/or trafficking as eligible for special protection.",Reference only
KALIMANTAN TIMUR KUTAI BARAT,KALIMANTAN_TIMUR_KUTAI_BARAT.txt,4.4,Prevention through education,primary_prevention,No,Yes,0.0,1.0,false_positive,"b. conducting education on anti-violence values Against Women and Children; and
c. providing education on the dangers of domestic violence;","Education is explicitly listed as a prevention measure, including education on anti-violence values against women and children and education on the dangers of domestic violence as part of prevention efforts.",Reference only
KALIMANTAN TIMUR KUTAI TIMUR,KALIMANTAN_TIMUR_KUTAI_TIMUR.txt,1.3,Physical violence,scope_of_violence,No,Yes,0.0,1.0,false_positive,"c. to physical, psychological and sexual health recovery in accordance with the suffering experienced by the Woman Victim of Violence;","The policy includes physical harm within its scope by explicitly referring to 'physical ... health recovery' for women victims of violence, indicating physical impacts of violence are addressed.",Reference only
KALIMANTAN TIMUR KUTAI TIMUR,KALIMANTAN_TIMUR_KUTAI_TIMUR.txt,1.4,Psychological violence,scope_of_violence,No,Yes,0.0,1.0,false_positive,"c. to physical, psychological and sexual health recovery in accordance with the suffering experienced by the Woman Victim of Violence;",The policy explicitly addresses psychological impacts of violence by including 'psychological ... health recovery' as a right of women victims of violence.,Reference only
KALIMANTAN TIMUR KUTAI TIMUR,KALIMANTAN_TIMUR_KUTAI_TIMUR.txt,2.3,Data collection systems,institutional_mechanism,No,Yes,0.0,1.0,false_positive,"Article 22 (1) The Regent is responsible for preparing a report on the implementation of SPM in the field of integrated services for women and submitting it to the Governor with a copy submitted to the Minister who administers governmental affairs in the field of women's empowerment and child protection and the Minister who administers domestic governmental affairs.
(2) Reporting on implementation as referred to in paragraph (1) shall be conducted annually.","The policy assigns responsibility to the Regent to prepare and submit an annual report on implementation of minimum service standards for integrated services, which constitutes a formal reporting system tied to implementation and service delivery.",Reference only
KALIMANTAN TIMUR KUTAI TIMUR,KALIMANTAN_TIMUR_KUTAI_TIMUR.txt,3.10,Economic support,specialised_support_services,No,Yes,0.0,1.0,false_positive,"d. open skills courses for women to support the economic needs of the family;
e. create employment opportunities for women;","The policy includes opening skills courses for women to support economic needs and creating employment opportunities for women, which are forms of economic empowerment/support relevant to promoting economic security and independence.",Reference only
KALIMANTAN TIMUR PASER,KALIMANTAN_TIMUR_PASER.txt,4.4,Prevention through education,primary_prevention,No,Yes,0.0,1.0,false_positive,b. conducting education on anti-violence values toward women;,"Education is explicitly listed as part of prevention, specifically education on anti-violence values toward women, indicating education is an explicit strategy to prevent violence against women.",Reference only
KALIMANTAN TIMUR PENAJAM PASER UTARA,KALIMANTAN_TIMUR_PENAJAM_PASER_UTARA.txt,1.5,Economic violence,scope_of_violence,Yes,No,1.0,0.0,false_negative,,"The candidate sentences do not define or mention economic violence, economic exploitation, or domestic neglect as a form of violence; references to “economy and employment” appear only as a prevention field, not as a violence type.",Reference only
KALIMANTAN TIMUR PENAJAM PASER UTARA,KALIMANTAN_TIMUR_PENAJAM_PASER_UTARA.txt,4.1,Information and education about VAW,primary_prevention,No,Yes,0.0,1.0,false_positive,"(1) The Local Government is obligated to organize the Prevention of Violence against Women in a swift, coordinated and integrated manner.
(2) The organization of Prevention of acts of Violence against Women as referred to in paragraph (1) shall be carried out through the fields of:
a. Education;","The policy obligates the local government to organize prevention of violence against women and explicitly lists “Education” as one of the fields through which prevention is carried out, indicating an education/information approach as a preventive measure.",Reference only
KALIMANTAN TIMUR PENAJAM PASER UTARA,KALIMANTAN_TIMUR_PENAJAM_PASER_UTARA.txt,4.2,Gender equality education,primary_prevention,No,Yes,0.0,1.0,false_positive,c. conduct socialization of Women's rights independently;,"The policy explicitly mentions community participation may include conducting socialization of women’s rights, which is an awareness/education activity about women’s rights (a core component of gender equality education).",Reference only
KALIMANTAN TIMUR PENAJAM PASER UTARA,KALIMANTAN_TIMUR_PENAJAM_PASER_UTARA.txt,4.4,Prevention through education,primary_prevention,No,Yes,0.0,1.0,false_positive,"(1) The Local Government is obligated to organize the Prevention of Violence against Women in a swift, coordinated and integrated manner.
(2) The organization of Prevention of acts of Violence against Women as referred to in paragraph (1) shall be carried out through the fields of:
a. Education;","The policy frames prevention of violence against women as an obligation and explicitly includes “Education” as a field/strategy through which prevention is implemented, indicating education is an explicit prevention strategy.",Reference only
KALIMANTAN UTARA NUNUKAN,KALIMANTAN_UTARA_NUNUKAN.txt,4.1,Information and education about VAW,primary_prevention,No,Yes,0.0,1.0,false_positive,"e. conducting socialization regarding laws and regulations related to the protection of women and children victims of violence; and
f. providing critical education regarding the rights of women and children for the community.",The policy explicitly includes preventive activities involving socialization about relevant laws/regulations and critical education on women’s and children’s rights as part of efforts to prevent violence against women and children.,Reference only
KALIMANTAN UTARA NUNUKAN,KALIMANTAN_UTARA_NUNUKAN.txt,4.4,Prevention through education,primary_prevention,No,Yes,0.0,1.0,false_positive,f. providing critical education regarding the rights of women and children for the community.,"Education is explicitly included as part of the listed prevention efforts for violence against women and children, through the provision of critical education regarding the rights of women and children for the community.",Reference only
KALIMANTAN UTARA NUNUKAN,KALIMANTAN_UTARA_NUNUKAN.txt,6.11,Domestic workers,intersectional_approach,No,Yes,0.0,1.0,false_positive,(2) Child Workers in the informal sector as referred to in paragraph (1) include: a domestic workers;,"The policy explicitly includes domestic workers within the category of child workers in the informal sector, for whom the regional government is obligated to protect rights, indicating targeted measures for domestic workers (in this context, child domestic workers).",Reference only
KEPULAUAN BANGKA BELITUNG BANGKA,KEPULAUAN_BANGKA_BELITUNG_BANGKA.txt,1.2,Sexual violence,scope_of_violence,Yes,No,1.0,0.0,false_negative,,"The provided sentences refer generally to “acts of violence,” “women victims of violence,” and related services, but do not explicitly mention sexual violence or clearly define violence to include sexual violence.",Reference only
KEPULAUAN BANGKA BELITUNG BANGKA,KEPULAUAN_BANGKA_BELITUNG_BANGKA.txt,1.3,Physical violence,scope_of_violence,Yes,No,1.0,0.0,false_negative,,"The candidate sentences define women victims of violence in general terms and describe protection measures, but do not explicitly mention physical violence or specify physical harm as a distinct form of violence.",Reference only
KEPULAUAN BANGKA BELITUNG BANGKA,KEPULAUAN_BANGKA_BELITUNG_BANGKA.txt,1.4,Psychological violence,scope_of_violence,Yes,No,1.0,0.0,false_negative,,"Although the text mentions trauma recovery and psychological services for elderly women, it does not explicitly identify psychological violence as a form of violence addressed by the policy.",Reference only
KEPULAUAN BANGKA BELITUNG BANGKA,KEPULAUAN_BANGKA_BELITUNG_BANGKA.txt,1.9,Sexual slavery/exploitation,scope_of_violence,Yes,No,1.0,0.0,false_negative,,"While the policy references commercial sex workers and human trafficking prevention, it does not explicitly mention sexual exploitation or sexual slavery as such.",Reference only
KEPULAUAN BANGKA BELITUNG BANGKA,KEPULAUAN_BANGKA_BELITUNG_BANGKA.txt,3.3,Reporting/hotline service,specialised_support_services,Yes,No,1.0,0.0,false_negative,,"The candidate sentences list types of protection and services (legal assistance, post-violence assistance, rehabilitation, trauma/health services) but do not specify any mechanism for receiving reports/complaints (e.g., hotline, complaint desk, reporting channel).",Reference only
KEPULAUAN BANGKA BELITUNG BANGKA,KEPULAUAN_BANGKA_BELITUNG_BANGKA.txt,4.2,Gender equality education,primary_prevention,No,Yes,0.0,1.0,false_positive,"a. providing socialization to the community and business sector regarding policies on women's empowerment and protection;
b. providing books, leaflets, brochures regarding women's empowerment and protection, and other related issues as well as disseminating them to the community;","The policy provides for socialization to the community and dissemination of informational materials regarding women’s empowerment and protection, which is directly tied to women’s rights and achieving gender equality, meeting the criterion for primary prevention education/awareness activities on gender equality/women’s rights.",Reference only
KEPULAUAN BANGKA BELITUNG BANGKA,KEPULAUAN_BANGKA_BELITUNG_BANGKA.txt,4.3,VAW laws awareness,primary_prevention,Yes,No,1.0,0.0,false_negative,,"While the policy mentions increasing legal awareness through communication/information/education and includes socialization about women’s empowerment and protection policies, the provided sentences do not explicitly indicate education or information activities specifically about VAW laws and policies (i.e., legal frameworks addressing violence against women).",Reference only
KEPULAUAN BANGKA BELITUNG BANGKA,KEPULAUAN_BANGKA_BELITUNG_BANGKA.txt,7.3,International donors,budget_funding_sources,No,Yes,0.0,1.0,false_positive,"f. coordinating the participation of the business sector and other institutions, including international assistance for women's empowerment and protection; and","The policy explicitly mentions coordinating participation of other institutions including international assistance for women's empowerment and protection, indicating international support is contemplated.",Reference only
KEPULAUAN BANGKA BELITUNG BANGKA BARAT,KEPULAUAN_BANGKA_BELITUNG_BANGKA_BARAT_v2.txt,1.8,Human trafficking,scope_of_violence,No,Yes,0.0,1.0,false_positive,"11. Law Number 21 Year 2007 concerning Eradication of the Criminal Act of Trafficking in Persons (State Gazette of the Republic of Indonesia Year 2007 Number 58, Supplement to the State Gazette of the Republic of Indonesia Number 4720);","The policy explicitly references the law on eradication of trafficking in persons, indicating trafficking is included within the policy’s referenced scope/framework.",Reference only
KEPULAUAN BANGKA BELITUNG BANGKA BARAT,KEPULAUAN_BANGKA_BELITUNG_BANGKA_BARAT_v2.txt,1.9,Sexual slavery/exploitation,scope_of_violence,Yes,No,1.0,0.0,false_negative,,"The candidate sentences define sexual violence and mention forced intercourse for commercial purposes, but they do not explicitly include or define sexual exploitation or sexual slavery as such.",Reference only
KEPULAUAN BANGKA BELITUNG BANGKA BARAT,KEPULAUAN_BANGKA_BELITUNG_BANGKA_BARAT_v2.txt,2.1,Institutional network,institutional_mechanism,No,Yes,0.0,1.0,false_positive,"(1) The Regional Government establishes an Integrated Service Center (PPT) as the Implementing Institution for the Prevention and Protection of Women and Child Victims of Violence.
(2) The PPT as referred to in paragraph (1) consists of elements of:
a. health;
b. law enforcement;
c. social affairs and empowerment;
d. education and religious affairs;
e. Non-Governmental Organizations; and
f. private sector.","The policy establishes an Integrated Service Center (PPT) as an implementing institution for prevention and protection, and specifies that it consists of multiple sectoral elements (health, law enforcement, social affairs/empowerment, education/religious affairs, NGOs, and private sector), which constitutes an institutional coordination mechanism/network.",Reference only
KEPULAUAN BANGKA BELITUNG BANGKA BARAT,KEPULAUAN_BANGKA_BELITUNG_BANGKA_BARAT_v2.txt,2.5,Training and capacity building,institutional_mechanism,No,Yes,0.0,1.0,false_positive,"(1) Social community organizations that participate in the implementation of protection for victims as referred to in Article 6 paragraph (2), shall be given guidance by the Regional Government.
(2) Guidance as referred to in paragraph (1) may take the form of social guidance, skills guidance and operational technical guidance.","The policy provides for guidance to participating social/community organizations by the Regional Government, including skills guidance and operational technical guidance, which constitutes capacity building/training support for actors involved in implementation.",Reference only
KEPULAUAN BANGKA BELITUNG BANGKA BARAT,KEPULAUAN_BANGKA_BELITUNG_BANGKA_BARAT_v2.txt,3.3,Reporting/hotline service,specialised_support_services,No,Yes,0.0,1.0,false_positive,b. submitting reports to the authorities if acts of violence against Women and Children occur; and,"The policy explicitly mentions submitting reports to the authorities when violence against women and children occurs, indicating a mechanism for receiving reports/complaints (even if not a dedicated hotline).",Reference only
KEPULAUAN BANGKA BELITUNG BANGKA BARAT,KEPULAUAN_BANGKA_BELITUNG_BANGKA_BARAT_v2.txt,4.4,Prevention through education,primary_prevention,No,Yes,0.0,1.0,false_positive,c. providing education on anti-violence values against children and women; and,Education is explicitly listed as part of the regional government’s prevention efforts through providing education on anti-violence values against women and children.,Reference only
KEPULAUAN BANGKA BELITUNG BANGKA SELATAN,KEPULAUAN_BANGKA_BELITUNG_BANGKA_SELATAN.txt,1.8,Human trafficking,scope_of_violence,No,Yes,0.0,1.0,false_positive,"9. Law Number 21 of 2007 regarding the Eradication of the Criminal Act of Trafficking in Persons (State Gazette of the Republic of Indonesia of 2007 Number 58, Supplement to the State Gazette of the Republic of Indonesia Number 4720);","The policy explicitly references a law on the eradication of trafficking in persons, indicating trafficking is included in the policy’s legal framework/context.",Reference only
KEPULAUAN BANGKA BELITUNG BANGKA SELATAN,KEPULAUAN_BANGKA_BELITUNG_BANGKA_SELATAN.txt,2.5,Training and capacity building,institutional_mechanism,No,Yes,0.0,1.0,false_positive,"(1) Social community organizations that participate in the implementation of protection for victims as referred to in Article 11 paragraph (2), shall be given guidance by the Regional Government.
(2) The guidance as referred to in paragraph (1) may be in the form of social guidance, skills guidance and operational technical guidance.
(3) The guidance as referred to in paragraph (2) shall be carried out by the Institution for the Protection of Women and Children established by the Regional Government.","The policy requires that participating social community organizations be given guidance by the Regional Government, including social guidance, skills guidance, and operational technical guidance, to be carried out by the designated protection institution—constituting capacity building/technical guidance.",Reference only
KEPULAUAN BANGKA BELITUNG BANGKA SELATAN,KEPULAUAN_BANGKA_BELITUNG_BANGKA_SELATAN.txt,5.2,Religious engagement,stakeholder_engagement,Yes,No,1.0,0.0,false_negative,,"While the policy references an element of 'education and religious affairs' and notes that implementation must consider religious norms, it does not explicitly include religious organizations/leaders/clergy/faith-based actors as stakeholders or implementers of services, prevention, or coordination.",Reference only
KEPULAUAN BANGKA BELITUNG BANGKA SELATAN,KEPULAUAN_BANGKA_BELITUNG_BANGKA_SELATAN_v2.txt,1.5,Economic violence,scope_of_violence,No,Yes,0.0,1.0,false_positive,"(1) The implementation of protection for female workers/laborers is to provide protection from acts of economic exploitation and cruel, inhumane treatment and to endeavor to ensure proper appreciation for their work.","The policy explicitly mentions protection from “economic exploitation,” which is a form of economic violence/exploitation against women.",Reference only
KEPULAUAN BANGKA BELITUNG BANGKA SELATAN,KEPULAUAN_BANGKA_BELITUNG_BANGKA_SELATAN_v2.txt,1.9,Sexual slavery/exploitation,scope_of_violence,Yes,No,1.0,0.0,false_negative,,"While the policy references female commercial sex workers and human trafficking prevention, it does not explicitly mention sexual exploitation or sexual slavery as such.",Reference only
KEPULAUAN BANGKA BELITUNG BANGKA SELATAN,KEPULAUAN_BANGKA_BELITUNG_BANGKA_SELATAN_v2.txt,2.1,Institutional network,institutional_mechanism,No,Yes,0.0,1.0,false_positive,"(2) In women's empowerment and protection, a Working Group and Integrated Services shall be formed as stipulated by Regent's Decree.
b. coordination and synchronization of the preparation of planning for programs and activities with related OPD; and","The policy establishes institutional arrangements for implementation, including forming a Working Group and Integrated Services by Regent’s Decree, and it requires coordination and synchronization with related regional apparatus organizations (OPD), indicating an institutional coordination mechanism/network.",Reference only
KEPULAUAN BANGKA BELITUNG BANGKA SELATAN,KEPULAUAN_BANGKA_BELITUNG_BANGKA_SELATAN_v2.txt,2.3,Data collection systems,institutional_mechanism,No,Yes,0.0,1.0,false_positive,"a. mapping, collection, processing and presentation of data;","The policy explicitly includes “mapping, collection, processing and presentation of data” as part of planning policy formulation stages, establishing a requirement for data-related activities within implementation mechanisms.",Reference only
KEPULAUAN BANGKA BELITUNG BANGKA SELATAN,KEPULAUAN_BANGKA_BELITUNG_BANGKA_SELATAN_v2.txt,2.4,Gender mainstreaming institutionalisation,institutional_mechanism,No,Yes,0.0,1.0,false_positive,(1) Women's empowerment and protection is implemented by integrating gender mainstreaming and gender-disaggregated data in an integrated manner based on applicable laws and regulations.,"The policy explicitly requires that women’s empowerment and protection be implemented by integrating gender mainstreaming (and gender-disaggregated data), making gender mainstreaming an institutional mechanism for implementation.",Reference only
KEPULAUAN BANGKA BELITUNG BANGKA SELATAN,KEPULAUAN_BANGKA_BELITUNG_BANGKA_SELATAN_v2.txt,2.5,Training and capacity building,institutional_mechanism,No,Yes,0.0,1.0,false_positive,c. facilitating capacity building of institutions implementing empowerment and protection of women;,"The policy requires guidance activities that include facilitating capacity building of institutions implementing women’s empowerment and protection, which constitutes institutional capacity building for implementers.",Reference only
KEPULAUAN BANGKA BELITUNG BANGKA SELATAN,KEPULAUAN_BANGKA_BELITUNG_BANGKA_SELATAN_v2.txt,3.3,Reporting/hotline service,specialised_support_services,No,Yes,0.0,1.0,false_positive,"a. actions to provide information and/or report violence against women to law enforcement or the authorities, or participate in handling acts of violence against women.",The policy provides a mechanism for reporting violence against women by enabling community actions to report to law enforcement or authorities.,Reference only
KEPULAUAN BANGKA BELITUNG BANGKA SELATAN,KEPULAUAN_BANGKA_BELITUNG_BANGKA_SELATAN_v2.txt,4.3,VAW laws awareness,primary_prevention,Yes,No,1.0,0.0,false_negative,,"While the policy mentions socialisation about policies on women’s empowerment and protection and provides communication/information/education media on preventing violence against women, the provided sentences do not explicitly indicate education or information activities specifically about VAW laws and policies (i.e., legal provisions related to VAW).",Reference only
KEPULAUAN BANGKA BELITUNG BANGKA SELATAN,KEPULAUAN_BANGKA_BELITUNG_BANGKA_SELATAN_v2.txt,4.4,Prevention through education,primary_prevention,No,Yes,0.0,1.0,false_positive,"b. provision of communication, information and education media regarding empowerment and prevention of violence against women in families, communities, educational institutions and public spaces.","The policy explicitly links education/communication media to the prevention of violence against women, indicating education as a strategy for prevention in multiple settings including educational institutions and public spaces.",Reference only
KEPULAUAN BANGKA BELITUNG BANGKA SELATAN,KEPULAUAN_BANGKA_BELITUNG_BANGKA_SELATAN_v2.txt,5.1,NGO collaboration,stakeholder_engagement,Yes,No,1.0,0.0,false_negative,,"The cited passages refer to general community participation, women’s organizations, social institutions, and coordination with business/other institutions, but they do not explicitly mention civil society organisations/NGOs or collaboration with them for service delivery or prevention.",Reference only
KEPULAUAN BANGKA BELITUNG BANGKA SELATAN,KEPULAUAN_BANGKA_BELITUNG_BANGKA_SELATAN_v2.txt,5.4,Education institutions engagement,stakeholder_engagement,No,Yes,0.0,1.0,false_positive,"b. provision of communication, information and education media regarding empowerment and prevention of violence against women in families, communities, educational institutions and public spaces.","The policy explicitly references prevention-related communication/information/education media in “educational institutions,” indicating engagement of the education setting in prevention activities.",Reference only
KEPULAUAN BANGKA BELITUNG BANGKA SELATAN,KEPULAUAN_BANGKA_BELITUNG_BANGKA_SELATAN_v2.txt,6.2,Women victims of trafficking,intersectional_approach,Yes,No,1.0,0.0,false_negative,,"The provided sentences mention preventing human trafficking in the context of protecting female commercial sex workers, but they do not explicitly include or define women victims of trafficking as a target group within the policy’s protection scope.",Reference only
KEPULAUAN BANGKA BELITUNG BANGKA SELATAN,KEPULAUAN_BANGKA_BELITUNG_BANGKA_SELATAN_v2.txt,7.3,International donors,budget_funding_sources,No,Yes,0.0,1.0,false_positive,"f. coordinating the participation of the business sector and other institutions, including international assistance for empowerment and protection of women; and","The policy includes reference to coordinating participation of institutions including international assistance for women’s empowerment and protection, which constitutes explicit international support.",Reference only
KEPULAUAN BANGKA BELITUNG BANGKA TENGAH,KEPULAUAN_BANGKA_BELITUNG_BANGKA_TENGAH.txt,1.2,Sexual violence,scope_of_violence,Yes,No,1.0,0.0,false_negative,,"The provided sentences mention general ""violence"" and ""sexual exploitation"" but do not explicitly mention sexual violence (e.g., rape/sexual assault) as a category; sexual exploitation is distinct and covered under a separate indicator.",Reference only
KEPULAUAN BANGKA BELITUNG BANGKA TENGAH,KEPULAUAN_BANGKA_BELITUNG_BANGKA_TENGAH.txt,1.5,Economic violence,scope_of_violence,Yes,No,1.0,0.0,false_negative,,"None of the provided sentences explicitly identify economic violence, economic exploitation, or domestic neglect as a form of violence against women; they discuss general violence and broader empowerment/welfare rights without framing economic abuse/neglect as violence.",Reference only
KEPULAUAN BANGKA BELITUNG BANGKA TENGAH,KEPULAUAN_BANGKA_BELITUNG_BANGKA_TENGAH.txt,7.2,National government budget,budget_funding_sources,No,Yes,0.0,1.0,false_positive,"(2) In the event that the Region receives funding assistance for the implementation of policies, programs and activities for women's empowerment and protection from the Government, it must be implemented in accordance with the laws and regulations.","The policy explicitly mentions the possibility of receiving funding assistance from “the Government,” indicating national-level government budget support as a potential funding source.",Reference only
KEPULAUAN BANGKA BELITUNG BANGKA TENGAH,KEPULAUAN_BANGKA_BELITUNG_BANGKA_TENGAH.txt,7.4,Other legal sources,budget_funding_sources,Yes,No,1.0,0.0,false_negative,,"The provided sentences specify funding from the regional budget and possible assistance from the Government, but do not explicitly identify any other legal funding sources (e.g., private donations, earmarked funds, grants) as budget sources.",Reference only
KEPULAUAN BANGKA BELITUNG BELITUNG,KEPULAUAN_BANGKA_BELITUNG_BELITUNG.txt,1.9,Sexual slavery/exploitation,scope_of_violence,No,Yes,0.0,1.0,false_positive,"2) acts with or without the victim's consent including prostitution, forced labor or services, slavery or similar practices, oppression, extortion, exploitation of physical, sexual, reproductive organs, or unlawfully removing or transplanting organs and/or body tissues or exploiting the labor or ability of a person by another party to obtain material or immaterial benefits; and/or
Letter b What is meant by exploitation is an act with or without the consent of the victim which includes prostitution, forced labor or services, slavery or practices similar to slavery, oppression, extortion, utilization of physical/sexual/reproductive organs, or unlawfully transferring/utilizing labor or transplanting organs and/or body tissues, or utilizing the labor or ability of a person by another party to obtain benefits both material and immaterial.","The policy explicitly includes exploitation that covers prostitution and slavery or practices similar to slavery, and also defines exploitation to include prostitution and slavery-like practices, which encompasses sexual exploitation/sexual slavery.",Reference only
KEPULAUAN BANGKA BELITUNG BELITUNG,KEPULAUAN_BANGKA_BELITUNG_BELITUNG.txt,3.8,Religious/spiritual counselling,specialised_support_services,Yes,No,1.0,0.0,false_negative,,"The text references OPD duties/functions in the field of 'mental and spiritual' but does not explicitly provide religious/spiritual counselling, guidance, mentoring, or faith-based psychosocial support as a service for victims.",Reference only
KEPULAUAN BANGKA BELITUNG BELITUNG,KEPULAUAN_BANGKA_BELITUNG_BELITUNG.txt,5.3,Traditional/cultural engagement,stakeholder_engagement,No,Yes,0.0,1.0,false_positive,"(2) The membership of the women and children protection task force at the sub-district level as referred to in paragraph (1) consists of elements of sub-district apparatus, offices/agencies at the sub-district level, elements of the sector police (Polsek), elements of the military district command (Koramil), community leaders/religious leaders, and youth elements.
(2) The domestic violence prevention group at the kelurahan/village level as referred to in paragraph (1) consists of elements of kelurahan/village apparatus, elements of babinsa and elements of babinkamtibmas, community leaders/religious leaders, and youth elements.","The policy includes community leaders as members of sub-district and village-level task forces/groups that organize integrated protection services and handle cases, which constitutes engagement of community/traditional leadership structures in implementation.",Reference only
KEPULAUAN BANGKA BELITUNG BELITUNG,KEPULAUAN_BANGKA_BELITUNG_BELITUNG.txt,6.2,Women victims of trafficking,intersectional_approach,No,Yes,0.0,1.0,false_positive,a. to prevent acts of violence and discrimination against women and children including trafficking in persons;,"The policy’s objectives explicitly include preventing violence and discrimination against women and children including trafficking in persons, which brings women trafficking victims within scope.",Reference only
KEPULAUAN BANGKA BELITUNG BELITUNG,KEPULAUAN_BANGKA_BELITUNG_BELITUNG.txt,7.5,Provincial government budget,budget_funding_sources,No,Yes,0.0,1.0,false_positive,b. Provincial Regional Revenue and Expenditure Budget;,"The policy explicitly lists the Provincial Regional Revenue and Expenditure Budget as a financing source, indicating provincial government budget funding.",Reference only
KEPULAUAN BANGKA BELITUNG PANGKALPINANG KOTA,KEPULAUAN_BANGKA_BELITUNG_PANGKALPINANG_KOTA.txt,1.8,Human trafficking,scope_of_violence,No,Yes,0.0,1.0,false_positive,"c. provide protection and security for women victims of violence and discrimination, as well as criminal acts of human trafficking;","The policy explicitly references “criminal acts of human trafficking” within its stated objectives, indicating trafficking is included.",Reference only
KEPULAUAN BANGKA BELITUNG PANGKALPINANG KOTA,KEPULAUAN_BANGKA_BELITUNG_PANGKALPINANG_KOTA.txt,3.2,Police specialised service unit,specialised_support_services,Yes,No,1.0,0.0,false_negative,,"The text mentions providing special service rooms at police stations, but it does not explicitly establish a specialised police service unit (i.e., an organizational unit) for VAW victims within police offices.",Reference only
KEPULAUAN BANGKA BELITUNG PANGKALPINANG KOTA,KEPULAUAN_BANGKA_BELITUNG_PANGKALPINANG_KOTA.txt,3.8,Religious/spiritual counselling,specialised_support_services,No,Yes,0.0,1.0,false_positive,"f. provision of apparatus, health workers, social workers, and spiritual counselors;","The policy includes provision of spiritual counselors among the personnel provided for protection efforts, indicating availability of religious/spiritual counselling or guidance.",Reference only
KEPULAUAN BANGKA BELITUNG PANGKALPINANG KOTA,KEPULAUAN_BANGKA_BELITUNG_PANGKALPINANG_KOTA.txt,4.4,Prevention through education,primary_prevention,No,Yes,0.0,1.0,false_positive,"(1) The City Government has the obligation and responsibility to implement efforts to prevent the occurrence of violence against women in the form of:
b. conducting education on anti-violence values against women;","Education is explicitly listed as part of the City Government’s efforts to prevent the occurrence of violence against women, specifically through education on anti-violence values against women.",Reference only
KEPULAUAN BANGKA BELITUNG PANGKALPINANG KOTA,KEPULAUAN_BANGKA_BELITUNG_PANGKALPINANG_KOTA.txt,5.4,Education institutions engagement,stakeholder_engagement,Yes,No,1.0,0.0,false_negative,,"The provided sentences discuss education activities and women’s empowerment in education generally, but they do not explicitly mention engaging education institutions (schools, universities, academics, or the education sector) as stakeholders/partners in implementation, prevention, protection, services, coordination, or capacity building.",Reference only
KEPULAUAN BANGKA BELITUNG PANGKALPINANG KOTA,KEPULAUAN_BANGKA_BELITUNG_PANGKALPINANG_KOTA.txt,5.8,Private sector engagement,stakeholder_engagement,Yes,No,1.0,0.0,false_negative,,"The candidate sentences do not explicitly identify businesses/private sector actors as stakeholders or partners in prevention, protection, or service delivery (references to workers/laborers and funding sources do not constitute explicit private-sector engagement).",Reference only
KEPULAUAN BANGKA BELITUNG PANGKALPINANG KOTA,KEPULAUAN_BANGKA_BELITUNG_PANGKALPINANG_KOTA.txt,6.2,Women victims of trafficking,intersectional_approach,No,Yes,0.0,1.0,false_positive,"c. provide protection and security for women victims of violence and discrimination, as well as criminal acts of human trafficking;","The policy’s stated objectives explicitly include providing protection and security for women victims of violence and discrimination as well as victims of criminal acts of human trafficking, bringing trafficking within scope.",Reference only
KEPULAUAN RIAU KARIMUN,KEPULAUAN_RIAU_KARIMUN.txt,1.2,Sexual violence,scope_of_violence,Yes,No,1.0,0.0,false_negative,,"The provided sentences refer generally to 'all forms of Violence Against Women and Children' and list several laws, but none explicitly mention sexual violence or equivalent terms in the excerpts shown.",Reference only
KEPULAUAN RIAU KARIMUN,KEPULAUAN_RIAU_KARIMUN.txt,1.3,Physical violence,scope_of_violence,Yes,No,1.0,0.0,false_negative,,The excerpts only contain general references to violence against women and children and citations to other laws; they do not explicitly mention physical violence in the provided text.,Reference only
KEPULAUAN RIAU KARIMUN,KEPULAUAN_RIAU_KARIMUN.txt,1.4,Psychological violence,scope_of_violence,Yes,No,1.0,0.0,false_negative,,The candidate sentences do not explicitly mention psychological violence; they only include broad references to violence and a list of related laws.,Reference only
KEPULAUAN RIAU KARIMUN,KEPULAUAN_RIAU_KARIMUN.txt,1.5,Economic violence,scope_of_violence,Yes,No,1.0,0.0,false_negative,,"The excerpts do not mention economic violence, economic exploitation, or domestic neglect; they only provide general statements about violence and legal references.",Reference only
KEPULAUAN RIAU KARIMUN,KEPULAUAN_RIAU_KARIMUN.txt,1.8,Human trafficking,scope_of_violence,No,Yes,0.0,1.0,false_positive,"5. Law Number 21 of 2007 concerning the Eradication of the Criminal Act of Trafficking in Women (State Gazette of the Republic of Indonesia Year 2007 Number 58, Supplement to the State Gazette of the Republic of Indonesia Number 4720);","The excerpts explicitly cite a law on the eradication of trafficking in women, which constitutes inclusion of human trafficking/trafficking in persons.",Reference only
KEPULAUAN RIAU KARIMUN,KEPULAUAN_RIAU_KARIMUN.txt,1.9,Sexual slavery/exploitation,scope_of_violence,Yes,No,1.0,0.0,false_negative,,"The provided sentences do not explicitly mention sexual exploitation or sexual slavery; trafficking is referenced, but sexual exploitation/slavery is not stated in the excerpts shown.",Reference only
KEPULAUAN RIAU KARIMUN,KEPULAUAN_RIAU_KARIMUN.txt,2.1,Institutional network,institutional_mechanism,Yes,No,1.0,0.0,false_negative,,"The provided sentences are limited to the regulation title/preamble and legal bases and do not describe any institutional coordination mechanism, committee, task force, or network for implementation.",Reference only
KEPULAUAN RIAU KARIMUN,KEPULAUAN_RIAU_KARIMUN.txt,2.2,Collaboration with NGOs,institutional_mechanism,Yes,No,1.0,0.0,false_negative,,"The candidate sentences do not mention NGOs, civil society, community organizations, or any cooperation mechanism with non-government service providers.",Reference only
KEPULAUAN RIAU KARIMUN,KEPULAUAN_RIAU_KARIMUN.txt,2.3,Data collection systems,institutional_mechanism,Yes,No,1.0,0.0,false_negative,,"No sentence establishes or assigns responsibility for collecting, recording, monitoring, reporting, or managing data on violence, victims, or cases; the text shown is only introductory/legal references.",Reference only
KEPULAUAN RIAU KARIMUN,KEPULAUAN_RIAU_KARIMUN.txt,2.5,Training and capacity building,institutional_mechanism,Yes,No,1.0,0.0,false_negative,,"The excerpts do not include any requirement or provision for training, technical guidance, or capacity building for implementers or service providers.",Reference only
KEPULAUAN RIAU KARIMUN,KEPULAUAN_RIAU_KARIMUN.txt,2.6,Monitoring and evaluation,institutional_mechanism,Yes,No,1.0,0.0,false_negative,,"The candidate sentences do not mention monitoring, evaluation, reporting on implementation, or assessment of service delivery outcomes.",Reference only
KEPULAUAN RIAU KARIMUN,KEPULAUAN_RIAU_KARIMUN.txt,3.1,Integrated service unit,specialised_support_services,Yes,No,1.0,0.0,false_negative,,The provided sentences are limited to the regulation title and general considerations/legal bases; they do not mention establishing or operating an integrated service unit for women victims of violence.,Reference only
KEPULAUAN RIAU KARIMUN,KEPULAUAN_RIAU_KARIMUN.txt,3.3,Reporting/hotline service,specialised_support_services,Yes,No,1.0,0.0,false_negative,,"No mechanism (hotline, complaint desk, reporting channel) for receiving reports/complaints is described in the provided sentences.",Reference only
KEPULAUAN RIAU KARIMUN,KEPULAUAN_RIAU_KARIMUN.txt,3.5,Legal assistance,specialised_support_services,Yes,No,1.0,0.0,false_negative,,"While legal frameworks are cited, the provided sentences do not state that any service unit provides legal assistance to victims.",Reference only
KEPULAUAN RIAU KARIMUN,KEPULAUAN_RIAU_KARIMUN.txt,3.6,Health/medical services,specialised_support_services,Yes,No,1.0,0.0,false_negative,,"The candidate sentences do not mention health facilities, medical examinations, treatment, or any service unit providing medical services.",Reference only
KEPULAUAN RIAU KARIMUN,KEPULAUAN_RIAU_KARIMUN.txt,3.7,Psychosocial counselling,specialised_support_services,Yes,No,1.0,0.0,false_negative,,"There is no reference to psychological services, counselling, psychosocial support, or related service units in the provided text.",Reference only
KEPULAUAN RIAU KARIMUN,KEPULAUAN_RIAU_KARIMUN.txt,3.9,Resocialisation services,specialised_support_services,Yes,No,1.0,0.0,false_negative,,"No rehabilitation, reintegration, resocialisation programs, or service units are described in the provided sentences.",Reference only
KEPULAUAN RIAU KARIMUN,KEPULAUAN_RIAU_KARIMUN.txt,3.10,Economic support,specialised_support_services,Yes,No,1.0,0.0,false_negative,,"The provided sentences do not mention economic empowerment measures such as skills training, livelihood support, or access to financial resources for victims.",Reference only
KEPULAUAN RIAU KARIMUN,KEPULAUAN_RIAU_KARIMUN.txt,4.1,Information and education about VAW,primary_prevention,Yes,No,1.0,0.0,false_negative,,"The provided sentences acknowledge violence against women and children as a human rights violation and establish a regulation for protection, but they do not describe any information, awareness, communication, socialisation, or education activities as preventive measures.",Reference only
KEPULAUAN RIAU KARIMUN,KEPULAUAN_RIAU_KARIMUN.txt,4.3,VAW laws awareness,primary_prevention,Yes,No,1.0,0.0,false_negative,,"Although the text lists relevant laws (e.g., domestic violence and trafficking laws) as legal considerations, it does not indicate any activity to inform or educate the public about these laws or policies as a primary prevention measure.",Reference only
KEPULAUAN RIAU KARIMUN,KEPULAUAN_RIAU_KARIMUN.txt,4.4,Prevention through education,primary_prevention,Yes,No,1.0,0.0,false_negative,,"The excerpts focus on the rationale for establishing a regulation and cite legal frameworks, but they do not explicitly include education as a strategy to prevent violence against women or children.",Reference only
KEPULAUAN RIAU KARIMUN,KEPULAUAN_RIAU_KARIMUN.txt,5.1,NGO collaboration,stakeholder_engagement,Yes,No,1.0,0.0,false_negative,,The provided sentences are limited to the regulation header and general legal considerations; they do not mention collaboration or engagement with civil society organisations/NGOs for services or prevention.,Reference only
KEPULAUAN RIAU KARIMUN,KEPULAUAN_RIAU_KARIMUN.txt,5.4,Education institutions engagement,stakeholder_engagement,Yes,No,1.0,0.0,false_negative,,"The excerpts do not reference schools, universities, academics, or the education sector as stakeholders in prevention, protection, services, coordination, or capacity building.",Reference only
KEPULAUAN RIAU KARIMUN,KEPULAUAN_RIAU_KARIMUN.txt,5.7,Community engagement,stakeholder_engagement,Yes,No,1.0,0.0,false_negative,,"While the text refers broadly to 'all parties involved' in implementation, it does not explicitly or implicitly identify community/society engagement or collaboration mechanisms in the provided sentences.",Reference only
KEPULAUAN RIAU KARIMUN,KEPULAUAN_RIAU_KARIMUN.txt,5.8,Private sector engagement,stakeholder_engagement,Yes,No,1.0,0.0,false_negative,,"The provided sentences do not mention businesses, employers, or the private sector as stakeholders in prevention, protection, or services.",Reference only
LAMPUNG BANDAR LAMPUNG KOTA,LAMPUNG_BANDAR_LAMPUNG_KOTA.txt,1.6,Harmful practices,scope_of_violence,No,Yes,0.0,1.0,false_positive,6. forced marriage;,"The policy includes forced marriage as a form of sexual violence, which is a harmful practice affecting women and girls.",Reference only
LAMPUNG BANDAR LAMPUNG KOTA,LAMPUNG_BANDAR_LAMPUNG_KOTA.txt,5.2,Religious engagement,stakeholder_engagement,Yes,No,1.0,0.0,false_negative,,"While the policy mentions victims’ right to receive “spiritual guidance services,” it does not specify involvement of religious organisations, religious leaders, clergy, or other faith-based actors in delivery, coordination, prevention, or implementation.",Reference only
LAMPUNG BANDAR LAMPUNG KOTA,LAMPUNG_BANDAR_LAMPUNG_KOTA.txt,6.1,Women in conflict/disaster areas,intersectional_approach,No,Yes,0.0,1.0,false_positive,l. to special protection in emergency conditions/situations.,"The policy explicitly states that every woman has the right to “special protection in emergency conditions/situations,” which constitutes a special protection measure for women in emergency contexts.",Reference only
LAMPUNG BANDAR LAMPUNG KOTA,LAMPUNG_BANDAR_LAMPUNG_KOTA.txt,6.2,Women victims of trafficking,intersectional_approach,No,Yes,0.0,1.0,false_positive,"(2) Protection of women aims to guarantee the fulfillment of rights to live, grow, develop and participate optimally in accordance with human dignity and to receive protection from violence, discrimination, exploitation and trafficking in persons for the realization of quality and welfare for women.","The policy’s stated aim includes providing protection from “trafficking in persons,” explicitly bringing trafficking within the policy’s protection scope.",Reference only
LAMPUNG BANDAR LAMPUNG KOTA,LAMPUNG_BANDAR_LAMPUNG_KOTA.txt,7.2,National government budget,budget_funding_sources,No,Yes,0.0,1.0,false_positive,"Funding for the protection of women may be sourced from the State Revenue and Expenditure Budget, the Regional Revenue and Expenditure Budget both Provincial and Municipal and/or other lawful sources that are non-binding in accordance with the provisions of legislation.","The policy explicitly includes the State Revenue and Expenditure Budget as a possible funding source, which corresponds to the national government budget.",Reference only
LAMPUNG BANDAR LAMPUNG KOTA,LAMPUNG_BANDAR_LAMPUNG_KOTA.txt,7.5,Provincial government budget,budget_funding_sources,No,Yes,0.0,1.0,false_positive,"Funding for the protection of women may be sourced from the State Revenue and Expenditure Budget, the Regional Revenue and Expenditure Budget both Provincial and Municipal and/or other lawful sources that are non-binding in accordance with the provisions of legislation.","The policy explicitly states that funding may come from the Regional Revenue and Expenditure Budget at the provincial level, which is a provincial government budget source.",Reference only
LAMPUNG LAMPUNG TIMUR,LAMPUNG_LAMPUNG_TIMUR.txt,4.1,Information and education about VAW,primary_prevention,No,Yes,0.0,1.0,false_positive,"The implementation as referred to in paragraph (1) shall be in the form of: policy analysis, coordination, advocacy, socialization, communication, information, and education (KIE), training, service facilitation, service provision, development of models for the protection of women and children, and other forms.
The Regent is obligated to implement policies, programs, and activities for the protection of women and children, to eliminate all forms of discrimination and acts of violence against women and children in their region.","The policy includes socialization, communication, information, and education (KIE) activities as part of implementation measures, and it explicitly frames the overall protection program as aiming to eliminate acts of violence against women and children, which supports VAW-related awareness/education as prevention.",Reference only
LAMPUNG LAMPUNG TIMUR,LAMPUNG_LAMPUNG_TIMUR.txt,4.4,Prevention through education,primary_prevention,No,Yes,0.0,1.0,false_positive,"The Regent is obligated to implement policies, programs, and activities for the protection of women and children, to eliminate all forms of discrimination and acts of violence against women and children in their region.
The implementation as referred to in paragraph (1) shall be in the form of: policy analysis, coordination, advocacy, socialization, communication, information, and education (KIE), training, service facilitation, service provision, development of models for the protection of women and children, and other forms.","The policy explicitly aims to eliminate acts of violence against women and children and lists education (KIE) among the forms of implementation for protection policies/programs/activities, indicating education is used as a strategy within efforts to address and prevent violence.",Reference only
LAMPUNG LAMPUNG TIMUR,LAMPUNG_LAMPUNG_TIMUR.txt,5.6,Media engagement,stakeholder_engagement,No,Yes,0.0,1.0,false_positive,"Community institution is an institution formed by members of the Indonesian citizen community voluntarily on the basis of shared vision, mission, profession, function and activities to participate in development in order to achieve national goals within the framework of the Unitary State of the Republic of Indonesia based on Pancasila, consisting of religious organizations, non-governmental organizations, professional organizations, private organizations, social organizations, political organizations, mass media, and other forms of organizations.","The policy’s definition of “community institution” explicitly includes mass media, thereby recognizing media as a stakeholder category within community institutions that can participate in development/implementation-related efforts.",Reference only
LAMPUNG LAMPUNG TIMUR,LAMPUNG_LAMPUNG_TIMUR.txt,6.2,Women victims of trafficking,intersectional_approach,No,Yes,0.0,1.0,false_positive,"For women and children who are victims of violence and human trafficking, services include: complaint services/victim identification, legal assistance, health rehabilitation, psychosocial rehabilitation, social reintegration, repatriation assistance or other forms according to the needs and best interests of victims.",The policy explicitly includes women who are victims of human trafficking within the scope of protection services and specifies service types for them.,Reference only
LAMPUNG LAMPUNG TIMUR,LAMPUNG_LAMPUNG_TIMUR.txt,7.3,International donors,budget_funding_sources,No,Yes,0.0,1.0,false_positive,"In implementing policies, programs, and activities for the protection of women and children, the Regional Government of East Lampung Regency may cooperate with international institutions.","The policy explicitly allows cooperation with international institutions in implementing protection policies, which constitutes an explicit form of international support/engagement (even if not framed as funding).",Reference only
LAMPUNG LAMPUNG UTARA,LAMPUNG_LAMPUNG_UTARA.txt,1.9,Sexual slavery/exploitation,scope_of_violence,No,Yes,0.0,1.0,false_positive,b. eliminate all forms of violence and exploitation against women and children;,"The policy explicitly states an objective to eliminate all forms of violence and exploitation against women and children, which includes sexual exploitation as a subset of exploitation.",Reference only
LAMPUNG LAMPUNG UTARA,LAMPUNG_LAMPUNG_UTARA.txt,4.4,Prevention through education,primary_prevention,No,Yes,0.0,1.0,false_positive,c. providing education on the dangers of domestic violence;,"Education is explicitly included as a prevention strategy through providing education on the dangers of domestic violence, linking education directly to violence prevention.",Reference only
LAMPUNG LAMPUNG UTARA,LAMPUNG_LAMPUNG_UTARA.txt,6.2,Women victims of trafficking,intersectional_approach,No,Yes,0.0,1.0,false_positive,"a. prevent violence against women and children, including trafficking in persons;","The objectives explicitly include preventing violence against women and children, including trafficking in persons, which brings trafficking within the policy’s scope for women.",Reference only
LAMPUNG LAMPUNG UTARA,LAMPUNG_LAMPUNG_UTARA.txt,6.5,People with disability,intersectional_approach,No,Yes,0.0,1.0,false_positive,l. Children with Disabilities;,"The policy provides special protection for children with disabilities, which constitutes a disability-targeted special protection measure (though limited to children rather than women with disabilities).",Reference only
LAMPUNG LAMPUNG UTARA,LAMPUNG_LAMPUNG_UTARA.txt,6.8,Women in legal process,intersectional_approach,No,Yes,0.0,1.0,false_positive,"b. providing protection to victims of acts of violence, reporters and witnesses.","The policy establishes services that include providing protection to victims, reporters, and witnesses, which explicitly covers women involved in legal processes as reporters or witnesses (and victims). It does not explicitly cover women as suspects/defendants/perpetrators, but the criterion is satisfied by the explicit inclusion of witnesses/reporters.",Reference only
LAMPUNG LAMPUNG UTARA,LAMPUNG_LAMPUNG_UTARA.txt,7.4,Other legal sources,budget_funding_sources,Yes,No,1.0,0.0,false_negative,,"While the financing clause indicates the regional budget and then an incomplete/unclear continuation (""and/or provisions""), the provided text does not clearly specify any distinct 'other legal sources' of funding beyond the regional budget.",Reference only
LAMPUNG PESAWARAN,LAMPUNG_PESAWARAN.txt,1.5,Economic violence,scope_of_violence,Yes,No,1.0,0.0,false_negative,,"While the text mentions economic exploitation and neglect in relation to children, the provided sentences do not explicitly frame economic violence/economic exploitation/domestic neglect as a form of violence against women.",Reference only
LAMPUNG PESAWARAN,LAMPUNG_PESAWARAN.txt,1.6,Harmful practices,scope_of_violence,No,Yes,0.0,1.0,false_positive,c. prevent the occurrence of marriage at child age; and,"The policy explicitly addresses prevention of marriage at child age, which is a harmful practice affecting girls.",Reference only
LAMPUNG PESAWARAN,LAMPUNG_PESAWARAN.txt,2.3,Data collection systems,institutional_mechanism,Yes,No,1.0,0.0,false_negative,,"The candidate sentences do not establish or assign responsibility for a system/entity to collect, record, manage, compile, exchange, or maintain data on violence against women or related cases/victims. References to reporting violations or developing a gender-based information system are not explicitly tied to VAW case data collection/management.",Reference only
LAMPUNG PESAWARAN,LAMPUNG_PESAWARAN.txt,2.5,Training and capacity building,institutional_mechanism,No,Yes,0.0,1.0,false_positive,"c. providing training related to child care/education, counseling principles, and basic psychology to communities participating in efforts to organize early childhood education, the development of Toddler Family Development Groups (BKB), the implementation of integrated child protection services, and other similar activities related to fulfilling children's needs;","The policy includes provision of training (e.g., child care/education, counseling principles, basic psychology) as a form of guidance, which constitutes capacity building for those participating in implementing child protection and related integrated services.",Reference only
LAMPUNG PESAWARAN,LAMPUNG_PESAWARAN.txt,3.8,Religious/spiritual counselling,specialised_support_services,No,Yes,0.0,1.0,false_positive,"Special Protection for Children with deviant social behavior as referred to in Article 49 letter m shall be carried out through guidance on religious values and social values, counseling, social rehabilitation, and social assistance.","The policy includes guidance on religious values (alongside counseling and social rehabilitation) as part of special protection measures, which constitutes religious/spiritual guidance support.",Reference only
LAMPUNG PESAWARAN,LAMPUNG_PESAWARAN.txt,3.10,Economic support,specialised_support_services,No,Yes,0.0,1.0,false_positive,"a. provision of skills and job training;
d. facilitation of capital assistance; and","The policy provides for women’s economic empowerment through skills/job training and facilitation of capital assistance (among other measures), which aligns with economic support to promote economic security and independence.",Reference only
LAMPUNG PESAWARAN,LAMPUNG_PESAWARAN.txt,4.2,Gender equality education,primary_prevention,Yes,No,1.0,0.0,false_negative,,"While the policy references gender equality as a principle and discusses women’s empowerment and awareness/education activities, the retrieved sentences do not explicitly indicate primary prevention education or campaigns specifically about gender equality and/or women’s rights (as a topic of the educational activity), beyond general protection/empowerment or legal awareness.",Reference only
LAMPUNG PESAWARAN,LAMPUNG_PESAWARAN.txt,4.4,Prevention through education,primary_prevention,No,Yes,0.0,1.0,false_positive,"e. awareness campaigns, socialization and education to the community regarding the protection and empowerment of women.
d. incorporating local content material on children's rights and the elimination of violence against children as teaching material in teaching and learning activities in early childhood education institutions up to the level of Senior High School;","The policy explicitly includes education as part of prevention strategies: it provides for awareness/socialization/education to the community regarding protection and empowerment of women in the context of preventing violence against women, and it also includes incorporating teaching materials on elimination of violence against children within formal education settings as a prevention measure.",Reference only
LAMPUNG PESAWARAN,LAMPUNG_PESAWARAN.txt,5.2,Religious engagement,stakeholder_engagement,No,Yes,0.0,1.0,false_positive,"(1) In order to ensure the effectiveness of implementing the Child-Friendly Regency policy in the region, a Child-Friendly Regency Task Force is established whose membership includes Regional Apparatus Organizations, child representatives, and may involve the legislative body, judiciary, business sector, religious/community/customary leaders and the community.","The policy explicitly states that the Child-Friendly Regency Task Force membership may involve religious leaders, which constitutes inclusion of faith-based actors in coordination/implementation structures.",Reference only
LAMPUNG PESAWARAN,LAMPUNG_PESAWARAN.txt,5.3,Traditional/cultural engagement,stakeholder_engagement,No,Yes,0.0,1.0,false_positive,"(1) In order to ensure the effectiveness of implementing the Child-Friendly Regency policy in the region, a Child-Friendly Regency Task Force is established whose membership includes Regional Apparatus Organizations, child representatives, and may involve the legislative body, judiciary, business sector, religious/community/customary leaders and the community.","The policy explicitly notes that the Child-Friendly Regency Task Force may involve customary leaders, indicating engagement of traditional/customary actors in implementation/coordination.",Reference only
LAMPUNG PESAWARAN,LAMPUNG_PESAWARAN.txt,6.8,Women in legal process,intersectional_approach,No,Yes,0.0,1.0,false_positive,"a. protection of the personal security of victims or witnesses;
d. provision of testimony during the ongoing legal process regulated through protection mechanisms.","The policy provides protection for women who are victims or witnesses, including personal security and provisions related to testimony during an ongoing legal process, which are services/protections connected to legal proceedings.",Reference only
LAMPUNG PESAWARAN,LAMPUNG_PESAWARAN.txt,6.10,Refugee/forced displacement,intersectional_approach,No,Yes,0.0,1.0,false_positive,"a. children who become refugees;
(2) Special protection for children in emergency situations as referred to in paragraph (1), shall be implemented in accordance with the provisions of laws and regulations.","The policy explicitly identifies children who become refugees as part of emergency situations and states that special protection for children in such emergency situations shall be implemented, indicating special protection measures for refugees/forced displacement (at least for children).",Reference only
LAMPUNG PESISIR BARAT,LAMPUNG_PESISIR_BARAT.txt,2.3,Data collection systems,institutional_mechanism,No,Yes,0.0,1.0,false_positive,"(2) Cooperation as referred to in paragraph (1) includes:
a. exchange of data and information;","The policy includes ""exchange of data and information"" as a component of cooperation, which implies an organized approach to managing and sharing information related to protection efforts, thereby addressing data/information system functions at least in terms of data exchange.",Reference only
LAMPUNG PESISIR BARAT,LAMPUNG_PESISIR_BARAT.txt,2.5,Training and capacity building,institutional_mechanism,No,Yes,0.0,1.0,false_positive,"b. provision of accessibility to obtain education, training, funding, income enhancement and social services;
b. education and training for women and children victims of acts of violence;","The policy references provision of education and training (including through partnerships) for women and children victims of violence and includes training as part of support measures, indicating that training activities are contemplated within implementation-related programming.",Reference only
LAMPUNG PESISIR BARAT,LAMPUNG_PESISIR_BARAT.txt,3.2,Police specialised service unit,specialised_support_services,Yes,No,1.0,0.0,false_negative,,"While the police are mentioned as actors involved in assistance, none of the provided sentences establish or describe a specialised service unit for VAW victims within police offices.",Reference only
LAMPUNG PESISIR BARAT,LAMPUNG_PESISIR_BARAT.txt,5.2,Religious engagement,stakeholder_engagement,No,Yes,0.0,1.0,false_positive,"(1) Assistance includes all integrated efforts to restore and strengthen the condition of victims, carried out by health workers, education personnel, the police, the public prosecutor’s office, the court, advocates, social workers, volunteer companions, and spiritual counselors.","The policy includes spiritual counselors among those who carry out integrated assistance efforts for victims, which constitutes engagement of faith-based actors in service delivery.",Reference only
LAMPUNG PRINGSEWU,LAMPUNG_PRINGSEWU.txt,4.3,VAW laws awareness,primary_prevention,No,Yes,0.0,1.0,false_positive,b. conducting socialization of laws and regulations related to the protection of Women and Children Victims of Violence;,"The policy includes a primary prevention activity of socializing laws and regulations related to the protection of women and children victims of violence, which constitutes awareness/education about relevant VAW-related laws and policies.",Reference only
LAMPUNG PRINGSEWU,LAMPUNG_PRINGSEWU.txt,6.2,Women victims of trafficking,intersectional_approach,No,Yes,0.0,1.0,false_positive,"a. prevent all forms of acts of violence, including trafficking in persons;","The policy explicitly includes trafficking in persons within the aims of preventing acts of violence, indicating that trafficking is within scope for protection efforts.",Reference only
LAMPUNG PRINGSEWU,LAMPUNG_PRINGSEWU.txt,7.4,Other legal sources,budget_funding_sources,Yes,No,1.0,0.0,false_negative,,"The candidate sentences specify regional government budget allocation and reference implementation under applicable laws and regulations, but they do not identify any additional/other legal funding sources (e.g., private donations, grants, earmarked funds) as budget sources.",Reference only
LAMPUNG TANGGAMUS,LAMPUNG_TANGGAMUS.txt,6.1,Women in conflict/disaster areas,intersectional_approach,Yes,No,1.0,0.0,false_negative,,"The text lists “Victims of disaster and conflict” as a category of other violence, but it does not specify any special protection measures targeted at women in conflict/disaster/emergency/displacement situations.",Reference only
LAMPUNG TANGGAMUS,LAMPUNG_TANGGAMUS.txt,6.3,Women workers,intersectional_approach,No,Yes,0.0,1.0,false_positive,c. Creating a friendly and safe work environment atmosphere for women;,The policy includes a specific measure related to women in the work context by calling for the creation of a friendly and safe work environment atmosphere for women.,Reference only
LAMPUNG TANGGAMUS,LAMPUNG_TANGGAMUS.txt,6.5,People with disability,intersectional_approach,Yes,No,1.0,0.0,false_negative,,"Although “Persons with disabilities” are listed among categories of other violence, the excerpts do not describe any special protection measures targeted at women with disabilities or persons with disabilities.",Reference only
MALUKU KEPULAUAN TANIMBAR,MALUKU_KEPULAUAN_TANIMBAR.txt,1.6,Harmful practices,scope_of_violence,No,Yes,0.0,1.0,false_positive,c. preventing child marriage;,"The policy explicitly mentions preventing child marriage as part of community responsibilities, which is a harmful practice affecting girls.",Reference only
MALUKU KEPULAUAN TANIMBAR,MALUKU_KEPULAUAN_TANIMBAR.txt,4.4,Prevention through education,primary_prevention,No,Yes,0.0,1.0,false_positive,b. Providing education about anti-violence values towards women and children;,"The policy explicitly identifies providing education about anti-violence values toward women and children as part of establishing and implementing protection policies, programs, and activities, indicating education is used as a strategy to prevent violence.",Reference only
MALUKU MALUKU TENGAH,MALUKU_MALUKU_TENGAH.txt,1.8,Human trafficking,scope_of_violence,No,Yes,0.0,1.0,false_positive,"10. Law Number 21 of 2007 concerning the Eradication of the Crime of Trafficking in Persons (State Gazette of the Republic of Indonesia of 2007 Number 58, Supplement to the State Gazette of the Republic of Indonesia Number 4720);","The policy references the national law on the eradication of the crime of trafficking in persons, indicating trafficking is included within the policy’s legal framework and considerations.",Reference only
MALUKU MALUKU TENGAH,MALUKU_MALUKU_TENGAH.txt,2.5,Training and capacity building,institutional_mechanism,No,Yes,0.0,1.0,false_positive,(1) Regional Government is obligated to conduct guidance on the implementation of protection for women and children victims of violence including technical guidance and training.,"The policy requires the Regional Government to provide guidance for implementation that includes technical guidance and training, which directly addresses training and capacity building for implementation.",Reference only
MALUKU MALUKU TENGAH,MALUKU_MALUKU_TENGAH.txt,3.4,Safety/protection shelter,specialised_support_services,No,Yes,0.0,1.0,false_positive,Special handling is carried out through Safe House services and in cooperation with the police and the Witness and Victim Protection Agency (LPSK).,"The policy indicates that special handling for victims requiring security protection is carried out through Safe House services, demonstrating availability of shelter/protection services for victims.",Reference only
MALUKU MALUKU TENGAH,MALUKU_MALUKU_TENGAH.txt,4.2,Gender equality education,primary_prevention,No,Yes,0.0,1.0,false_positive,b. independently conducting socialization of the rights of women and children;,"The policy includes an educational/socialisation activity focused on rights (women’s and children’s rights), which constitutes primary prevention information/education about women’s rights.",Reference only
MALUKU MALUKU TENGAH,MALUKU_MALUKU_TENGAH.txt,6.5,People with disability,intersectional_approach,No,Yes,0.0,1.0,false_positive,"(2) In addition to the minimum Service standards as referred to in paragraph (1), the Regent establishes Special Minimum Service Standards for victims with Disabilities.","The policy explicitly provides special minimum service standards for victims with disabilities, indicating targeted measures for people with disabilities within the victim population.",Reference only
MALUKU SERAM BAGIAN BARAT,MALUKU_SERAM_BAGIAN_BARAT.txt,1.9,Sexual slavery/exploitation,scope_of_violence,Yes,No,1.0,0.0,false_negative,,"While sexual violence is defined, the provided sentences do not explicitly address sexual exploitation or sexual slavery.",Reference only
MALUKU SERAM BAGIAN BARAT,MALUKU_SERAM_BAGIAN_BARAT.txt,4.2,Gender equality education,primary_prevention,No,Yes,0.0,1.0,false_positive,f. conducting independent socialization of women's and children's rights;,"The policy includes a primary prevention-oriented educational/socialisation activity focused on rights, by specifying community participation through independent socialization of women's and children's rights.",Reference only
MALUKU SERAM BAGIAN BARAT,MALUKU_SERAM_BAGIAN_BARAT.txt,6.5,People with disability,intersectional_approach,Yes,No,1.0,0.0,false_negative,,"People with disabilities are mentioned as part of the definition of victims/vulnerable groups, but there are no special protection measures or disability-specific services described for women with disabilities or persons with disabilities.",Reference only
MALUKU SERAM BAGIAN BARAT,MALUKU_SERAM_BAGIAN_BARAT.txt,7.2,National government budget,budget_funding_sources,No,Yes,0.0,1.0,false_positive,"Letter b, what is meant by other lawful sources is assistance, financial assistance from the Central Government, Province, or assistance from domestic or foreign NGOs.","The policy clarifies that 'other lawful sources' include assistance/financial assistance from the Central Government, which constitutes national government budget support.",Reference only
MALUKU SERAM BAGIAN BARAT,MALUKU_SERAM_BAGIAN_BARAT.txt,7.5,Provincial government budget,budget_funding_sources,No,Yes,0.0,1.0,false_positive,"Letter b, what is meant by other lawful sources is assistance, financial assistance from the Central Government, Province, or assistance from domestic or foreign NGOs.","The policy specifies that 'other lawful sources' include assistance/financial assistance from the Province, indicating provincial-level budget support.",Reference only
MALUKU TUAL KOTA,MALUKU_TUAL_KOTA.txt,1.8,Human trafficking,scope_of_violence,No,Yes,0.0,1.0,false_positive,"8. Law Number 21 of 2007 concerning Eradication of the Criminal Act of Trafficking in Persons (State Gazette of the Republic of Indonesia Year 2007 Number 58, Supplement to the State Gazette of the Republic of Indonesia Number 4928);","The policy’s legal basis explicitly references a law on eradication of trafficking in persons, indicating trafficking in persons is included in the policy context.",Reference only
MALUKU TUAL KOTA,MALUKU_TUAL_KOTA.txt,2.3,Data collection systems,institutional_mechanism,No,Yes,0.0,1.0,false_positive,(4) PPT is obligated to report the implementation of the provision of protection for women and children victims of violence periodically to the Mayor of Tual in accordance with applicable regulations.,"The policy assigns a reporting obligation to PPT to periodically report implementation to the Mayor, which constitutes a required information/reporting function related to protection implementation (and implicitly case/service information management).",Reference only
MALUKU TUAL KOTA,MALUKU_TUAL_KOTA.txt,4.4,Prevention through education,primary_prevention,No,Yes,0.0,1.0,false_positive,"The prevention activities of the occurrence of violence as referred to in Article 2 include:
a. Socialization;
b. Dissemination; and
c. Training;","The policy explicitly includes socialization, dissemination, and training as prevention activities for the occurrence of violence, which constitutes education/awareness as a strategy to prevent violence against women and children.",Reference only
MALUKU TUAL KOTA,MALUKU_TUAL_KOTA.txt,5.2,Religious engagement,stakeholder_engagement,No,Yes,0.0,1.0,false_positive,"(2) P2TP2A as referred to in paragraph (1), consists of elements from the Police, Prosecutor's Office, Court, Health Office, Social Office, Ministry of Religious Affairs, Office of Women's Empowerment and Child Protection, NGOs, Child Observers.","The policy includes the Ministry of Religious Affairs as an element of P2TP2A, demonstrating engagement of a faith-related actor in service delivery/coordination structures.",Reference only
MALUKU TUAL KOTA,MALUKU_TUAL_KOTA.txt,6.2,Women victims of trafficking,intersectional_approach,No,Yes,0.0,1.0,false_positive,"(6) Forms of violence through exploitation are forms of violence including acts of exploiting children economically or sexually to benefit oneself or others, acts with or without the consent of the victim, but not limited to prostitution, forced labor or services, slavery or similar practices, oppression, extortion, exploitation of the physical body, sexual aspects, reproductive organs, or unlawfully transferring or transplanting organs and/or body tissues, or exploiting a person's abilities to obtain benefits.
8. Law Number 21 of 2007 concerning Eradication of the Criminal Act of Trafficking in Persons (State Gazette of the Republic of Indonesia Year 2007 Number 58, Supplement to the State Gazette of the Republic of Indonesia Number 4928);","The policy includes exploitation-related violence that explicitly covers slavery-like practices, forced labor/services, and prostitution, which falls within trafficking-related harms, and it also references the national law on eradication of trafficking in persons, indicating trafficking is within scope.",Reference only
MALUKU UTARA HALMAHERA TIMUR,MALUKU_UTARA_HALMAHERA_TIMUR.txt,1.8,Human trafficking,scope_of_violence,No,Yes,0.0,1.0,false_positive,"b. exemption from cost burden for malnourished children, children undergoing dialysis due to kidney failure, children with thalassemia major, children with disabilities, children with special needs, street children, children infected with HIV/AIDS, child laborers, child victims of narcotics abuse, alcohol, psychotropic substances and other addictive substances (NAPZA), children who are victims of violence, such as neglect, economically exploited, sexually exploited and victims of human trafficking.",The policy explicitly references victims of human trafficking in the context of children who are victims of violence and eligible for health service cost exemptions.,Reference only
MALUKU UTARA HALMAHERA TIMUR,MALUKU_UTARA_HALMAHERA_TIMUR.txt,2.5,Training and capacity building,institutional_mechanism,No,Yes,0.0,1.0,false_positive,"(2) Guidance and supervision as referred to in paragraph (1) includes the provision of implementation instructions, technical guidance, supervision, monitoring, and evaluation of the implementation of the protection of women and children.","The policy includes provision of implementation instructions and technical guidance as part of guidance and supervision by the Regent, which constitutes required capacity-building/technical guidance for implementation actors.",Reference only
MALUKU UTARA HALMAHERA TIMUR,MALUKU_UTARA_HALMAHERA_TIMUR.txt,3.10,Economic support,specialised_support_services,No,Yes,0.0,1.0,false_positive,"a. provision of skills and job training;
d. facilitation and capital assistance; and","The policy provides for women’s economic empowerment through skills/job training and facilitation/capital assistance, which are forms of economic support that can promote economic security and independence.",Reference only
MALUKU UTARA HALMAHERA TIMUR,MALUKU_UTARA_HALMAHERA_TIMUR.txt,4.1,Information and education about VAW,primary_prevention,No,Yes,0.0,1.0,false_positive,"e. conducting socialization regarding laws and regulations related to the protection of women and children victims of violence; and
f. providing critical education regarding the rights of women and children for the community.","The policy specifies prevention measures for violence against women and children that include socialization about relevant laws/regulations and providing critical education on the rights of women and children, which are information/education activities aimed at preventing violence.",Reference only
MALUKU UTARA HALMAHERA TIMUR,MALUKU_UTARA_HALMAHERA_TIMUR.txt,4.4,Prevention through education,primary_prevention,No,Yes,0.0,1.0,false_positive,f. providing critical education regarding the rights of women and children for the community.,"Within the listed prevention efforts for violence against women and children, the policy explicitly includes providing critical education regarding the rights of women and children for the community, making education an explicit prevention strategy.",Reference only
MALUKU UTARA HALMAHERA TIMUR,MALUKU_UTARA_HALMAHERA_TIMUR.txt,6.1,Women in conflict/disaster areas,intersectional_approach,No,Yes,0.0,1.0,false_positive,"h organizing protection of women especially protection for victims of violence, female workers, elderly women, and women with disabilities, in conflict areas and disaster-affected areas;","The policy explicitly mentions organizing protection of women (including specific subgroups) in conflict areas and disaster-affected areas, indicating special protection measures for women in such situations.",Reference only
MALUKU UTARA HALMAHERA TIMUR,MALUKU_UTARA_HALMAHERA_TIMUR.txt,6.3,Women workers,intersectional_approach,No,Yes,0.0,1.0,false_positive,"h organizing protection of women especially protection for victims of violence, female workers, elderly women, and women with disabilities, in conflict areas and disaster-affected areas;","The policy explicitly lists 'female workers' as a group for whom protection is to be organized, indicating special measures for women workers.",Reference only
MALUKU UTARA HALMAHERA TIMUR,MALUKU_UTARA_HALMAHERA_TIMUR.txt,6.4,Elderly women,intersectional_approach,No,Yes,0.0,1.0,false_positive,"h organizing protection of women especially protection for victims of violence, female workers, elderly women, and women with disabilities, in conflict areas and disaster-affected areas;","The policy explicitly identifies elderly women as a group for whom protection is to be organized, indicating special protection measures targeted at elderly women.",Reference only
MALUKU UTARA HALMAHERA TIMUR,MALUKU_UTARA_HALMAHERA_TIMUR.txt,6.5,People with disability,intersectional_approach,No,Yes,0.0,1.0,false_positive,"h organizing protection of women especially protection for victims of violence, female workers, elderly women, and women with disabilities, in conflict areas and disaster-affected areas;","The policy explicitly includes 'women with disabilities' among groups for whom protection is to be organized, indicating special protection measures targeted at women with disabilities.",Reference only
MALUKU UTARA HALMAHERA TIMUR,MALUKU_UTARA_HALMAHERA_TIMUR.txt,6.11,Domestic workers,intersectional_approach,No,Yes,0.0,1.0,false_positive,"(1) Regional Government is obligated to protect the fulfillment of the rights of child workers in the informal sector.
(2) Child Workers in the informal sector as referred to in paragraph (1) include: a domestic workers;","The policy explicitly includes domestic workers within 'child workers in the informal sector' and states the regional government is obligated to protect fulfillment of their rights, which constitutes a targeted protection measure (for child domestic workers).",Reference only
MALUKU UTARA TERNATE KOTA,MALUKU_UTARA_TERNATE_KOTA.txt,1.8,Human trafficking,scope_of_violence,No,Yes,0.0,1.0,false_positive,"20. Integrated Service Center for Women's Empowerment and Child Protection hereinafter abbreviated as P2TP2A is a form of forum for women's empowerment and child protection based on the community in efforts to fulfill information and needs in the fields of education, health, economy, politics, law, protection and prevention of acts of violence and trafficking against women and children.",The policy explicitly mentions prevention of trafficking against women and children within the scope of the integrated service center’s efforts.,Reference only
MALUKU UTARA TERNATE KOTA,MALUKU_UTARA_TERNATE_KOTA.txt,1.9,Sexual slavery/exploitation,scope_of_violence,Yes,No,1.0,0.0,false_negative,,"While sexual violence is defined and includes forced intercourse and harassment, none of the provided sentences explicitly mention sexual exploitation or sexual slavery.",Reference only
MALUKU UTARA TERNATE KOTA,MALUKU_UTARA_TERNATE_KOTA.txt,2.1,Institutional network,institutional_mechanism,No,Yes,0.0,1.0,false_positive,(1) The implementation of protection for victims is carried out in an integrated manner within the Integrated Service Center for the Empowerment of Women and Children (P2TP2A).,"The policy establishes an integrated institutional mechanism for protection implementation through P2TP2A, indicating a formal coordination structure for service delivery and response.",Reference only
MALUKU UTARA TERNATE KOTA,MALUKU_UTARA_TERNATE_KOTA.txt,2.2,Collaboration with NGOs,institutional_mechanism,No,Yes,0.0,1.0,false_positive,"Assistance is carried out by persons or institutions that have expertise to conduct counseling, therapy, and advocacy for the strengthening and recovery of victims of violence, in cooperation with P2TP2A.","The policy explicitly provides that assistance can be carried out by persons or institutions with relevant expertise in cooperation with P2TP2A, which constitutes a cooperation mechanism with non-government actors/service providers.",Reference only
MALUKU UTARA TERNATE KOTA,MALUKU_UTARA_TERNATE_KOTA.txt,2.5,Training and capacity building,institutional_mechanism,No,Yes,0.0,1.0,false_positive,b. implementing education and guidance on anti-violence and protection for women and children victims of violence;,"The policy requires the Regional Government to implement education and guidance related to anti-violence and protection, which constitutes a form of capacity-building/technical guidance activity supporting implementation.",Reference only
MALUKU UTARA TERNATE KOTA,MALUKU_UTARA_TERNATE_KOTA.txt,4.4,Prevention through education,primary_prevention,No,Yes,0.0,1.0,false_positive,b. implementing education and guidance on anti-violence and protection for women and children victims of violence;,"Education is explicitly listed as part of the Regional Government’s efforts to prevent the occurrence of violence, through education and guidance on anti-violence and protection.",Reference only
NUSA TENGGARA BARAT BIMA,NUSA_TENGGARA_BARAT_BIMA.txt,1.1,Domestic violence,scope_of_violence,Yes,No,1.0,0.0,false_negative,,"The provided sentences discuss violence against women and children generally and define violence broadly, but none explicitly mention domestic violence or violence occurring within the household/intimate partner context.",Reference only
NUSA TENGGARA BARAT BIMA,NUSA_TENGGARA_BARAT_BIMA.txt,1.6,Harmful practices,scope_of_violence,No,Yes,0.0,1.0,false_positive,"f. conducting socialization and education on laws and regulations related to women's empowerment, protection of women and Children, such as prevention of unregistered marriages and the dangers of child marriage;","The policy explicitly references education/socialization on issues including the dangers of child marriage, which is a harmful practice affecting girls.",Reference only
NUSA TENGGARA BARAT BIMA,NUSA_TENGGARA_BARAT_BIMA.txt,1.9,Sexual slavery/exploitation,scope_of_violence,Yes,No,1.0,0.0,false_negative,,"While the policy mentions 'exploitation' in general, the provided sentences do not explicitly refer to sexual exploitation or sexual slavery.",Reference only
NUSA TENGGARA BARAT BIMA,NUSA_TENGGARA_BARAT_BIMA.txt,3.5,Legal assistance,specialised_support_services,Yes,No,1.0,0.0,false_negative,,"The cited sentences list service functions such as complaints, outreach, case management, shelter, mediation, and victim assistance, but they do not explicitly mention legal aid/legal representation/legal counselling as a service unit function.",Reference only
NUSA TENGGARA BARAT BIMA,NUSA_TENGGARA_BARAT_BIMA.txt,4.2,Gender equality education,primary_prevention,No,Yes,0.0,1.0,false_positive,"b. development of materials and implementation of Communication, Information, and Education on gender equality and child protection for families in the region.
c. development of Communication, Information, and Education for the protection of women's rights in the regions.","The policy includes primary prevention-oriented communication, information, and education activities specifically on gender equality (for families) and also provides for communication/information/education related to protection of women's rights.",Reference only
NUSA TENGGARA BARAT BIMA,NUSA_TENGGARA_BARAT_BIMA.txt,4.4,Prevention through education,primary_prevention,No,Yes,0.0,1.0,false_positive,"b. provision of education on the prevention of violence against women in the region;
b. provision of education on prevention of violence against Children requiring special protection in the region;","The policy explicitly identifies education as a strategy for preventing violence, including education on prevention of violence against women and education on prevention of violence against children requiring special protection.",Reference only
NUSA TENGGARA BARAT BIMA,NUSA_TENGGARA_BARAT_BIMA.txt,5.4,Education institutions engagement,stakeholder_engagement,No,Yes,0.0,1.0,false_positive,"Paragraph (2) What is meant by “Working Group” is a discussion forum consisting of stakeholders in the region (regional apparatus, NGOs, the business sector, and higher education institutions) in formulating agreements and/or policies that will be proposed to the regent in the form of recommendations for decision-making.","The policy explicitly includes higher education institutions as stakeholders in a working group/forum involved in formulating agreements and/or policies, indicating engagement of the education sector in implementation/coordination.",Reference only
NUSA TENGGARA BARAT BIMA,NUSA_TENGGARA_BARAT_BIMA.txt,6.4,Elderly women,intersectional_approach,Yes,No,1.0,0.0,false_negative,,"Although the principles mention “the elderly” as a group whose needs/aspirations may differ, the text does not set out any special protection measures specifically targeted at elderly women.",Reference only
NUSA TENGGARA BARAT BIMA,NUSA_TENGGARA_BARAT_BIMA.txt,6.5,People with disability,intersectional_approach,Yes,No,1.0,0.0,false_negative,,"The principles reference disability groups in describing gender equality, but the passages do not specify any special protection measures targeted at women with disabilities or persons with disabilities.",Reference only
NUSA TENGGARA BARAT BIMA,NUSA_TENGGARA_BARAT_BIMA.txt,6.7,Women from minority groups,intersectional_approach,Yes,No,1.0,0.0,false_negative,,"The passages provide general women’s protection measures and non-discrimination principles, but do not mention minority/isolated groups or establish special protection measures specifically targeted at women from such groups.",Reference only
NUSA TENGGARA BARAT BIMA KOTA,NUSA_TENGGARA_BARAT_BIMA_KOTA.txt,2.3,Data collection systems,institutional_mechanism,Yes,No,1.0,0.0,false_negative,,"While the policy mentions building an information system and requires PPT reporting to the Mayor, the provided sentences do not explicitly establish or assign responsibility for a system/entity to collect, document, manage, compile, exchange, or maintain data on violence cases/victims.",Reference only
NUSA TENGGARA BARAT BIMA KOTA,NUSA_TENGGARA_BARAT_BIMA_KOTA.txt,4.2,Gender equality education,primary_prevention,No,Yes,0.0,1.0,false_positive,"Forms of prevention of violence against women carried out by PPT, can be implemented through: Socialization activities of Laws and Regulations to the community related to the protection of women's rights; and Training of PPT members related to the implementation of their duties in preventing violence against women.
the implementation of independent socialization of women's rights;","The policy includes primary prevention activities that involve socialization to the community related to the protection of women's rights, and it also references community participation through independent socialization of women's rights, which constitutes education/awareness-raising on women's rights.",Reference only
NUSA TENGGARA BARAT DOMPU,NUSA_TENGGARA_BARAT_DOMPU.txt,2.4,Gender mainstreaming institutionalisation,institutional_mechanism,Yes,No,1.0,0.0,false_negative,,"While the policy references principles such as ""justice and gender equality,"" the provided sentences do not establish or require gender mainstreaming as an institutional mechanism for implementing women’s protection/VAW policies and programs.",Reference only
NUSA TENGGARA BARAT DOMPU,NUSA_TENGGARA_BARAT_DOMPU.txt,6.5,People with disability,intersectional_approach,No,Yes,0.0,1.0,false_positive,"j. Children with Disabilities;
l. fulfillment of special needs for children with disabilities and children experiencing psychosocial problems;
l. provision of accessibility, especially for children with disabilities;","The policy includes disability-specific measures within special protection for children (children with disabilities; fulfillment of special needs for children with disabilities; accessibility provisions), indicating special protection measures targeted at people with disabilities (at least for children).",Reference only
NUSA TENGGARA BARAT DOMPU,NUSA_TENGGARA_BARAT_DOMPU.txt,6.10,Refugee/forced displacement,intersectional_approach,No,Yes,0.0,1.0,false_positive,"(1) Special Protection for Children in Emergency Situations as referred to in Article 38 paragraph (2) letter a, shall be provided to:
a. Children who become refugees;","The policy provides special protection for children in emergency situations including “Children who become refugees,” which constitutes a special protection measure targeted at refugees/forced displacement (at least for children).",Reference only
NUSA TENGGARA BARAT LOMBOK TENGAH,NUSA_TENGGARA_BARAT_LOMBOK_TENGAH.txt,1.6,Harmful practices,scope_of_violence,No,Yes,0.0,1.0,false_positive,preventing children from child marriage;,"The policy explicitly includes prevention of child marriage, a harmful practice affecting girls.",Reference only
NUSA TENGGARA BARAT LOMBOK TENGAH,NUSA_TENGGARA_BARAT_LOMBOK_TENGAH.txt,1.8,Human trafficking,scope_of_violence,No,Yes,0.0,1.0,false_positive,"i. Children victims of kidnapping, sale, and/or trafficking;","The policy explicitly includes children who are victims of kidnapping, sale, and/or trafficking, directly addressing trafficking.",Reference only
NUSA TENGGARA BARAT LOMBOK TENGAH,NUSA_TENGGARA_BARAT_LOMBOK_TENGAH.txt,2.4,Gender mainstreaming institutionalisation,institutional_mechanism,No,Yes,0.0,1.0,false_positive,"Quality of Life of Women includes, Institutionalization of PUG at government institutions at the regency/city Region level.","The policy’s explanatory section explicitly mentions the institutionalization of PUG (gender mainstreaming) at government institutions at the regency/city level, indicating gender mainstreaming as an institutional mechanism.",Reference only
NUSA TENGGARA BARAT LOMBOK TENGAH,NUSA_TENGGARA_BARAT_LOMBOK_TENGAH.txt,3.8,Religious/spiritual counselling,specialised_support_services,Yes,No,1.0,0.0,false_negative,,"None of the provided sentences mention religious or spiritual counselling, faith-based guidance, or similar services for victims.",Reference only
NUSA TENGGARA BARAT LOMBOK TENGAH,NUSA_TENGGARA_BARAT_LOMBOK_TENGAH.txt,4.1,Information and education about VAW,primary_prevention,Yes,No,1.0,0.0,false_negative,,"The cited passages define violence against women and describe prevention/protection efforts generally, but they do not specify information/awareness/communication/education activities explicitly focused on violence against women or anti-violence values as a preventive measure. Education/socialization mentioned is oriented to women’s rights/equality or child protection rather than VAW-specific prevention.",Reference only
NUSA TENGGARA BARAT LOMBOK TENGAH,NUSA_TENGGARA_BARAT_LOMBOK_TENGAH.txt,4.2,Gender equality education,primary_prevention,No,Yes,0.0,1.0,false_positive,"a. understanding and awareness of women's basic rights,
c. fostering awareness in women about equality and their position.
(3) Guidance as referred to in paragraph (2), is conducted in the form of education, socialization, and advocacy.","The policy includes awareness-raising content on women’s basic rights and equality, and states that such guidance is implemented through education, socialization, and advocacy, which constitutes primary prevention education on gender equality/women’s rights.",Reference only
NUSA TENGGARA BARAT LOMBOK TENGAH,NUSA_TENGGARA_BARAT_LOMBOK_TENGAH.txt,5.3,Traditional/cultural engagement,stakeholder_engagement,No,Yes,0.0,1.0,false_positive,"c. conducting evaluations of village regulations, school regulations and/or awig-awig that encourage the occurrence of violence and child vulnerability.
Strengthening the institutional capacity of child protection and empowerment and education units as referred to in paragraph (1) letter a is carried out through local government policy intervention toward improving the knowledge and skills of law enforcement officers, village apparatus, KUA officers, traditional stakeholders, extension workers and teachers.","The policy references evaluation of awig-awig (customary rules) and includes traditional stakeholders in capacity strengthening, demonstrating engagement with customary/community mechanisms and traditional actors in implementation and prevention.",Reference only
NUSA TENGGARA BARAT LOMBOK TENGAH,NUSA_TENGGARA_BARAT_LOMBOK_TENGAH.txt,6.1,Women in conflict/disaster areas,intersectional_approach,No,Yes,0.0,1.0,false_positive,"d. efforts to protect women in disaster situations.
Efforts for the Protection of Women in disaster situations as referred to in Article 9 letter d, shall be implemented through:
b. provision of women-friendly facilities at disaster evacuation sites.",The policy explicitly includes protection for women in disaster situations and specifies implementation measures such as health services and women-friendly facilities at evacuation sites.,Reference only
NUSA TENGGARA BARAT LOMBOK TENGAH,NUSA_TENGGARA_BARAT_LOMBOK_TENGAH.txt,6.3,Women workers,intersectional_approach,No,Yes,0.0,1.0,false_positive,"b. fulfillment of the right to obtain paid leave including maternity leave, and",The policy includes a measure related to employment rights—paid leave including maternity leave—indicating protection/special measures relevant to women as workers/employees.,Reference only
NUSA TENGGARA BARAT LOMBOK TENGAH,NUSA_TENGGARA_BARAT_LOMBOK_TENGAH.txt,6.5,People with disability,intersectional_approach,No,Yes,0.0,1.0,false_positive,"i. facilitate the needs of Victims with Disabilities,","The policy includes disability-related measures through the service unit’s duty to facilitate the needs of victims with disabilities, which constitutes a special measure for people with disabilities (including women with disabilities as victims).",Reference only
NUSA TENGGARA BARAT LOMBOK TENGAH,NUSA_TENGGARA_BARAT_LOMBOK_TENGAH.txt,6.6,Women heads of household,intersectional_approach,No,Yes,0.0,1.0,false_positive,"g. developing innovative methods through assistance and/or facilitation that are more effective for pre-prosperous families, and developing programs and activities in efforts to reduce poverty rates for pre-prosperous families and women who serve as heads of families.","The policy explicitly references programs/activities aimed at reducing poverty for women who serve as heads of families, indicating targeted measures for women heads of household.",Reference only
NUSA TENGGARA BARAT LOMBOK TENGAH,NUSA_TENGGARA_BARAT_LOMBOK_TENGAH.txt,6.10,Refugee/forced displacement,intersectional_approach,No,Yes,0.0,1.0,false_positive,a. Children who become refugees;,"The policy includes refugees within the definition of children in emergency situations, indicating special protection coverage for refugee/forced displacement situations (at least for children).",Reference only
NUSA TENGGARA BARAT LOMBOK TENGAH,NUSA_TENGGARA_BARAT_LOMBOK_TENGAH_v2.txt,1.1,Domestic violence,scope_of_violence,Yes,No,1.0,0.0,false_negative,,"The provided sentences discuss violence against women and children generally and define violence, but none explicitly mention domestic violence or violence within the household/family context as a specific category.",Reference only
NUSA TENGGARA BARAT LOMBOK TENGAH,NUSA_TENGGARA_BARAT_LOMBOK_TENGAH_v2.txt,1.8,Human trafficking,scope_of_violence,No,Yes,0.0,1.0,false_positive,"i. Children who are victims of kidnapping, sale, and/or trafficking,","The policy explicitly includes children who are victims of ""kidnapping, sale, and/or trafficking,"" which covers trafficking in persons.",Reference only
NUSA TENGGARA BARAT LOMBOK TENGAH,NUSA_TENGGARA_BARAT_LOMBOK_TENGAH_v2.txt,2.3,Data collection systems,institutional_mechanism,Yes,No,1.0,0.0,false_negative,,"The candidate sentences mention strengthening data and information systems in general terms, but they do not explicitly establish or assign responsibility for a system/entity to collect, record, manage, compile, exchange, or maintain data specifically on violence against women, victims, or cases.",Reference only
NUSA TENGGARA BARAT LOMBOK TENGAH,NUSA_TENGGARA_BARAT_LOMBOK_TENGAH_v2.txt,2.4,Gender mainstreaming institutionalisation,institutional_mechanism,No,Yes,0.0,1.0,false_positive,a. Institutionalization of PUG in government institutions at the regency/city Regional level.,"The policy text explicitly references the institutionalization of PUG (gender mainstreaming) in government institutions at the regency/city level, indicating gender mainstreaming as an institutional mechanism.",Reference only
NUSA TENGGARA BARAT LOMBOK TENGAH,NUSA_TENGGARA_BARAT_LOMBOK_TENGAH_v2.txt,4.1,Information and education about VAW,primary_prevention,Yes,No,1.0,0.0,false_negative,,"The retrieved sentences define violence against women and describe general prevention/protection efforts, but they do not explicitly include information/awareness/communication/education activities specifically about violence against women or anti-violence values as a preventive measure. The only explicit education/socialization provisions shown relate to women’s empowerment (rights/equality) or child protection, not VAW-specific awareness/education.",Reference only
NUSA TENGGARA BARAT LOMBOK TENGAH,NUSA_TENGGARA_BARAT_LOMBOK_TENGAH_v2.txt,4.3,VAW laws awareness,primary_prevention,Yes,No,1.0,0.0,false_negative,,"While the text references laws and obligations in an explanatory section and mentions providing information about victims’ rights, the retrieved sentences do not describe any primary prevention activity that provides public information or education specifically about VAW laws and policies.",Reference only
NUSA TENGGARA BARAT LOMBOK TENGAH,NUSA_TENGGARA_BARAT_LOMBOK_TENGAH_v2.txt,4.4,Prevention through education,primary_prevention,No,Yes,0.0,1.0,false_positive,"a. socialization and education about the importance of Child Protection,
(2) Increasing awareness and attitudes of children related to the right to receive Protection as referred to in paragraph (1) letter a is carried out through regional government policy intervention towards optimizing the implementation of child Protection in education at schools.","The policy explicitly links prevention to education strategies, including socialization and education about the importance of child protection and optimizing child protection implementation in education at schools, which are framed within prevention measures against violence/child vulnerability.",Reference only
NUSA TENGGARA BARAT LOMBOK TENGAH,NUSA_TENGGARA_BARAT_LOMBOK_TENGAH_v2.txt,5.2,Religious engagement,stakeholder_engagement,No,Yes,0.0,1.0,false_positive,"a. strengthening understanding and the role of parents, families, social/community organizations, schools, Islamic boarding schools and other stakeholders in Child Protection efforts,","The policy explicitly references Islamic boarding schools as actors whose understanding and role are to be strengthened in child protection efforts, indicating engagement of faith-based education/religious actors in prevention/implementation.",Reference only
NUSA TENGGARA BARAT LOMBOK TENGAH,NUSA_TENGGARA_BARAT_LOMBOK_TENGAH_v2.txt,5.3,Traditional/cultural engagement,stakeholder_engagement,No,Yes,0.0,1.0,false_positive,"c. conducting evaluations of village regulations, school regulations and/or awig-awig that encourage the occurrence of violence and child vulnerability.
Strengthening the institutional capacity of child protection and empowerment and education units as referred to in paragraph (1) letter a is carried out through local government policy intervention towards increasing the knowledge and skills of law enforcement officers, village apparatus, KUA officers, traditional stakeholders, extension workers and teachers.","The policy references evaluation of awig-awig (customary rules) and includes traditional stakeholders in capacity strengthening, showing engagement with customary/community mechanisms and traditional actors in implementation and prevention.",Reference only
NUSA TENGGARA BARAT LOMBOK TENGAH,NUSA_TENGGARA_BARAT_LOMBOK_TENGAH_v2.txt,6.3,Women workers,intersectional_approach,No,Yes,0.0,1.0,false_positive,"b. fulfillment of the right to obtain paid leave including maternity leave, and","The policy includes fulfillment of the right to obtain paid leave including maternity leave, which is a protection/special measure relevant to women as workers/employees.",Reference only
NUSA TENGGARA BARAT LOMBOK TENGAH,NUSA_TENGGARA_BARAT_LOMBOK_TENGAH_v2.txt,6.6,Women heads of household,intersectional_approach,No,Yes,0.0,1.0,false_positive,"g. developing innovative methods through assistance and/or facilitation that are more effective for underprivileged families, and developing programs and activities in efforts to reduce poverty rates for underprivileged families and women who serve as heads of families.","The policy explicitly references programs/activities aimed at reducing poverty rates for underprivileged families and women who serve as heads of families, indicating targeted support for women heads of households.",Reference only
NUSA TENGGARA BARAT LOMBOK TENGAH,NUSA_TENGGARA_BARAT_LOMBOK_TENGAH_v2.txt,6.10,Refugee/forced displacement,intersectional_approach,No,Yes,0.0,1.0,false_positive,a. Children who become refugees;,"The policy includes refugees within the definition of children in emergency situations, indicating special protection coverage for refugee/forced displacement situations (at least for children).",Reference only
NUSA TENGGARA BARAT LOMBOK UTARA,NUSA_TENGGARA_BARAT_LOMBOK_UTARA.txt,1.6,Harmful practices,scope_of_violence,No,Yes,0.0,1.0,false_positive,preventing the occurrence of marriage at an early age;,The policy explicitly addresses a harmful practice by assigning families/parents responsibility for preventing early-age marriage.,Reference only
NUSA TENGGARA BARAT LOMBOK UTARA,NUSA_TENGGARA_BARAT_LOMBOK_UTARA.txt,2.4,Gender mainstreaming institutionalisation,institutional_mechanism,No,Yes,0.0,1.0,false_positive,(2) 	The provisions referred to in paragraph (1) shall be implemented in the form of gender mainstreaming in every policy and community life.,"The policy explicitly requires that the gender-just social system provisions be implemented in the form of gender mainstreaming in every policy and community life, establishing gender mainstreaming as an institutional mechanism.",Reference only
NUSA TENGGARA BARAT LOMBOK UTARA,NUSA_TENGGARA_BARAT_LOMBOK_UTARA.txt,4.4,Prevention through education,primary_prevention,No,Yes,0.0,1.0,false_positive,"c. 	providing education on the dangers of domestic Violence;
c. conducting education on the prevention of Violence against Women and Children;","Education is explicitly included as a prevention strategy, including providing education on the dangers of domestic violence and conducting education on preventing violence against women and children.",Reference only
NUSA TENGGARA BARAT MATARAM KOTA,NUSA_TENGGARA_BARAT_MATARAM_KOTA.txt,3.8,Religious/spiritual counselling,specialised_support_services,Yes,No,1.0,0.0,false_negative,,"Although the policy mentions a 'mental and spiritual' field in service implementation categories, the candidate sentences do not explicitly provide religious/spiritual counselling, guidance, or faith-based mentoring as a service for victims.",Reference only
NUSA TENGGARA TIMUR MANGGARAI,NUSA_TENGGARA_TIMUR_MANGGARAI.txt,1.9,Sexual slavery/exploitation,scope_of_violence,Yes,No,1.0,0.0,false_negative,,"While the policy mentions sexual violence and exploitation generally, the provided text does not explicitly address sexual exploitation (as such) or sexual slavery; exploitation is described without specifying sexual exploitation or slavery.",Reference only
NUSA TENGGARA TIMUR MANGGARAI,NUSA_TENGGARA_TIMUR_MANGGARAI.txt,4.4,Prevention through education,primary_prevention,No,Yes,0.0,1.0,false_positive,"(1) The Regional Government has the duty to undertake prevention, handling and recovery efforts for victims of violence against Women and Children, by:
b. providing education on anti-violence values towards women and children;","Education is explicitly listed as part of the Regional Government’s prevention duties, including providing education on anti-violence values toward women and children as part of prevention, handling, and recovery efforts for victims of violence against women and children.",Reference only
NUSA TENGGARA TIMUR MANGGARAI,NUSA_TENGGARA_TIMUR_MANGGARAI.txt,5.6,Media engagement,stakeholder_engagement,No,Yes,0.0,1.0,false_positive,"Letter a Socialization is carried out, among others, through radio advertisements and newspapers as well as the installation of pamphlets/billboards/stickers.","The policy’s elucidation specifies socialization through radio advertisements and newspapers, which explicitly involves media channels as part of prevention/awareness activities.",Reference only
NUSA TENGGARA TIMUR MANGGARAI,NUSA_TENGGARA_TIMUR_MANGGARAI.txt,6.3,Women workers,intersectional_approach,Yes,No,1.0,0.0,false_negative,,"Although the definition of “Victim” includes “a woman, including female workers,” the candidate sentences do not set out any protection or special measures specifically targeted at women workers as a distinct group; protections described are framed generally for women and children victims of violence.",Reference only
NUSA TENGGARA TIMUR MANGGARAI BARAT,NUSA_TENGGARA_TIMUR_MANGGARAI_BARAT.txt,1.9,Sexual slavery/exploitation,scope_of_violence,Yes,No,1.0,0.0,false_negative,,"The provided sentences define sexual violence and mention commercial purposes in that definition, but they do not explicitly address sexual exploitation or sexual slavery as distinct concepts.",Reference only
NUSA TENGGARA TIMUR MANGGARAI BARAT,NUSA_TENGGARA_TIMUR_MANGGARAI_BARAT.txt,4.4,Prevention through education,primary_prevention,No,Yes,0.0,1.0,false_positive,"(1) The Regional Government is responsible for implementing prevention efforts against the occurrence of violence in the form of:
b. Conducting education on anti-violence values towards women and children;","Education is explicitly listed as part of the regional government’s prevention efforts against the occurrence of violence, specifically through conducting education on anti-violence values toward women and children.",Reference only
NUSA TENGGARA TIMUR SIKKA,NUSA_TENGGARA_TIMUR_SIKKA.txt,4.3,VAW laws awareness,primary_prevention,No,Yes,0.0,1.0,false_positive,c. Conducting socialization of laws and regulations related to the implementation of protection for women and children victims of violence;,"The policy explicitly includes socialization (public dissemination/awareness) of laws and regulations related to implementing protection for women and children victims of violence, which constitutes education/awareness about relevant VAW-related laws and policies.",Reference only
NUSA TENGGARA TIMUR SIKKA,NUSA_TENGGARA_TIMUR_SIKKA.txt,7.2,National government budget,budget_funding_sources,No,Yes,0.0,1.0,false_positive,"In addition, with adequate funding support both from the Central Government, the Regional Government as well as the participation of the business community and society, it is hoped that violence against women and children can be reduced and even in time will be eliminated from the face of this beloved Sikka land.","The policy explicitly mentions funding support from the Central Government, which indicates a national government budget/source.",Reference only
NUSA TENGGARA TIMUR TIMOR TENGAH UTARA,NUSA_TENGGARA_TIMUR_TIMOR_TENGAH_UTARA.txt,1.1,Domestic violence,scope_of_violence,No,Yes,0.0,1.0,false_positive,"b. prevention of violence against women; and
c. strengthening and development of institutions providing protection services for women victims of violence;","The policy includes provisions on preventing violence against women and strengthening institutions providing protection services for women victims of violence, which encompasses domestic violence even if not named explicitly.",Reference only
NUSA TENGGARA TIMUR TIMOR TENGAH UTARA,NUSA_TENGGARA_TIMUR_TIMOR_TENGAH_UTARA.txt,3.3,Reporting/hotline service,specialised_support_services,No,Yes,0.0,1.0,false_positive,d. providing counseling to immediately report to local authorities if Violence against women occurs;,"The policy includes a mechanism encouraging immediate reporting of violence against women to local authorities, indicating a reporting/complaints pathway.",Reference only
NUSA TENGGARA TIMUR TIMOR TENGAH UTARA,NUSA_TENGGARA_TIMUR_TIMOR_TENGAH_UTARA.txt,3.5,Legal assistance,specialised_support_services,No,Yes,0.0,1.0,false_positive,"b. facilitating access and legal consultation services.
b. facilitating paralegal training on a regular basis.","The policy includes facilitating access and legal consultation services and supports service institutions through paralegal training, indicating provision of legal assistance-related services.",Reference only
NUSA TENGGARA TIMUR TIMOR TENGAH UTARA,NUSA_TENGGARA_TIMUR_TIMOR_TENGAH_UTARA.txt,3.6,Health/medical services,specialised_support_services,No,Yes,0.0,1.0,false_positive,"(1) The Hospital Director has the authority to establish a Hospital PUG Focal Point.
(1) The Head of the Community Health Center has the authority to establish the Puskesmas PUG Focal Point.","The policy references institutional arrangements within hospitals and community health centers (Puskesmas), indicating the existence of health-sector service units relevant to providing medical services.",Reference only
NUSA TENGGARA TIMUR TIMOR TENGAH UTARA,NUSA_TENGGARA_TIMUR_TIMOR_TENGAH_UTARA.txt,3.7,Psychosocial counselling,specialised_support_services,No,Yes,0.0,1.0,false_positive,a. as service institutions in prevention and counseling;,"The policy establishes family learning centers that function as service institutions for prevention and counseling, which constitutes psychosocial/psychological counseling support.",Reference only
NUSA TENGGARA TIMUR TIMOR TENGAH UTARA,NUSA_TENGGARA_TIMUR_TIMOR_TENGAH_UTARA.txt,3.9,Resocialisation services,specialised_support_services,No,Yes,0.0,1.0,false_positive,"b. as a referral liaison point as a solution for child and family problems;
c. strengthening family capacity in nurturing and protecting children;","Family learning centers are described as referral liaison points for solving child and family problems and strengthening family capacity, which aligns with rehabilitation/reintegration (resocialisation) support functions.",Reference only
NUSA TENGGARA TIMUR TIMOR TENGAH UTARA,NUSA_TENGGARA_TIMUR_TIMOR_TENGAH_UTARA.txt,3.10,Economic support,specialised_support_services,No,Yes,0.0,1.0,false_positive,"a. provision of skills and job training;
d. facilitation and capital assistance; and","The policy provides for women’s economic empowerment through skills/job training and capital assistance, which are forms of economic support that can promote economic security and independence.",Reference only
NUSA TENGGARA TIMUR TIMOR TENGAH UTARA,NUSA_TENGGARA_TIMUR_TIMOR_TENGAH_UTARA.txt,4.3,VAW laws awareness,primary_prevention,Yes,No,1.0,0.0,false_negative,,"While the policy mentions counseling/socialization about violence against women and general legal awareness services, none of the provided sentences explicitly indicate education or information about specific VAW laws or policies.",Reference only
NUSA TENGGARA TIMUR TIMOR TENGAH UTARA,NUSA_TENGGARA_TIMUR_TIMOR_TENGAH_UTARA.txt,5.4,Education institutions engagement,stakeholder_engagement,No,Yes,0.0,1.0,false_positive,"(5) Implementation of Gender analysis on RPJMD and Regional Apparatus Strategic Plan may cooperate with Higher Education institutions or other parties that have capability in their field.
b) representatives from higher education institutions, a maximum of 5 (five) persons;",The policy explicitly involves higher education institutions by allowing cooperation with them for gender analysis implementation and by including representatives from higher education institutions in the PUG Working Group technical team.,Reference only
PAPUA BARAT DAYA SORONG,PAPUA_BARAT_DAYA_SORONG.txt,1.9,Sexual slavery/exploitation,scope_of_violence,Yes,No,1.0,0.0,false_negative,,The candidate sentences do not explicitly mention sexual exploitation or sexual slavery; references to trafficking are general and do not specify sexual exploitation/slavery.,Reference only
PAPUA BARAT DAYA SORONG,PAPUA_BARAT_DAYA_SORONG.txt,3.4,Safety/protection shelter,specialised_support_services,Yes,No,1.0,0.0,false_negative,,"Although the regulation defines a 'Safe House', the provided sentences do not state that any service unit provides or operates such shelter for victims.",Reference only
PAPUA BARAT DAYA SORONG,PAPUA_BARAT_DAYA_SORONG.txt,3.8,Religious/spiritual counselling,specialised_support_services,No,Yes,0.0,1.0,false_positive,d. mental and spiritual;,"The policy includes service implementation in the field of 'mental and spiritual', indicating spiritual/faith-related support is contemplated within service provision.",Reference only
PAPUA BARAT DAYA SORONG,PAPUA_BARAT_DAYA_SORONG.txt,3.10,Economic support,specialised_support_services,No,Yes,0.0,1.0,false_positive,a. independence or empowerment services; and,"The policy explicitly includes 'independence or empowerment services' for victims, which indicates economic empowerment/support measures aimed at promoting independence.",Reference only
PAPUA BARAT DAYA SORONG,PAPUA_BARAT_DAYA_SORONG.txt,5.2,Religious engagement,stakeholder_engagement,Yes,No,1.0,0.0,false_negative,,"The candidate sentences reference 'mental and spiritual' as a service/sector area, but they do not explicitly mention or include religious organizations, religious leaders, clergy, or other faith-based actors in implementation, coordination, prevention, or service delivery.",Reference only
PAPUA BARAT DAYA SORONG,PAPUA_BARAT_DAYA_SORONG.txt,7.4,Other legal sources,budget_funding_sources,Yes,No,1.0,0.0,false_negative,,"While the text references budgets available within SKPD and regional financial capacity, it does not specify any other legal funding sources (e.g., earmarked funds, fines, private sector contributions, grants) as distinct budget sources.",Reference only
PAPUA BARAT DAYA TAMBRAUW,PAPUA_BARAT_DAYA_TAMBRAUW.txt,1.9,Sexual slavery/exploitation,scope_of_violence,Yes,No,1.0,0.0,false_negative,,"While the text mentions trafficking and “exploitation” in general terms, none of the provided sentences explicitly include sexual exploitation or sexual slavery as such.",Reference only
PAPUA BARAT DAYA TAMBRAUW,PAPUA_BARAT_DAYA_TAMBRAUW.txt,3.4,Safety/protection shelter,specialised_support_services,Yes,No,1.0,0.0,false_negative,,"Although the policy defines a 'Safe House' as a temporary residence for protection, the provided sentences do not establish or identify any service unit that actually provides such shelter for victims.",Reference only
PAPUA BARAT DAYA TAMBRAUW,PAPUA_BARAT_DAYA_TAMBRAUW.txt,3.8,Religious/spiritual counselling,specialised_support_services,Yes,No,1.0,0.0,false_negative,,"The sentences reference a 'mental and spiritual' field for implementation by relevant agencies, but they do not explicitly state that victims are provided religious/spiritual counselling, guidance, or faith-based mentoring as a service.",Reference only
PAPUA BARAT DAYA TAMBRAUW,PAPUA_BARAT_DAYA_TAMBRAUW.txt,6.8,Women in legal process,intersectional_approach,No,Yes,0.0,1.0,false_positive,"3. Protect and provide a sense of security for women and children victims of violence, complainants, and witnesses;","The objectives explicitly include protecting women and children victims of violence as well as complainants and witnesses, which covers women involved in the legal process at least in the role of complainants/witnesses.",Reference only
RIAU BENGKALIS,RIAU_BENGKALIS.txt,2.3,Data collection systems,institutional_mechanism,No,Yes,0.0,1.0,false_positive,a. exchange of data and information;,"The policy includes cooperation that covers exchange of data and information, which implicitly addresses data/information management and sharing related to protection efforts (even if it does not detail a standalone data system/entity).",Reference only
RIAU BENGKALIS,RIAU_BENGKALIS.txt,3.8,Religious/spiritual counselling,specialised_support_services,Yes,No,1.0,0.0,false_negative,,"Although implementation fields include 'mental and spiritual,' the cited sentences do not explicitly provide religious or faith-based counseling/guidance as a service for victims; they refer generally to guidance/counseling and psychological recovery without specifying religious/spiritual counseling for victims.",Reference only
RIAU BENGKALIS,RIAU_BENGKALIS.txt,4.4,Prevention through education,primary_prevention,No,Yes,0.0,1.0,false_positive,e. providing knowledge about prevention and mechanisms for handling violence against women and children; and,"The policy includes prevention measures that involve providing knowledge about prevention and mechanisms for handling violence against women and children, indicating education/information provision as part of the prevention strategy.",Reference only
RIAU BENGKALIS,RIAU_BENGKALIS.txt,5.6,Media engagement,stakeholder_engagement,No,Yes,0.0,1.0,false_positive,"d. maintaining the privacy and confidentiality of victims from all parties who have no interest, including reporting by the mass media;","The policy explicitly references mass media in the context of protecting victim privacy/confidentiality, indicating recognition of media as a relevant stakeholder in service-related handling.",Reference only
RIAU BENGKALIS,RIAU_BENGKALIS.txt,6.3,Women workers,intersectional_approach,No,Yes,0.0,1.0,false_positive,"g. receive special protection in the implementation of her work or profession against matters that may threaten safety and/or health in connection with women's reproductive function; and
e. obtain work leave while receiving wages/salary in accordance with statutory regulations;
d. obtain decent work in accordance with her capabilities;","The policy explicitly addresses women in the context of work by recognizing rights related to decent work, work leave with wages/salary, and special protection in the implementation of work/profession connected to reproductive function.",Reference only
RIAU PEKANBARU KOTA,RIAU_PEKANBARU_KOTA.txt,1.1,Domestic violence,scope_of_violence,No,Yes,0.0,1.0,false_positive,"i. optimizing the role of religious institutions, customary institutions, culture, as well as exploring local wisdom in order to prevent and minimize violence against Women occurring both at home and outside the home.","The policy explicitly references violence against women occurring ""both at home and outside the home,"" which covers domestic (home-based) violence.",Reference only
RIAU PEKANBARU KOTA,RIAU_PEKANBARU_KOTA.txt,1.6,Harmful practices,scope_of_violence,No,Yes,0.0,1.0,false_positive,"d. preventing a Female family member from entering into early marriage below the age limit determined by Law; and
e. persuasively inviting Women in the Region not to engage in early marriage;",The policy explicitly addresses early/child marriage by requiring prevention of early marriage below the legal age limit and by urging women not to engage in early marriage.,Reference only
RIAU PEKANBARU KOTA,RIAU_PEKANBARU_KOTA.txt,4.2,Gender equality education,primary_prevention,No,Yes,0.0,1.0,false_positive,"the implementation of policies, programs, and activities to improve family quality to realize gender equality and the protection of the Child in the regions; and the development of materials and the implementation of communication, information, and education on gender equality and the protection of the Child for families in the regions.","The policy explicitly calls for developing materials and implementing communication, information, and education on gender equality (and child protection) for families, which constitutes primary prevention education/awareness-raising on gender equality.",Reference only
RIAU PEKANBARU KOTA,RIAU_PEKANBARU_KOTA.txt,4.4,Prevention through education,primary_prevention,No,Yes,0.0,1.0,false_positive,"a. conducting legal awareness education for the community, especially for women;","The policy explicitly lists “conducting legal awareness education for the community, especially for women” as a means of carrying out preventive efforts to prevent and handle violence, making education an explicit prevention strategy.",Reference only
RIAU PEKANBARU KOTA,RIAU_PEKANBARU_KOTA.txt,6.4,Elderly women,intersectional_approach,Yes,No,1.0,0.0,false_negative,,"The cited passages provide general women’s rights and general protection/service provisions, but none specifically identify elderly women or establish special protection measures targeted to elderly women.",Reference only
RIAU PEKANBARU KOTA,RIAU_PEKANBARU_KOTA.txt,6.6,Women heads of household,intersectional_approach,No,Yes,0.0,1.0,false_positive,providing protection and assistance to develop oneself through improvement of family capabilities and skills; improving access and opportunities to receive information and economic resources through efforts to increase prosperous family income and increase women's economic productivity; and conducting empowerment efforts for women heads of household; and conducting counseling for women which includes:,"The policy explicitly mentions empowerment efforts for women heads of household within guidance measures, indicating targeted support for this group.",Reference only
RIAU PEKANBARU KOTA,RIAU_PEKANBARU_KOTA.txt,6.8,Women in legal process,intersectional_approach,No,Yes,0.0,1.0,false_positive,"Law enforcement and legal aid services are intended to provide assistance and protection to women victims of acts of violence and witnesses with a gender-responsive approach so that victims obtain justice and legal certainty.
Legal enforcement services and legal assistance as referred to in Article 54 letter are actions by law enforcement officials to implement laws and regulations in order to handle cases of violence against Women, especially to impose sanctions on perpetrators and provide protection for witnesses and/or victims.","The policy provides legal aid/enforcement services aimed at assisting and protecting women victims of violence and women witnesses, which are women involved in legal processes. However, the cited text does not address women as suspects/defendants/perpetrators; it does cover women as witnesses/victims.",Reference only
RIAU PEKANBARU KOTA,RIAU_PEKANBARU_KOTA.txt,6.10,Refugee/forced displacement,intersectional_approach,No,Yes,0.0,1.0,false_positive,"Special Protection for Children in emergency situations who become refugees as referred to in Article 169 letter a shall be carried out with the following provisions:
a. for Children who become refugees, it shall be implemented in accordance with the provisions of humanitarian law;","The policy explicitly provides special protection for children in emergency situations who become refugees, including implementation in accordance with humanitarian law, which constitutes targeted measures for refugees/forced displacement (though framed for children).",Reference only
SULAWESI BARAT MAMUJU,SULAWESI_BARAT_MAMUJU.txt,1.2,Sexual violence,scope_of_violence,Yes,No,1.0,0.0,false_negative,,"While the text broadly addresses 'violence against women' and cites a law on sexual violence in the preamble, none of the provided sentences explicitly include or define sexual violence as a form addressed by the policy.",Reference only
SULAWESI BARAT MAMUJU,SULAWESI_BARAT_MAMUJU.txt,1.5,Economic violence,scope_of_violence,No,Yes,0.0,1.0,false_positive,"Empowerment and Protection of women currently needs to receive serious attention from all parties, including attention from the Regional Government, in relation to the existence of phenomena in social and community life that often make women victims of violence and exploitation; they are often positioned as economic objects and are often excluded and/or marginalized in social interaction.","The general elucidation states that women are often positioned as economic objects and are victims of exploitation, which constitutes inclusion of economic exploitation as a relevant form of violence/abuse addressed by the regulation.",Reference only
SULAWESI BARAT MAMUJU,SULAWESI_BARAT_MAMUJU.txt,1.9,Sexual slavery/exploitation,scope_of_violence,Yes,No,1.0,0.0,false_negative,,The candidate sentences mention exploitation in general but do not explicitly refer to sexual exploitation or sexual slavery.,Reference only
SULAWESI BARAT MAMUJU,SULAWESI_BARAT_MAMUJU.txt,1.10,Technology facilitated violence,scope_of_violence,No,Yes,0.0,1.0,false_positive,"i. conducting education and advocacy to owners, managers and/or users of social media;","The prevention measures explicitly include education and advocacy directed at owners/managers/users of social media, indicating the policy addresses violence prevention in digital/social-media contexts (technology-facilitated dimension).",Reference only
SULAWESI BARAT MAMUJU,SULAWESI_BARAT_MAMUJU.txt,2.3,Data collection systems,institutional_mechanism,No,Yes,0.0,1.0,false_positive,c. conduct data collection on case services;,"The policy assigns P2TP2A the duty to conduct data collection on case services, establishing an entity responsible for collecting information related to violence cases and service provision.",Reference only
SULAWESI BARAT MAMUJU,SULAWESI_BARAT_MAMUJU.txt,4.2,Gender equality education,primary_prevention,No,Yes,0.0,1.0,false_positive,"a. providing education regarding women's rights;
c. conducting counseling on improving gender equality in family and community life;","The policy includes educational activities specifically about women’s rights and about improving gender equality in family and community life, which constitute primary prevention through information/education on gender equality and women’s rights.",Reference only
SULAWESI BARAT MAMUJU,SULAWESI_BARAT_MAMUJU.txt,6.7,Women from minority groups,intersectional_approach,No,Yes,0.0,1.0,false_positive,k. women in situations of intolerance; and,"The policy explicitly includes “women in situations of intolerance” as a vulnerable group, which constitutes a form of targeted recognition of women facing minority-related or intolerance-based vulnerability.",Reference only
SULAWESI BARAT PASANGKAYU,SULAWESI_BARAT_PASANGKAYU.txt,3.1,Integrated service unit,specialised_support_services,Yes,No,1.0,0.0,false_negative,,"The cited provisions describe multiple services (medical personnel, special rooms at police offices, safe houses, shelter authority, and coordination), but none explicitly establishes an integrated service unit/center as a defined unit for women victims of violence.",Reference only
SULAWESI BARAT PASANGKAYU,SULAWESI_BARAT_PASANGKAYU.txt,3.9,Resocialisation services,specialised_support_services,Yes,No,1.0,0.0,false_negative,,"While the policy mentions counseling, mentoring, training, and general guidance for women and children, the cited sentences do not explicitly describe resocialisation/rehabilitation/reintegration services for victims as a distinct service unit or program.",Reference only
SULAWESI BARAT PASANGKAYU,SULAWESI_BARAT_PASANGKAYU.txt,4.4,Prevention through education,primary_prevention,No,Yes,0.0,1.0,false_positive,"b. socialization, seminars or workshops;","The policy explicitly includes educational-type activities (socialization, seminars, or workshops) as part of prevention efforts against violence against children, indicating education is used as a prevention strategy (at least for children).",Reference only
SULAWESI BARAT PASANGKAYU,SULAWESI_BARAT_PASANGKAYU.txt,5.4,Education institutions engagement,stakeholder_engagement,No,Yes,0.0,1.0,false_positive,"Seminar or workshop activities can be carried out by Universities, NGOs or other institutions that handle Child protection.","The policy explicitly states that seminar or workshop activities can be carried out by universities, indicating engagement of education institutions in prevention/capacity-building activities.",Reference only
SULAWESI BARAT PASANGKAYU,SULAWESI_BARAT_PASANGKAYU.txt,6.5,People with disability,intersectional_approach,No,Yes,0.0,1.0,false_positive,b. special needs for Children with disabilities and Children experiencing psychosocial disorders.,"The policy explicitly provides special protection in disaster/riot contexts for 'Children with disabilities' as a special-needs group, indicating disability-targeted special protection measures (though framed for children rather than women).",Reference only
SULAWESI SELATAN BULUKUMBA,SULAWESI_SELATAN_BULUKUMBA.txt,1.8,Human trafficking,scope_of_violence,No,Yes,0.0,1.0,false_positive,"h. children victims of kidnapping, sale, and/or trafficking;","The policy explicitly includes children who are victims of kidnapping, sale, and/or trafficking, which directly addresses trafficking in persons.",Reference only
SULAWESI SELATAN BULUKUMBA,SULAWESI_SELATAN_BULUKUMBA.txt,4.3,VAW laws awareness,primary_prevention,Yes,No,1.0,0.0,false_negative,,"The candidate sentences mention education and information provision for violence prevention in general, but they do not specify activities that provide information or education about laws and policies on violence against women.",Reference only
SULAWESI SELATAN BULUKUMBA,SULAWESI_SELATAN_BULUKUMBA.txt,5.2,Religious engagement,stakeholder_engagement,Yes,No,1.0,0.0,false_negative,,"The candidate sentences mention a government field of 'religious affairs' within the Task Force membership, but they do not explicitly include religious organizations/leaders/faith-based actors in service delivery, prevention, coordination, or implementation.",Reference only
SULAWESI SELATAN BULUKUMBA,SULAWESI_SELATAN_BULUKUMBA.txt,6.3,Women workers,intersectional_approach,Yes,No,1.0,0.0,false_negative,,"While the policy references creating a safe work environment atmosphere for women and includes manpower as a task force field, it does not explicitly identify women workers/employees as a specific target group for protection or special measures.",Reference only
SULAWESI SELATAN BULUKUMBA,SULAWESI_SELATAN_BULUKUMBA.txt,6.4,Elderly women,intersectional_approach,Yes,No,1.0,0.0,false_negative,,"The policy references “the elderly” only within a general description of vulnerable groups/special treatment principles, without specifying special protection measures targeted at elderly women.",Reference only
SULAWESI SELATAN BULUKUMBA,SULAWESI_SELATAN_BULUKUMBA.txt,6.7,Women from minority groups,intersectional_approach,Yes,No,1.0,0.0,false_negative,,Minority/isolated groups are referenced only for children (special protection for children from minority and isolated groups) and in general principles; there are no special protection measures specifically targeted at women from minority or isolated groups.,Reference only
SULAWESI SELATAN LUWU TIMUR,SULAWESI_SELATAN_LUWU_TIMUR.txt,1.5,Economic violence,scope_of_violence,Yes,No,1.0,0.0,false_negative,,"While the policy mentions economic independence services for victims, the provided sentences do not define or explicitly include economic violence, economic exploitation, or domestic neglect as a form of violence.",Reference only
SULAWESI SELATAN LUWU TIMUR,SULAWESI_SELATAN_LUWU_TIMUR.txt,4.4,Prevention through education,primary_prevention,No,Yes,0.0,1.0,false_positive,b. conducting education about anti-violence values toward women;,"Education is explicitly listed as part of prevention, specifically through conducting education about anti-violence values toward women.",Reference only
SULAWESI SELATAN LUWU TIMUR,SULAWESI_SELATAN_LUWU_TIMUR.txt,7.2,National government budget,budget_funding_sources,No,Yes,0.0,1.0,false_positive,"-12- (2) In the event that the Region receives funding assistance from the Government for the implementation of policies, programs and activities for Women's Empowerment and Protection, such funding assistance shall be implemented in accordance with the laws and regulations.
1. Government is the Central Government.","The policy provides for the possibility of receiving funding assistance from the Government, and it defines 'Government' as the Central Government, indicating a national government funding source.",Reference only
SULAWESI SELATAN LUWU TIMUR,SULAWESI_SELATAN_LUWU_TIMUR_v2.txt,1.9,Sexual slavery/exploitation,scope_of_violence,Yes,No,1.0,0.0,false_negative,,"While sexual harm is referenced in general definitions, the provided sentences do not explicitly include sexual exploitation or sexual slavery as a form of violence.",Reference only
SULAWESI SELATAN LUWU TIMUR,SULAWESI_SELATAN_LUWU_TIMUR_v2.txt,4.4,Prevention through education,primary_prevention,No,Yes,0.0,1.0,false_positive,"(1) In the protection of women, prevention of violence is carried out.
b. providing education on the dangers of violence against women;",The policy explicitly frames prevention of violence as part of women’s protection and specifies providing education on the dangers of violence against women as a prevention method.,Reference only
SULAWESI SELATAN PALOPO KOTA,SULAWESI_SELATAN_PALOPO_KOTA.txt,1.6,Harmful practices,scope_of_violence,No,Yes,0.0,1.0,false_positive,c. preventing marriage at child age;,"The policy explicitly includes prevention of marriage at child age, which is a harmful practice affecting girls.",Reference only
SULAWESI SELATAN PALOPO KOTA,SULAWESI_SELATAN_PALOPO_KOTA.txt,5.3,Traditional/cultural engagement,stakeholder_engagement,No,Yes,0.0,1.0,false_positive,"13. Implementer is a government institution as well as social institutions, religious institutions, customary institutions, in accordance with their respective duties and functions, including providing facilities needed for victim recovery.
Paragraph (1) Letter a Sufficiently clear Letter b Sufficiently clear Letter c Sufficiently clear Letter d What is meant by non-governmental institutions includes; customary institutions, religious institutions, social institutions, NGOs, the National Commission on Human Rights, the National Commission on Violence Against Women, the Commission for Child Protection, the Witness and Victim Protection Agency, including community leaders, customary leaders, religious leaders and other parties desired by the victim.","The policy includes customary institutions as implementers and clarifies that non-governmental institutions include customary institutions and customary leaders, indicating engagement of traditional/customary actors in implementation/cooperation.",Reference only
SULAWESI SELATAN PALOPO KOTA,SULAWESI_SELATAN_PALOPO_KOTA.txt,5.4,Education institutions engagement,stakeholder_engagement,No,Yes,0.0,1.0,false_positive,"f. build networks and cooperation with law enforcement apparatus, government apparatus, universities and various non-governmental organizations that work and/or care for women and children victims of violence.
c. education;","The policy explicitly mentions cooperation with universities and assigns prevention implementation to regional agencies in the education field, demonstrating engagement of education institutions/sector in prevention and coordination.",Reference only
SULAWESI SELATAN PALOPO KOTA,SULAWESI_SELATAN_PALOPO_KOTA.txt,6.1,Women in conflict/disaster areas,intersectional_approach,Yes,No,1.0,0.0,false_negative,,"The text defines “victim” as including women and children in conflict and post-conflict situations, but the only explicit “special protection” described is for children in various emergency/conflict-related categories. No candidate sentence specifies special protection measures targeted specifically at women in conflict, disaster, emergency, or displacement situations.",Reference only
SULAWESI SELATAN TANA TORAJA,SULAWESI_SELATAN_TANA_TORAJA.txt,1.6,Harmful practices,scope_of_violence,No,Yes,0.0,1.0,false_positive,3. prevent the occurrence of marriage at the age of a child (child marriage); and,The policy explicitly addresses a harmful practice by requiring prevention of child marriage.,Reference only
SULAWESI SELATAN TANA TORAJA,SULAWESI_SELATAN_TANA_TORAJA.txt,1.10,Technology facilitated violence,scope_of_violence,No,Yes,0.0,1.0,false_positive,"Every operator of internet service business, play station and types of children's games based on information and communication technology is obligated to manage and design child-friendly places.
locally block sites containing elements of pornography and pornographic acts; and limit visiting hours and supervise the use of existing facilities.","The policy explicitly addresses ICT-related risks by regulating internet/ICT-based gaming businesses and requiring local blocking of pornography-related sites, indicating attention to technology-facilitated sexual harm.",Reference only
SULAWESI SELATAN TANA TORAJA,SULAWESI_SELATAN_TANA_TORAJA.txt,4.4,Prevention through education,primary_prevention,No,Yes,0.0,1.0,false_positive,"building complaint and service units regarding violence against women at the sub-district, village and/or Lembang level; and campaigns for awareness, socialization and education to the community regarding the protection and empowerment of women.
4. incorporating local content material on children's rights and the elimination of violence against children as teaching material in teaching and learning activities in early childhood education institutions up to the Senior High School level;","The policy includes education as part of prevention strategies, including community awareness/socialization/education to prevent violence against women and incorporating teaching materials on eliminating violence against children in schools.",Reference only
SULAWESI SELATAN TANA TORAJA,SULAWESI_SELATAN_TANA_TORAJA.txt,5.3,Traditional/cultural engagement,stakeholder_engagement,Yes,No,1.0,0.0,false_negative,,"The excerpts refer generally to “community,” “community organizations,” and “community leaders” in institutional membership, but do not explicitly or implicitly identify traditional/customary/cultural leaders or customary mechanisms as actors/mechanisms for prevention, protection, services, coordination, or dispute resolution.",Reference only
SULAWESI SELATAN TANA TORAJA,SULAWESI_SELATAN_TANA_TORAJA.txt,6.8,Women in legal process,intersectional_approach,No,Yes,0.0,1.0,false_positive,"a. protection of the personal security of victims or witnesses;
d. provision of information/testimony during the legal process, which is regulated through a protection mechanism.","The policy provides protection measures for victims or witnesses, including personal security and provisions related to testimony during the legal process, which constitutes explicit protection/services for women involved in legal proceedings (at least as victims/witnesses).",Reference only
SULAWESI SELATAN TANA TORAJA,SULAWESI_SELATAN_TANA_TORAJA.txt,6.10,Refugee/forced displacement,intersectional_approach,No,Yes,0.0,1.0,false_positive,"Children in emergency situations as referred to in Article 37 letter a, consist of: children who become refugees;
Special protection for children in emergency situations as referred to in paragraph (1), shall be implemented in accordance with the provisions of laws and regulations.",The policy explicitly identifies refugees as part of children in emergency situations and states that special protection for such emergency situations shall be implemented.,Reference only
SULAWESI TENGAH DONGGALA,SULAWESI_TENGAH_DONGGALA.txt,1.8,Human trafficking,scope_of_violence,No,Yes,0.0,1.0,false_positive,"12. Law Number 21 Year 2007 concerning Eradication of the Criminal Act of Trafficking in Persons (State Gazette of the Republic of Indonesia Year 2007 Number 58, Supplement to the State Gazette of the Republic of Indonesia Number 4720);","The policy explicitly references the law on eradication of trafficking in persons, indicating trafficking is included in the policy’s legal framework/scope.",Reference only
SULAWESI TENGAH DONGGALA,SULAWESI_TENGAH_DONGGALA.txt,3.1,Integrated service unit,specialised_support_services,Yes,No,1.0,0.0,false_negative,,"The cited provisions describe various services (medical personnel, special rooms at police offices, safe houses, advocates, social workers) and coordination, but none of the candidate sentences establish or name an integrated service unit/center specifically for women victims of violence.",Reference only
SULAWESI TENGAH DONGGALA,SULAWESI_TENGAH_DONGGALA.txt,3.9,Resocialisation services,specialised_support_services,Yes,No,1.0,0.0,false_negative,,"While the policy defines repatriation and mentions various services (safe houses, counseling, legal and medical services), none of the candidate sentences explicitly establish resocialisation/rehabilitation/reintegration services for victims as a service unit or program.",Reference only
SULAWESI TENGAH DONGGALA,SULAWESI_TENGAH_DONGGALA.txt,3.10,Economic support,specialised_support_services,No,Yes,0.0,1.0,false_positive,b. financial support to meet the needs of victims according to the community's capacity;,"The policy includes financial support to meet victims’ needs (as a form of assistance), which constitutes economic support for victims, even if it does not detail skills training or livelihood programs.",Reference only
SULAWESI TENGAH DONGGALA,SULAWESI_TENGAH_DONGGALA.txt,4.2,Gender equality education,primary_prevention,No,Yes,0.0,1.0,false_positive,"Letter b: Socialization activities in the form of explanations regarding children's rights, implications of violations of women's rights and laws and regulations related to the protection of women to the community.","The policy includes socialization activities to the community that explain women’s rights and the implications of violations of women’s rights, which constitutes education/awareness raising about women’s rights (a core element of gender equality education).",Reference only
SULAWESI TENGAH DONGGALA,SULAWESI_TENGAH_DONGGALA.txt,4.4,Prevention through education,primary_prevention,No,Yes,0.0,1.0,false_positive,b. Socialization and education;,"The policy explicitly lists “socialization and education” as a form of prevention activity for acts of violence against children, making education an explicit prevention strategy.",Reference only
SULAWESI TENGAH DONGGALA,SULAWESI_TENGAH_DONGGALA.txt,6.5,People with disability,intersectional_approach,No,Yes,0.0,1.0,false_positive,"The regional government provides special protection for children who are victims of riots or social conflict in the form of fulfillment of basic needs consisting of clothing, shelter, housing, education, health, social and recreation, security guarantees, and equality, including special treatment for children with disabilities and children experiencing psychosocial disorders.","The policy explicitly mentions special treatment for children with disabilities as part of special protection measures, indicating inclusion of disability-targeted special protection (though framed for children rather than women specifically).",Reference only
SULAWESI TENGAH MOROWALI,SULAWESI_TENGAH_MOROWALI.txt,3.2,Police specialised service unit,specialised_support_services,No,Yes,0.0,1.0,false_positive,"This service unit may be located at Integrated Service Centers (PPT) and Integrated Crisis Centers (PKT) based in Hospitals, Community Health Centers, Women and Children Service Units (UPPA), Trauma Center Shelters (RPTC), Children's Social Shelters (RPSA), BP4, and other community/faith-based organizations, prosecutors' offices, courts, Women Crisis Centers (WCC), and other similar institutions.","The policy indicates that integrated service units may be located in multiple institutions, explicitly including Women and Children Service Units (UPPA), which are situated within police offices, implying a specialized police-based service unit for women victims of violence.",Reference only
SULAWESI TENGAH MOROWALI,SULAWESI_TENGAH_MOROWALI.txt,4.4,Prevention through education,primary_prevention,No,Yes,0.0,1.0,false_positive,"e. providing critical education about the rights of Women and Children as victims of Violence to the community; and
(1) Prevention of acts of Violence against Women and Children as referred to in Article 15, shall be implemented by the PMDP3A Office and Regional Apparatus that administer affairs in the fields of:","The policy includes education as part of prevention by requiring critical education about victims’ rights as a prevention effort, and it also assigns prevention implementation to regional apparatus in the field of education, indicating education is an explicit strategy within prevention.",Reference only
SULAWESI TENGAH MOROWALI,SULAWESI_TENGAH_MOROWALI.txt,6.5,People with disability,intersectional_approach,Yes,No,1.0,0.0,false_negative,,"Disability is only mentioned in an explanation of non-discrimination/equal protection, but there are no special protection measures or targeted services specifically for women with disabilities or persons with disabilities.",Reference only
SULAWESI TENGAH PARIGI MOUTONG,SULAWESI_TENGAH_PARIGI_MOUTONG.txt,1.8,Human trafficking,scope_of_violence,No,Yes,0.0,1.0,false_positive,"h. children who are victims of kidnapping, sale, and/or trafficking;","The policy explicitly includes trafficking in its special protection categories for children, referring to victims of kidnapping, sale, and/or trafficking.",Reference only
SULAWESI TENGAH PARIGI MOUTONG,SULAWESI_TENGAH_PARIGI_MOUTONG.txt,3.2,Police specialised service unit,specialised_support_services,Yes,No,1.0,0.0,false_negative,,"The text mentions support facilities such as ""special service rooms within the police force,"" but it does not explicitly establish or describe a specialised service unit for VAW within police offices (e.g., a dedicated unit/desk/team).",Reference only
SULAWESI TENGAH PARIGI MOUTONG,SULAWESI_TENGAH_PARIGI_MOUTONG.txt,5.3,Traditional/cultural engagement,stakeholder_engagement,Yes,No,1.0,0.0,false_negative,,"The candidate sentences mention community, social institutions, and religious institutions, but do not explicitly reference traditional/customary/cultural leaders, customary institutions, or customary dispute-resolution mechanisms.",Reference only
SULAWESI TENGAH POSO,SULAWESI_TENGAH_POSO.txt,1.8,Human trafficking,scope_of_violence,No,Yes,0.0,1.0,false_positive,"8. Special Protection is Protection given to children in emergency situations, children in conflict with the law, children in minority and isolated groups, children who are exploited economically and/or sexually, children who are trafficked, children who are victims of abuse of narcotics, alcohol, psychotropic substances and other addictive substances (drugs), child victims of kidnapping, sale, and trafficking, child victims of violence both physical and/or mental, child victims of conflict who experience physical violence or trauma, children with disabilities, and child victims of maltreatment and neglect.","The policy explicitly mentions children who are trafficked and refers to kidnapping, sale, and trafficking within the special protection definition, indicating trafficking is included.",Reference only
SULAWESI TENGAH POSO,SULAWESI_TENGAH_POSO.txt,2.6,Monitoring and evaluation,institutional_mechanism,No,Yes,0.0,1.0,false_positive,Supervision of the implementation of this Regional Regulation shall be carried out in accordance with the provisions of the applicable Laws and Regulations.,"The policy provides for supervision of implementation, which constitutes a monitoring mechanism for policy implementation (even if it does not detail specific evaluation procedures).",Reference only
SULAWESI TENGAH POSO,SULAWESI_TENGAH_POSO.txt,5.4,Education institutions engagement,stakeholder_engagement,No,Yes,0.0,1.0,false_positive,"(4) PPT and/or P2TP2A is an integrated assistance forum managed in an integrated manner consisting of health personnel, education personnel, social institutions, law enforcement officers, psychologists, psychiatrists, volunteer assistants and/or spiritual advisors and involving community participation;","The policy includes education personnel as part of the integrated assistance forum (PPT/P2TP2A), indicating engagement of the education sector in service delivery/implementation.",Reference only
SULAWESI TENGAH POSO,SULAWESI_TENGAH_POSO.txt,6.5,People with disability,intersectional_approach,No,Yes,0.0,1.0,false_positive,"8. Special Protection is Protection given to children in emergency situations, children in conflict with the law, children in minority and isolated groups, children who are exploited economically and/or sexually, children who are trafficked, children who are victims of abuse of narcotics, alcohol, psychotropic substances and other addictive substances (drugs), child victims of kidnapping, sale, and trafficking, child victims of violence both physical and/or mental, child victims of conflict who experience physical violence or trauma, children with disabilities, and child victims of maltreatment and neglect.","The policy’s definition of “Special Protection” explicitly includes children with disabilities, indicating disability is recognized as a category for special protection (though framed for children rather than women specifically).",Reference only
SULAWESI TENGAH SIGI,SULAWESI_TENGAH_SIGI.txt,2.3,Data collection systems,institutional_mechanism,No,Yes,0.0,1.0,false_positive,a. exchange of data and information;,"The policy includes cooperation that covers the exchange of data and information, which implies an assigned/required function related to managing and sharing information on cases/violence within the cooperation framework.",Reference only
SULAWESI TENGAH SIGI,SULAWESI_TENGAH_SIGI.txt,2.5,Training and capacity building,institutional_mechanism,No,Yes,0.0,1.0,false_positive,"(1) Regional Government is obligated to conduct guidance and supervision of the implementation of protection of women and children from violence.
c. education and training;","The policy obligates the Regional Government to conduct guidance for implementation, and this guidance explicitly includes education and training (as well as technical guidance), meeting the criterion for training/capacity building.",Reference only
SULAWESI TENGAH SIGI,SULAWESI_TENGAH_SIGI.txt,6.2,Women victims of trafficking,intersectional_approach,No,Yes,0.0,1.0,false_positive,"Therefore, the Regional Government of Sigi Regency is obligated to provide protection for women and children victims of violence which is an implementation of several laws and regulations, including Law Number 7 of 1984 concerning Ratification of the Convention on the Elimination of All Forms of Discrimination Against Women, Law Number 39 of 1999 concerning Human Rights, Law Number 23 of 2002 concerning Child Protection, Law Number 23 of 2004 concerning the Elimination of Domestic Violence, and Law Number 21 of 2007 concerning the Eradication of the Criminal Act of Human Trafficking.","The policy’s explanatory section explicitly references implementation of a law on eradication of trafficking in persons, indicating trafficking is within the policy’s scope of concern for protection of women and children victims of violence.",Reference only
SULAWESI TENGAH SIGI,SULAWESI_TENGAH_SIGI.txt,6.9,Indigenous people/groups,intersectional_approach,No,Yes,0.0,1.0,false_positive,(1) Customary institutions that provide services for resolving cases of violence against women and children who are victims of violence may carry out their functions in accordance with applicable customary provisions as long as they do not conflict with the principles and objectives stipulated in this Regional Regulation.,"The policy explicitly addresses the role of customary institutions in resolving cases of violence against women and children, which constitutes an inclusion of customary (adat) community mechanisms within the protection framework.",Reference only
SULAWESI TENGAH TOLI TOLI,SULAWESI_TENGAH_TOLI_TOLI.txt,1.8,Human trafficking,scope_of_violence,No,Yes,0.0,1.0,false_positive,"m. Child Victims of Kidnapping, Sale and/or Trafficking; and","The policy explicitly includes children who are victims of kidnapping, sale and/or trafficking under special protection, which covers trafficking in persons.",Reference only
SULAWESI TENGAH TOLI TOLI,SULAWESI_TENGAH_TOLI_TOLI.txt,2.3,Data collection systems,institutional_mechanism,No,Yes,0.0,1.0,false_positive,(1) The Regional Government prepares and compiles an information and reporting system for the protection of Women and Children from acts of Violence.,"The policy assigns responsibility to the Regional Government to prepare and compile an information and reporting system for protection from violence, which constitutes establishing a system for managing/reporting information related to violence cases and protection.",Reference only
SULAWESI TENGAH TOLI TOLI,SULAWESI_TENGAH_TOLI_TOLI.txt,6.5,People with disability,intersectional_approach,No,Yes,0.0,1.0,false_positive,i. Children with Disabilities;,"The policy explicitly includes “Children with Disabilities” as a group eligible for special protection, indicating disability-targeted special protection measures (at least for children).",Reference only
SULAWESI TENGGARA BUTON,SULAWESI_TENGGARA_BUTON.txt,4.1,Information and education about VAW,primary_prevention,No,Yes,0.0,1.0,false_positive,"d. conducting socialization regarding laws and regulations related to the protection of women and child victims of violence; and
e. providing critical education on the rights of women and children for the community.","The policy includes prevention measures that explicitly involve socialization about relevant laws/regulations and critical education on the rights of women and children, which are information/education activities aimed at preventing violence against women and children.",Reference only
SULAWESI TENGGARA BUTON,SULAWESI_TENGGARA_BUTON.txt,4.4,Prevention through education,primary_prevention,No,Yes,0.0,1.0,false_positive,"e. providing critical education on the rights of women and children for the community.
a. education;","The policy includes education as part of prevention by providing critical education on women’s and children’s rights and by assigning prevention implementation to sectors including education, indicating education is an explicit strategy within prevention efforts.",Reference only
SULAWESI TENGGARA BUTON SELATAN,SULAWESI_TENGGARA_BUTON_SELATAN.txt,2.5,Training and capacity building,institutional_mechanism,No,Yes,0.0,1.0,false_positive,"(1) Regional Government is obligated to conduct guidance and supervision of the implementation of protection of women and children from acts of violence.
b. technical guidance and training;","The policy obligates the Regional Government to conduct guidance and supervision, explicitly including technical guidance and training, which constitutes training/capacity-building provisions for implementation.",Reference only
SULAWESI TENGGARA BUTON SELATAN,SULAWESI_TENGGARA_BUTON_SELATAN.txt,4.3,VAW laws awareness,primary_prevention,No,Yes,0.0,1.0,false_positive,e. disseminating information about laws and regulations related to acts of violence against women and children.,"The policy explicitly includes disseminating information about laws and regulations related to acts of violence against women and children as part of community participation, which constitutes a primary prevention legal awareness activity.",Reference only
SULAWESI TENGGARA BUTON SELATAN,SULAWESI_TENGGARA_BUTON_SELATAN.txt,5.3,Traditional/cultural engagement,stakeholder_engagement,No,Yes,0.0,1.0,false_positive,c. fostering local wisdom in handling cases of violence;,"The policy references fostering local wisdom in handling cases of violence as part of community participation, which constitutes engagement with customary/community cultural mechanisms.",Reference only
SULAWESI TENGGARA BUTON SELATAN,SULAWESI_TENGGARA_BUTON_SELATAN.txt,5.5,International organisations engagement,stakeholder_engagement,Yes,No,1.0,0.0,false_negative,,None of the provided sentences explicitly mention international organizations or international support as stakeholders/partners for service delivery or prevention; references to foreign aid are only as a possible financing source and do not establish engagement/collaboration with international organizations.,Reference only
SULAWESI TENGGARA BUTON SELATAN,SULAWESI_TENGGARA_BUTON_SELATAN.txt,5.6,Media engagement,stakeholder_engagement,No,Yes,0.0,1.0,false_positive,g. Media.,"The policy explicitly lists “Media” as a cooperation partner with the Regional Government, recognizing media as a stakeholder.",Reference only
SULAWESI TENGGARA BUTON SELATAN,SULAWESI_TENGGARA_BUTON_SELATAN.txt,6.8,Women in legal process,intersectional_approach,No,Yes,0.0,1.0,false_positive,"h. the right of victims and their families to obtain facilitation in the judicial process;
c. providing assistance for victims as witnesses from the investigation process until the verdict; and","The policy provides for facilitation in the judicial process and assistance for victims as witnesses from investigation through verdict, which explicitly addresses services/protection for women (as victims) participating as witnesses in legal proceedings.",Reference only
SULAWESI TENGGARA BUTON UTARA,SULAWESI_TENGGARA_BUTON_UTARA.txt,3.4,Safety/protection shelter,specialised_support_services,Yes,No,1.0,0.0,false_negative,,"The text defines a 'Safe House' and lists it as an example term under integrated service centers, but it does not state that any service unit provides shelter or that a safe house is established/operational for victims.",Reference only
SULAWESI TENGGARA BUTON UTARA,SULAWESI_TENGGARA_BUTON_UTARA.txt,4.1,Information and education about VAW,primary_prevention,No,Yes,0.0,1.0,false_positive,a. Socialization activities of laws and regulations to the community related to the protection of the rights of Women and Children; and,"The policy specifies prevention through community socialization of laws and regulations related to protecting the rights of women and children, which constitutes an information/awareness activity aimed at preventing violence against women and children.",Reference only
SULAWESI TENGGARA BUTON UTARA,SULAWESI_TENGGARA_BUTON_UTARA.txt,4.2,Gender equality education,primary_prevention,No,Yes,0.0,1.0,false_positive,d. conducting independent socialization of Women's rights and Children's rights;,"The policy includes community participation in the form of independent socialization of women's rights and children's rights, which is an educational/awareness activity specifically about women’s rights (and thus aligns with gender equality/women’s rights education).",Reference only
SULAWESI TENGGARA BUTON UTARA,SULAWESI_TENGGARA_BUTON_UTARA.txt,4.4,Prevention through education,primary_prevention,No,Yes,0.0,1.0,false_positive,"a. Socialization activities of laws and regulations to the community related to the protection of the rights of Women and Children; and
b. Training of PPT members related to the implementation of their duties in preventing violence against Women and Children.","The policy explicitly lists prevention forms that include socialization to the community and training of PPT members for preventing violence against women and children, which are educational/training strategies used for prevention.",Reference only
SULAWESI TENGGARA KONAWE,SULAWESI_TENGGARA_KONAWE.txt,2.3,Data collection systems,institutional_mechanism,No,Yes,0.0,1.0,false_positive,"(1) PPT reports the implementation of the provision of protection for children and women victims of violence to the Regent.
(2) Reporting as referred to in paragraph (1) shall be submitted in writing, covering:
(3) Submission of written reports as referred to in paragraph (2) shall be carried out at least once every 3 (three) months.","The policy assigns PPT a reporting obligation to the Regent, specifies that reporting must be in writing and cover administration, finance, services, and performance, and sets a minimum reporting frequency, which constitutes a formal information/documentation and reporting system related to implementation of protection services.",Reference only
SULAWESI TENGGARA KONAWE,SULAWESI_TENGGARA_KONAWE.txt,4.1,Information and education about VAW,primary_prevention,No,Yes,0.0,1.0,false_positive,"a. Socialization activities of laws and regulations to the community related to the protection of the rights of children and women; and
c. conducting independent socialization of children's rights and women's rights;","The policy includes preventive measures involving socialization/awareness activities to the community on laws and regulations related to protecting women’s (and children’s) rights, and it also calls for community-led socialization of women’s rights—both of which function as information/education activities linked to preventing violence against women.",Reference only
SULAWESI TENGGARA KONAWE,SULAWESI_TENGGARA_KONAWE.txt,4.2,Gender equality education,primary_prevention,No,Yes,0.0,1.0,false_positive,"c. conducting independent socialization of children's rights and women's rights;
a. Socialization activities of laws and regulations to the community related to the protection of the rights of children and women; and","The policy explicitly includes socialization activities about women’s rights (and children’s rights), including community-led socialization and socialization of laws/regulations related to protection of those rights. These are primary prevention education/awareness activities focused on women’s rights (though not explicitly framed as “gender equality”).",Reference only
SULAWESI TENGGARA KONAWE,SULAWESI_TENGGARA_KONAWE.txt,4.4,Prevention through education,primary_prevention,No,Yes,0.0,1.0,false_positive,"a. Socialization activities of laws and regulations to the community related to the protection of the rights of children and women; and
b. Training of PPT members related to the implementation of their duties in preventing violence against children and women.","The policy identifies prevention forms that include socialization activities to the community and training of PPT members, both explicitly framed as part of preventing violence against children and women, thereby using education/training as a prevention strategy.",Reference only
SULAWESI TENGGARA KONAWE KEPULAUAN,SULAWESI_TENGGARA_KONAWE_KEPULAUAN.txt,3.4,Safety/protection shelter,specialised_support_services,Yes,No,1.0,0.0,false_negative,,"Although a 'Safe House' is defined, the provided sentences do not state that a shelter service unit is established or provided for victims; they only define the term and describe other services.",Reference only
SULAWESI TENGGARA KONAWE KEPULAUAN,SULAWESI_TENGGARA_KONAWE_KEPULAUAN.txt,4.1,Information and education about VAW,primary_prevention,No,Yes,0.0,1.0,false_positive,"Forms of prevention of violence against women and children carried out by the Integrated Service Center, can be implemented through:
a. socialization activities of laws and regulations to the community related to the protection of the rights of women and children; and","The policy describes prevention of violence against women and children through community-facing socialization activities, including socialization of laws and regulations related to protecting women’s and children’s rights, which constitutes awareness/education as a preventive measure.",Reference only
SULAWESI TENGGARA KONAWE KEPULAUAN,SULAWESI_TENGGARA_KONAWE_KEPULAUAN.txt,4.4,Prevention through education,primary_prevention,No,Yes,0.0,1.0,false_positive,"Forms of prevention of violence against women and children carried out by the Integrated Service Center, can be implemented through:
a. socialization activities of laws and regulations to the community related to the protection of the rights of women and children; and
b. training of Integrated Service Center members related to the implementation of their duties in preventing violence against children and women.",The policy explicitly frames prevention of violence against women and children as including educational-type measures (socialization to the community and training of service center members) as part of prevention efforts.,Reference only
SULAWESI TENGGARA KONAWE UTARA,SULAWESI_TENGGARA_KONAWE_UTARA.txt,1.1,Domestic violence,scope_of_violence,Yes,No,1.0,0.0,false_negative,,"The provided passages discuss violence against women and children generally, including forms such as physical, sexual, economic violence and domestic neglect, and mention violence occurring in the domestic/public sphere, but they do not explicitly mention or define domestic violence as a distinct category.",Reference only
SULAWESI TENGGARA KONAWE UTARA,SULAWESI_TENGGARA_KONAWE_UTARA.txt,2.1,Institutional network,institutional_mechanism,No,Yes,0.0,1.0,false_positive,"f. building networks and cooperation with law enforcement apparatus, government apparatus, universities and various non-governmental organizations that work and/or care for women and children; and","The policy explicitly provides for building networks and cooperation with multiple institutions (including law enforcement, government bodies, universities, and NGOs) to support prevention and protection efforts, which constitutes an institutional coordination mechanism/network.",Reference only
SULAWESI TENGGARA KONAWE UTARA,SULAWESI_TENGGARA_KONAWE_UTARA.txt,2.3,Data collection systems,institutional_mechanism,No,Yes,0.0,1.0,false_positive,"e. building and providing a complete and easily accessible information system;
(1) UfYI'D PPA is obligated to report the implementation of the administration of protection for Women and Children to the Regent through the head of the agency.
(2) Reporting as referred to in paragraph (1) shall be submitted in writing and/or electronically covering:","The policy includes building an information system and assigns an entity (UPTD PPA) an obligation to report implementation, with reporting covering multiple domains, which implies a structured system for documenting/maintaining and communicating information related to protection implementation.",Reference only
SULAWESI TENGGARA KONAWE UTARA,SULAWESI_TENGGARA_KONAWE_UTARA.txt,3.10,Economic support,specialised_support_services,No,Yes,0.0,1.0,false_positive,"b. opening accessibility to obtain education, training, funding, income enhancement and social services;
c. opening employment opportunities for women;","The policy includes measures such as opening accessibility to obtain training and funding/income enhancement and opening employment opportunities for women, which are forms of economic empowerment/support relevant to promoting economic security and independence.",Reference only
SULAWESI TENGGARA KONAWE UTARA,SULAWESI_TENGGARA_KONAWE_UTARA.txt,6.3,Women workers,intersectional_approach,No,Yes,0.0,1.0,false_positive,a. protection in the field of employment;,"The policy explicitly states that women have a right to protection in the field of employment, which constitutes protection measures for women workers/employees as a target group.",Reference only
SULAWESI TENGGARA KONAWE UTARA,SULAWESI_TENGGARA_KONAWE_UTARA.txt,6.10,Refugee/forced displacement,intersectional_approach,No,Yes,0.0,1.0,false_positive,"a. child refugees;
(3) The handling of child refugees as referred to in paragraph (1) letter a is carried out without regard to citizenship status and they have the right to receive basic services.","The policy provides special protection for child refugees and specifies handling of child refugees (including basic services regardless of citizenship), which constitutes special protection measures for refugees/forced displacement (at least for children).",Reference only
SULAWESI TENGGARA MUNA BARAT,SULAWESI_TENGGARA_MUNA_BARAT.txt,1.9,Sexual slavery/exploitation,scope_of_violence,No,Yes,0.0,1.0,false_positive,b. Forced sexual relations against someone within the scope of the household with another person for commercial purposes and/or certain purposes.,"The policy includes forced sexual relations involving another person for commercial purposes and/or certain purposes, which constitutes sexual exploitation.",Reference only
SULAWESI TENGGARA MUNA BARAT,SULAWESI_TENGGARA_MUNA_BARAT.txt,2.3,Data collection systems,institutional_mechanism,Yes,No,1.0,0.0,false_negative,,"While the text mentions integrating gender-disaggregated data and includes monitoring/evaluation/reporting as implementation stages, it does not explicitly establish or assign responsibility for a system/entity to collect, record, manage, compile, exchange, or maintain data on violence against women, victims, or cases.",Reference only
SULAWESI TENGGARA MUNA BARAT,SULAWESI_TENGGARA_MUNA_BARAT.txt,3.3,Reporting/hotline service,specialised_support_services,Yes,No,1.0,0.0,false_negative,,"While the text mentions provision of services and integrated services for victims, none of the candidate sentences describe a mechanism or service specifically for receiving reports/complaints (e.g., hotline, complaint desk, reporting channel).",Reference only
SULAWESI TENGGARA MUNA BARAT,SULAWESI_TENGGARA_MUNA_BARAT.txt,4.1,Information and education about VAW,primary_prevention,No,Yes,0.0,1.0,false_positive,a. Providing socialization to the community regarding women's protection policies;,"The policy includes community socialization activities regarding women’s protection policies, which encompasses violence against women as part of women’s protection and functions as an awareness/communication measure.",Reference only
SULAWESI TENGGARA MUNA BARAT,SULAWESI_TENGGARA_MUNA_BARAT.txt,4.2,Gender equality education,primary_prevention,No,Yes,0.0,1.0,false_positive,Gender Mainstreaming is a strategy that can reduce gender gaps to achieve gender equality by using a gender perspective in the development process; women's empowerment is an affirmative strategy to achieve gender equality that aims to increase the fulfillment of women's rights to protection from acts of violence and discrimination.,"The policy explicitly links women’s empowerment to achieving gender equality and increasing fulfillment of women’s rights, indicating an educational/awareness-oriented primary prevention focus on gender equality and women’s rights.",Reference only
SULAWESI TENGGARA MUNA BARAT,SULAWESI_TENGGARA_MUNA_BARAT.txt,7.3,International donors,budget_funding_sources,No,Yes,0.0,1.0,false_positive,"f. Coordinating the participation of the business sector and other institutions, including international assistance for the protection of women; and","The policy explicitly references coordinating participation of institutions including international assistance for the protection of women, indicating international support is contemplated.",Reference only
SULAWESI UTARA BITUNG KOTA,SULAWESI_UTARA_BITUNG_KOTA.txt,1.8,Human trafficking,scope_of_violence,No,Yes,0.0,1.0,false_positive,"7. Law Number 21 Year 2007 concerning the Eradication of the Criminal Act of Trafficking in Persons (State Gazette of the Republic of Indonesia Year 2007 Number 58, Supplement to the State Gazette of the Republic of Indonesia Number 4720);","The policy explicitly references the national law concerning the eradication of trafficking in persons, indicating trafficking is included/recognized within the policy context.",Reference only
SULAWESI UTARA BITUNG KOTA,SULAWESI_UTARA_BITUNG_KOTA.txt,6.2,Women victims of trafficking,intersectional_approach,No,Yes,0.0,1.0,false_positive,"7. Law Number 21 Year 2007 concerning the Eradication of the Criminal Act of Trafficking in Persons (State Gazette of the Republic of Indonesia Year 2007 Number 58, Supplement to the State Gazette of the Republic of Indonesia Number 4720);
b. acts without the consent of women and children who become victims of exploitation, including but not limited to prostitution, forced labor or services, slavery or similar practices, oppression, extortion, utilization of physical, sexual, reproductive organs, or unlawfully removing or transplanting organs and/or body tissues or utilizing the labor or capabilities of a person by other parties to obtain benefits, whether physical/material in nature or non-physical/non-material in nature; and/or","The text explicitly references the national law on trafficking in persons and defines exploitation to include forced labor/services and slavery-like practices, which are core elements associated with trafficking, thereby bringing trafficking-related victimization within scope.",Reference only
SUMATERA BARAT BUKITTINGGI KOTA,SUMATERA_BARAT_BUKITTINGGI_KOTA.txt,1.9,Sexual slavery/exploitation,scope_of_violence,No,Yes,0.0,1.0,false_positive,"m. To receive protection from treatment during the care of parents, guardians, or any other party responsible for care, from discriminatory treatment, exploitation, whether economic or sexual, neglect, cruelty, violence, and abuse, injustice and other mistreatment.","The policy explicitly references protection from exploitation, including sexual exploitation, which covers sexual exploitation (though not necessarily explicitly ‘sexual slavery’).",Reference only
SUMATERA BARAT BUKITTINGGI KOTA,SUMATERA_BARAT_BUKITTINGGI_KOTA.txt,2.2,Collaboration with NGOs,institutional_mechanism,No,Yes,0.0,1.0,false_positive,"b. the reporter is referred by NGOs, social organizations, the community or mass media; and
a. local government, NGOs/Social organizations and the community are obligated to provide protection for neglected children domiciled in the Region in accordance with laws and regulations;
(1) The Regional Government is obligated to conduct socialization and education regarding the protection of women and children by involving all elements of customary stakeholders, as well as universities and other community organizations in the Region.","The policy explicitly references NGOs/social organizations as referral sources for complaint handling and assigns NGOs/social organizations (along with local government and the community) obligations to protect neglected children. It also requires socialization/education activities to involve community organizations, indicating cooperation with non-government actors.",Reference only
SUMATERA BARAT BUKITTINGGI KOTA,SUMATERA_BARAT_BUKITTINGGI_KOTA.txt,2.6,Monitoring and evaluation,institutional_mechanism,No,Yes,0.0,1.0,false_positive,"i. conducting monitoring, evaluation and reporting at least once every 1 (one) year.","The policy assigns the CFC (Child-Friendly City) Task Force responsibility to conduct monitoring, evaluation, and reporting at least annually, which constitutes monitoring and evaluation of implementation.",Reference only
SUMATERA BARAT BUKITTINGGI KOTA,SUMATERA_BARAT_BUKITTINGGI_KOTA.txt,3.2,Police specialised service unit,specialised_support_services,No,Yes,0.0,1.0,false_positive,"(1) Services for Handling Complaints of violations of women's and children's rights are carried out by P2TP2A, PPA Units at Polres, Puskesmas, Government Hospitals, and Legal Aid Institutions.","The policy states that complaint-handling services are carried out by, among others, 'PPA Units at Polres' (police), indicating a specialized unit within police offices involved in handling complaints related to violations of women’s and children’s rights, including violence.",Reference only
SUMATERA BARAT BUKITTINGGI KOTA,SUMATERA_BARAT_BUKITTINGGI_KOTA.txt,4.3,VAW laws awareness,primary_prevention,No,Yes,0.0,1.0,false_positive,"(2) Socialization and education as referred to in paragraph (1) shall be conducted through the implementation of legal counseling, either through lecture methods, discussions, pamphlets, films, plays, randai, saluang, rabab, and other traditional arts.","The policy includes socialization and education implemented through legal counseling, which constitutes an information/education activity about legal aspects of protection related to women (including VAW-related protections).",Reference only
SUMATERA BARAT BUKITTINGGI KOTA,SUMATERA_BARAT_BUKITTINGGI_KOTA.txt,4.4,Prevention through education,primary_prevention,No,Yes,0.0,1.0,false_positive,"a. Conducting socialization, education and anti-violence against women campaigns by actively involving all Regional Work Unit Apparatus, work partners and the community.",The policy explicitly frames education (along with socialization and campaigns) as part of protection measures aimed at preventing violence against women.,Reference only
SUMATERA BARAT BUKITTINGGI KOTA,SUMATERA_BARAT_BUKITTINGGI_KOTA.txt,5.6,Media engagement,stakeholder_engagement,No,Yes,0.0,1.0,false_positive,"b. the reporter is referred by NGOs, social organizations, the community or mass media; and",The policy explicitly recognizes mass media as a stakeholder pathway for referring reporters/victims into complaint handling services.,Reference only
SUMATERA BARAT BUKITTINGGI KOTA,SUMATERA_BARAT_BUKITTINGGI_KOTA.txt,6.2,Women victims of trafficking,intersectional_approach,No,Yes,0.0,1.0,false_positive,"d. To protect women and children from acts of violence, neglect, exploitation, and human trafficking as well as the rights of women in the event of divorce.","The policy’s objectives explicitly include protecting women and children from human trafficking, which brings women victims of trafficking within the policy’s scope.",Reference only
SUMATERA BARAT BUKITTINGGI KOTA,SUMATERA_BARAT_BUKITTINGGI_KOTA.txt,6.3,Women workers,intersectional_approach,No,Yes,0.0,1.0,false_positive,"c. For women workers:
g. Protecting women workers from acts of discrimination, exploitation and violence.","The text explicitly identifies women workers as a specific group and provides protections/entitlements for them, including maternity-related leave and protection from discrimination, exploitation, and violence.",Reference only
SUMATERA BARAT BUKITTINGGI KOTA,SUMATERA_BARAT_BUKITTINGGI_KOTA.txt,6.9,Indigenous people/groups,intersectional_approach,No,Yes,0.0,1.0,false_positive,"(2) Preventive protection as referred to in paragraph (1) letter a is implemented through socialization and guidance to parents, heads of families, housewives, guardians, teaching/educational staff, experts, caregivers (owners and officers of orphanages) and customary law communities regarding their obligations in the protection of women and children.
(2) In addition to the application of state law as referred to in paragraph (1), perpetrators of violations of women's rights may be subject to sanctions according to customary law that lives and develops in the midst of society.","The policy explicitly involves customary law communities in implementing protection and provides for customary-law sanctions in addition to state law, indicating specific inclusion of customary/Indigenous communities within the protection framework.",Reference only
SUMATERA BARAT DHARMASRAYA,SUMATERA_BARAT_DHARMASRAYA.txt,1.6,Harmful practices,scope_of_violence,No,Yes,0.0,1.0,false_positive,"d. preventing unregistered marriages and marriage at the age of a child.
e. prevent the occurrence of marriage at a child's age.",The policy explicitly addresses harmful practices by calling for prevention of marriage at a child's age (child marriage) and preventing unregistered marriages and child-age marriage.,Reference only
SUMATERA BARAT DHARMASRAYA,SUMATERA_BARAT_DHARMASRAYA.txt,1.9,Sexual slavery/exploitation,scope_of_violence,No,Yes,0.0,1.0,false_positive,b. obtain protection from economic exploitation and sexual exploitation;,The policy explicitly includes sexual exploitation as a harm from which women have the right to protection.,Reference only
SUMATERA BARAT DHARMASRAYA,SUMATERA_BARAT_DHARMASRAYA.txt,3.10,Economic support,specialised_support_services,No,Yes,0.0,1.0,false_positive,"c. conducting rehabilitation and empowerment of women who are victims of acts of violence;
a. implementing programs, activities, and training to improve women's skills and expertise in order to realize an improvement in women's welfare;","The policy obligates the Regional Government to conduct rehabilitation and empowerment of women victims of violence and includes programs/activities/training to improve women’s skills and expertise, which aligns with economic empowerment/support.",Reference only
SUMATERA BARAT DHARMASRAYA,SUMATERA_BARAT_DHARMASRAYA.txt,4.2,Gender equality education,primary_prevention,No,Yes,0.0,1.0,false_positive,"c. conducting training, socialization, and advocacy of Gender Mainstreaming to all officials and staff within the Regional Apparatus;
b. implementing socialization and advocacy of Gender Mainstreaming to Sub-district Heads and Wali Nagari;","The policy provides for training, socialization, and advocacy on Gender Mainstreaming (a gender equality strategy) to officials/staff and local leaders, which are primary prevention educational activities related to gender equality.",Reference only
SUMATERA BARAT DHARMASRAYA,SUMATERA_BARAT_DHARMASRAYA.txt,4.4,Prevention through education,primary_prevention,No,Yes,0.0,1.0,false_positive,"(2) Prevention of acts of violence against women and children as referred to in paragraph (1), shall be implemented by Regional Apparatus whose duties and functions are in the fields of:
b. encouraging the formation of a harmonious, educational and democratic family;","Education is explicitly referenced within the prevention framework (prevention implemented by apparatus including the education sector) and the family’s prevention responsibilities include forming an educational family, indicating education as a strategy linked to preventing violence against women and children.",Reference only
SUMATERA BARAT DHARMASRAYA,SUMATERA_BARAT_DHARMASRAYA.txt,5.4,Education institutions engagement,stakeholder_engagement,No,Yes,0.0,1.0,false_positive,"c. education;
(3) In the event that a Child victim of an act of Violence experiences dropping out of school, then the child victim of violence shall be provided formal or non-formal education; in this case, it shall be carried out by the organizer of the educational unit and the organizer shall coordinate with the Women and Child Empowerment Unit.
2. providing training for religious leaders, community leaders, traditional leaders, educators, journalists and media managers in order to prevent violence against women and children;","The policy includes the education sector in prevention implementation, requires educational unit organizers to coordinate with the Women and Child Empowerment Unit when supporting child victims’ continued education, and includes educators in capacity-building/training for prevention.",Reference only
SUMATERA BARAT DHARMASRAYA,SUMATERA_BARAT_DHARMASRAYA.txt,5.8,Private sector engagement,stakeholder_engagement,No,Yes,0.0,1.0,false_positive,"h. conducting cooperation with private parties and/or NGOs in the implementation of Child Protection;
(1) Agencies and private parties that provide public services are obligated to provide lactation rooms.","The policy explicitly includes private parties as cooperation partners in implementing child protection and imposes obligations on agencies and private parties providing public services (e.g., lactation rooms), demonstrating engagement/recognition of the private sector.",Reference only
SUMATERA BARAT DHARMASRAYA,SUMATERA_BARAT_DHARMASRAYA.txt,6.2,Women victims of trafficking,intersectional_approach,No,Yes,0.0,1.0,false_positive,d. providing special protection to women victims of acts of violence and human trafficking; and,The policy explicitly includes women victims of human trafficking by requiring special protection for women victims of violence and human trafficking.,Reference only
SUMATERA BARAT DHARMASRAYA,SUMATERA_BARAT_DHARMASRAYA.txt,6.3,Women workers,intersectional_approach,No,Yes,0.0,1.0,false_positive,"g. obtain special protection in the implementation of her work or profession against matters that could threaten her safety and or health in relation to women's reproductive function; and
e. obtain work leave while receiving wages/salary in accordance with statutory regulations;","The policy provides work-related protections for women, including special protection in the implementation of work/profession related to reproductive function and rights related to work leave with wages.",Reference only
SUMATERA BARAT KEPULAUAN MENTAWAI,SUMATERA_BARAT_KEPULAUAN_MENTAWAI.txt,1.6,Harmful practices,scope_of_violence,No,Yes,0.0,1.0,false_positive,e. enhancement of the Family's role in undertaking efforts related to child marriage in accordance with the age stipulated in the provisions of laws and regulations.,"The policy explicitly references efforts related to child marriage, which is a harmful practice affecting girls.",Reference only
SUMATERA BARAT KEPULAUAN MENTAWAI,SUMATERA_BARAT_KEPULAUAN_MENTAWAI.txt,3.10,Economic support,specialised_support_services,Yes,No,1.0,0.0,false_negative,,"The cited passages describe general women’s economic empowerment measures (e.g., skills/job training, capital assistance), but they do not explicitly link these economic supports to victims of violence against women as required by the criterion.",Reference only
SUMATERA BARAT KEPULAUAN MENTAWAI,SUMATERA_BARAT_KEPULAUAN_MENTAWAI.txt,4.3,VAW laws awareness,primary_prevention,No,Yes,0.0,1.0,false_positive,"d. providing information through socialization and advocacy regarding women’s rights and Children’s rights as well as laws and regulations concerning women and Children,","The policy explicitly includes providing information through socialization and advocacy regarding women’s rights and laws and regulations concerning women and children, which covers awareness/education about relevant VAW-related laws and policies.",Reference only
SUMATERA BARAT KEPULAUAN MENTAWAI,SUMATERA_BARAT_KEPULAUAN_MENTAWAI.txt,4.4,Prevention through education,primary_prevention,No,Yes,0.0,1.0,false_positive,"(1) Parents, religious leaders, customary leaders, youth leaders and customary law community units participate in realizing protection for women and Children by preventing the occurrence of violence against women and Children.
f. strengthening the role of customary institutions in conducting socialization regarding the rights of women and Children, and","The policy explicitly frames prevention of violence against women and children as being realized through measures that include socialization regarding the rights of women and children, indicating education/socialization as a prevention strategy.",Reference only
SUMATERA BARAT KEPULAUAN MENTAWAI,SUMATERA_BARAT_KEPULAUAN_MENTAWAI.txt,5.6,Media engagement,stakeholder_engagement,No,Yes,0.0,1.0,false_positive,"(2) The team as referred to in paragraph (1) consists of relevant Regional Government Agencies by involving vertical agencies in the Region, religious leaders, community leaders, the business sector, and members of the press.
c. provision and dissemination of information through print and/or electronic media, and/or","The policy recognizes the press as part of an integrated team involved in implementation/coordination, and also provides for dissemination of information through print and/or electronic media as part of guidance, indicating media engagement.",Reference only
SUMATERA BARAT KEPULAUAN MENTAWAI,SUMATERA_BARAT_KEPULAUAN_MENTAWAI.txt,6.7,Women from minority groups,intersectional_approach,Yes,No,1.0,0.0,false_negative,,"While the policy mentions “Children from minority and isolated groups,” it does not provide special protection measures specifically targeted at women from minority or isolated groups in the provided sentences.",Reference only
SUMATERA BARAT KEPULAUAN MENTAWAI,SUMATERA_BARAT_KEPULAUAN_MENTAWAI.txt,6.9,Indigenous people/groups,intersectional_approach,No,Yes,0.0,1.0,false_positive,"(1) Parents, religious leaders, customary leaders, youth leaders and customary law community units participate in realizing protection for women and Children by preventing the occurrence of violence against women and Children.","The policy explicitly references participation by “customary law community units” (masyarakat adat) in realizing protection for women and children, indicating inclusion of customary/Indigenous communities in protection-related measures.",Reference only
SUMATERA BARAT KEPULAUAN MENTAWAI,SUMATERA_BARAT_KEPULAUAN_MENTAWAI.txt,7.2,National government budget,budget_funding_sources,No,Yes,0.0,1.0,false_positive,"Funding for the implementation of the Gender and Child data system is sourced from the state revenue and expenditure budget, the provincial regional revenue and expenditure budget and the Regional revenue and expenditure budget as well as other legitimate and non-binding sources in accordance with the provisions of laws and regulations.","The policy explicitly cites the state revenue and expenditure budget as a funding source, which corresponds to the national government budget.",Reference only
SUMATERA BARAT KEPULAUAN MENTAWAI,SUMATERA_BARAT_KEPULAUAN_MENTAWAI.txt,7.5,Provincial government budget,budget_funding_sources,No,Yes,0.0,1.0,false_positive,"Funding for the implementation of the Gender and Child data system is sourced from the state revenue and expenditure budget, the provincial regional revenue and expenditure budget and the Regional revenue and expenditure budget as well as other legitimate and non-binding sources in accordance with the provisions of laws and regulations.","The policy explicitly cites the provincial regional revenue and expenditure budget as a funding source, which corresponds to the provincial government budget.",Reference only
SUMATERA BARAT PADANG PARIAMAN,SUMATERA_BARAT_PADANG_PARIAMAN.txt,1.6,Harmful practices,scope_of_violence,No,Yes,0.0,1.0,false_positive,prevents the occurrence of marriage at an early age.,"The policy explicitly mentions preventing early-age marriage, which is a harmful practice affecting girls.",Reference only
SUMATERA BARAT PADANG PARIAMAN,SUMATERA_BARAT_PADANG_PARIAMAN.txt,1.9,Sexual slavery/exploitation,scope_of_violence,No,Yes,0.0,1.0,false_positive,"b. all work that utilizes, provides, or offers Children for prostitution, pornography production, pornographic performances, or gambling;","The policy explicitly prohibits involving children in prostitution-related worst forms of work, which constitutes sexual exploitation.",Reference only
SUMATERA BARAT PADANG PARIAMAN,SUMATERA_BARAT_PADANG_PARIAMAN.txt,4.2,Gender equality education,primary_prevention,No,Yes,0.0,1.0,false_positive,"c. implementing training, socialization, advocacy of Gender Mainstreaming to all officials and staff within the SKPD;","The policy mandates training/socialization/advocacy on Gender Mainstreaming for officials and staff, which is an educational activity directly tied to achieving gender equality.",Reference only
SUMATERA BARAT PADANG PARIAMAN,SUMATERA_BARAT_PADANG_PARIAMAN.txt,4.4,Prevention through education,primary_prevention,No,Yes,0.0,1.0,false_positive,"d. conducts socialization, seminars and counseling regarding Protection and rights of Children;","The policy explicitly includes socialization, seminars, and counseling regarding child protection and rights as part of government action in the context of protecting children, which constitutes education-oriented prevention related to violence against children.",Reference only
SUMATERA BARAT PADANG PARIAMAN,SUMATERA_BARAT_PADANG_PARIAMAN.txt,6.2,Women victims of trafficking,intersectional_approach,No,Yes,0.0,1.0,false_positive,"b. undertaking efforts to prevent the occurrence of acts of Violence against women, including the criminal act of trafficking in persons;","The policy explicitly includes trafficking in persons within efforts to prevent violence against women, indicating that trafficking is within scope for women-focused protection measures.",Reference only
SUMATERA BARAT PADANG PARIAMAN,SUMATERA_BARAT_PADANG_PARIAMAN.txt,6.8,Women in legal process,intersectional_approach,No,Yes,0.0,1.0,false_positive,"(1) Law enforcement and legal aid services as referred to in Article 19 letter d constitute actions by law enforcement officials to implement laws and regulations in handling cases of Violence against women, particularly to impose sanctions on perpetrators and provide Protection for witnesses and/or victims.
(1) Law enforcement and legal aid services are intended to provide assistance and Protection to women victims of acts of Violence and witnesses with a gender-responsive approach so that victims obtain justice and legal certainty.","The policy explicitly provides law enforcement and legal aid services to women victims of violence and witnesses, including protection for witnesses/victims in legal handling of cases. This constitutes services for women involved in legal processes as witnesses (and victims) even though it does not address women as suspects/defendants/perpetrators.",Reference only
SUMATERA BARAT PAYAKUMBUH KOTA,SUMATERA_BARAT_PAYAKUMBUH_KOTA.txt,3.2,Police specialised service unit,specialised_support_services,No,Yes,0.0,1.0,false_positive,d. Women and Children Service Unit (UPPA),"The policy lists the Women and Children Service Unit (UPPA) among entities implementing complaint-handling services, indicating a specialized unit within/associated with police services for handling violence cases involving women and children.",Reference only
SUMATERA BARAT PAYAKUMBUH KOTA,SUMATERA_BARAT_PAYAKUMBUH_KOTA.txt,3.10,Economic support,specialised_support_services,No,Yes,0.0,1.0,false_positive,"(1) The Regional Government provides skills training to enhance the capacity of women.
a. Provision of business capital for women with weak economic conditions.","The policy provides economic empowerment measures such as skills training and facilitation of business capital for women with weak economic conditions, which are forms of economic support that can promote economic security and independence.",Reference only
SUMATERA BARAT PAYAKUMBUH KOTA,SUMATERA_BARAT_PAYAKUMBUH_KOTA.txt,4.4,Prevention through education,primary_prevention,No,Yes,0.0,1.0,false_positive,"b. Providing training for religious leaders, community leaders, traditional leaders, educators, journalists and media managers in order to prevent violence against women and children.","The policy explicitly includes training for educators and other community actors with the stated purpose of preventing violence against women and children, indicating education/training as a prevention strategy.",Reference only
SUMATERA BARAT PAYAKUMBUH KOTA,SUMATERA_BARAT_PAYAKUMBUH_KOTA.txt,5.4,Education institutions engagement,stakeholder_engagement,No,Yes,0.0,1.0,false_positive,"b. Providing training for religious leaders, community leaders, traditional leaders, educators, journalists and media managers in order to prevent violence against women and children.
b. Develops child-friendly schools;",The policy includes the education sector in implementation through capacity-building/training for educators and through prevention programming that includes developing child-friendly schools.,Reference only
SUMATERA BARAT PAYAKUMBUH KOTA,SUMATERA_BARAT_PAYAKUMBUH_KOTA.txt,6.2,Women victims of trafficking,intersectional_approach,No,Yes,0.0,1.0,false_positive,"e. Providing special protection to women victims of violence and human trafficking, and",The policy explicitly includes women victims of human trafficking by assigning the Regional Government responsibility to provide special protection to women victims of violence and human trafficking.,Reference only
SUMATERA BARAT PAYAKUMBUH KOTA,SUMATERA_BARAT_PAYAKUMBUH_KOTA.txt,6.5,People with disability,intersectional_approach,No,Yes,0.0,1.0,false_positive,"Lately there are increasingly more disabled/difable/disable women who become victims of violence, whether deaf, blind, or those experiencing mental retardation.
For this category of victims, interpreters must also be provided who, for example, can be taken from special school (SLB) teachers.","The policy explicitly recognizes disabled women as victims of violence and specifies an accommodation (provision of interpreters) for this category of victims, indicating special measures targeted to women with disabilities in service provision.",Reference only
SUMATERA BARAT PESISIR SELATAN,SUMATERA_BARAT_PESISIR_SELATAN.txt,1.6,Harmful practices,scope_of_violence,No,Yes,0.0,1.0,false_positive,"d. prevents unregistered marriages and child marriage.
e. prevent marriage at a child's age.",The policy explicitly addresses harmful practices by referencing prevention of child marriage (and also unregistered marriages) as part of violence prevention and parental roles.,Reference only
SUMATERA BARAT PESISIR SELATAN,SUMATERA_BARAT_PESISIR_SELATAN.txt,1.9,Sexual slavery/exploitation,scope_of_violence,No,Yes,0.0,1.0,false_positive,"b. all work that exploits, provides, or offers Children for prostitution, pornography production, pornographic performances, or gambling;",The policy explicitly includes sexual exploitation through provisions addressing exploitation of children for prostitution and pornography.,Reference only
SUMATERA BARAT PESISIR SELATAN,SUMATERA_BARAT_PESISIR_SELATAN.txt,4.2,Gender equality education,primary_prevention,No,Yes,0.0,1.0,false_positive,"c. conducting training, socialization, advocacy of Gender Mainstreaming to all officials and staff within the OPD environment;
b. conducting socialization and advocacy of Gender Mainstreaming to Sub-district Heads and Wali Nagari;","The policy provides for training, socialization, and advocacy on Gender Mainstreaming within government units and to sub-district/village leadership, which are educational/awareness activities directly related to advancing gender equality and women’s rights through gender mainstreaming.",Reference only
SUMATERA BARAT PESISIR SELATAN,SUMATERA_BARAT_PESISIR_SELATAN.txt,4.4,Prevention through education,primary_prevention,No,Yes,0.0,1.0,false_positive,"b. encourage the formation of a harmonious, educational and democratic family;
(2) Prevention of the occurrence of acts of violence against women and children as referred to in paragraph (1), is implemented by OPD whose duties and functions are in the fields of:","The policy links prevention of violence against women and children with education-related approaches, including promoting an “educational” family environment as part of prevention and assigning prevention implementation to government units including the education sector.",Reference only
SUMATERA BARAT PESISIR SELATAN,SUMATERA_BARAT_PESISIR_SELATAN.txt,5.4,Education institutions engagement,stakeholder_engagement,No,Yes,0.0,1.0,false_positive,"(3) In the event that a Child victim of acts of Violence experiences dropping out of school, then the child victim of violence shall be provided formal or non-formal education, in this case carried out by the organizer of the educational unit and coordinated with UPTD PPA.
c. education;",The policy assigns roles to the education sector/educational unit organizers in ensuring continued education for child victims of violence and specifies that prevention is implemented by OPDs including the education field.,Reference only
SUMATERA BARAT PESISIR SELATAN,SUMATERA_BARAT_PESISIR_SELATAN.txt,6.2,Women victims of trafficking,intersectional_approach,No,Yes,0.0,1.0,false_positive,b. undertake prevention efforts against acts of violence toward women including criminal acts of human trafficking;,"The policy explicitly mentions prevention efforts against violence toward women including criminal acts of human trafficking, bringing trafficking of women within scope.",Reference only
SUMATERA BARAT PESISIR SELATAN,SUMATERA_BARAT_PESISIR_SELATAN.txt,6.3,Women workers,intersectional_approach,No,Yes,0.0,1.0,false_positive,d. increase protection efforts for female workers and child workers;,The policy explicitly identifies female workers as a target group by stating the regional government role includes increasing protection efforts for female workers.,Reference only
SUMATERA BARAT SOLOK KOTA,SUMATERA_BARAT_SOLOK_KOTA.txt,1.6,Harmful practices,scope_of_violence,No,Yes,0.0,1.0,false_positive,d. conducting socialization on the prevention of child marriage;,"The policy explicitly mentions prevention of child marriage as an area for community participation, which is a harmful practice affecting girls.",Reference only
SUMATERA BARAT SOLOK KOTA,SUMATERA_BARAT_SOLOK_KOTA.txt,3.10,Economic support,specialised_support_services,No,Yes,0.0,1.0,false_positive,"15. Assistance is all actions taken in the form of complaint services, health, advocacy and legal aid, social rehabilitation including spiritual guidance, counseling, psychological therapy and economic empowerment, repatriation and social rehabilitation for the purpose of strengthening and advocacy as well as recovery of victims of violence;","The policy’s definition of assistance explicitly includes economic empowerment as part of actions taken for recovery/strengthening of victims, indicating provision for economic support/empowerment.",Reference only
SUMATERA BARAT SOLOK KOTA,SUMATERA_BARAT_SOLOK_KOTA.txt,4.4,Prevention through education,primary_prevention,No,Yes,0.0,1.0,false_positive,"b. providing training for government officials, law enforcers, religious leaders, community leaders, traditional leaders, educators, journalists, and media managers regarding prevention and handling of violence against women and children.","The policy explicitly includes training for various actors regarding prevention and handling of violence against women and children, making education/training an explicit strategy connected to prevention.",Reference only
SUMATERA BARAT SOLOK KOTA,SUMATERA_BARAT_SOLOK_KOTA.txt,5.4,Education institutions engagement,stakeholder_engagement,No,Yes,0.0,1.0,false_positive,"b. providing training for government officials, law enforcers, religious leaders, community leaders, traditional leaders, educators, journalists, and media managers regarding prevention and handling of violence against women and children.","The policy includes educators as a target group for training on prevention and handling of violence against women and children, indicating engagement of the education sector in capacity building.",Reference only
SUMATERA BARAT SOLOK KOTA,SUMATERA_BARAT_SOLOK_KOTA.txt,5.8,Private sector engagement,stakeholder_engagement,No,Yes,0.0,1.0,false_positive,"The business sector in efforts to fulfill Children's Rights, is responsible for:","The policy explicitly assigns responsibilities to the business sector in fulfilling children's rights (including child-perspective policies, safe products, and CSR), recognizing private sector engagement.",Reference only
SUMATERA BARAT SOLOK KOTA,SUMATERA_BARAT_SOLOK_KOTA.txt,6.2,Women victims of trafficking,intersectional_approach,No,Yes,0.0,1.0,false_positive,j. providing special protection to women victims of violence and human trafficking;,The policy explicitly includes women victims of human trafficking by assigning the Regional Government responsibility to provide special protection to women victims of violence and human trafficking.,Reference only
SUMATERA BARAT SOLOK KOTA,SUMATERA_BARAT_SOLOK_KOTA.txt,6.3,Women workers,intersectional_approach,No,Yes,0.0,1.0,false_positive,"d. providing equal opportunities with men to obtain employment in accordance with their capabilities;
e. providing work leave while continuing to receive salary or wages in accordance with statutory regulations;
i. providing special protection in the implementation of work or profession against matters that may threaten safety and or health in relation to women's reproductive function;
l. making regulations to govern employers who employ women to comply with labor statutory regulations.","The policy includes explicit measures related to women’s employment, including equal opportunities to obtain employment, work leave with pay, special protection in work/profession related to reproductive function, and regulation of employers who employ women to comply with labor laws.",Reference only
SUMATERA BARAT SOLOK KOTA,SUMATERA_BARAT_SOLOK_KOTA.txt,6.8,Women in legal process,intersectional_approach,No,Yes,0.0,1.0,false_positive,"(1) Law enforcement and legal aid services constitute actions by law enforcement apparatus to implement laws and regulations in the context of handling cases of violence against women and children, especially to impose sanctions on perpetrators and provide protection for witnesses and/or victims.
(3) Law enforcement and legal aid services are intended to provide assistance and protection to women and children victims of violence and witnesses with a gender-responsive approach so that victims obtain justice and certainty of their legal rights.","The policy provides law enforcement and legal aid services aimed at handling cases of violence against women and children, including protection for witnesses/victims and assistance/protection to women victims of violence and witnesses, which covers women involved in legal processes as witnesses and victims.",Reference only
SUMATERA BARAT SOLOK KOTA,SUMATERA_BARAT_SOLOK_KOTA.txt,6.10,Refugee/forced displacement,intersectional_approach,No,Yes,0.0,1.0,false_positive,"g. obtain special protection in emergency/urgent situations, displacement/displaced persons/evicted persons, if experiencing legal conflict and armed conflict or social conflict.","The policy explicitly provides for special protection in situations of displacement/displaced persons/evicted persons (within the child-rights provisions), which constitutes a special protection measure targeted at displacement contexts.",Reference only
SUMATERA SELATAN MUARA ENIM,SUMATERA_SELATAN_MUARA_ENIM.txt,4.2,Gender equality education,primary_prevention,No,Yes,0.0,1.0,false_positive,b. increases awareness of violations of women's rights;,"The policy includes a primary-prevention-oriented activity to increase awareness of violations of women's rights, which is an educational/awareness-raising measure related to women's rights.",Reference only
SUMATERA SELATAN MUARA ENIM,SUMATERA_SELATAN_MUARA_ENIM.txt,6.5,People with disability,intersectional_approach,No,Yes,0.0,1.0,false_positive,c. disability;,"The policy includes disability as a prioritized social problem criterion for social welfare, indicating inclusion of people with disabilities (though not specifically women with disabilities).",Reference only
SUMATERA SELATAN MUARA ENIM,SUMATERA_SELATAN_MUARA_ENIM.txt,6.8,Women in legal process,intersectional_approach,No,Yes,0.0,1.0,false_positive,"(1) Victim assistance services, enforcement and legal aid as referred to in Article 13 letter d constitute actions by law enforcement officials to implement laws and regulations in the context of handling cases of violence against women, especially to impose sanctions on perpetrators and provide protection for witnesses and/or victims.
(1) Victim assistance services, enforcement and legal aid are intended to provide assistance and protection to women victims of violence and witnesses with a gender-responsive approach so that victims obtain justice and legal certainty.","The policy provides victim assistance, enforcement, and legal aid to protect women victims of violence and witnesses, which covers women involved in legal processes as victims/witnesses (but does not address women as suspects/defendants/perpetrators).",Reference only
SUMATERA SELATAN MUARA ENIM,SUMATERA_SELATAN_MUARA_ENIM.txt,6.10,Refugee/forced displacement,intersectional_approach,No,Yes,0.0,1.0,false_positive,"Special protection for children who become refugees as referred to in Article 61 paragraph (1) letter a shall be implemented in accordance with the provisions of laws and regulations.
a. children who become refugees;","The policy explicitly includes special protection for children who become refugees and identifies refugees as part of emergency situations, indicating targeted measures for refugees/forced displacement (at least for children).",Reference only
SUMATERA SELATAN MUSI BANYUASIN,SUMATERA_SELATAN_MUSI_BANYUASIN.txt,1.6,Harmful practices,scope_of_violence,No,Yes,0.0,1.0,false_positive,e. preventing marriage at a child's age.,"The policy explicitly addresses prevention of child marriage, which is a harmful practice affecting girls.",Reference only
SUMATERA SELATAN MUSI BANYUASIN,SUMATERA_SELATAN_MUSI_BANYUASIN.txt,1.9,Sexual slavery/exploitation,scope_of_violence,No,Yes,0.0,1.0,false_positive,b. obtain protection from economic exploitation and sexual exploitation;,The policy explicitly includes sexual exploitation as a harm from which women have the right to protection (even if it does not explicitly use the term sexual slavery).,Reference only
SUMATERA SELATAN MUSI BANYUASIN,SUMATERA_SELATAN_MUSI_BANYUASIN.txt,3.2,Police specialised service unit,specialised_support_services,No,Yes,0.0,1.0,false_positive,d. Women and Children Service Units (UPPA);,"The policy lists Women and Children Service Units (UPPA) among the entities carrying out complaint handling services, indicating a specialized unit within/linked to police services for handling such cases.",Reference only
SUMATERA SELATAN MUSI BANYUASIN,SUMATERA_SELATAN_MUSI_BANYUASIN.txt,3.10,Economic support,specialised_support_services,Yes,No,1.0,0.0,false_negative,,"The cited passages describe women’s empowerment measures generally (skills training, business capital assistance, employment access) but do not explicitly link these economic supports to victims of violence against women; therefore, the criterion is not met based on the provided sentences.",Reference only
SUMATERA SELATAN MUSI BANYUASIN,SUMATERA_SELATAN_MUSI_BANYUASIN.txt,4.4,Prevention through education,primary_prevention,No,Yes,0.0,1.0,false_positive,"b. training for religious leaders, community leaders, traditional leaders, educators, journalists and media managers in order to prevent violence against Women and Children;","The policy includes training for educators and other community actors explicitly aimed at preventing violence against women and children, indicating education/training is used as a prevention strategy.",Reference only
SUMATERA SELATAN MUSI BANYUASIN,SUMATERA_SELATAN_MUSI_BANYUASIN.txt,5.4,Education institutions engagement,stakeholder_engagement,No,Yes,0.0,1.0,false_positive,"b. development of child-friendly schools;
b. training for religious leaders, community leaders, traditional leaders, educators, journalists and media managers in order to prevent violence against Women and Children;",The policy includes the education sector through measures such as developing child-friendly schools and providing training for educators as part of prevention/capacity-building efforts.,Reference only
SUMATERA SELATAN MUSI BANYUASIN,SUMATERA_SELATAN_MUSI_BANYUASIN.txt,5.8,Private sector engagement,stakeholder_engagement,No,Yes,0.0,1.0,false_positive,"13. Child-Friendly Regency hereinafter abbreviated as KLA is a Regency/City that has a Child rights-based development system through the integration of government, community and business commitments and resources that are planned comprehensively and sustainably in policies, programs and activities to ensure the fulfillment of Children's rights.","The policy’s definition of a Child-Friendly Regency explicitly relies on integration of commitments and resources from government, community, and business, indicating recognition of the private sector as a stakeholder.",Reference only
SUMATERA SELATAN MUSI BANYUASIN,SUMATERA_SELATAN_MUSI_BANYUASIN.txt,6.5,People with disability,intersectional_approach,No,Yes,0.0,1.0,false_positive,(4) Every Child with Disabilities in addition to obtaining the rights as referred to in paragraph (1) is also entitled to obtain:,"The policy explicitly provides additional entitlements for children with disabilities (special education, rehabilitation, social assistance, welfare standards), which constitutes special measures for people with disabilities within the policy’s scope.",Reference only
SUMATERA SELATAN MUSI RAWAS,SUMATERA_SELATAN_MUSI_RAWAS.txt,1.9,Sexual slavery/exploitation,scope_of_violence,No,Yes,0.0,1.0,false_positive,(1) Special protection for children who are exploited economically and/or sexually as referred to in Article 3O is the obligation and responsibility of the government and society.,"The policy explicitly includes sexual exploitation (children exploited economically and/or sexually), which covers sexual exploitation within scope.",Reference only
SUMATERA SELATAN MUSI RAWAS,SUMATERA_SELATAN_MUSI_RAWAS.txt,4.4,Prevention through education,primary_prevention,No,Yes,0.0,1.0,false_positive,b. conducting education about anti-violence values toward women and children;,"The policy explicitly includes conducting education about anti-violence values toward women and children, indicating education is used as a strategy to prevent violence.",Reference only
SUMATERA SELATAN MUSI RAWAS,SUMATERA_SELATAN_MUSI_RAWAS.txt,6.2,Women victims of trafficking,intersectional_approach,No,Yes,0.0,1.0,false_positive,"6. Trafficking in Persons is the act of recruitment, transportation, harboring, sending, transfer, or receipt of a person by threat of violence, use of violence, abduction, confinement, forgery, fraud, abuse of power or position of vulnerability, debt bondage or giving payments or benefits, so as to obtain the consent of a person holding control over another person, whether conducted within the country or between countries, for the purpose of exploitation or resulting in a person being exploited.
7. Victim of Trafficking in Persons is a person who experiences psychological, mental, physical, sexual, economic, and/or social suffering, caused by the criminal act of trafficking in persons.
12. Victim is a woman and child who experiences misery and/or suffering either directly or indirectly as a result of violence.","The policy defines trafficking in persons and victims of trafficking, and defines “Victim” as a woman and child who suffers due to violence, thereby including women victims of trafficking within its scope.",Reference only
SUMATERA SELATAN MUSI RAWAS,SUMATERA_SELATAN_MUSI_RAWAS.txt,6.3,Women workers,intersectional_approach,No,Yes,0.0,1.0,false_positive,(2) Women have the right to obtain special protection in the implementation of their work or profession against matters that may threaten their safety and/or health in relation to Women's reproductive function.,"The policy explicitly states that women have the right to obtain special protection in the implementation of their work or profession, indicating special measures for women workers/employees.",Reference only
SUMATERA SELATAN MUSI RAWAS,SUMATERA_SELATAN_MUSI_RAWAS.txt,6.10,Refugee/forced displacement,intersectional_approach,No,Yes,0.0,1.0,false_positive,"a. children who become refugees;
Special protection for children who become refugees as referred to in Article 30 letter a shall be implemented in accordance with the provisions of humanitarian law.","The policy explicitly includes special protection for children who become refugees and specifies that such protection is implemented in accordance with humanitarian law, indicating targeted measures for refugee/displacement situations (at least for children).",Reference only
SUMATERA SELATAN OGAN KOMERING ULU,SUMATERA_SELATAN_OGAN_KOMERING_ULU.txt,1.9,Sexual slavery/exploitation,scope_of_violence,No,Yes,0.0,1.0,false_positive,"Rape, sexual harassment, trafficking of women and children, domestic violence, sexual exploitation, violence against domestic workers, pornography, exploitation of migrant workers, and neglect, will apparently continue to be encountered in daily life, both in the domestic sphere (household) and public sphere.",The policy explicitly mentions sexual exploitation as one of the forms of violence encountered in daily life.,Reference only
SUMATERA SELATAN OGAN KOMERING ULU,SUMATERA_SELATAN_OGAN_KOMERING_ULU.txt,2.3,Data collection systems,institutional_mechanism,No,Yes,0.0,1.0,false_positive,"Monitoring and reporting as referred to in Article 8 includes monitoring, documentation, and reporting of cases of gender-based violence and violence against children.","The policy explicitly includes monitoring, documentation, and reporting of cases of gender-based violence and violence against children as part of monitoring and reporting, which constitutes a requirement to document and report case information.",Reference only
SUMATERA SELATAN OGAN KOMERING ULU,SUMATERA_SELATAN_OGAN_KOMERING_ULU.txt,2.5,Training and capacity building,institutional_mechanism,No,Yes,0.0,1.0,false_positive,e. increase the capacity of service provider institutions;,"The policy authorizes the regional government to increase the capacity of service provider institutions, which constitutes an institutional capacity-building provision for implementing actors/service providers.",Reference only
SUMATERA SELATAN OGAN KOMERING ULU,SUMATERA_SELATAN_OGAN_KOMERING_ULU.txt,3.3,Reporting/hotline service,specialised_support_services,No,Yes,0.0,1.0,false_positive,"a. providing information and/or reporting any violence that comes to their knowledge;
b. encouraging the community to actively participate in providing information and reporting the occurrence of gender-based and child violence;","The policy includes mechanisms for reporting violence through community participation, explicitly referencing reporting violence and encouraging the community to provide information and report occurrences of violence.",Reference only
SUMATERA SELATAN OGAN KOMERING ULU,SUMATERA_SELATAN_OGAN_KOMERING_ULU_v2.txt,1.5,Economic violence,scope_of_violence,Yes,No,1.0,0.0,false_negative,,"While the text discusses women’s economic empowerment and children’s economic/sexual exploitation, none of the provided sentences explicitly frame economic violence, economic exploitation, or domestic neglect as a form of violence against women.",Reference only
SUMATERA SELATAN OGAN KOMERING ULU,SUMATERA_SELATAN_OGAN_KOMERING_ULU_v2.txt,1.6,Harmful practices,scope_of_violence,No,Yes,0.0,1.0,false_positive,a. prevention of child marriage;,"The policy explicitly includes prevention of child marriage, a harmful practice affecting girls.",Reference only
SUMATERA SELATAN OGAN KOMERING ULU,SUMATERA_SELATAN_OGAN_KOMERING_ULU_v2.txt,1.9,Sexual slavery/exploitation,scope_of_violence,No,Yes,0.0,1.0,false_positive,Special Protection for Children who are Exploited Economically and/or Sexually as referred to in Article 32 paragraph (1) letter d is carried out through:,The policy explicitly addresses children who are sexually exploited and provides for special protection related to economic and/or sexual exploitation.,Reference only
SUMATERA SELATAN OGAN KOMERING ULU,SUMATERA_SELATAN_OGAN_KOMERING_ULU_v2.txt,3.7,Psychosocial counselling,specialised_support_services,No,Yes,0.0,1.0,false_positive,"a. psycho-social therapy;
b. counseling;","The policy explicitly provides psycho-social therapy and counseling as forms of physical and mental health recovery, which constitutes psychosocial/psychological counselling services.",Reference only
SUMATERA SELATAN OGAN KOMERING ULU,SUMATERA_SELATAN_OGAN_KOMERING_ULU_v2.txt,3.8,Religious/spiritual counselling,specialised_support_services,No,Yes,0.0,1.0,false_positive,"a. religious counseling;
b. counseling on moral values sourced from religious teachings in accordance with the religion professed by the Child;","The policy explicitly includes religious counseling and counseling on moral values sourced from religious teachings as part of counseling/rehabilitation measures, indicating faith-based psychosocial support is available.",Reference only
SUMATERA SELATAN OGAN KOMERING ULU,SUMATERA_SELATAN_OGAN_KOMERING_ULU_v2.txt,3.9,Resocialisation services,specialised_support_services,No,Yes,0.0,1.0,false_positive,"i. resocialization guidance;
d. return and social reintegration.","The policy explicitly includes resocialization guidance within social rehabilitation and also provides for return and social reintegration services, covering resocialisation/reintegration support.",Reference only
SUMATERA SELATAN OGAN KOMERING ULU,SUMATERA_SELATAN_OGAN_KOMERING_ULU_v2.txt,4.2,Gender equality education,primary_prevention,No,Yes,0.0,1.0,false_positive,d. conducting outreach/awareness-raising in order to increase awareness of women's rights and women's participation in the political field;,"The policy includes outreach/awareness-raising activities aimed at increasing awareness of women’s rights, which constitutes primary prevention education/communication related to women’s rights.",Reference only
SUMATERA SELATAN OGAN KOMERING ULU,SUMATERA_SELATAN_OGAN_KOMERING_ULU_v2.txt,5.2,Religious engagement,stakeholder_engagement,No,Yes,0.0,1.0,false_positive,"b. enhancement of the role of parents, families, the Community, educators, education personnel, religious leaders, customary leaders, Community leaders in supporting the Social Reintegration process of Children who are Victims of Narcotics, Alcohol, Psychotropic Substances, and Other Addictive Substances Abuse;
c. spiritual/worship guidance officers;
Special Protection for Children as referred to in Article 108 shall be carried out by involving the role of parents, the Community, Educational Institutions, and Religious Institutions.","The policy explicitly includes religious leaders and religious institutions in prevention and reintegration efforts, and requires provision of spiritual/worship guidance officers as part of special protection implementation.",Reference only
SUMATERA SELATAN OGAN KOMERING ULU,SUMATERA_SELATAN_OGAN_KOMERING_ULU_v2.txt,5.3,Traditional/cultural engagement,stakeholder_engagement,No,Yes,0.0,1.0,false_positive,"b. enhancement of the role of parents, families, the Community, educators, education personnel, religious leaders, customary leaders, Community leaders in supporting the Social Reintegration process of Children who are Victims of Narcotics, Alcohol, Psychotropic Substances, and Other Addictive Substances Abuse;","The policy explicitly mentions customary leaders as actors whose role is enhanced in supporting social reintegration for child victims of substance abuse, indicating engagement of traditional/customary leadership in implementation.",Reference only
SUMATERA SELATAN OGAN KOMERING ULU,SUMATERA_SELATAN_OGAN_KOMERING_ULU_v2.txt,6.3,Women workers,intersectional_approach,No,Yes,0.0,1.0,false_positive,"a. equal wages for male and female workers for the same work;
d. guidelines for employing female workers at night;
e. providing flexibility for female workers who are breastfeeding children;","The policy explicitly sets out employment-related measures for female workers, including equal wages, guidelines for night work, and flexibility for breastfeeding workers, demonstrating targeted protections for women workers.",Reference only
SUMATERA SELATAN OGAN KOMERING ULU,SUMATERA_SELATAN_OGAN_KOMERING_ULU_v2.txt,6.6,Women heads of household,intersectional_approach,No,Yes,0.0,1.0,false_positive,"b. may provide capital assistance to women, especially migrant workers, women in remote areas, women as heads of households, and women victims of domestic violence; and","The policy explicitly mentions women as heads of households as a target group for potential capital assistance, indicating a special measure directed at this group.",Reference only
SUMATERA SELATAN OGAN KOMERING ULU SELATAN,SUMATERA_SELATAN_OGAN_KOMERING_ULU_SELATAN.txt,1.6,Harmful practices,scope_of_violence,No,Yes,0.0,1.0,false_positive,"c. prevention of marriage at child age.
e. preventing the occurrence of marriage at a child's age.","The policy explicitly addresses prevention of marriage at child age (child/early marriage) through community efforts and parental responsibilities, which is a harmful practice affecting girls.",Reference only
SUMATERA SELATAN OGAN KOMERING ULU SELATAN,SUMATERA_SELATAN_OGAN_KOMERING_ULU_SELATAN.txt,1.9,Sexual slavery/exploitation,scope_of_violence,No,Yes,0.0,1.0,false_positive,"b. obtain protection from economic exploitation and sexual exploitation;
a. all work in the form of slavery or similar practices;","The policy explicitly includes sexual exploitation in women’s protections and also references slavery or similar practices in the context of prohibited worst forms of child labor, covering sexual slavery/exploitation-related concepts.",Reference only
SUMATERA SELATAN OGAN KOMERING ULU SELATAN,SUMATERA_SELATAN_OGAN_KOMERING_ULU_SELATAN.txt,3.2,Police specialised service unit,specialised_support_services,No,Yes,0.0,1.0,false_positive,d. Women and Children Service Units (UPPA);,"The policy lists Women and Children Service Units (UPPA) among institutions implementing complaint-handling services, implying a specialized unit relevant to police handling of VAW/VAWC cases.",Reference only
SUMATERA SELATAN OGAN KOMERING ULU SELATAN,SUMATERA_SELATAN_OGAN_KOMERING_ULU_SELATAN.txt,4.3,VAW laws awareness,primary_prevention,Yes,No,1.0,0.0,false_negative,,"The candidate sentences mention socialization on preventing violence against women and guidelines for handling violence, but they do not explicitly indicate education or information activities about VAW laws and policies (i.e., legal rights, legal provisions, or specific laws/policies awareness-raising).",Reference only
SUMATERA SELATAN OGAN KOMERING ULU SELATAN,SUMATERA_SELATAN_OGAN_KOMERING_ULU_SELATAN.txt,4.4,Prevention through education,primary_prevention,No,Yes,0.0,1.0,false_positive,b. developing child-friendly schools;,"The policy includes an education-related preventive strategy for children—developing child-friendly schools—as part of efforts to prevent violations/violence against children, indicating education is used as a prevention approach.",Reference only
SUMATERA SELATAN OGAN KOMERING ULU SELATAN,SUMATERA_SELATAN_OGAN_KOMERING_ULU_SELATAN.txt,6.5,People with disability,intersectional_approach,No,Yes,0.0,1.0,false_positive,"(3) Every Child with Disabilities in addition to obtaining the rights as referred to in paragraph (1) is also entitled to obtain:
a. special needs education/special education;
b. rehabilitation;
c. social assistance; and
d. maintenance of social welfare standards.","The policy provides specific entitlements for children with disabilities (special education, rehabilitation, social assistance, and welfare standards), which constitutes special protection measures targeted at people with disabilities within the policy’s scope.",Reference only
SUMATERA SELATAN PALEMBANG KOTA,SUMATERA_SELATAN_PALEMBANG_KOTA.txt,1.8,Human trafficking,scope_of_violence,Yes,No,1.0,0.0,false_negative,,The candidate sentences do not explicitly include human trafficking/trafficking in persons as a form of violence or policy focus; a cited external law on trafficking appears in the legal basis but does not constitute inclusion of trafficking in the policy content shown.,Reference only
SUMATERA SELATAN PALEMBANG KOTA,SUMATERA_SELATAN_PALEMBANG_KOTA.txt,1.9,Sexual slavery/exploitation,scope_of_violence,Yes,No,1.0,0.0,false_negative,,"While sexual violence and exploitation are listed/defined, the provided sentences do not explicitly mention sexual exploitation (as distinct from general exploitation) or sexual slavery.",Reference only
SUMATERA SELATAN PALEMBANG KOTA,SUMATERA_SELATAN_PALEMBANG_KOTA.txt,2.5,Training and capacity building,institutional_mechanism,Yes,No,1.0,0.0,false_negative,,"The candidate sentences describe service standards, roles, and qualifications (e.g., certified counselors) but do not require or provide training, technical guidance, or capacity-building measures for implementers.",Reference only
SUMATERA SELATAN PALEMBANG KOTA,SUMATERA_SELATAN_PALEMBANG_KOTA.txt,2.6,Monitoring and evaluation,institutional_mechanism,Yes,No,1.0,0.0,false_negative,,"The candidate sentences do not set out a monitoring and evaluation framework for policy implementation or service delivery (e.g., M&E responsibilities, indicators, reporting, or evaluation processes).",Reference only
SUMATERA SELATAN PALEMBANG KOTA,SUMATERA_SELATAN_PALEMBANG_KOTA.txt,4.3,VAW laws awareness,primary_prevention,Yes,No,1.0,0.0,false_negative,,"The candidate sentences mention socialisation on preventing violence and providing guidelines for handling violence, but they do not explicitly indicate education or information activities about VAW laws and policies (i.e., legal rights, legal provisions, or specific laws/policies awareness as a prevention activity).",Reference only
SUMATERA SELATAN PALEMBANG KOTA,SUMATERA_SELATAN_PALEMBANG_KOTA.txt,4.4,Prevention through education,primary_prevention,No,Yes,0.0,1.0,false_positive,"b. encourages the formation of a harmonious, educational, independent and responsible family; and","The policy explicitly links prevention of violations/violence with fostering an educational family environment, indicating education as part of the prevention approach.",Reference only
SUMATERA SELATAN PALEMBANG KOTA,SUMATERA_SELATAN_PALEMBANG_KOTA.txt,5.4,Education institutions engagement,stakeholder_engagement,Yes,No,1.0,0.0,false_negative,,"While the policy mentions education as a field for equal opportunities and recognizes a child’s right to education, none of the provided sentences explicitly include schools, universities, academics, or the education sector as stakeholders in prevention, protection, service delivery, coordination, or capacity building.",Reference only
SUMATERA SELATAN PALEMBANG KOTA,SUMATERA_SELATAN_PALEMBANG_KOTA.txt,6.2,Women victims of trafficking,intersectional_approach,Yes,No,1.0,0.0,false_negative,,"The text references trafficking-related laws in the preamble and defines exploitation as a form of violence, but it does not explicitly include trafficking in persons or women trafficking victims within the regulation’s scope or services.",Reference only
SUMATERA SELATAN PALEMBANG KOTA,SUMATERA_SELATAN_PALEMBANG_KOTA.txt,6.8,Women in legal process,intersectional_approach,No,Yes,0.0,1.0,false_positive,"12. Protection of Women and Children in Conflict with the Law is a form of service that must be implemented by law enforcement officers or security officers to provide a sense of security, both physical and psychological to victims or witnesses from threats, disturbances, terror, and violence from any party given at the stage of investigation, inquiry, prosecution and or examination in court hearings.","The policy defines a specific service for “Protection of Women and Children in Conflict with the Law,” describing protection for victims or witnesses during investigation, prosecution, and court examination stages, indicating explicit coverage of women involved in legal processes (at least as victims/witnesses).",Reference only
SUMATERA SELATAN PALEMBANG KOTA,SUMATERA_SELATAN_PALEMBANG_KOTA.txt,7.1,Local government budget,budget_funding_sources,Yes,No,1.0,0.0,false_negative,,"The candidate sentences describe City Government obligations and note that the regulation’s scope includes “funding,” but they do not explicitly identify the local government budget (e.g., APBD) as a funding source or specify any budget allocation/source.",Reference only
SUMATERA SELATAN PALEMBANG KOTA,SUMATERA_SELATAN_PALEMBANG_KOTA.txt,7.2,National government budget,budget_funding_sources,Yes,No,1.0,0.0,false_negative,,"The candidate sentences mention “funding” as part of the regulation’s scope, but they do not reference national government budget sources (e.g., APBN) or any national-level budget allocation for the measures.",Reference only
SUMATERA SELATAN PALEMBANG KOTA,SUMATERA_SELATAN_PALEMBANG_KOTA.txt,7.4,Other legal sources,budget_funding_sources,Yes,No,1.0,0.0,false_negative,,"Although the text lists various laws/regulations in the preamble and includes “funding” in the scope, it does not specify any “other legal sources” of funding (e.g., grants, CSR, third-party contributions, or other legally permitted sources) as budget/funding sources.",Reference only
SUMATERA SELATAN PENUKAL ABAB LEMATANG ILIR,SUMATERA_SELATAN_PENUKAL_ABAB_LEMATANG_ILIR.txt,1.8,Human trafficking,scope_of_violence,No,Yes,0.0,1.0,false_positive,"b. exemption from the burden of costs for malnourished children, children with disabilities, children with special needs, street children, children infected with HIV/AIDS, child workers, children who are victims of abuse of narcotics, alcohol, psychotropic substances and other addictive substances (NAPZA), children who are victims of violence, such as neglect, economic exploitation, sexual exploitation, and victims of trafficking in persons.","The policy explicitly refers to victims of trafficking in persons, indicating trafficking is included.",Reference only
SUMATERA SELATAN PENUKAL ABAB LEMATANG ILIR,SUMATERA_SELATAN_PENUKAL_ABAB_LEMATANG_ILIR.txt,2.5,Training and capacity building,institutional_mechanism,No,Yes,0.0,1.0,false_positive,"Article 29 (1) The Regent may appoint officials or relevant Regional Apparatus to conduct guidance and supervision of the implementation of Women and Children Protection.
a. provision of implementation instructions;
b. guidance;","The policy provides for guidance and supervision by appointed officials or relevant Regional Apparatus, including provision of implementation instructions and guidance, which constitutes technical guidance/capacity-building support for implementation.",Reference only
SUMATERA SELATAN PENUKAL ABAB LEMATANG ILIR,SUMATERA_SELATAN_PENUKAL_ABAB_LEMATANG_ILIR.txt,3.10,Economic support,specialised_support_services,No,Yes,0.0,1.0,false_positive,"14. Empowerment is the strengthening of women victims of violence to be able to undertake business/endeavor and work independently after they are recovered and provided with health and social rehabilitation services.
g. carry out empowerment of Women victims of violence.","The policy defines empowerment as strengthening women victims of violence to undertake business/work independently after recovery and states that protection aims include carrying out empowerment of women victims of violence, indicating economic empowerment support.",Reference only
SUMATERA SELATAN PENUKAL ABAB LEMATANG ILIR,SUMATERA_SELATAN_PENUKAL_ABAB_LEMATANG_ILIR.txt,4.1,Information and education about VAW,primary_prevention,No,Yes,0.0,1.0,false_positive,"e. conducting socialization regarding laws and regulations related to the protection of Women and Children victims of violence; and
f. providing critical education regarding the rights of Women and Children for the community.","The policy includes prevention measures that explicitly involve socialization about relevant laws/regulations for protecting women and children victims of violence and providing critical education on women’s and children’s rights to the community, which are information/education activities tied to preventing violence against women and children.",Reference only
SUMATERA SELATAN PENUKAL ABAB LEMATANG ILIR,SUMATERA_SELATAN_PENUKAL_ABAB_LEMATANG_ILIR.txt,4.4,Prevention through education,primary_prevention,No,Yes,0.0,1.0,false_positive,f. providing critical education regarding the rights of Women and Children for the community.,The policy explicitly includes education as part of violence prevention efforts by specifying the provision of critical education regarding the rights of women and children for the community within the prevention section.,Reference only
SUMATERA SELATAN PENUKAL ABAB LEMATANG ILIR,SUMATERA_SELATAN_PENUKAL_ABAB_LEMATANG_ILIR.txt,5.3,Traditional/cultural engagement,stakeholder_engagement,No,Yes,0.0,1.0,false_positive,Social reintegration services are carried out by the Regency Government by coordinating with relevant government and non-government agencies and institutions; and village community institutions and/or local community leaders.,"The policy references coordination with village community institutions and/or local community leaders in delivering social reintegration services, which constitutes engagement of customary/community mechanisms and leaders in implementation.",Reference only
SUMATERA SELATAN PENUKAL ABAB LEMATANG ILIR,SUMATERA_SELATAN_PENUKAL_ABAB_LEMATANG_ILIR.txt,6.2,Women victims of trafficking,intersectional_approach,No,Yes,0.0,1.0,false_positive,(2) The PPT as referred to in paragraph (1) is an integrated part and constitutes one unity with the PPT that provides integrated services for witnesses and/or victims of criminal acts of human trafficking.,"The policy explicitly references an integrated service center that also provides integrated services for witnesses and/or victims of criminal acts of human trafficking, indicating trafficking victims (including women) are within scope.",Reference only
SUMATERA SELATAN PENUKAL ABAB LEMATANG ILIR,SUMATERA_SELATAN_PENUKAL_ABAB_LEMATANG_ILIR.txt,6.5,People with disability,intersectional_approach,No,Yes,0.0,1.0,false_positive,(3) Special infrastructure for persons with disabilities in public places.,The policy includes a specific measure for persons with disabilities by providing for special infrastructure for persons with disabilities in public places.,Reference only
SUMATERA SELATAN PENUKAL ABAB LEMATANG ILIR,SUMATERA_SELATAN_PENUKAL_ABAB_LEMATANG_ILIR.txt,6.11,Domestic workers,intersectional_approach,No,Yes,0.0,1.0,false_positive,"(1) The Regency Government is obligated to protect the fulfillment of the rights of child workers in the informal sector.
a. domestic workers;","The policy includes domestic workers within the category of child workers in the informal sector and obligates the regency government to protect fulfillment of their rights, which constitutes a targeted protection measure for that group (as defined here).",Reference only
SUMATERA SELATAN PRABUMULIH KOTA,SUMATERA_SELATAN_PRABUMULIH_KOTA.txt,1.6,Harmful practices,scope_of_violence,No,Yes,0.0,1.0,false_positive,"c. strengthens the role of community organizations, religious organizations and the family environment, and prevents the occurrence of marriage at an early age.","The policy explicitly mentions preventing early-age marriage, which is a harmful practice affecting girls.",Reference only
SUMATERA SELATAN PRABUMULIH KOTA,SUMATERA_SELATAN_PRABUMULIH_KOTA.txt,1.9,Sexual slavery/exploitation,scope_of_violence,No,Yes,0.0,1.0,false_positive,"b. all work that exploits, provides, or offers Children for prostitution, pornography production, pornographic performances, or gambling;","The policy explicitly prohibits work that exploits children for prostitution and pornography, which constitutes sexual exploitation.",Reference only
SUMATERA SELATAN PRABUMULIH KOTA,SUMATERA_SELATAN_PRABUMULIH_KOTA.txt,4.2,Gender equality education,primary_prevention,No,Yes,0.0,1.0,false_positive,a. making efforts to improve family quality to realize gender equality and children's rights;,"The policy explicitly frames improving family quality as an effort to realize gender equality and children’s rights, indicating a primary-prevention orientation that includes gender equality as an objective of government action.",Reference only
SUMATERA SELATAN PRABUMULIH KOTA,SUMATERA_SELATAN_PRABUMULIH_KOTA.txt,4.4,Prevention through education,primary_prevention,No,Yes,0.0,1.0,false_positive,"a. women and children by optimizing the role of customary institutions, education, culture, religion and community organizations, building networks and cooperation with law enforcement apparatus;","The policy explicitly links prevention of violence against women and children with optimizing the role of education (alongside other institutions), indicating education as a strategy within prevention efforts.",Reference only
SUMATERA UTARA BATU BARA,SUMATERA_UTARA_BATU_BARA.txt,1.5,Economic violence,scope_of_violence,Yes,No,1.0,0.0,false_negative,,"While the definition of 'Victim of Violence' mentions possible 'economic loss' and 'neglect' as consequences, the candidate sentences do not explicitly define or include economic violence/economic exploitation/domestic neglect as a form of violence against women.",Reference only
SUMATERA UTARA BATU BARA,SUMATERA_UTARA_BATU_BARA.txt,1.8,Human trafficking,scope_of_violence,No,Yes,0.0,1.0,false_positive,"5. Law Number 21 Year 2007 concerning the Eradication of the Criminal Act of Trafficking in Persons (State Gazette of the Republic of Indonesia Year 2007 Number 58, Supplement to the State Gazette of the Republic of Indonesia Number 4720);
10. Government Regulation Number 9 Year 2008 concerning Procedures and Mechanisms for Integrated Services for Witnesses and/or Victims of Criminal Acts of Trafficking in Persons (State Gazette of the Republic of Indonesia Year 2008 Number 22, Supplement to the State Gazette of the Republic of Indonesia Number 4818);","The policy explicitly references laws/regulations concerning trafficking in persons and integrated services for victims of trafficking, indicating trafficking is included in scope.",Reference only
SUMATERA UTARA BATU BARA,SUMATERA_UTARA_BATU_BARA.txt,2.3,Data collection systems,institutional_mechanism,No,Yes,0.0,1.0,false_positive,"(1) The Regent is responsible for preparing a report on the implementation of SPM in the Field of Integrated Services for Women and Children Victims of Violence in the Region to the Governor with a copy submitted to the State Minister for Women's Empowerment and Child Protection and the Minister of Home Affairs.
(2) Reporting on implementation as referred to in paragraph (1) shall be conducted annually.","The policy assigns the Regent responsibility to prepare an annual report on implementation of minimum service standards for integrated services for women and children victims of violence, which constitutes an assigned reporting responsibility related to managing/compiling information on implementation.",Reference only
SUMATERA UTARA BATU BARA,SUMATERA_UTARA_BATU_BARA.txt,2.5,Training and capacity building,institutional_mechanism,No,Yes,0.0,1.0,false_positive,"(2) Guidance as referred to in paragraph (1) includes providing implementation instructions, guidance, supervision, monitoring and evaluation of service implementation for Women and Children Victims of Violence.
a. coverage of women and children victims of violence who receive complaint handling by trained officers in integrated service units;
b. coverage of women and children victims of violence who receive health services by trained health personnel at Puskesmas and Hospitals;","The policy provides for guidance that includes implementation instructions and supervision, and it sets service performance indicators that explicitly require handling and health services to be delivered by trained officers/personnel, implying a requirement for training/capacity of service providers involved in implementation.",Reference only
SUMATERA UTARA BATU BARA,SUMATERA_UTARA_BATU_BARA.txt,4.1,Information and education about VAW,primary_prevention,No,Yes,0.0,1.0,false_positive,b. conduct socialization of the rights of Women and Children independently;,"The policy includes a community participation provision that explicitly mentions conducting socialization of women’s and children’s rights, which constitutes an awareness/education activity relevant to preventing violence against women and children.",Reference only
SUMATERA UTARA BATU BARA,SUMATERA_UTARA_BATU_BARA.txt,4.2,Gender equality education,primary_prevention,No,Yes,0.0,1.0,false_positive,b. conduct socialization of the rights of Women and Children independently;,"The policy explicitly allows the community to conduct socialization of the rights of women and children, which is an educational/awareness-raising activity about women’s/children’s rights (a core component of gender equality and rights-based prevention).",Reference only
SUMATERA UTARA LABUHANBATU SELATAN,SUMATERA_UTARA_LABUHANBATU_SELATAN.txt,4.2,Gender equality education,primary_prevention,No,Yes,0.0,1.0,false_positive,"d. carrying out socialization, advocacy, coordination, and training on Gender Mainstreaming;
c. conducting independent socialization of the rights of Women and Children;",The policy includes educational/awareness activities tied to gender equality and women’s rights through socialization/advocacy/training on Gender Mainstreaming and community-led socialization of the rights of women and children.,Reference only
SUMATERA UTARA PADANGSIDIMPUAN KOTA,SUMATERA_UTARA_PADANGSIDIMPUAN_KOTA.txt,1.6,Harmful practices,scope_of_violence,No,Yes,0.0,1.0,false_positive,c. prevent marriage at a child's age;,"The policy explicitly includes preventing marriage at a child's age, which is a harmful practice (child/early marriage).",Reference only
SUMATERA UTARA PADANGSIDIMPUAN KOTA,SUMATERA_UTARA_PADANGSIDIMPUAN_KOTA.txt,3.4,Safety/protection shelter,specialised_support_services,No,Yes,0.0,1.0,false_positive,23. Safe house is a temporary residence used to provide protection to victims in accordance with determined operational standards.,"The policy defines a 'safe house' as a temporary residence used to provide protection to victims, indicating availability of shelter as a protection service.",Reference only
SUMATERA UTARA PADANGSIDIMPUAN KOTA,SUMATERA_UTARA_PADANGSIDIMPUAN_KOTA.txt,3.10,Economic support,specialised_support_services,No,Yes,0.0,1.0,false_positive,c. conducting rehabilitation and empowerment of women who are victims of violence;,"The policy states that the regional government has obligations including rehabilitation and empowerment of women who are victims of violence, which constitutes economic empowerment/support in principle even though specific instruments (training/finance) are not detailed in the cited text.",Reference only
SUMATERA UTARA PADANGSIDIMPUAN KOTA,SUMATERA_UTARA_PADANGSIDIMPUAN_KOTA.txt,4.2,Gender equality education,primary_prevention,No,Yes,0.0,1.0,false_positive,"(1) Gender Mainstreaming or abbreviated as PUG is a strategy carried out rationally and systematically to achieve and realize gender equality and gender justice in a number of aspects of human life (household, society and State), through policies and programs that take into account the experiences and aspirations, needs and problems of women and men in the planning, implementation, monitoring and evaluation of all policies in various aspects of life and development.
c. implementing training, socialization, advocacy for gender mainstreaming to all officials and staff within the SKPD;","The policy explicitly frames gender mainstreaming as a strategy to achieve gender equality and gender justice and assigns duties that include training, socialization, and advocacy for gender mainstreaming, which constitute educational/awareness-raising activities related to gender equality.",Reference only
SUMATERA UTARA PADANGSIDIMPUAN KOTA,SUMATERA_UTARA_PADANGSIDIMPUAN_KOTA.txt,4.4,Prevention through education,primary_prevention,No,Yes,0.0,1.0,false_positive,"(1) Prevention of acts of violence against women and children as referred to in Article 15, shall be implemented by the PPPA Office and related regional apparatus/institutions in the fields of;
a. education;
e. providing critical education about the rights of women and children as victims of violence to the community; and",The policy explicitly states that prevention of violence against women and children is implemented in the field of education and also lists providing critical education about the rights of women and children as victims of violence as a prevention measure.,Reference only
SUMATERA UTARA PADANGSIDIMPUAN KOTA,SUMATERA_UTARA_PADANGSIDIMPUAN_KOTA.txt,5.8,Private sector engagement,stakeholder_engagement,No,Yes,0.0,1.0,false_positive,"To guarantee the fulfillment of children's rights so they can live, grow, develop, and participate optimally in accordance with human dignity and receive protection from violence and discrimination, real integrated efforts are needed between the Regional Government, community and business sector through the development of Child-Friendly Cities.
(1) Health Services are carried out by health workers at health facilities owned by the government, regional government, and the community, including the private sector by providing treatment services and health recovery for victims.
(2) Membership of the Child-Friendly City (Kota Layak Anak) Task Force may come from the Regional Government, child representatives, the business sector, religious leaders, community leaders, and other parties as needed.","The policy explicitly includes the business sector as part of integrated efforts for Child-Friendly Cities, includes the private sector in provision of health services for victims, and allows business sector representation in the Child-Friendly City task force.",Reference only
SUMATERA UTARA PADANGSIDIMPUAN KOTA,SUMATERA_UTARA_PADANGSIDIMPUAN_KOTA.txt,6.3,Women workers,intersectional_approach,No,Yes,0.0,1.0,false_positive,"d. obtain decent work in accordance with her capabilities;
e. obtain work leave while receiving wages/salary in accordance with statutory regulations;
g. obtain special protection in the implementation of work or profession against matters that may threaten safety and or health in relation to women's reproductive function; and","The policy explicitly addresses women in the context of employment by recognizing rights related to decent work, work leave with wages/salary, and special protection in work/profession related to reproductive function.",Reference only
SUMATERA UTARA PAKPAK BHARAT,SUMATERA_UTARA_PAKPAK_BHARAT.txt,1.9,Sexual slavery/exploitation,scope_of_violence,No,Yes,0.0,1.0,false_positive,"Sexual violence can also take the form of forced sexual relations committed against a person residing within the scope of the household, forced sexual relations against someone within the scope of one's household with another person for commercial purposes and or certain purposes.","The policy describes forced sexual relations within the household with another person for commercial or certain purposes, which constitutes sexual exploitation/sexual slavery-type conduct.",Reference only
SUMATERA UTARA PAKPAK BHARAT,SUMATERA_UTARA_PAKPAK_BHARAT.txt,2.3,Data collection systems,institutional_mechanism,Yes,No,1.0,0.0,false_negative,,"The provided sentences discuss monitoring, evaluation, and annual reporting on implementation of minimum service standards, but they do not explicitly establish or assign responsibility for a system/entity to collect, record, manage, compile, exchange, or maintain data on violence cases or victims.",Reference only
SUMATERA UTARA PAKPAK BHARAT,SUMATERA_UTARA_PAKPAK_BHARAT.txt,2.5,Training and capacity building,institutional_mechanism,Yes,No,1.0,0.0,false_negative,,"The candidate sentences mention guidance, supervision, implementation instructions, and monitoring/evaluation, but they do not require or provide training, technical capacity building, or professional development for implementers or service providers.",Reference only
SUMATERA UTARA PAKPAK BHARAT,SUMATERA_UTARA_PAKPAK_BHARAT.txt,3.10,Economic support,specialised_support_services,Yes,No,1.0,0.0,false_negative,,"The cited passages on empowerment and prevention mention general access to training/funding and employment opportunities for women, but they are framed as prevention measures for the broader community and do not explicitly provide economic empowerment/support specifically for victims of violence.",Reference only
SUMATERA UTARA PAKPAK BHARAT,SUMATERA_UTARA_PAKPAK_BHARAT.txt,4.2,Gender equality education,primary_prevention,No,Yes,0.0,1.0,false_positive,b. conduct socialization of women's and children's rights independently;,"The policy includes a primary-prevention-oriented educational activity focused on rights: it allows/encourages the community to conduct socialization of women’s and children’s rights, which constitutes education/awareness raising about women’s rights.",Reference only
SUMATERA UTARA PAKPAK BHARAT,SUMATERA_UTARA_PAKPAK_BHARAT.txt,6.2,Women victims of trafficking,intersectional_approach,No,Yes,0.0,1.0,false_positive,"a. prevent acts of violence against women and children including human trafficking;
7. Human trafficking is the act of recruitment, transportation, harboring, sending, transfer, or receipt of a person by threat of violence, use of violence, abduction, confinement, forgery, fraud and abuse of power or position of vulnerability, debt bondage or giving payment or benefits, so as to obtain consent from the person holding control over that other person, whether conducted within the country or between countries, for the purpose of exploitation or resulting in a person being exploited.","The policy explicitly includes human trafficking within the objectives of protection for women and children and defines human trafficking, indicating that trafficking victims are within scope.",Reference only
SUMATERA UTARA PAKPAK BHARAT,SUMATERA_UTARA_PAKPAK_BHARAT.txt,6.8,Women in legal process,intersectional_approach,No,Yes,0.0,1.0,false_positive,"d. provide services to women and children victims of acts of violence, reporters and witnesses;
d. legal assistance;
e. assistance by social workers and legal aid at every level of the examination process in accordance with the provisions of laws and regulations;","The policy includes services for reporters and witnesses and provides legal assistance and assistance by social workers/legal aid during examination processes, indicating coverage of women involved in legal processes (at least as witnesses/reporters/victims).",Reference only
